"idx_df1","endereco_df1","numero_df1","complemento_df1","bairro_df1","idx_df2","cod_unico_df2","endereco_df2","numero_df2","complemento_df2","bairro_df2","similaridade_logradouro","similaridade_numero","similaridade_bairro","similaridade_final","latitude_verdadeira","longitude_verdadeira","cd_setor_verdadeiro","latitude_resultante","longitude_resultante","cd_setor_resultante","med_lat","med_lon","dist_mediana","desvio_metros","rn","distancia_metros_setor","setor_correspondente","setor_vizinho_verdadeiro"
"0","ROLIM DE MOURA DO GUAPORE",NULL,"ZONA RURAL",NULL,"101124","92554519","RUA  ROLIM DE MOURA SETOR 03","1845",NULL,"SETOR 03","22.85","15.44","11.33","19.08","-13.08366621","-62.27693003","110001530000001","-10.203584","-63.828227","110045205000003","-10.203584","-63.828227","0","362073.06305253","1","359800.15932617",False,False
"1","RUA AIRTON SENNA JARDIM DOS ESTADOS","4193","ESCOLA","JARDIM DOS ESTADOS","843444","1291069","RUA  AIRTON SENNA JARDIM NOVO ESTADO","3883",NULL,"JARDIM NOVO ESTADO","100","17.69","19.56","42.7","-10.4420037","-62.4656261","110011405000011","-10.419149","-62.479087","110011405000043","-10.419149","-62.479087","0","2936.88518408","1","2505.38548001",False,False
"2","BR 364 LINHA 619 KM 01 ZONA RURAL",NULL,"ZONA RURAL","ZONA RURAL","419930","110252886","RODOVIA  BR 364 BR 364 SAIDA PARA JARU","1","CASA","BR 364 SAIDA PARA JARU","28.52","16.07","11.77","21.98","-10.442004","-62.4656275","110011405000011","-10.699034","-62.26201","110015505000049","-10.698143","-62.2631775","161.51873251","36224.55230244","1","36071.78553305",False,False
"3","RUA RAIMUNDO BARRETO SETOR 07","890",NULL,"SETOR 07","951523","1283574","RUA  RAIMUNDO BARRETO SETOR 07","890",NULL,"SETOR 07","100","22.45","100","59.14","-10.4420014","-62.4656282","110011405000011","-10.450638","-62.477101","110011405000019","-10.450638","-62.477101","0","1579.9441282","1","1410.5494351",False,False
"4","RUA PIAUI DISTRITO DE BOM JESUS",NULL,NULL,"DISTRITO DE BOM JESUS","864146","91954647","RUA  PIAUI NOVO CACOAL","281",NULL,"NOVO CACOAL","100","14.04","12.33","34.07","-10.4420038","-62.4656369","110011405000011","-11.423059","-61.46321","110004905000021","-11.423059","-61.46321","0","154523.50805727","1","154105.93821095",False,False
"5","AVENIDA BRASIL SETOR 05","2633","EM FRENTE A IGREJA","SETOR 05","924487","1287027","AVENIDA  BRASIL SETOR 05","2633",NULL,"SETOR 05","100","25.43","100","63.03","-10.4420004","-62.4656477","110011405000011","-10.429914","-62.474921","110011405000029","-10.429914","-62.474921","0","1683.61857208","1","1259.60033867",False,False
"6","RUA OSVALDO CRUZ SETOR 04","2675","BAIRRO NOVO HORIZONT","SETOR 04","910498","1285312","RUA  OSVALDO CRUZ SETOR 04","2815",NULL,"SETOR 04","100","17.33","100","51.18","-10.4420068","-62.465645","110011405000011","-10.433884","-62.485909","110011405000024","-10.433884","-62.485909","0","2392.97283296","1","1953.26879501",False,False
"7","RUA MARGARETE FERREIRA COSTA JARDIM BELA VISTA","1254","SETOR 08","JARDIM BELA VISTA","548980","180232587","RUA  MARGARETE FERREIRA COSTA LINHA 608","2265",NULL,"LINHA 608","100","13.87","10.89","32.67","-10.4420132","-62.4656624","110011405000011","-10.459542","-62.45255","110011405000046","-10.459542","-62.45255","0","2419.70496592","1","2382.1061161",False,False
"8","LINHA 627 KM 90 JARU UARU ZONA RURAL",NULL,"JARU UARU","ZONA RURAL","43589","1292475","LINHA  627 LINHA 627","1",NULL,"LINHA 627","25.82","16.07","10.65","20.43","-10.4420036","-62.465758","110011405000011","-10.466337","-62.460967","110011405000052","-10.466337","-62.460967","0","2756.00614469","1","2651.20230115",False,False
"9","LINHA 617 ZONA RURAL",NULL,NULL,"ZONA RURAL","308201","110250335","LINHA  617 RESIDENCIAL JARDIM PRIMAVERA JARU RO","1",NULL,"RESIDENCIAL JARDIM PRIMAVERA JARU RO","100","16.07","11.12","35.17","-10.4418868","-62.4657928","110011405000011","-10.349313","-62.612391","110011405000058","-10.349266","-62.611864","57.88285321","19053.39601012","1","18609.36623038",False,False
"10","AVENIDA RIO BRANCO CENTRO","1253","SETOR 02","CENTRO","355434","1324866","RUA  RIO BRANCO CENTRO","1245",NULL,"CENTRO","100","16.26","100","49.26","-10.4418784","-62.4656997","110011405000011","-13.192098","-60.807246","110005605000008","-13.192098","-60.807246","0","355098.1194814","1","353800.87038779",False,NULL
"11","RUA GOIAS SETOR 02","3143",NULL,"SETOR 02","378139","1280830","RUA  GOIAS SETOR 02","3143",NULL,"SETOR 02","100","25.97","100","63.69","-10.441434","-62.4649284","110011405000011","-10.441486","-62.464715","110011405000011","-10.441486","-62.464715","0","24.0417625","1","0",True,NULL
"12","AVENIDA PADRE ADOLPHO RHOL SETOR 02","1260","CENTRO","SETOR 02","691846","215117381","RUA PADRE ADOLPHO RHOL ERNANDES GONCALVES","0",NULL,"ERNANDES GONCALVES","100","14.64","12.12","34.58","-10.4395948","-62.4670841","110011405000011","-11.164798","-61.912081","110025405000009","-11.164765","-61.912081","3.66943763","100883.04198125","1","100237.26734207",False,NULL
"13","RUA RIO DEJANEIRO SETOR 03","2436",NULL,"SETOR 03","77891","1197580","TRAVESSA  CAJUEIRO SETOR 01","3358",NULL,"SETOR 01","18.66","13.4","26.16","17.77","-10.4431285","-62.4706698","110011405000016","-9.913751","-63.03536","110002305000002","-9.913751","-63.03536","0","85349.39502585","1","84987.04012454",False,NULL
"14","RUA RIO DE JANEIRO LIBERDADE","2315","ESCOLA","LIBERDADE","3747","1234761","RUA  RIO DE JANEIRO LIBERDADE","3493","CASA","LIBERDADE","100","15.09","100","47.05","-10.4451256","-62.4731878","110011405000016","-11.531263","-61.006012","110009805000011","-11.531263","-61.006012","0","200583.71570371","1","199946.16655325",False,False
"15","RUA FLORIANOPOLIS SETOR 2","3045","ENFRENTE CEF","SETOR 2","445732","215173975","RUA  FLORIANOPOLIS SETOR 02","3045",NULL,"SETOR 02","100","24.65","19.37","49.32","-10.4419201","-62.4701933","110011405000017","-10.438738","-62.467621","110011405000010","-10.438738","-62.467621","0","452.02147657","1","191.76234627",False,True
"16","RUA FLORIANOPOLIS JARDIM ESPERANCA - SETOR 07","1175","ESCOLA","JARDIM ESPERANCA - SETOR 07","322235","91976418","RUA  FLORIANOPOLIS SETOR 07","1175",NULL,"SETOR 07","100","26.82","16.61","48.83","-10.4497374","-62.4816736","110011405000019","-10.449599","-62.481634","110011405000020","-10.449599","-62.481634","0","15.9870276","1","4.02344777",False,True
"17","AVENIDA DOM PEDRO I JARDIM NOVO HORIZONTE","1625","PREDIO","JARDIM NOVO HORIZONTE","285448","1170734","RUA DOM PEDRO I JARDIM CLODOALDO","2518",NULL,"JARDIM CLODOALDO","100","12.47","16.3","34.28","-10.4361996","-62.4843056","110011405000024","-11.426369","-61.45423","110004905000044","-11.426369","-61.45423","0","157383.51317635","1","157010.55956505",False,False
"18","RUA MINAS GERAIS JARDIM NOVO HORIZONTE","1640","PREDIO","JARDIM NOVO HORIZONTE","910429","1285093","RUA  MINAS GERAIS SETOR 04","1640",NULL,"SETOR 04","100","21.7","11.91","40.62","-10.43545","-62.48526","110011405000024","-10.435345","-62.485398","110011405000024","-10.435345","-62.485398","0","19.08031924","1","0",True,NULL
"19","AVENIDA PADRE ADOLPHO ROHL CENTRO","2600",NULL,"CENTRO","924704","1287167","AVENIDA PADRE ADOLPHO ROHL SETOR 05","2600","TERREO","SETOR 05","100","23.83","9.82","39.1","-10.42975845","-62.47397966666671","110011405000029","-10.429746","-62.473865","110011405000029","-10.429746","-62.473865","0","12.61588846","1","0",True,NULL
"20","LINHA 625 KM 95 ZONA RURAL",NULL,"AREA INDIGENA","ZONA RURAL","27110","91978777","LINHA  625 LINHA 625","2",NULL,"LINHA 625","34.56","14.9","10.62","23.2","-10.43222","-62.479298","110011405000029","-10.444215","-62.501759","110011405000053","-10.444215","-62.501759","0","2794.99561202","1","2728.78089971",False,NULL
"21","RUA PLACIDO DE CASTRO SETOR 05","2648","ZONA URBANA","SETOR 05","924935","1287347","RUA  PLACIDO DE CASTRO SETOR 05","2648",NULL,"SETOR 05","100","26.64","100","64.49","-10.4284942","-62.4703373","110011405000029","-10.427424","-62.470974","110011405000029","-10.427424","-62.470974","0","137.87446404","1","0",True,NULL
"22","RUA PLACIDO DE CASTRO SETOR 5","2526",NULL,"SETOR 5","924934","1287346","RUA  PLACIDO DE CASTRO SETOR 05","2526",NULL,"SETOR 05","100","26.4","22.1","52.36","-10.4282432","-62.4702714","110011405000029","-10.428302","-62.470374","110011405000029","-10.428302","-62.470374","0","12.9861933","1","0",True,NULL
"23","RUA ONOFRE DUARTE DE OLIVEIRA JARDIM ELDORADO","3290","SETOR 06","JARDIM ELDORADO","763897","91977813","RUA  ONOFRE DUARTE DE OLIVEIRA SETOR 06","3290",NULL,"SETOR 06","100","24.86","11.04","41.49","-10.4208145","-62.4764248","110011405000031","-10.420735","-62.476669","110011405000031","-10.420735","-62.476669","0","28.13101757","1","0",True,NULL
"24","RUA RIO GRANDE DO NORTE SETOR 5","3267",NULL,"SETOR 5","263224","180239103","RUA  RIO GRANDE DO NORTE SETOR 05","3264",NULL,"SETOR 05","100","20.16","22.1","46.63","-10.4317737","-62.4615126","110011405000034","-10.427141","-62.472388","110011405000028","-10.427141","-62.472388","0","1296.08055381","1","697.67756697",False,False
"25","RUA OSEIAS FEITOSA DOS SANTOS JARDIM BELA VISTA","3044",NULL,"JARDIM BELA VISTA","81382","98272135","RUA  OZEIAS FEITOSA SANTOS SETOR 08","3214",NULL,"SETOR 08","21.73","15.43","11.4","18.54","-10.4519516","-62.4589882","110011405000036","-10.450939","-62.457855","110011405000036","-10.450939","-62.457855","0","167.43055033","1","0",True,NULL
"26","AVENIDA SETE DE SETEMBRO CENTRO","1561",NULL,"CENTRO","272381","220648073","RUA  SETE DE SETEMBRO CENTRO","1485",NULL,"CENTRO","100","15.51","100","47.86","-8.7630207","-63.8965597","110020505060022","-9.189193","-63.185538","110110405000002","-9.189197499999999","-63.1855385","0.50337884","91346.97242192","1","91133.88343867",False,False
"27","RUA GOVERNADOR JORGE TEIXEIRA NOVA BRASILIA","827","ENTRE T- 7 E T- 8","NOVA BRASILIA","864503","1313231","RUA GOVERNADOR JORGE TEIXEIRA NOVA BRASILIA","827",NULL,"NOVA BRASILIA","100","23.91","100","61.11","-10.8818652","-61.9226544","110012205000044","-10.882036","-61.923118","110012205000044","-10.882036","-61.923118","0","54.06844414","1","0",True,NULL
"28","RUA GOIAS SETOR 2","3875","PROXIMO AO BB","SETOR 2","889664","219117738","RUA  GOIAS SETOR 02","3875",NULL,"SETOR 02","100","23.79","19.37","48.61","-10.43778785","-62.4591394166667","110011405000074","-10.437907","-62.45913","110011405000012","-10.437907","-62.45913","0","13.28885213","1","0",False,NULL
"29","RUA TAPAJOS SETOR 2","3647",NULL,"SETOR 2","890043","1281391","RUA  TAPAJOS SETOR 02","3647",NULL,"SETOR 02","100","24.07","19.37","48.84","-10.4403951","-62.4598012","110011405000074","-10.44048","-62.459667","110011405000012","-10.44048","-62.459667","0","17.44956753","1","0",False,NULL
"30","RUA JOSE ZUPELLI DISTRITO DE BOM JESUS",NULL,"LINHA 610 KM 30","DISTRITO DE BOM JESUS","244640","1294476","RUA  JOSE ZUPPELLI BOM JESUS","920",NULL,"BOM JESUS","15.72","12.07","19.08","15.07","-10.31709988","-62.24033631","110011410000001","-10.31769","-62.240317","110011410000001","-10.31769","-62.240317","0","65.65243491","1","0",True,NULL
"31","AREA RURAL AREA RURAL DE JI-PARANA",NULL,"TI IGARAPE LOURDES","AREA RURAL DE JI-PARANA","76429","1177770","RUA  RURAL TEIXEIRAO","1434",NULL,"TEIXEIRAO","22.56","12.36","12.47","18.11","-10.7124098442755","-61.5988298380451","110012205000182","-11.42308","-61.432757","110004905000095","-11.42308","-61.432757","0","81074.51916319","1","80244.38615745",False,False
"32","RUA MAGNOLIA PRIMAVERA","2536","LT 01 QUADRA 04","PRIMAVERA","555027","108647642","RUA  MAGNOLIA JARDIM PRIMAVERA","2670",NULL,"JARDIM PRIMAVERA","100","15.76","19.9","40.46","-10.4612318","-62.4507881","110011405000060","-10.461886","-62.449935","110011405000060","-10.461886","-62.449935","0","118.29413832","1","0",True,NULL
"33","LINHA 623 KM 2 ZONA RURAL",NULL,NULL,"ZONA RURAL","27021","110622051","LINHA  623 RO 463","1",NULL,"RO 463","30.96","16.07","10.91","22.61","-10.4309926","-62.52225449","110011405000070","-10.41074","-62.521523","110011405000053","-10.41074","-62.521523","0","2253.40986431","1","0",False,NULL
"34","AVENIDA VEREADOR OTAVIANO PEREIRA NETO SETOR 2","874",NULL,"SETOR 2","894882","215176317","AVENIDA VEREADOR OTAVIANO PEREIRA NETO SETOR 02","845",NULL,"SETOR 02","100","16.51","19.37","41.19","-10.4358767","-62.4524526","110011405000072","-10.435724","-62.454101","110011405000035","-10.435724","-62.454101","0","181.05992118","1","0",False,NULL
"35","LINHA 630 KM 25",NULL,"ZONA URBANA",NULL,"581028","110644524","LINHA  635 TRIUNFO","1",NULL,"TRIUNFO","28.89","16.07","11.35","21.99","-10.6523084","-62.5851363","110011420000001","-9.130757","-63.455135","110110405000015","-9.130757","-63.455135","0","194182.17896976","1","192679.43655466",False,False
"36","AV MARECHAL RONDON CENTRO","761",NULL,"CENTRO","250178","1298848","AVENIDA MARECHAL RONDON CENTRO","761",NULL,"CENTRO","100","26.32","100","64.1","-10.8804866666667","-61.9480166666667","110012205000002","-10.880205","-61.947983","110012205000002","-10.880205","-61.947983","0","31.53496601","1","0",True,NULL
"37","RUA ALMIRANTE BARROSO CENTRO","1422",NULL,"CENTRO","250506","1299100","RUA ALMIRANTE BARROSO CENTRO","1422",NULL,"CENTRO","100","26.58","100","64.42","-10.8786152","-61.9482849","110012205000002","-10.878341","-61.948782","110012205000002","-10.878341","-61.948782","0","62.25858207","1","0",True,NULL
"38","AVENIDA DOIS DE ABRIL DOIS DE ABRIL","2030",NULL,"DOIS DE ABRIL","725921","1300078","AVENIDA  DOIS DE ABRIL DOIS DE ABRIL","2030",NULL,"DOIS DE ABRIL","100","24.21","100","61.5","-10.8745367","-61.958715","110012205000004","-10.874684","-61.960124","110012205000004","-10.874684","-61.960124","0","154.72973232","1","0",True,NULL
"39","AVENIDA DOIS DE ABRIL DOIS DE ABRIL","2004",NULL,"DOIS DE ABRIL","725920","1300077","AVENIDA  DOIS DE ABRIL DOIS DE ABRIL","2004",NULL,"DOIS DE ABRIL","100","18.28","100","52.79","-10.87414","-61.9587633","110012205000004","-10.87511","-61.959435","110012205000004","-10.87511","-61.959435","0","130.43624116","1","0",True,NULL
"40","RUA DAS FLORES DOIS DE ABRIL","481",NULL,"DOIS DE ABRIL","726111","1300092","RUA  DAS FLORES DOIS DE ABRIL","481",NULL,"DOIS DE ABRIL","100","22.13","100","58.7","-10.8733617","-61.9605317","110012205000004","-10.873381","-61.961005","110012205000004","-10.873381","-61.961005","0","51.72829893","1","0",True,NULL
"41","RUA DA PAZ HABITAR BRASIL","4037",NULL,"HABITAR BRASIL","803658","1245119","RUA  DA PAZ HABITAR BRASIL","4037",NULL,"HABITAR BRASIL","100","26.68","100","64.53","-10.8834227","-61.8937225","110012205000272","-10.884101","-61.893882","110012205000081","-10.884101","-61.893882","0","77.40840076","1","0",False,NULL
"42","RUA FRANCISCO BENITES LOPES JARDIM AURELIO BERNARDI","435","SENAI","JARDIM AURELIO BERNARDI","365136","91981092","RUA  FRANCISCO BENITES LOPES JARDIM AURELIO BERNARDI","435",NULL,"JARDIM AURELIO BERNARDI","100","21.34","100","57.56","-10.8625411","-61.965967","110012205000006","-10.862541","-61.96577","110012205000006","-10.862541","-61.96577","0","21.51293492","1","0",True,NULL
"43","RUA MONTE CASTELO JARDIM DOS MIGRANTES","395",NULL,"JARDIM DOS MIGRANTES","456464","91982304","RUA  MONTE CASTELO JARDIM DOS MIGRANTES","395",NULL,"JARDIM DOS MIGRANTES","100","20.08","100","55.68","-10.8746089","-61.9623471","110012205000020","-10.874365","-61.96248","110012205000020","-10.874365","-61.96248","0","30.75925664","1","0",True,NULL
"44","RUA TRES IRMAOS PARQUE SAO PEDRO","407",NULL,"PARQUE SAO PEDRO","291933","1301567","RUA  TRES IRMAOS PARQUE SAO PEDRO","407",NULL,"PARQUE SAO PEDRO","100","21.39","100","57.63","-10.8626196","-61.936342","110012205000007","-10.862257","-61.93632","110012205000007","-10.862257","-61.93632","0","40.39084876","1","0",True,NULL
"45","RUA TRES IRMAOS PARQUE SAO PEDRO","471","CRECHE","PARQUE SAO PEDRO","291945","1301585","RUA  TRES IRMAOS PARQUE SAO PEDRO","631",NULL,"PARQUE SAO PEDRO","100","16.66","100","49.98","-10.8620961","-61.9368039","110012205000007","-10.861285","-61.937814","110012205000007","-10.861285","-61.937814","0","142.48403692","1","0",True,NULL
"46","AVENIDA SAO PAULO NOVA BRASILIA","1627",NULL,"NOVA BRASILIA","539432","1315537","RUA SAO PAULO NOVA BRASILIA","1134",NULL,"NOVA BRASILIA","100","15.96","100","48.7","-10.8832026","-61.9146324","110012205000046","-10.884004","-61.919535","110012205000051","-10.884004","-61.919535","0","542.70538113","1","214.56294891",False,True
"47","RUA ALMIRANTE BARROSO SANTA BARBARA","1483",NULL,"SANTA BARBARA","824326","1359058","RUA ALMIRANTE BARROSO SANTA BARBARA","1486",NULL,"SANTA BARBARA","100","17.96","100","52.26","-8.765205","-63.8961767","110020505060023","-8.765418","-63.89598","110020505060085","-8.765418","-63.89598","0","32.06612623","1","0",False,True
"48","RUA JAMIL VILAS BOAS DUQUE DE CAXIAS","106",NULL,"DUQUE DE CAXIAS","378691","1302517","RUA  JAMIL VILAS BOAS DUQUE DE CAXIAS","0",NULL,"DUQUE DE CAXIAS","100","14.43","100","45.75","-10.8822011","-61.9379811","110012205000010","-10.881929","-61.938638","110012205000010","-10.881777","-61.9384845","23.80367016","77.85055964","1","0",True,NULL
"49","RODOVIA PASTOR SEVERO ANTONIO DE ARAUJO ECOVILLE","1601",NULL,"ECOVILLE","61716","1195365","RODOVIA PASTOR SEVERO ANTONIO DE ARAUJO FILADELFIA","0","BARRACAO 1","FILADELFIA","100","13.81","9.97","31.73","-10.873238","-61.950265","110012205000013","-12.33392","-62.103447","110001515000002","-12.33392","-62.103447","0","163275.34839264","1","162256.15114726",False,False
"50","RUA ABILIO FREIRE DOS SANTOS CASA PRETA","611",NULL,"CASA PRETA","38002","1303940","RUA  ABILIO FREIRE DOS SANTOS CASA PRETA","611",NULL,"CASA PRETA","100","24.4","100","61.74","-10.8684583022701","-61.95548378596511","110012205000014","-10.868601","-61.9553","110012205000014","-10.868601","-61.9553","0","25.58430036","1","0",True,NULL
"51","RUA SEIS DE MAIO CASA PRETA","1701",NULL,"CASA PRETA","796176","215247779","RUA  SEIS DE MAIO CASA PRETA","1701",NULL,"CASA PRETA","100","19.85","100","55.33","-10.87702","-61.9471917","110012205000016","-10.877016","-61.946681","110012205000016","-10.877016","-61.946681","0","55.76888716","1","0",True,NULL
"52","AVENIDA TRANSCONTINENTAL CASA PRETA","710",NULL,"CASA PRETA","796081","91982256","AVENIDA  TRANSCONTINENTAL CASA PRETA","580","FRENTE","CASA PRETA","100","12.9","100","42.55","-10.8778621","-61.9460896","110012205000016","-10.87848","-61.945245","110012205000016","-10.87848","-61.945245","0","115.00727694","1","0",True,NULL
"53","RUA BELGICA JARDIM SAO CRISTOVAO","500",NULL,"JARDIM SAO CRISTOVAO","78915","217440415","RUA  BELGICA JARDIM SAO CRISTOVAO","0",NULL,"JARDIM SAO CRISTOVAO","100","15.85","100","48.49","-10.90603357","-61.92843394","110012205000017","-10.905645","-61.928364","110012205000017","-10.905645","-61.928364","0","43.87673221","1","0",True,NULL
"54","RUA MIGUEL LUIS DOS SANTOS JARDIM DAS SERINGUEIRAS","2146","ESCOLA","JARDIM DAS SERINGUEIRAS","550267","180235450","AVENIDA  MIGUEL LUIS DOS SANTOS JARDIM DAS SERINGUEIRAS","2236",NULL,"JARDIM DAS SERINGUEIRAS","100","16.97","100","50.55","-10.9111367","-61.915655","110012205000018","-10.912111","-61.915201","110012205000018","-10.912111","-61.915201","0","119.13922838","1","0",True,NULL
"55","RUA LEOMAR JOSE BARATELA CENTRO","456","ZONA URBANA","CENTRO","45155","1295733","RUA  LEOMAR JOSE BARATELA CENTRO","2406","CASA","CENTRO","100","14.28","100","45.44","-10.8585565","-62.8000017","110011425000020","-10.857237","-62.80088","110011425000001","-10.857237","-62.80088","0","175.29077698","1","99.61144091",False,True
"56","RUA DAS PEDRAS JARDIM DOS MIGRANTES","491",NULL,"JARDIM DOS MIGRANTES","956369","215181334","RUA  DAS PEDRAS JARDIM DOS MIGRANTES","491",NULL,"JARDIM DOS MIGRANTES","100","23.59","100","60.68","-10.8788969","-61.96891287","110012205000021","-10.878629","-61.968937","110012205000021","-10.878629","-61.968937","0","29.905467","1","0",True,NULL
"57","RUA RIO AMAZONAS JARDIM DOS MIGRANTES","151",NULL,"JARDIM DOS MIGRANTES","120511","1307026","RUA  RIO AMAZONAS JARDIM DOS MIGRANTES","151",NULL,"JARDIM DOS MIGRANTES","100","19.92","100","55.44","-10.88192352","-61.9681325","110012205000024","-10.880924","-61.969158","110012205000024","-10.880924","-61.969158","0","157.77218465","1","0",True,NULL
"58","RUA SANTA IZABEL JARDIM DOS MIGRANTES","81",NULL,"JARDIM DOS MIGRANTES","802805","215231307","RUA SANTA IZABEL SAO LUIS","0",NULL,"SAO LUIS","100","15.97","10.54","34.47","-10.8804544","-61.9676614","110012205000024","-9.77827","-66.352813","110020517000002","-9.778251","-66.352813","2.11270651","495101.58701354","1","494839.95868417",False,False
"59","RUA RIO BRANCO JARDIM DOS MIGRANTES","1365",NULL,"JARDIM DOS MIGRANTES","120555","1307037","RUA  RIO BRANCO JARDIM DOS MIGRANTES","1364",NULL,"JARDIM DOS MIGRANTES","100","20.28","100","55.98","-10.87990364","-61.97023545","110012205000024","-10.879655","-61.970226","110012205000024","-10.879655","-61.970226","0","27.66679514","1","0",True,NULL
"60","RUA JAMIL PONTES JARDIM DOS MIGRANTES","1228",NULL,"JARDIM DOS MIGRANTES","120598","1307018","RUA  JAMIL PONTES JARDIM DOS MIGRANTES","1228",NULL,"JARDIM DOS MIGRANTES","100","23.42","100","60.46","-10.8803266","-61.9692283","110012205000024","-10.880573","-61.968987","110012205000024","-10.880573","-61.968987","0","38.01246384","1","0",True,NULL
"61","RUA CURITIBA NOVA BRASILIA","2227",NULL,"NOVA BRASILIA","732408","1314875","RUA  CURITIBA NOVA BRASILIA","2228",NULL,"NOVA BRASILIA","100","23.3","100","60.31","-10.8837046","-61.9098948","110012205000049","-10.883982","-61.909558","110012205000049","-10.883982","-61.909558","0","47.99981238","1","0",True,NULL
"62","RUA DOUTOR FIEL JOTAO","257",NULL,"JOTAO","539732","1307597","RUA DOUTOR FIEL JOTAO","0",NULL,"JOTAO","100","14.25","100","45.38","-10.8845527","-61.9324294","110012205000027","-10.879481","-61.928481","110012205000026","-10.879481","-61.928481","0","709.87735843","1","513.69016571",False,True
"63","RUA CASTELO BRANCO NOVA BRASILIA","1523","T 1","NOVA BRASILIA","556312","1307741","RUA  CASTELO BRANCO NOVA BRASILIA","1513",NULL,"NOVA BRASILIA","100","16.46","100","49.62","-10.8890409","-61.929867","110012205000027","-10.889188","-61.929574","110012205000027","-10.889188","-61.929574","0","35.93231695","1","0",True,NULL
"64","RUA JASMIM SANTIAGO","2247",NULL,"SANTIAGO","239033","92313060","AVENIDA  JASMIM JARDIM PRIMAVERA","2240","CASA","JARDIM PRIMAVERA","100","22.32","10.23","38.86","-10.8646554","-61.9767345","110012205000028","-12.717225","-60.140923","110030405000088","-12.717225","-60.140923","0","286985.95412935","1","285505.32352733",False,False
"65","RUA DA AVENCA SANTIAGO","2024",NULL,"SANTIAGO","39761","1308418","RUA  DA AVENCA SANTIAGO","2031",NULL,"SANTIAGO","100","14.73","100","46.35","-10.8654617","-61.9770133","110012205000028","-10.866143","-61.976703","110012205000028","-10.8661395","-61.976695","0.95637835","82.9901392","1","0",True,NULL
"66","RUA DO CRAVO SANTIAGO","2624",NULL,"SANTIAGO","291534","1251762","RUA  DO CRAVO SANTIAGO","2814","FRENTE","SANTIAGO","100","17.95","100","52.24","-10.8617866","-61.9783694","110012205000030","-10.86071","-61.980311","110012205000100","-10.860685499999999","-61.980348","4.87314475","243.48995617","1","44.45534302",False,True
"67","RUA VITORIA REGIA SAO BERNARDO","821",NULL,"SAO BERNARDO","30421","91983736","RUA  VITORIA REGIA SAO BERNARDO","821",NULL,"SAO BERNARDO","100","25.04","100","62.55","-10.8572002","-61.9694184","110012205000031","-10.857645","-61.969064","110012205000031","-10.857645","-61.969064","0","62.80208426","1","0",True,NULL
"68","RUA PLACIDO DE CASTRO PRIMAVERA","259",NULL,"PRIMAVERA","117453","1310924","RUA  PLACIDO DE CASTRO PRIMAVERA","281",NULL,"PRIMAVERA","100","13.93","100","44.72","-10.89746","-61.9358045","110012205000036","-10.897927","-61.935601","110012205000036","-10.897905","-61.935619","3.138025","56.48240381","1","0",True,NULL
"69","RUA MANOEL FRANCO NOVA BRASILIA","326","PREDIO","NOVA BRASILIA","810171","215507010","RUA  MANOEL FRANCO NOVA BRASILIA","326",NULL,"NOVA BRASILIA","100","21.29","100","57.49","-10.8843507","-61.9274354","110012205000042","-10.889195","-61.926531","110012205000061","-10.889195","-61.926531","0","547.64005523","1","126.87846644",False,True
"70","AVENIDA RAIMUNDO JOSE DA SILVA PRIMAVERA","1449",NULL,"PRIMAVERA","35682","97524304","RUA  RAIMUNDO P DA SILVA SAO DOMINGOS DO GUAPORE","0",NULL,"SAO DOMINGOS DO GUAPORE","30.12","14.06","11.17","21.54","-10.8980217","-61.9373705","110012205000037","-12.077877","-64.032404","110008035000004","-12.077879500000002","-64.032641","25.77138059","263298.57793717","1","262708.60263148",False,False
"71","AVENIDA ARACAJU JORGE TEIXEIRA","3780","PROXIMO DA T 28","JORGE TEIXEIRA","336355","98272157","AVENIDA  ARACAJU JORGE TEIXEIRA","0","SEDE","JORGE TEIXEIRA","100","15.18","100","47.22","-10.891131539839","-61.90061149193149","110012205000038","-10.890966","-61.900487","110012205000038","-10.890924","-61.901385","98.16583856","22.88253343","1","0",True,NULL
"72","AREA RURAL AREA RURAL DE JI-PARANA",NULL,NULL,"AREA RURAL DE JI-PARANA","76429","1177770","RUA  RURAL TEIXEIRAO","1434",NULL,"TEIXEIRAO","22.56","12.36","12.47","18.11","-10.713306741615","-61.6561034672915","110012205000183","-11.42308","-61.432757","110004905000095","-11.42308","-61.432757","0","82600.99848388","1","81927.70489524",False,False
"73","AVENIDA SAO PAULO NOVA BRASILIA","646","ESCOLA","NOVA BRASILIA","87867","1315968","RUA SAO PAULO NOVA BRASILIA","666","APARTAMENTO B","NOVA BRASILIA","100","16.22","100","49.2","-10.8841017","-61.91912","110012205000051","-10.884453","-61.923702","110012205000052","-10.884453","-61.923702","0","501.85289386","1","301.98197922",False,False
"74","AVENIDA SAO PAULO NOVA BRASILIA","1176","ENTRE T10 E T11","NOVA BRASILIA","539438","1315544","RUA SAO PAULO NOVA BRASILIA","1176",NULL,"NOVA BRASILIA","100","26.6","100","64.43","-10.8840270939684","-61.9191584850602","110012205000051","-10.88395","-61.919112","110012205000051","-10.8839235","-61.9191165","2.98735888","9.96254475","1","0",True,NULL
"75","AVENIDA ARACAJU JORGE TEIXEIRA",NULL,NULL,"JORGE TEIXEIRA","336414","91984328","AVENIDA  ARACAJU JORGE TEIXEIRA","3618","FRENTE","JORGE TEIXEIRA","100","12.23","100","41.06","-10.8905766666667","-61.90039833333329","110012205000054","-10.8909","-61.901824","110012205000038","-10.8909","-61.901824","0","159.76975037","1","12.78887165",False,True
"76","RUA IPE NOVA BRASILIA","1694",NULL,"NOVA BRASILIA","222840","1317432","RUA  IPE NOVA BRASILIA","1582",NULL,"NOVA BRASILIA","100","14.34","100","45.57","-10.888035","-61.911595","110012205000056","-10.888869","-61.911434","110012205000056","-10.888869","-61.911434","0","94.38832052","1","0",True,NULL
"77","RUA BARAO DO RIO BRANCO - ENTRE AV. BRASIL E MANOEL FRANCO NOVA BRASILIA","1751","T-16","NOVA BRASILIA","888471","1317756","RUA BARAO DO RIO BRANCO NOVA BRASILIA","1751",NULL,"NOVA BRASILIA","18.05","20.12","100","20.11","-10.8871117","-61.9136617","110012205000057","-10.886999","-61.91292","110012205000057","-10.886999","-61.91292","0","81.952785","1","0",True,NULL
"78","RUA SAO LUIZ NOVA BRASILIA","1831","ENTRE T 15 E T 16","NOVA BRASILIA","888530","1317719","RUA SAO LUIZ NOVA BRASILIA","1831",NULL,"NOVA BRASILIA","100","19.13","100","54.19","-10.8889683","-61.91309","110012205000057","-10.889391","-61.9129","110012205000057","-10.889391","-61.9129","0","51.37730001","1","0",True,NULL
"79","RUA JOAO BATISTA NETO NOVA BRASILIA","1371","T- 12","NOVA BRASILIA","602693","1318343","RUA  JOAO BATISTA NETO NOVA BRASILIA","1371","SOBRADO","NOVA BRASILIA","100","27.14","100","65.06","-10.8899347","-61.9174076","110012205000058","-10.889873","-61.917133","110012205000058","-10.889873","-61.917133","0","30.75920283","1","0",True,NULL
"80","RUA SAO LUIZ NOVA BRASILIA","215",NULL,"NOVA BRASILIA","810339","91985631","RUA SAO LUIZ NOVA BRASILIA","215",NULL,"NOVA BRASILIA","100","20.48","100","56.29","-10.8904448","-61.9269277","110012205000061","-10.890242","-61.927649","110012205000061","-10.890242","-61.927649","0","81.92524236","1","0",True,NULL
"81","RUA IDELFONSO DA SILVA NOVA BRASILIA","1248",NULL,"NOVA BRASILIA","810146","91985626","RUA  IDELFONSO DA SILVA NOVA BRASILIA","1475",NULL,"NOVA BRASILIA","100","15.61","100","48.06","-10.8923717","-61.92654","110012205000061","-10.890034","-61.927166","110012205000061","-10.890034","-61.927166","0","268.77778978","1","0",True,NULL
"82","RUA MATO GROSSO URUPA","534",NULL,"URUPA","684121","1319614","RUA  MATO GROSSO URUPA","534",NULL,"URUPA","100","22.71","100","59.5","-10.8843262","-61.9540514","110012205000062","-10.883936","-61.954272","110012205000062","-10.883936","-61.954272","0","49.62656542","1","0",True,NULL
"83","RUA PACAAS NOVOS URUPA","219","CRECHE/PREESCOLA","URUPA","684077","1319832","RUA  DOS PACAAS NOVOS URUPA","221",NULL,"URUPA","22.91","13.58","100","21.61","-10.8848484","-61.9540853","110012205000062","-10.884923","-61.954404","110012205000062","-10.884923","-61.954404","0","35.77527074","1","0",True,NULL
"84","RUA ANISIO SERRA URUPA","48",NULL,"URUPA","426470","180261740","RUA  ANISIO SERRA URUPA","48",NULL,"URUPA","100","17.93","100","52.21","-10.8848081","-61.9558249","110012205000064","-10.884932","-61.955971","110012205000064","-10.884932","-61.955971","0","21.07880677","1","0",True,NULL
"85","RUA DR. ANTONIO LAZARO DE MOURA JARDIM PRESIDENCIAL","1123",NULL,"JARDIM PRESIDENCIAL","713020","1321539","RUA DOUTOR ANTONIO LAZARO DE MOURA JARDIM PRESIDENCIAL","1123",NULL,"JARDIM PRESIDENCIAL","30.05","23.98","100","30.64","-10.8714705","-61.9692851","110012205000069","-10.871465","-61.96902","110012205000069","-10.871465","-61.96902","0","28.95522945","1","0",True,NULL
"86","RUA ANTONIO FERREIRA DE FREITAS JARDIM PRESIDENCIAL","211",NULL,"JARDIM PRESIDENCIAL","713264","1321782","RUA  ANTONIO F DE FREITAS JARDIM PRESIDENCIAL","0",NULL,"JARDIM PRESIDENCIAL","22.04","14.54","100","21.5","-10.86823503","-61.9685878","110012205000069","-10.867907","-61.968873","110012205000069","-10.867523","-61.968679","47.66549444","47.96248456","1","0",True,NULL
"87","RUA SAO MANOEL JARDIM PRESIDENCIAL","1601",NULL,"JARDIM PRESIDENCIAL","814885","91986309","RUA SAO MANOEL JARDIM PRESIDENCIAL","1601",NULL,"JARDIM PRESIDENCIAL","100","22.11","100","58.67","-10.8704171","-61.9769328","110012205000073","-10.870609","-61.976569","110012205000073","-10.870609","-61.976569","0","45.09489643","1","0",True,NULL
"88","RUA RIO AMAZONAS JARDIM PRESIDENCIAL","1518",NULL,"JARDIM PRESIDENCIAL","244308","1243126","RUA  RIO AMAZONAS JARDIM PRESIDENCIAL 3","1518",NULL,"JARDIM PRESIDENCIAL 3","100","22.95","40.4","54.98","-10.87365611","-61.97922855","110012205000074","-10.874011","-61.979204","110012205000074","-10.874011","-61.979204","0","39.55297701","1","0",True,NULL
"89","RUA S BNH MARIO ANDREAZZA","179",NULL,"BNH MARIO ANDREAZZA","903752","215141206","RUA  S MARIO ANDREAZZA","176",NULL,"MARIO ANDREAZZA","100","15","25.17","41.14","-10.8980706","-61.9083203","110012205000080","-10.897874","-61.908698","110012205000080","-10.897874","-61.908688","1.09189758","46.67673779","1","0",True,NULL
"90","RUA G MARIO ANDREAZZA","69",NULL,"MARIO ANDREAZZA","903624","1244792","RUA  G MARIO ANDREAZZA","69",NULL,"MARIO ANDREAZZA","100","21.15","100","57.28","-10.8974466","-61.9101387","110012205000080","-10.89778","-61.909974","110012205000080","-10.89778","-61.909974","0","41.20405956","1","0",True,NULL
"91","RUA XAPURI SAO PEDRO","1920","T7","SAO PEDRO","606477","1250774","RUA  XAPURI SAO PEDRO","1950",NULL,"SAO PEDRO","100","13.09","100","42.96","-10.8979804","-61.9227258","110012205000084","-10.897776","-61.922529","110012205000097","-10.897776","-61.922529","0","31.27829878","1","5.68254133",False,True
"92","RUA XAPURI RIACHUELO","1866",NULL,"RIACHUELO","662643","91986519","RUA  XAPURI RIACHUELO","1866",NULL,"RIACHUELO","100","20.58","100","56.44","-10.89806735","-61.92330078","110012205000084","-10.897734","-61.923686","110012205000084","-10.897734","-61.923686","0","56.06399647","1","0",True,NULL
"93","RUA PORTO VELHO DOM BOSCO","2336","ESCOLA","DOM BOSCO","461305","1247568","RUA  PORTO VELHO DOM BOSCO","2336",NULL,"DOM BOSCO","100","25.43","100","63.04","-10.869594","-61.946807","110012205000088","-10.869241","-61.947406","110012205000088","-10.869241","-61.947406","0","76.28431041","1","0",True,NULL
"94","RUA RIO SOLIMOES DOM BOSCO","989",NULL,"DOM BOSCO","461463","1247818","RUA  RIO SOLIMOES DOM BOSCO","988",NULL,"DOM BOSCO","100","21.27","100","57.46","-10.87038407","-61.94567805","110012205000088","-10.870063","-61.945581","110012205000088","-10.870063","-61.945581","0","37.2411691","1","0",True,NULL
"95","MANOEL PINHEIRO MACHADO ALTO ALEGRE","3570","T 26","ALTO ALEGRE","80218","1250358","RUA  MANOEL PINHEIRO MACHADO ALTO ALEGRE","3083",NULL,"ALTO ALEGRE","100","15.48","100","47.81","-10.8679405","-61.9036783","110012205000090","-10.873926","-61.903369","110012205000095","-10.873926","-61.903369","0","666.41460926","1","402.06804685",False,False
"96","AVENIDA GUANABARA JK","2763","T 23 COM K3","JK","613781","1249237","AVENIDA  GUANABARA J K","2763",NULL,"J K","100","27.29","21.47","52.67","-10.8777996","-61.9058796","110012205000092","-10.877984","-61.905907","110012205000092","-10.877984","-61.905907","0","20.72151935","1","0",True,NULL
"97","RUA JOAQUIM FRANCISCO DE OLIVEIRA JK","2809","T 24","JK","614086","1248979","RUA  JOAQUIM FRANCISCO DE OLIVEIRA J K","2854",NULL,"J K","100","16.14","21.47","41.58","-10.876664","-61.9056781","110012205000092","-10.87604","-61.905202","110012205000092","-10.87604","-61.905202","0","86.70199282","1","0",True,NULL
"98","RUA CEDRO PARQUE DOS PARECIS","3981",NULL,"PARQUE DOS PARECIS","80969","108607475","RUA  CEDRO JARDIM NOVO ESTADO 2","3991",NULL,"JARDIM NOVO ESTADO 2","100","21.35","12.36","40.89","-10.8664845","-61.9077843","110012205000093","-10.413707","-62.47428","110011405000067","-10.413707","-62.47428","0","79796.11637853","1","79319.65492288",False,False
"99","RUA GUARULHOS JK","2610","T23","JK","731880","1248656","RUA  GUARULHOS ALTO ALEGRE","2851",NULL,"ALTO ALEGRE","100","15.16","10.41","33.55","-10.8715673","-61.9066287","110012205000094","-10.870914","-61.904321","110012205000091","-10.870914","-61.904321","0","262.26127474","1","156.65211681",False,True
"100","RUA VINICIUS DE MORAES SAO PEDRO","1147","T-10","SAO PEDRO","426963","1250565","RUA  VINICIUS DE MORAES SAO PEDRO","1147",NULL,"SAO PEDRO","100","23.6","100","60.7","-10.8938767","-61.9213917","110012205000096","-10.892467","-61.919599","110012205000096","-10.892467","-61.919599","0","250.77521412","1","0",True,NULL
"101","LINHA 153 AREA RURAL DE JIPARANA",NULL,NULL,"AREA RURAL DE JIPARANA","599167","1740847","LINHA  153 GLEBA VINTE E SEIS","1",NULL,"GLEBA VINTE E SEIS","100","16.07","11.89","35.9","-10.6997169","-61.9754217","110012205000137","-10.634564","-62.17393","110180705000011","-10.631712","-62.1835595","1099.11168266","22869.52804016","1","20461.8662355",False,False
"102","AREA RURAL AREA RURAL DE JIPARANA",NULL,NULL,"AREA RURAL DE JIPARANA","76429","1177770","RUA  RURAL TEIXEIRAO","1434",NULL,"TEIXEIRAO","22.56","12.36","12.26","18.06","-10.5425731","-61.9331835","110012205000137","-11.42308","-61.432757","110004905000095","-11.42308","-61.432757","0","112115.53938354","1","98227.50299695",False,False
"103","LINHA 08 ITAPIREMA AREA RURAL",NULL,NULL,"AREA RURAL","961996","217591518","LINHA  8 DO ITAPIREMA AGROVILA DO PA ITAPIREMA","22","CASA","AGROVILA DO PA ITAPIREMA","56.2","12.59","11","26.71","-10.89732365","-62.00314793","110012205000153","-10.894798","-62.001693","110012205000153","-10.894798","-62.001693","0","322.65915078","1","0",True,NULL
"104","LINHA 98, LOTE 29, GLEBA 02, KM 47 - SETOR RIACHUELO AREA RURAL",NULL,NULL,"AREA RURAL","193563","110650193","LINHA  L 599 RURAL","1",NULL,"RURAL","22.43","16.07","22.56","20.8","-10.93610925","-61.59814473","110012205000129","-10.346503","-62.558349","110160905000009","-10.346503","-62.558349","0","123730.6524534","1","102598.4446191",False,False
"105","AREA RURAL AREA RURAL DE JI-PARANA",NULL,NULL,"AREA RURAL DE JI-PARANA","76429","1177770","RUA  RURAL TEIXEIRAO","1434",NULL,"TEIXEIRAO","22.56","12.36","12.47","18.11","-10.9630635","-62.1060991","110012205000132","-11.42308","-61.432757","110004905000095","-11.42308","-61.432757","0","89504.63647628","1","82454.58372264",False,False
"106","LINHA 04 KM 09 SAIDA PARA PORTO VELHO AREA RURAL DE JI-PARANA",NULL,NULL,"AREA RURAL DE JI-PARANA","571209","180416710","TRAVESSAO  LINHA DO PEDRO PARA A 164 LINHA 164","2",NULL,"LINHA 164","20.82","14.9","10.62","17.71","-10.8410207","-62.0299164","110012205000154","-11.491421","-61.950661","110090805000002","-11.491373","-61.951171","55.82844737","72836.28499312","1","66309.57373516",False,False
"107","AVENIDA EDSON LIMA DO NASCIMENTO JARDIM CAPELASSO","6280","ZONA URBANA","JARDIM CAPELASSO","430124","91989146","AVENIDA  EDSON LIMA DO NASCIMENTO RESIDENCIAL RONDON","6280",NULL,"RESIDENCIAL RONDON","100","25.85","11.36","42.48","-10.901835","-61.882565","110012205000170","-10.901509","-61.882597","110012205000170","-10.901509","-61.882597","0","36.41759793","1","0",True,NULL
"108","RUA JOSE FERNANDES CAPELASSO","301",NULL,"CAPELASSO","88655","1614923","RUA  FERNANDES FELIPE ALTO ALEGRE","1542",NULL,"ALTO ALEGRE","22.17","13.06","9.99","17.58","-10.9033889","-61.8823039","110012205000170","-12.731516","-60.110433","110030405000023","-12.731516","-60.110433","0","280194.00740886","1","279365.01199145",False,False
"109","RUA IZILDA CORREIA AMARO JARDIM CAPELASSO","200",NULL,"JARDIM CAPELASSO","361397","100169448","RUA  IZILDA CORREIA AMARO RESIDENCIAL CAPELASSO","0",NULL,"RESIDENCIAL CAPELASSO","100","13.44","17.22","36.11","-10.9027201","-61.8829027","110012205000170","-10.902343","-61.881141","110012205000171","-10.902343","-61.88116","2.07457423","196.87386853","1","72.79605434",False,True
"110","AREA RURAL AREA RURAL DE JI-PARANA",NULL,NULL,"AREA RURAL DE JI-PARANA","76429","1177770","RUA  RURAL TEIXEIRAO","1434",NULL,"TEIXEIRAO","22.56","12.36","12.47","18.11","-10.7630529523318","-61.4996260818738","110012205000174","-11.42308","-61.432757","110004905000095","-11.42308","-61.432757","0","73753.57615315","1","72913.32499839",False,False
"111","AREA RURAL AREA RURAL DE JI-PARANA",NULL,NULL,"AREA RURAL DE JI-PARANA","76429","1177770","RUA  RURAL TEIXEIRAO","1434",NULL,"TEIXEIRAO","22.56","12.36","12.47","18.11","-10.7599311056232","-61.5333691229764","110012205000176","-11.42308","-61.432757","110004905000095","-11.42308","-61.432757","0","74551.67823697","1","74057.92470352",False,False
"112","AREA RURAL AREA RURAL DE JI-PARANA",NULL,"ZONA RURAL","AREA RURAL DE JI-PARANA","76429","1177770","RUA  RURAL TEIXEIRAO","1434",NULL,"TEIXEIRAO","22.56","12.36","12.47","18.11","-10.7472718867451","-61.5679810654766","110012205000178","-11.42308","-61.432757","110004905000095","-11.42308","-61.432757","0","76581.52661043","1","75603.87170492",False,False
"113","AREA RURAL AREA RURAL DE JI-PARANA",NULL,NULL,"AREA RURAL DE JI-PARANA","76429","1177770","RUA  RURAL TEIXEIRAO","1434",NULL,"TEIXEIRAO","22.56","12.36","12.47","18.11","-10.7475162861988","-61.5891406179775","110012205000180","-11.42308","-61.432757","110004905000095","-11.42308","-61.432757","0","77033.21815773","1","76220.46086455",False,False
"114","RUA VALMAR MEIRA NOVO JI-PARANA","2569",NULL,"NOVO JI-PARANA","610697","91991478","RUA  VALMAR MEIRA NOVO JI PARANA","2569",NULL,"NOVO JI PARANA","100","27.31","42.88","60.04","-10.88999923","-61.97335744","110012205000201","-10.889852","-61.973445","110012205000201","-10.889852","-61.973445","0","18.95860983","1","0",True,NULL
"115","AREA RURAL AREA RURAL DE JI-PARANA",NULL,"ZONA RURAL","AREA RURAL DE JI-PARANA","76429","1177770","RUA  RURAL TEIXEIRAO","1434",NULL,"TEIXEIRAO","22.56","12.36","12.47","18.11","-10.6320374070629","-61.6476941961143","110012205000207","-11.42308","-61.432757","110004905000095","-11.42308","-61.432757","0","91034.43310396","1","87828.62970656",False,False
"116","AREA RURAL AREA RURAL DE JI-PARANA",NULL,NULL,"AREA RURAL DE JI-PARANA","76429","1177770","RUA  RURAL TEIXEIRAO","1434",NULL,"TEIXEIRAO","22.56","12.36","12.47","18.11","-10.6535355312074","-61.7780807057108","110012205000228","-11.42308","-61.432757","110004905000095","-11.42308","-61.432757","0","93501.35610719","1","92920.31565976",False,False
"117","LINHA 128 LOTES 37 E 38 AREA RURAL DE JIPARANA",NULL,NULL,"AREA RURAL DE JIPARANA","376011","1195727","LINHA  138 IZIDOLANDIA","1",NULL,"IZIDOLANDIA","32.38","16.07","12.76","23.87","-10.96846776","-61.82129555","110012205000217","-12.615213","-62.17543","110001520000004","-12.614540000000002","-62.175854","87.84623895","187122.99542972","1","185245.09643934",False,False
"118","RUA JOSE JORGE DE MELO BOSQUE DOS IPES",NULL,NULL,"BOSQUE DOS IPES","462531","91990388","RUA  JOSE JORGE DE MELO BOSQUE DOS IPES","1432",NULL,"BOSQUE DOS IPES","100","12.12","100","40.82","-10.8704032","-61.98396333","110012205000232","-10.871517","-61.984971","110012205000161","-10.871517","-61.984971","0","165.67068505","1","0",False,NULL
"119","RUA DAS FLORES SAO FRANCISCO","618","T-5","SAO FRANCISCO","693626","1254174","RUA  DAS FLORES SAO FRANCISCO","617",NULL,"SAO FRANCISCO","100","18.96","100","53.92","-10.8729595","-61.9285442","110012205000241","-10.872806","-61.928561","110012205000107","-10.872806","-61.928561","0","17.16675128","1","0",False,NULL
"120","RODOVIA RO 135 TERCEIRA LINHA KM18 AREA RURAL",NULL,NULL,"AREA RURAL","618892","110632838","LINHA  135 SETOR RURAL","2",NULL,"SETOR RURAL","27.41","14.9","16.88","22.28","-11.00157699","-62.00912462","110012205000264","-12.711547","-60.168207","110030405000155","-12.711547","-60.168207","0","276194.46989182","1","275456.4113532",False,NULL
"121","RUA PADRE FRANCO HABITAR BRASIL","2315","T 30","HABITAR BRASIL","797385","91992228","RUA PADRE FRANCO NOVA COLINA","0",NULL,"NOVA COLINA","100","13.21","10.49","31.58","-10.88106865","-61.8984845","110012205000271","-10.78992","-61.691286","110012220000001","-10.78992","-61.691286","0","24794.77924611","1","24347.89191905",False,False
"122","RUA JERUSALEM PARQUE DOS PIONEIROS","70",NULL,"PARQUE DOS PIONEIROS","427550","1257757","RUA  JERUSALEM PARQUE DOS PIONEIROS","70",NULL,"PARQUE DOS PIONEIROS","100","18.34","100","52.89","-10.9062506","-61.9124367","110012205000273","-10.905984","-61.912566","110012205000120","-10.905984","-61.912566","0","32.83468181","1","0",False,NULL
"123","AVENIDA TRANSCONTINENTAL SANTIAGO","5862","BR-364, KM 348","SANTIAGO","291718","1251637","AVENIDA  TRANSCONTINENTAL SANTIAGO","5461",NULL,"SANTIAGO","100","17.23","100","51","-10.85370457","-61.98459688","110012205000280","-10.857139","-61.981951","110012205000100","-10.857139","-61.981951","0","478.88411295","1","26.90719778",False,True
"124","RUA JABOTICABA NOVO HORIZONTE","1060",NULL,"NOVO HORIZONTE","343469","1255402","RUA  JABOTICABA NOVO HORIZONTE","1120","CASA","NOVO HORIZONTE","100","15.4","100","47.65","-10.8461018","-61.9710321","110012205000281","-10.846546","-61.97146","110012205000193","-10.846546","-61.97146","0","67.9954536","1","0",False,NULL
"125","RUA DO CIPO SAO BERNARDO","1068",NULL,"SAO BERNARDO","30301","91983524","RUA  DO CIPO SAO BERNARDO","1065",NULL,"SAO BERNARDO","100","19.18","100","54.27","-10.8557534","-61.9671348","110012205000282","-10.856248","-61.967313","110012205000031","-10.856248","-61.967313","0","58.33853476","1","38.91318473",False,True
"126","AREA RURAL AREA RURAL DE JI-PARANA",NULL,"IGARAPE LOURDES","AREA RURAL DE JI-PARANA","76429","1177770","RUA  RURAL TEIXEIRAO","1434",NULL,"TEIXEIRAO","22.56","12.36","12.47","18.11","-10.7464269297574","-61.5537702827969","110012205000300","-11.42308","-61.432757","110004905000095","-11.42308","-61.432757","0","76390.46112956","1","64612.85512604",False,False
"127","RUA TIRADENTES NOVA COLINA","696","DIST. NOVA COLINA","NOVA COLINA","797496","91991981","RUA  TIRADENTES NOVA COLINA","746",NULL,"NOVA COLINA","100","17.4","100","51.3","-10.7902211","-61.6931376","110012220000001","-10.789727","-61.691009","110012220000001","-10.789727","-61.691009","0","238.90840109","1","0",True,NULL
"128","LINHA 86, PROJETO VIDA NOVA, LOTE 28 AREA RURAL",NULL,NULL,"AREA RURAL","43771","1292572","LINHA  628 LINHA 628","1",NULL,"LINHA 628","23.01","16.07","9.96","18.9","-10.82458472","-61.60665454","110012220000004","-10.473589","-62.456884","110011405000052","-10.473431999999999","-62.456433000000004","52.31238155","100777.3217427","1","78915.16969032",False,False
"129","RUA SAULO DE ALCANTARA CENTRO","2070","ZONA URBANA","CENTRO","826053","1371530","RUA  SAULO ALCANTARA NOVA LONDRINA","2070",NULL,"NOVA LONDRINA","35.83","23.49","9.83","26.17","-11.0626937","-62.0116535","110012225000001","-11.068779","-62.011395","110012225000001","-11.068779","-62.011395","0","677.24318537","1","0",True,NULL
"130","AVENIDA GOV. JORGE TEIXEIRA NOVA LONDRINA","1110","ZONA URBANA","NOVA LONDRINA","874375","108779481","RUA  GOV JORGE TEIXEIRA NOSSA SENHORA DE FATIMA","0",NULL,"NOSSA SENHORA DE FATIMA","52.08","13.55","11.73","27.22","-11.0674892","-62.0097333","110012225000001","-10.878238","-61.887922","110012205000116","-10.878215","-61.8884285","55.36735849","24892.90094809","1","23909.9006118",False,NULL
"131","4ª LINHA DA GLEBA G, LOTE 6, SETOR 3 AREA RURAL DE JIPARANA",NULL,NULL,"AREA RURAL DE JIPARANA","609736","110630847","TRAVESSAO  DO KM 9 DA LINHA 172 LADO DIREITO LINHA 184 SENTIDO LINHA 182","1",NULL,"LADO DIREITO LINHA 184 SENTIDO LINHA 182","19.97","16.07","13.09","18.13","-11.12073249","-62.04682784","110012225000003","-11.807208","-61.878703","110028805000064","-11.807208","-61.878703","0","78500.70644465","1","67959.83984934",False,False
"132","AV DIOMERO MORAES BORBA CENTRO","3305",NULL,"CENTRO","565858","1374308","AVENIDA  DIOMERO MORAES BORBA CENTRO","2805","TERREO","CENTRO","100","16.03","100","48.84","-9.4248417","-61.998975","110013005000001","-9.427031","-62.002544","110013005000004","-9.427031","-62.002544","0","461.01257891","1","8.40658546",False,NULL
"133","AVENIDA BRASIL CENTRO","3142",NULL,"CENTRO","340978","220740783","AVENIDA  BRASIL CENTRO","3140",NULL,"CENTRO","100","22.04","100","58.56","-9.424734657","-61.9979384","110013005000001","-13.196682","-60.808933","110005605000016","-13.196682","-60.808933","0","438993.71131071","1","436658.42102402",False,False
"134","RUA CARLOS FERNANDES DE SOUZA",NULL,"DISTRITO DE 5º BEC",NULL,"98164","110619638","ESTRADA  JOSE FERNANDES RIO CLARO","15",NULL,"RIO CLARO","19.84","12.73","9.85","16.35","-9.4252","-62.002465","110013005000001","-11.430298","-60.989754","110009812000002","-11.430298","-60.989754","0","248945.19043414","1","247521.35583474",False,False
"135","LINHA 81 KM 16 GLEBA 20B LOTE 02 ZONA RURAL",NULL,"ZONA RURAL","ZONA RURAL","521127","1488466","TRAVESSAO  DO KM 9 DA 184 TRAVESSAO KM 9 LADO ESQUERDO","1","CASA","TRAVESSAO KM 9 LADO ESQUERDO","21.65","16.07","12.02","18.83","-10.7731526","-62.3924283","110015505000045","-11.804843","-61.791088","110028805000055","-11.804843","-61.791088","0","132136.4068527","1","119324.09162582",False,False
"136","AVENIDA DIOMERO MORAES BORBA CENTRO","3647",NULL,"CENTRO","741463","1377348","AVENIDA  DIOMERO MORAES BORBA CENTRO","3647",NULL,"CENTRO","100","24.07","100","61.31","-9.4242762","-61.9958936","110013005000012","-9.424317","-61.995371","110013005000012","-9.424317","-61.995371","0","57.50545763","1","0",True,NULL
"137","AV. PRESIDENTE MEDICI CENTRO","3953",NULL,"CENTRO","267312","91993853","AVENIDA PRESIDENTE MEDICI CENTRO","3952",NULL,"CENTRO","19.66","21.57","100","21.8","-9.4248504","-61.9941751","110013005000012","-9.425108","-61.992109","110013005000008","-9.425108","-61.992109","0","228.44177226","1","168.67589738",False,True
"138","AVENIDA MARECHAL DEODORO DA FONSECA CENTRO","2832","ZONA URBANA","CENTRO","422350","1613091","RUA MARECHAL DEODORO DA FONSECA CENTRO","2362",NULL,"CENTRO","100","14.75","100","46.38","-9.340672","-62.007694","110013005000018","-12.739257","-60.152692","110030405000019","-12.739261500000001","-60.15269","0.54537183","428701.90822287","1","418187.85364696",False,NULL
"139","LINHA MA- 16 COM MA - 18, RURAL",NULL,NULL,"RURAL","118263","1379044","LINHA  MA 16 LINHA MA 16","1","TERREO","LINHA MA 16","25.7","16.07","10.15","20.19","-9.6801233","-61.9801","110013005000024","-9.65785","-61.969082","110013005000024","-9.65785","-61.969082","0","2755.46641447","1","0",True,NULL
"140","RUA DAS PALMEIRAS CENTRO","3741","SETOR 13","CENTRO","73685","1722230","RUA  DAS PALMEIRAS CENTRO","37",NULL,"CENTRO","100","16.42","100","49.55","-11.7285949","-62.3069271","110014805000035","-10.931959","-62.25818","110155905000001","-10.931959","-62.25818","0","88741.28664678","1","87967.34860512",False,False
"141","AVENIDA CASTELO BRANCO CENTRO","2452",NULL,"CENTRO","765191","1323055","AVENIDA  CASTELO BRANCO CENTRO","2451",NULL,"CENTRO","100","21.53","100","57.83","-9.4281375","-62.0060294","110013005000067","-13.197264","-60.815361","110005605000001","-13.197264","-60.815361","0","438747.38372018","1","436357.79583882",False,False
"142","RUA PARANA CENTRO","3406",NULL,"CENTRO","565760","1374463","RUA  PARANA CENTRO","3406",NULL,"CENTRO","100","24.01","100","61.23","-9.430666939","-62.00750068","110013005000067","-9.430787","-62.007188","110013005000004","-9.430787","-62.007188","0","36.80514878","1","0",False,NULL
"143","AVENIDA CALIFORNIA ESQ. COM NEGO LOPES SETOR 02",NULL,NULL,"SETOR 02","811221","1679831","RUA  ADEMIR VAZ LOPES SETOR 01","1","CASA","SETOR 01","15.89","16.07","26.24","16.58","-11.735852","-62.3084061","110014805000036","-10.214919","-63.831166","110045205000019","-10.214919","-63.831166","0","237130.74657231","1","236109.15543668",False,NULL
"144","RUA OLAVO BILAC UNIAO","887",NULL,"UNIAO","253607","91997652","RUA  OLAVO BILAC UNIAO","888","LADO DIREITO","UNIAO","100","19.75","100","55.17","-10.7216203","-62.2619246","110015505000001","-10.721022","-62.261158","110015505000002","-10.721022","-62.261158","0","106.96135414","1","10.63722079",False,True
"145","LINHA MC-07 - KM 30 - NUCLEO HELENOPOLIS HELENOPOLIS",NULL,NULL,"HELENOPOLIS","435497","1385492","LINHA  MP 37 QUINTO BEC","2",NULL,"QUINTO BEC","20.06","14.9","10.71","17.34","-9.3744533","-62.2330967","110013005000039","-9.631928","-62.131258","110013020000002","-9.631928","-62.131258","0","30731.23399989","1","19269.35621677",False,False
"146","RUA DIEGO SARTORO PORTO FELIZ II","3771",NULL,"PORTO FELIZ II","858370","217827495","RUA  DIEGO SARTORI PORTO FELIZ","0","BARRACAO 1","PORTO FELIZ","19.02","14.4","31.58","18.57","-9.418623","-62.015502","110013005000076","-9.420616","-62.014475","110013005000054","-9.4204465","-62.013366500000004","123.04942669","248.60310995","1","0",False,NULL
"147","LINHA MA 28, KM 40 ZONA RURAL","28",NULL,"ZONA RURAL","29115","1229370","LINHA  KM 28 PRINCIPE DA BEIRA","0",NULL,"PRINCIPE DA BEIRA","26.77","17.18","10.71","21.22","-9.2500521","-61.8227609","110013005000046","-12.312741","-64.272766","110008005000027","-12.312741","-64.272766","0","433104.27351562","1","410021.55830261",False,False
"148","RO 133 GLEBA 04 RURAL",NULL,"RO 133 KM 30","RURAL","617317","91994331","RODOVIA  RO 133 RURAL","2",NULL,"RURAL","27.08","14.9","100","24.83","-9.2212162","-62.0426382","110013005000051","-9.448556","-62.008898","110013005000055","-9.448556","-62.008898","0","25548.70778712","1","24606.5518982",False,NULL
"149","RO 133 RUA LUIZ BANDEIRA LEITE, GLEBA 03 ZONA RURAL",NULL,"DISTRIT ESTRELA AZUL","ZONA RURAL","617652","180312695","TRAVESSAO  DA RO 133 PRA MP 47 LINHA MP 23","1",NULL,"LINHA MP 23","24.28","16.07","11.04","19.87","-9.22147452","-62.04369748","110013005000051","-9.521999","-62.073572","110013005000055","-9.521815499999999","-62.0793405","632.92046816","33577.19180648","1","32623.77264598",False,NULL
"150","RUA GIRASSOL PRIMAVERA","3139",NULL,"PRIMAVERA","355480","180248968","RUA  GIRASSOL PRIMAVERA","2991",NULL,"PRIMAVERA","100","13.97","100","44.82","-9.4151902","-62.0076645","110013005000053","-9.415683","-62.009153","110013005000053","-9.415648000000001","-62.009014","15.736717","172.23356038","1","0",True,NULL
"151","AV MARECHAL DEODORO DA FONSECA CENTRO","2486",NULL,"CENTRO","103578","1157849","RUA MARECHAL DEODORO DA FONSECA CENTRO","2485",NULL,"CENTRO","100","21.09","100","57.19","-9.431900141","-62.00703621","110013005000080","-11.432181","-61.454099","110004905000007","-11.432181","-61.454099","0","230493.37092791","1","229180.7663954",False,False
"152","CASTELO BRANCO BOM FUTURO","4780",NULL,"BOM FUTURO","267117","91993594","AVENIDA  CASTELO BRANCO BOM FUTURO","4480",NULL,"BOM FUTURO","100","19.6","100","54.93","-9.4207419","-61.9845888","110013005000063","-9.421457","-61.988222","110013005000008","-9.421457","-61.988222","0","406.39973711","1","57.32809088",False,True
"153","AV. CASTELO BRANCO BOM FUTURO","5106",NULL,"BOM FUTURO","770242","97454518","AVENIDA  CASTELO BRANCO BOM FUTURO","5106",NULL,"BOM FUTURO","25.71","25.45","100","27.71","-9.420156","-61.982627","110013005000064","-9.420156","-61.982627","110013005000007","-9.420156","-61.982627","0","0","1","0",False,NULL
"154","LINHA MA 28 - NUCLEO SANTA MARIA II, KM 72 - DISTR ZONA RURAL",NULL,NULL,"ZONA RURAL","609736","110630847","TRAVESSAO  DO KM 9 DA LINHA 172 LADO DIREITO LINHA 184 SENTIDO LINHA 182","1",NULL,"LADO DIREITO LINHA 184 SENTIDO LINHA 182","22.35","16.07","11.62","19.1","-9.174519","-61.7286711","110013005000066","-11.807208","-61.878703","110028805000064","-11.807208","-61.878703","0","293201.21518194","1","291300.0890965",False,False
"155","LH MP 115 ASSENTAMENTO AMIGOS DO CAMPO AREA RURAL",NULL,NULL,"AREA RURAL","193563","110650193","LINHA  L 599 RURAL","1",NULL,"RURAL","16.78","16.07","22.56","17.06","-9.4656515","-62.2560466","110013005000070","-10.346503","-62.558349","110160905000009","-10.346503","-62.558349","0","103392.26526837","1","102165.96933143",False,False
"156","LINHA C-04,CEDRO JEQUITIBA RURAL",NULL,NULL,"RURAL","91541","1223564","LINHA  04 RURAL","1","SITIO","RURAL","21.56","16.07","100","21.78","-9.5873311","-62.2806123","110013015000004","-12.957797","-60.953471","110007205000005","-12.957797","-60.953471","0","401743.58214721","1","399032.69337533",False,False
"157","RUA DAS PALMEIRAS SETOR 14","2271",NULL,"SETOR 14","346821","221078639","RUA  DAS PALMEIRAS SETOR 14","2131",NULL,"SETOR 14","100","15.15","100","47.17","-11.7287696","-62.3203318","110014805000004","-11.728342","-62.321862","110014805000004","-11.728342","-62.321862","0","173.25037466","1","0",True,NULL
"158","LOTE 31 GLEBA 02 LINHA MP 03 DISTRITO 5º BEC","2659","ESCOLA RURAL","DISTRITO 5º BEC","598754","180507822","LINHA  MP 32 MONTE SANTO","0",NULL,"MONTE SANTO","26.1","13.75","11.16","19.87","-9.687484288","-62.20713836","110013020000007","-9.586894","-62.039938","110175705000013","-9.586157","-62.0405125","103.36152155","21472.70957776","1","21091.83451061",False,False
"159","AVENIDA SENADOR OLAVO PIRES CENTRO","2628","DISTRITO DE 5º BEC","CENTRO","789243","98618719","AVENIDA SENADOR OLAVO PIRES CENTRO","2638","FUNDOS","CENTRO","100","16.24","100","49.22","-9.685690478","-62.20993372","110013020000007","-10.242214","-62.351048","110160905000003","-10.2422085","-62.3510515","0.72159267","63783.27770936","1","63024.97764998",False,NULL
"160","AVENIDA JOAO BATISTA FIGUEIREDO UNIAO","3540",NULL,"UNIAO","690984","1377008","AVENIDA  JOAO BATISTA FIGUEIREDO UNIAO","3540",NULL,"UNIAO","100","26.75","100","64.61","-9.6875167","-62.2071733","110013020000007","-9.430731","-61.994271","110013005000050","-9.430731","-61.994271","0","36881.94793939","1","36443.49692664",False,NULL
"161","RUA JORGE TEIXEIRA CENTRO","2684","DISTRITO 5º BEC","CENTRO","625194","1384832","RUA  JORGE TEIXEIRA CENTRO","2688","CASA","CENTRO","100","21.35","100","57.58","-9.688814675","-62.20641911","110013020000007","-9.686962","-62.208637","110013020000001","-9.686962","-62.208637","0","318.64988727","1","0",False,NULL
"162","NUCLEO TABAJARA ZONA RURAL",NULL,NULL,"ZONA RURAL","407355","1386152","TRAVESSAO  TABAJARA 1 MACHADINHO DO OESTE","1",NULL,"MACHADINHO DO OESTE","20.79","16.07","11.18","18.17","-8.933887","-62.0557102","110013025000001","-9.046261","-62.051675","110013025000002","-9.046261","-62.051675","0","12503.29271136","1","11768.98210633",False,True
"163","RUA RIACHUELO SETOR 15","1560",NULL,"SETOR 15","260148","1388590","RUA  RIACHUELO SETOR 15","1465",NULL,"SETOR 15","100","12.8","100","42.32","-11.7196737","-62.326894","110014805000008","-11.720152","-62.327991","110014805000008","-11.720152","-62.327991","0","130.74414892","1","0",True,NULL
"164","RUA DOUTOR JOSE MARINHO DE OLIVEIRA NOVO HORIZONTE","86","PREDIO","NOVO HORIZONTE","494835","1402405","RUA DOUTOR JOSE MARINHO JARDIM NOVO HORIZONTE","86",NULL,"JARDIM NOVO HORIZONTE","22.48","19.49","19.83","21.53","-10.7140775","-62.2700307","110015505000030","-10.714171","-62.269897","110015505000030","-10.714171","-62.269897","0","17.92970879","1","0",True,NULL
"165","RUA DOUTOR JOSE MARINHO DE OLIVEIRA NOVO HORIZONTE","86","PREDIO","NOVO HORIZONTE","494835","1402405","RUA DOUTOR JOSE MARINHO JARDIM NOVO HORIZONTE","86",NULL,"JARDIM NOVO HORIZONTE","22.48","19.49","19.83","21.53","-10.7143147","-62.2707469","110015505000030","-10.714171","-62.269897","110015505000030","-10.714171","-62.269897","0","94.22193109","1","0",True,NULL
"166","RUA RIACHUELO SETOR 14","2591","SETOR 14","SETOR 14","90117","91996092","RUA  RIACHUELO SETOR 14","2571",NULL,"SETOR 14","100","15.98","100","48.75","-11.7201646","-62.3171358","110014805000009","-11.71998","-62.317913","110014805000009","-11.71998","-62.317913","0","87.07314233","1","0",True,NULL
"167","RUA RECIFE ESQUINA COM GOVERNADOR JORGE TEIXEIRA SETOR 005","2314",NULL,"SETOR 005","760701","1676454","RUA GOVERNADOR JORGE TEIXEIRA SETOR 04","2318",NULL,"SETOR 04","23.78","22.09","18.79","22.83","-11.7235344","-62.3197501","110014805000009","-10.197995","-63.83211","110045205000011","-10.197995","-63.83211","0","236708.84655978","1","235580.2163309",False,NULL
"168","RUA FLORIANO PEIXOTO SETOR 14","1650","PREDIO","SETOR 14","346586","1387637","RUA  FLORIANO PEIXOTO SETOR 14","2440",NULL,"SETOR 14","100","12.87","100","42.48","-11.7233478","-62.320721","110014805000009","-11.730245","-62.32073","110014805000004","-11.730245","-62.32073","0","766.93532991","1","484.56627266",False,True
"169","AVENIDA TANCREDO DE ALMEIDA NEVES SETOR 13","1489","PROXIMO AO FORUM","SETOR 13","471772","1543712","AVENIDA  TANCREDO DE ALMEIDA NEVES ESTRELA DE RONDONIA","749",NULL,"ESTRELA DE RONDONIA","100","15.77","11.44","35.18","-11.7216524994001","-62.31418289244169","110014805000010","-11.305828","-61.783662","110025415000001","-11.305828","-61.783662","0","74021.82065889","1","73213.73195493",False,False
"170","RUA PADRE ADOLPHO ROHL JARDIM BANDEIRANTES","269",NULL,"JARDIM BANDEIRANTES","924688","1287138","AVENIDA PADRE ADOLPHO ROHL SETOR 05","2590","TERREO","SETOR 05","100","15.45","12.23","35.56","-10.7278564","-62.2591082","110015505000004","-10.42988","-62.473852","110011405000029","-10.429804","-62.473861","8.50794635","40605.30475458","1","40179.87682077",False,False
"171","RUA PADRE ADOLPHO ROHL BELA FLORESTA","60",NULL,"BELA FLORESTA","378088","215177725","AVENIDA PADRE ADOLPHO ROHL SETOR 02","0",NULL,"SETOR 02","100","17.03","11.02","35.95","-10.7281157","-62.2587262","110015505000004","-10.439307","-62.46748","110011405000011","-10.439281999999999","-62.4675125","4.51207124","39394.83168387","1","38926.42190892",False,False
"172","RUA MARINGA JARDIM BANDEIRANTES","436","ESCOLA","JARDIM BANDEIRANTES","885938","91998231","RUA  MARINGA JARDIM BANDEIRANTE","426",NULL,"JARDIM BANDEIRANTE","100","17.74","28.88","46.01","-10.7262016","-62.2617253","110015505000005","-10.726453","-62.261753","110015505000005","-10.726453","-62.261753","0","28.11777541","1","0",True,NULL
"173","RUA DA CASSITERITA FLODOALDO PONTES PINTO","4328",NULL,"FLODOALDO PONTES PINTO","814414","1561037","RUA  DA CASSITERITA FLODOALDO PONTES PINTO","4328",NULL,"FLODOALDO PONTES PINTO","100","25.11","100","62.63","-8.7426854","-63.8783514","110020505070031","-8.742571","-63.878359","110020505070031","-8.742571","-63.878359","0","12.74811003","1","0",True,NULL
"174","RUA LITORANEA FLODOALDO PONTES PINTO","4898",NULL,"FLODOALDO PONTES PINTO","458697","1561728","RUA  LITORANEA FLODOALDO PONTES PINTO","0",NULL,"FLODOALDO PONTES PINTO","100","15.56","100","47.96","-8.749828781","-63.86693012","110020505070034","-8.75032","-63.866697","110020505070034","-8.75032","-63.866697","0","60.33123631","1","0",True,NULL
"175","RUA COIMBRA FLODOALDO PONTES PINTO","4994",NULL,"FLODOALDO PONTES PINTO","458469","1561714","RUA  COIMBRA FLODOALDO PONTES PINTO","4994",NULL,"FLODOALDO PONTES PINTO","100","25.46","100","63.07","-8.749138800000004","-63.8663855","110020505070034","-8.74892","-63.866464","110020505070034","-8.74892","-63.866464","0","25.81381682","1","0",True,NULL
"176","RUA PAULO FREIRE FLODOALDO PONTES PINTO","4767",NULL,"FLODOALDO PONTES PINTO","816410","1562281","RUA  PAULO FREIRE FLODOALDO PONTES PINTO","4767",NULL,"FLODOALDO PONTES PINTO","100","24.83","100","62.28","-8.7523242","-63.8683903","110020505070035","-8.752831","-63.867897","110020505070035","-8.752831","-63.867897","0","78.19761594","1","0",True,NULL
"177","RUA PAULO FREIRE FLODOALDO PONTES PINTO","4767",NULL,"FLODOALDO PONTES PINTO","816410","1562281","RUA  PAULO FREIRE FLODOALDO PONTES PINTO","4767",NULL,"FLODOALDO PONTES PINTO","100","24.83","100","62.28","-8.7524037","-63.868376","110020505070035","-8.752831","-63.867897","110020505070035","-8.752831","-63.867897","0","70.91365613","1","0",True,NULL
"178","RUA TRINDADE FLODOALDO PONTES PINTO","3454",NULL,"FLODOALDO PONTES PINTO","328456","1562521","RUA  TRINDADE FLODOALDO PONTES PINTO","3454",NULL,"FLODOALDO PONTES PINTO","100","26.05","100","63.78","-8.742902939","-63.86586939","110020505070036","-8.742445","-63.866255","110020505070036","-8.742445","-63.866255","0","66.24911812","1","0",True,NULL
"179","AVENIDA CALAMA FLODOALDO PONTES PINTO","5262",NULL,"FLODOALDO PONTES PINTO","321525","215093651","AVENIDA  CALAMA FLODOALDO PONTES PINTO","5292","LOJA 1","FLODOALDO PONTES PINTO","100","22.3","100","58.94","-8.7451584","-63.8687132","110020505070037","-8.7449","-63.868382","110020505070037","-8.7449","-63.868382","0","46.37359938","1","0",True,NULL
"180","RUA DELEGADO MAURO DOS SANTOS AGENOR DE CARVALHO","893",NULL,"AGENOR DE CARVALHO","952575","215217422","RUA DELEGADO MAURO DOS SANTOS AGENOR M DE CARVALHO","893","ANEXO CASA","AGENOR M DE CARVALHO","100","24.66","43.92","57.52","-8.76397","-63.861747","110020505070041","-8.763913","-63.86144","110020505070041","-8.763893","-63.8614745","4.39553867","34.32850422","1","0",True,NULL
"181","RUA GOVERNADOR ARI MARCOS AGENOR DE CARVALHO","1050",NULL,"AGENOR DE CARVALHO","69749","1564323","RUA GOVERNADOR ARI MARCOS AGENOR MARTINS DE CARVALHO","1050",NULL,"AGENOR MARTINS DE CARVALHO","100","25.19","29.22","54.46","-8.766503200000002","-63.8643473","110020505070042","-8.766471","-63.864812","110020505070042","-8.766471","-63.864812","0","51.19406322","1","0",True,NULL
"182","RUA ESTER SALES AGENOR MARTINS DE CARVALHO","1600","PREDIO DA IGREJA","AGENOR MARTINS DE CARVALHO","885625","1475185","RUA  ESTELA ALENCAR JUSCELINO KUBITSCHEK","2305",NULL,"JUSCELINO KUBITSCHEK","16.49","13.09","12.03","15.14","-8.7611984","-63.8651329","110020505070043","-8.77307","-63.833621","110020505090033","-8.77307","-63.833621","0","3706.09349588","1","3481.1179535",False,False
"183","RUA EDUARDO LIMA E SILVA AGENOR DE CARVALHO","1124",NULL,"AGENOR DE CARVALHO","544284","1565641","RUA  EDUARDO LIMA E SILVA AGENOR MARTINS DE CARVALHO","1124",NULL,"AGENOR MARTINS DE CARVALHO","100","22.5","29.22","51.79","-8.76616","-63.871903","110020505070045","-8.7662","-63.872143","110020505070045","-8.7662","-63.872143","0","26.74747951","1","0",True,NULL
"184","AVENIDA PREFEITO CHIQUILITO ERSE NOVA PORTO VELHO","2166",NULL,"NOVA PORTO VELHO","293668","1556494","AVENIDA PREFEITO CHIQUILITO ERSE NOVA PORTO VELHO","2165",NULL,"NOVA PORTO VELHO","100","20.18","100","55.84","-8.757678800000004","-63.8747718","110020505070047","-8.757577","-63.875168","110020505070019","-8.757577","-63.875168","0","44.98920019","1","8.64701571",False,True
"185","RUA ANARI JD. ELDORADO","6199",NULL,"JD. ELDORADO","492821","92271053","RUA  ANARI ELDORADO","6199",NULL,"ELDORADO","100","24.87","19.66","49.68","-8.75757982","-63.86834918","110020505070048","-8.787552","-63.869315","110020505080086","-8.787552","-63.869315","0","3334.44860161","1","3228.65681169",False,False
"186","RUA MARIO QUINTANA RIO MADEIRA","4320",NULL,"RIO MADEIRA","704012","1569139","RUA  MARIO QUINTANA RIO MADEIRA","4320",NULL,"RIO MADEIRA","100","22.87","100","59.71","-8.7370657","-63.8778501","110020505070055","-8.736623","-63.878293","110020505070055","-8.736623","-63.878293","0","69.2288978","1","0",True,NULL
"187","RUA GUANABARA SAO CRISTOVAO","1797",NULL,"SAO CRISTOVAO","578967","1339738","RUA  GUANABARA SAO CRISTOVAO","1797",NULL,"SAO CRISTOVAO","100","19.19","100","54.29","-8.79316","-63.87839167","110020505080061","-8.759288","-63.891069","110020505060019","-8.759288","-63.891069","0","4015.79878237","1","3843.70753724",False,False
"188","AVENIDA GOVERNADOR JORGE TEIXEIRA INDUSTRIAL","3146",NULL,"INDUSTRIAL","379724","1570826","AVENIDA GOVERNADOR JORGE TEIXEIRA INDUSTRIAL","3146",NULL,"INDUSTRIAL","100","25.55","100","63.18","-8.741170736000004","-63.88906245","110020505070060","-8.741221","-63.889492","110020505070060","-8.741221","-63.889492","0","47.53876117","1","0",True,NULL
"189","AVENIDA DOS IMIGRANTES INDUSTRIAL","4884",NULL,"INDUSTRIAL","951766","215152249","AVENIDA  DOS IMIGRANTES INDUSTRIAL","4839","FRENTE 1","INDUSTRIAL","100","17.12","100","50.82","-8.7382676","-63.8790881","110020505070060","-8.73705","-63.87925","110020505070059","-8.7370515","-63.879257499999994","0.84099147","136.55536715","1","52.13225916",False,True
"190","RUA THALES BENEVIDES RIO MADEIRA",NULL,NULL,"RIO MADEIRA","865284","218215294","RUA  THALES BENEVIDES RIO MADEIRA","5434",NULL,"RIO MADEIRA","100","13.6","100","44.05","-8.73725","-63.873389","110020505070065","-8.737359","-63.874261","110020505070065","-8.737335","-63.874167","10.67015601","96.60025329","1","0",True,NULL
"191","RUA DOUTOR AGENOR DE CARVALHO AGENOR DE CARVALHO","1029",NULL,"AGENOR DE CARVALHO","834122","1565947","RUA DOUTOR AGENOR DE CARVALHO AGENOR M DE CARVALHO","1029",NULL,"AGENOR M DE CARVALHO","100","25.99","43.92","58.92","-8.7634787","-63.86991729","110020505070067","-8.764188","-63.870313","110020505070067","-8.764188","-63.870313","0","90.0651227","1","0",True,NULL
"192","RUA RAIMUNDO CANTUARIA AGENOR DE CARVALHO","5129",NULL,"AGENOR DE CARVALHO","952773","215217718","AVENIDA  RAIMUNDO CANTUARIA AGENOR M DE CARVALHO","5128","CASA 2","AGENOR M DE CARVALHO","100","23.44","43.92","56.16","-8.762710200000004","-63.8642262","110020505070068","-8.76334","-63.864144","110020505070041","-8.76334","-63.864144","0","70.61089412","1","31.23609463",False,True
"193","RUA CLEA MERCES AGENOR DE CARVALHO","4914","COM A RUA REVERENDO","AGENOR DE CARVALHO","72835","215105086","RUA  CLEA MERCES AGENOR M DE CARVALHO","4914","EDIFICIO 1","AGENOR M DE CARVALHO","100","24.57","43.92","57.42","-8.7573252","-63.8646209","110020505070068","-8.757043","-63.864638","110020505070051","-8.757043","-63.864638","0","31.43547486","1","2.05834078",False,NULL
"194","RUA RAIMUNDO MERCES AGENOR DE CARVALHO","4951",NULL,"AGENOR DE CARVALHO","72839","92253850","RUA  RAIMUNDO MERCES AGENOR M DE CARVALHO","4951",NULL,"AGENOR M DE CARVALHO","100","27.51","43.92","60.43","-8.757194712","-63.86313375","110020505070069","-8.75742","-63.863011","110020505070051","-8.75742","-63.863011","0","28.45225078","1","3.00480748",False,NULL
"195","RUA MATRINCHA LAGOA","996","ANEXO DA UNOPAR","LAGOA","736833","215074654","RUA  MATRINCHA LAGOA","996",NULL,"LAGOA","100","27.2","100","65.13","-8.76955890097541","-63.86785766115771","110020505070074","-8.76878","-63.867974","110020505070054","-8.76878","-63.867974","0","87.54851787","1","0",False,NULL
"196","AV. RIO DE JANEIRO LAGOA","4934",NULL,"LAGOA","736556","1568653","AVENIDA  RIO DE JANEIRO LAGOA","4934",NULL,"LAGOA","21.76","24.96","100","24.28","-8.768645","-63.869291","110020505070074","-8.76862","-63.869245","110020505070054","-8.76862","-63.869245","0","5.76911258","1","0",False,NULL
"197","AVENIDA RIO DE JANEIRO AGENOR DE CARVALHO","4864","AO LADO DO SESI","AGENOR DE CARVALHO","338936","92252743","AVENIDA  RIO DE JANEIRO AGENOR M DE CARVALHO","4865",NULL,"AGENOR M DE CARVALHO","100","15.47","43.92","45.04","-8.7691339","-63.8699439","110020505070074","-8.768592","-63.869734","110020505070044","-8.768592","-63.869734","0","64.52090877","1","5.2742845",False,True
"198","RUA MATRINCHA LAGOA","895",NULL,"LAGOA","736871","215076512","RUA  MATRINCHA LAGOA","816",NULL,"LAGOA","100","15.09","100","47.06","-8.7691895","-63.8708039","110020505070074","-8.771309","-63.869377","110020505070054","-8.771309","-63.869377","0","283.07808509","1","0",False,NULL
"199","AVENIDA RIO DE JANEIRO LAGOA","4734",NULL,"LAGOA","736554","1568650","AVENIDA  RIO DE JANEIRO LAGOA","4734",NULL,"LAGOA","100","23.61","100","60.71","-8.7693773","-63.8708239","110020505070074","-8.769134","-63.871276","110020505070054","-8.769134","-63.871276","0","56.57181488","1","0",False,NULL
"200","RUA VICOSA CONCEICAO","1449","CASA","CONCEICAO","919073","1572647","RUA  VICOSA CONCEICAO","1449",NULL,"CONCEICAO","100","26.09","100","63.83","-8.796575000000002","-63.889669","110020505080004","-8.796608","-63.889754","110020505080004","-8.796608","-63.889754","0","10.03533668","1","0",True,NULL
"201","RUA GOVERNADOR VALADARES CONCEICAO","3601",NULL,"CONCEICAO","139927","97584580","RUA GOVERNADOR VALADARES CONCEICAO","3601",NULL,"CONCEICAO","100","25.19","100","62.74","-8.798406","-63.8923997","110020505080006","-8.798713","-63.89266","110020505080006","-8.798713","-63.89266","0","44.53634279","1","0",True,NULL
"202","RUA QUINZE DE NOVEMBRO CONCEICAO","3937",NULL,"CONCEICAO","545213","92255679","RUA  QUINZE DE NOVEMBRO CONCEICAO","3937",NULL,"CONCEICAO","100","25.01","100","62.51","-8.799154253","-63.88749414","110020505080007","-8.798825","-63.887002","110020505080007","-8.798825","-63.887002","0","65.30682679","1","0",True,NULL
"203","RUA SERRA DA COTIA ELETRONORTE","3274",NULL,"ELETRONORTE","859633","92257539","RUA  SERRA DA COTIA ELETRONORTE","3274",NULL,"ELETRONORTE","100","22.64","100","59.41","-8.796474525000002","-63.8963628","110020505080011","-8.796469","-63.896472","110020505080011","-8.796469","-63.896472","0","12.01539652","1","0",True,NULL
"204","RUA ALGODOEIRO ELETRONORTE","3130",NULL,"ELETRONORTE","830902","92257907","RUA  ALGODOEIRO ELETRONORTE","3130",NULL,"ELETRONORTE","100","25.55","100","63.18","-8.797301701","-63.89794894","110020505080012","-8.797205","-63.898065","110020505080012","-8.797205","-63.898065","0","16.68146465","1","0",True,NULL
"205","RUA ALGODOEIRO ELETRONORTE","3060",NULL,"ELETRONORTE","830900","92257905","RUA  ALGODOEIRO ELETRONORTE","3060",NULL,"ELETRONORTE","100","24.31","100","61.63","-8.797314","-63.8985419","110020505080012","-8.797065","-63.898555","110020505080012","-8.797065","-63.898555","0","27.724971","1","0",True,NULL
"206","RUA DAS FAVEIRAS ELETRONORTE","3123",NULL,"ELETRONORTE","583489","1438441","RUA  DAS FAVEIRAS ELETRONORTE","3122",NULL,"ELETRONORTE","100","21.21","100","57.38","-8.7939942","-63.8963341","110020505080018","-8.794027","-63.896103","110020505080018","-8.794027","-63.896103","0","25.65566164","1","0",True,NULL
"207","RUA ANARI ELDORADO","6039",NULL,"ELDORADO","492844","92271070","RUA  ANARI ELDORADO","6039",NULL,"ELDORADO","100","22.95","100","59.83","-8.7917426","-63.8788494","110020505080062","-8.786919","-63.870731","110020505080086","-8.786919","-63.870731","0","1040.94678511","1","850.27029191",False,False
"208","RUA GAROPABA COHAB FLORESTA","2615",NULL,"COHAB FLORESTA","347550","1454173","RUA  GAROPABA COHAB","2614","FRENTE","COHAB","100","19.78","16.18","42.93","-8.791269","-63.8808067","110020505080062","-8.791155","-63.881075","110020505080062","-8.791155","-63.881075","0","32.09272711","1","0",True,NULL
"209","RUA DAS MANGUEIRAS ELETRONORTE","1201",NULL,"ELETRONORTE","894551","1438544","RUA  DAS MANGUEIRAS ELETRONORTE","1201",NULL,"ELETRONORTE","100","24.06","100","61.3","-8.7946007","-63.8957556","110020505080019","-8.794713","-63.895613","110020505080019","-8.794713","-63.895613","0","20.03693837","1","0",True,NULL
"210","BR 364 LINHA 101 KM 60",NULL,"UNIAO BANDEIRANTES",NULL,"419930","110252886","RODOVIA  BR 364 BR 364 SAIDA PARA JARU","1","CASA","BR 364 SAIDA PARA JARU","30.31","16.07","11.64","22.66","-8.78927","-63.896513","110020505080020","-10.699034","-62.26201","110015505000049","-10.698143","-62.2631775","161.51873251","277809.80864491","1","276917.78239497",False,False
"211","RUA TUTOIA ELETRONORTE","3340","VILA DA ELETRONORTE","ELETRONORTE","512132","1575770","RUA  TUTOIA ELETRONORTE","2780",NULL,"ELETRONORTE","100","14.88","100","46.64","-8.7871613","-63.8971534","110020505080020","-8.790643","-63.900715","110020505080114","-8.790643","-63.900715","0","550.51204861","1","61.03419916",False,True
"212","ESTRADA AREIA BRANCA AREIA BRANCA","1104","ESQ DOMINGO ALEGRE","AREIA BRANCA","815104","215667318","ESTRADA  AREIA BRANCA AREIA BRANCA","1104",NULL,"AREIA BRANCA","100","24.09","100","61.34","-8.8004515","-63.9009988","110020505080021","-8.800137","-63.901188","110020505080088","-8.800137","-63.901188","0","40.68418518","1","6.22095045",False,True
"213","RUA JOAO PAULO I NOVO HORIZONTE","2655",NULL,"NOVO HORIZONTE","402942","92260911","RUA  JOAO PAULO I NOVO HORIZONTE","2504","QUADRA 6","NOVO HORIZONTE","100","13.62","100","44.08","-8.801055","-63.8947589","110020505080022","-8.803889","-63.897422","110020505080099","-8.803889","-63.897422","0","430.04726636","1","216.66227446",False,True
"214","RUA ARCO VERDE NOVA FLORESTA","95",NULL,"NOVA FLORESTA","467939","1443185","RUA  ARCO VERDE NOVA FLORESTA","84",NULL,"NOVA FLORESTA","100","13.39","100","43.61","-8.781723683","-63.8930452","110020505080030","-8.782028","-63.893125","110020505080030","-8.782028","-63.893125","0","34.9563877","1","0",True,NULL
"215","RUA BURITIS NOVA FLORESTA","4316",NULL,"NOVA FLORESTA","921421","108673191","RUA  BURITIS NOVA OURO PRETO","4652",NULL,"NOVA OURO PRETO","100","14.22","14.63","35.84","-8.790318360000002","-63.88754237","110020505080026","-10.721198","-62.274516","110015505000058","-10.721198","-62.274516","0","278102.84069721","1","277066.05789106",False,NULL
"216","AVENIDA JATUARANA CONCEICAO","4046",NULL,"CONCEICAO","247619","1572078","AVENIDA  JATUARANA CONCEICAO","4046",NULL,"CONCEICAO","100","25.18","100","62.72","-8.79241609","-63.88970433","110020505080027","-8.79261","-63.889495","110020505080002","-8.792534499999999","-63.889664499999995","20.43062575","31.52852072","1","13.75356024",False,True
"217","RUA DANIEL NERY NOVA FLORESTA","1089","CASA","NOVA FLORESTA","798597","1441782","RUA  DANIEL NERY NOVA FLORESTA","1130",NULL,"NOVA FLORESTA","100","15.98","100","48.75","-8.7927167","-63.8934542","110020505080027","-8.79291","-63.893907","110020505080027","-8.792886","-63.893935","4.07295922","54.20140201","1","0",True,NULL
"218","RUA DAS MANGUEIRAS NOVA FLORESTA","831",NULL,"NOVA FLORESTA","268279","98328566","RUA  DAS MANGUEIRAS NOVA FLORESTA","831",NULL,"NOVA FLORESTA","100","24.63","100","62.04","-8.7918218","-63.8946885","110020505080029","-8.791772","-63.894852","110020505080029","-8.791772","-63.894852","0","18.8007789","1","0",True,NULL
"219","RUA ABOBORA COHAB FLORESTA","5992",NULL,"COHAB FLORESTA","796506","1454366","RUA  ABOBORA COHAB","5992",NULL,"COHAB","100","26.52","16.18","48.25","-8.788939","-63.872741","110020505080063","-8.78888","-63.872743","110020505080063","-8.78888","-63.872743","0","6.56419","1","0",True,NULL
"220","RUA SEPETIBA AREAL DA FLORESTA","100","ENTRE RUAS PARANA E","AREAL DA FLORESTA","746501","215031481","RUA  SEPETIBA FLORESTA","0",NULL,"FLORESTA","100","15.88","19.6","40.49","-8.783422969","-63.88379649","110020505080035","-8.783314","-63.883846","110020505080035","-8.783199","-63.8840665","27.39816111","13.28226394","1","0",True,NULL
"221","RUA DAS CRIANCAS FLORESTA","4686",NULL,"FLORESTA","785381","1447465","RUA  DAS CRIANCAS FLORESTA","0",NULL,"FLORESTA","100","14.31","100","45.5","-8.776910000000004","-63.8812717","110020505080043","-8.776311","-63.880593","110020505080043","-8.776301499999999","-63.880852","28.48192423","99.99588094","1","0",True,NULL
"222","RUA ACAI AREAL DA FLORESTA","778",NULL,"AREAL DA FLORESTA","301465","217600567","RUA  ACAI FLORESTA","4987",NULL,"FLORESTA","100","15.4","19.6","39.87","-8.777438500000002","-63.88171673","110020505080043","-8.77964","-63.877382","110020505080119","-8.779628500000001","-63.877388499999995","1.46472112","535.57304953","1","439.17227343",False,True
"223","RUA DO SOL FLORESTA","772",NULL,"FLORESTA","785562","1447747","RUA  DO SOL FLORESTA","772",NULL,"FLORESTA","100","25.73","100","63.4","-8.7789171","-63.8848263","110020505080043","-8.778962","-63.884714","110020505080043","-8.778962","-63.884714","0","13.3125808","1","0",True,NULL
"224","RUA OITO DE JULHO CASTANHEIRA","1960",NULL,"CASTANHEIRA","884547","99501382","RUA  OITO DE JULHO CASTANHEIRA","0",NULL,"CASTANHEIRA","100","15.01","100","46.89","-8.797298394","-63.86612713","110020505080049","-8.798648","-63.865575","110020505080049","-8.798065000000001","-63.865704","66.35846855","161.87010756","1","0",True,NULL
"225","RUA OITO DE JULHO CASTANHEIRA","1730",NULL,"CASTANHEIRA","584733","1450280","RUA  OITO DE JULHO CASTANHEIRA","1729",NULL,"CASTANHEIRA","100","13.6","100","44.04","-8.795381600000002","-63.8662999","110020505080050","-8.795394","-63.865929","110020505080050","-8.795394","-63.865929","0","40.78059081","1","0",True,NULL
"226","RUA GRUTA AZUL CASTANHEIRA","2124","CONJUNTO MAMORE","CASTANHEIRA","497877","1451195","RUA  GRUTA AZUL CASTANHEIRA","2124",NULL,"CASTANHEIRA","100","24.04","100","61.27","-8.801718985000004","-63.87354056","110020505080052","-8.801728","-63.873592","110020505080052","-8.801728","-63.873592","0","5.74071378","1","0",True,NULL
"227","RUA BANZO CASTANHEIRA","2194","CONJUNTO RIO GUAPORE","CASTANHEIRA","743194","1451428","RUA  BANZO CASTANHEIRA","2195",NULL,"CASTANHEIRA","100","23.35","100","60.37","-8.804091700000004","-63.8667767","110020505080053","-8.804015","-63.86627","110020505080053","-8.804015","-63.86627","0","56.3281018","1","0",True,NULL
"228","RUA JERONIMO SANTANA COHAB","2940","ESCOLA","COHAB","581441","92267660","RUA  JERONIMO SANTANA COHAB","2944",NULL,"COHAB","100","20.98","100","57.04","-8.793239700000004","-63.8747767","110020505080055","-8.793064","-63.874947","110020505080055","-8.793064","-63.874947","0","27.05375228","1","0",True,NULL
"229","RUA DAS ROSAS COHAB","5822",NULL,"COHAB","429506","1453050","RUA  DAS ROSAS COHAB","5639",NULL,"COHAB","100","17.69","100","51.8","-8.7942384","-63.8750075","110020505080058","-8.794523","-63.876797","110020505080058","-8.794523","-63.876797","0","199.174362","1","0",True,NULL
"230","RUA PERCY HOLDER CIDADE DO LOBO","3594",NULL,"CIDADE DO LOBO","509831","1456764","RUA  PERCI HOLDER CIDADE DO LOBO","3494","CASA","CIDADE DO LOBO","11.03","20.86","100","13.5","-8.807147294","-63.88546016","110020505080070","-8.807565","-63.886167","110020505080070","-8.80753","-63.88613","5.62816778","90.49859933","1","0",True,NULL
"231","RUA JOAO ELIAS DE SOUZA CIDADE DO LOBO","301",NULL,"CIDADE DO LOBO","509916","180318023","RUA  JOAO ELIAS DE SOUZA CIDADE DO LOBO","301",NULL,"CIDADE DO LOBO","100","21.07","100","57.17","-8.806943","-63.8848503","110020505080070","-8.806856","-63.884804","110020505080070","-8.806856","-63.884804","0","10.93022157","1","0",True,NULL
"232","RUA MATO GROSSO CALADINHO","696",NULL,"CALADINHO","398727","92268973","RUA  MATO GROSSO CALADINHO","4561",NULL,"CALADINHO","100","14.73","100","46.34","-8.80523211","-63.87866563","110020505080074","-8.804883","-63.87831","110020505080074","-8.804883","-63.87831","0","55.08221554","1","0",True,NULL
"233","RUA TANCREDO NEVES CALADINHO","4718",NULL,"CALADINHO","398721","92268995","RUA  TANCREDO NEVES CALADINHO","4718",NULL,"CALADINHO","100","22.65","100","59.41","-8.805075","-63.8779027","110020505080074","-8.804953","-63.877632","110020505080074","-8.804953","-63.877632","0","32.69314838","1","0",True,NULL
"234","RUA COLORADO CALADINHO","4588",NULL,"CALADINHO","398692","92268957","RUA  COLORADO CALADINHO","4588",NULL,"CALADINHO","100","23.85","100","61.03","-8.804440401000004","-63.87859178","110020505080074","-8.804403","-63.87862","110020505080074","-8.804403","-63.87862","0","5.18763586","1","0",True,NULL
"235","RUA CARDEAL CALADINHO","4000","CONJUNTO TUCURUI","CALADINHO","258268","1459314","RUA  CARDEAL CALADINHO","4000",NULL,"CALADINHO","100","20.84","100","56.82","-8.800037","-63.8822","110020505080078","-8.80003","-63.882146","110020505080078","-8.80003","-63.882146","0","5.98468352","1","0",True,NULL
"236","RUA NOVA ESPERANCA CALADINHO","3189",NULL,"CALADINHO","313113","180259875","RUA  NOVA ESPERANCA COPAS VERDES","2989",NULL,"COPAS VERDES","100","13.96","11.95","33.67","-8.7973959","-63.8848153","110020505080079","-10.866667","-61.984767","110012205000190","-10.866667","-61.984767","0","310279.54491554","1","309291.71983902",False,False
"237","RUA CAETANO CALADINHO","3256","PREDIO","CALADINHO","929631","1460606","RUA  CAETANO CALADINHO","3256",NULL,"CALADINHO","100","24.68","100","62.1","-8.793730160000004","-63.88391863","110020505080081","-8.793673","-63.88365","110020505080081","-8.793673","-63.88365","0","30.19572174","1","0",True,NULL
"238","RUA DAS CAMELIAS ELDORADO","5301",NULL,"ELDORADO","492641","92270604","RUA  DAS CAMELIAS ELDORADO","5302",NULL,"ELDORADO","100","23.18","100","60.13","-8.7837572","-63.8739158","110020505080086","-8.783961","-63.874133","110020505080086","-8.783961","-63.874136","0.32967268","32.91264669","1","0",True,NULL
"239","RUA AQUARIQUARA JARDIM ELDORADO","683",NULL,"JARDIM ELDORADO","58680","92271336","RUA  AQUARIQUARA ELDORADO","683",NULL,"ELDORADO","100","26.16","18.94","50.19","-8.787924090000002","-63.86823389","110020505080087","-8.78767","-63.868558","110020505080087","-8.78767","-63.868558","0","45.46195351","1","0",True,NULL
"240","ESTRADA AREIA BRANCA AREIA BRANCA",NULL,"KM 8","AREIA BRANCA","815095","1463251","ESTRADA  AREIA BRANCA AREIA BRANCA","880",NULL,"AREIA BRANCA","100","14.57","100","46.02","-8.806469","-63.904483","110020505080088","-8.798346","-63.901138","110020505080088","-8.798346","-63.901138","0","975.16332929","1","0",True,NULL
"241","RUA HUMBERTO FLORENCIO CIDADE NOVA","5473",NULL,"CIDADE NOVA","679954","1464809","RUA  HUMBERTO FLORENCIO CIDADE NOVA","5472",NULL,"CIDADE NOVA","100","23.22","100","60.19","-8.811987013","-63.88044405","110020505080094","-8.811458","-63.880835","110020505080094","-8.811458","-63.880835","0","72.83999025","1","0",True,NULL
"242","RUA SECUDARIA NOVO HORIZONTE","1705",NULL,"NOVO HORIZONTE","403061","180342884","RUA  SECUNDARIA NOVO HORIZONTE","1540","QUADRA A","NOVO HORIZONTE","16.12","13.07","100","16.74","-8.8052707","-63.8967199","110020505080100","-8.804724","-63.898429","110020505080099","-8.804705","-63.8984555","3.59763187","197.39745295","1","32.3235421",False,True
"243","RUA CAMOMILA COHAB FLORESTA","2631","COMERCIAL","COHAB FLORESTA","796493","1454365","RUA  CAMOMILA COHAB","2631",NULL,"COHAB","100","25.58","16.18","47.62","-8.783751000000002","-63.8800562","110020505080118","-8.789203","-63.873095","110020505080063","-8.789203","-63.873095","0","976.06173661","1","749.2874605",False,False
"244","RUA SANTAREM CASTANHEIRA","2137","PREDIO","CASTANHEIRA","328776","217625931","RUA  SANTAREM CASTANHEIRA","795",NULL,"CASTANHEIRA","100","13.59","100","44.02","-8.80148602","-63.86946581","110020505080122","-8.801468","-63.868564","110020505080122","-8.801468","-63.868564","0","99.11627454","1","0",True,NULL
"245","RUA RIO BONITO AEROCLUBE","1953",NULL,"AEROCLUBE","388037","1461088","RUA  RIO BONITO AEROCLUBE","1953",NULL,"AEROCLUBE","100","19.54","100","54.84","-8.80377914","-63.86114587","110020505080128","-8.803738","-63.861183","110020505080112","-8.803738","-63.861183","0","6.12970642","1","0",False,NULL
"246","BR 364 SENTIDO ACRE KM 6 TERRA INDIGENA KARITIANA",NULL,"ZONA RURAL",NULL,"419930","110252886","RODOVIA  BR 364 BR 364 SAIDA PARA JARU","1","CASA","BR 364 SAIDA PARA JARU","20.99","16.07","11.64","18.38","-8.789466","-63.851752","110020505080130","-10.699034","-62.26201","110015505000049","-10.698143","-62.2631775","161.51873251","274655.94034899","1","273091.21483148",False,False
"247","RUA BOM JESUS CIDADE NOVA","6375",NULL,"CIDADE NOVA","337804","1463688","RUA  BOM JESUS CIDADE NOVA","6175","CASA","CIDADE NOVA","100","21.15","100","57.29","-8.808777407","-63.8734012","110020505080135","-8.807731","-63.874815","110020505080090","-8.807731","-63.874815","0","194.09606751","1","0",False,NULL
"248","AVENIDA RIO DE JANEIRO TANCREDO NEVES","8069",NULL,"TANCREDO NEVES","247225","1472641","AVENIDA  RIO DE JANEIRO TANCREDO NEVES","8069",NULL,"TANCREDO NEVES","100","26.02","100","63.75","-8.761497983","-63.838349","110020505090025","-8.761596","-63.838258","110020505090025","-8.761596","-63.838258","0","14.79195307","1","0",True,NULL
"249","AVENIDA AMAZONAS CUNIA","6363",NULL,"CUNIA","408910","108944680","AVENIDA  AMAZONAS CUNIA","7267",NULL,"CUNIA","100","17.81","100","52.01","-8.75787191","-63.85537331","110020505090007","-8.756704","-63.847445","110020505090004","-8.756704","-63.847445","0","880.93648893","1","599.66473664",False,False
"250","RUA FABIA IGARAPE","6382",NULL,"IGARAPE","818958","1468526","RUA  FABIA IGARAPE","6382",NULL,"IGARAPE","100","27.45","100","65.42","-8.74539445","-63.85684504","110020505090010","-8.745206","-63.856771","110020505090010","-8.745206","-63.856771","0","22.47917907","1","0",True,NULL
"251","RUA JULIA IGARAPE","6430","COM ANDREIA","IGARAPE","819091","215323027","RUA  JULIA IGARAPE","6430",NULL,"IGARAPE","100","26.12","100","63.87","-8.7481372","-63.8550263","110020505090010","-8.74796","-63.855207","110020505090010","-8.74796","-63.855207","0","27.97546136","1","0",True,NULL
"252","RUA ANDREIA IGARAPE","4512",NULL,"IGARAPE","818969","215322936","RUA  ANDREIA IGARAPE","4517",NULL,"IGARAPE","100","21.27","100","57.46","-8.746774709","-63.85535195","110020505090010","-8.745519","-63.855532","110020505090010","-8.745519","-63.855532","0","141.02383875","1","0",True,NULL
"253","RUA JULIA IGARAPE","6530",NULL,"IGARAPE","911313","1468845","RUA  JULIA IGARAPE","6530",NULL,"IGARAPE","100","24.92","100","62.41","-8.7479779","-63.8546004","110020505090011","-8.747816","-63.854755","110020505090011","-8.747816","-63.854755","0","24.75431361","1","0",True,NULL
"254","LINHA FRANCISCO BR 364 KM 150 AREA RURAL DE PORTO VELHO",NULL,NULL,"AREA RURAL DE PORTO VELHO","197736","1669767","RODOVIA  BR 364 PROJETO DE ASSENTAMENTO DIRIGIDO MARECHAL DUTRA","1","SITIO","PROJETO DE ASSENTAMENTO DIRIGIDO MARECHAL DUTRA","25.31","16.07","13.32","21","-8.746159","-63.85412","110020505090011","-9.666126","-63.096366","110040305000034","-9.666219","-63.085845500000005","1153.26589027","131840.99718121","1","131145.73717781",False,False
"255","RUA CRISTINA IGARAPE","6386",NULL,"IGARAPE","940895","215073678","RUA  CRISTINA IGARAPE","6386",NULL,"IGARAPE","100","26.74","100","64.61","-8.7510342","-63.8553698","110020505090015","-8.750748","-63.855583","110020505090015","-8.750748","-63.855583","0","39.51926744","1","0",True,NULL
"256","RUA ALBA IGARAPE","4328",NULL,"IGARAPE","940926","1469822","RUA  ALBA IGARAPE","4328",NULL,"IGARAPE","100","25.11","100","62.63","-8.749798930000004","-63.8571952","110020505090015","-8.749919","-63.857551","110020505090015","-8.749919","-63.857551","0","41.31925508","1","0",True,NULL
"257","RUA OSVALDO LACERDA IGARAPE","5895","CONJUNTO NOVA CAIARI","IGARAPE","776919","1470737","RUA  OSVALDO LACERDA IGARAPE","5895",NULL,"IGARAPE","100","27.33","100","65.28","-8.7446457","-63.8628153","110020505090018","-8.744868","-63.862735","110020505090018","-8.744868","-63.862735","0","26.24682984","1","0",True,NULL
"258","RUA PIRITA TANCREDO NEVES","8525","NOS FUNDO DA IGREJA","TANCREDO NEVES","704915","1472043","RUA  PIRITA TANCREDO NEVES","8534","CASA","TANCREDO NEVES","100","17.04","100","50.66","-8.7636612","-63.8337877","110020505090023","-8.763818","-63.833441","110020505090023","-8.763818","-63.833441","0","41.90104804","1","0",True,NULL
"259","RUA ENGENHEIRO PAULO PINHEIRO TANCREDO NEVES","1616",NULL,"TANCREDO NEVES","965126","1472201","RUA ENGENHEIRO PAULO PINHEIRO TANCREDO NEVES","8161","CASA","TANCREDO NEVES","100","18.1","100","52.5","-8.762186455","-63.83722787","110020505090024","-8.762041","-63.837396","110020505090024","-8.762041","-63.837396","0","24.55596702","1","0",True,NULL
"260","RUA EDITE FEITOSA TANCREDO NEVES","8158","ZONA LESTE","TANCREDO NEVES","108243","1473727","RUA  EDITE FEITOSA TANCREDO NEVES","8158",NULL,"TANCREDO NEVES","100","25.61","100","63.26","-8.7602268","-63.8377136","110020505090029","-8.760039","-63.837888","110020505090029","-8.760039","-63.837888","0","28.34465395","1","0",True,NULL
"261","RUA RAIMUNDO CANTUARIA TIRADENTES","7893","ZONA LESTE","TIRADENTES","258670","1474710","AVENIDA  RAIMUNDO CANTUARIA TIRADENTES","7893",NULL,"TIRADENTES","100","27.52","100","65.5","-8.757353","-63.8408539","110020505090032","-8.75758","-63.840795","110020505090032","-8.75758","-63.840795","0","26.0580613","1","0",True,NULL
"262","RUA MARIO ANDREAZZA JUSCELINO KUBITSCHEK","8186","ZONA LESTE","JUSCELINO KUBITSCHEK","883729","1474885","RUA  MARIO ANDREAZZA JUSCELINO KUBITSCHEK","8175","FRENTE","JUSCELINO KUBITSCHEK","100","15.88","100","48.56","-8.7732082","-63.8349087","110020505090033","-8.772925","-63.835035","110020505090033","-8.772925","-63.835035","0","34.41354784","1","0",True,NULL
"263","RUA BENEDITO INOCENCIO JUSCELINO KUBITSCHEK","4846","ZONA LESTE","JUSCELINO KUBITSCHEK","418809","215712410","RUA  BENEDITO INOCENCIO JUSCELINO KUBITSCHEK","7946","APARTAMENTO 02","JUSCELINO KUBITSCHEK","100","18.15","100","52.58","-8.766385400000004","-63.8363006","110020505090042","-8.767364","-63.838465","110020505090039","-8.767364","-63.838465","0","261.5676211","1","192.96883796",False,True
"264","RUA ANTONIO FRAGA MOREIRA JK I","2833",NULL,"JK I","941154","1493726","RUA  ANTONIO FRAGA MOREIRA JUSCELINO KUBITSCHEK","2833",NULL,"JUSCELINO KUBITSCHEK","100","27.39","13.6","46.17","-8.768461667","-63.83526833","110020505090043","-8.768521","-63.835044","110020505090043","-8.768521","-63.835044","0","25.52039533","1","0",True,NULL
"265","RUA JOSE AMADOR DOS REIS JUSCELINO KUBITSCHEK JKI","2938",NULL,"JUSCELINO KUBITSCHEK JKI","941247","1493735","RUA  JOSE AMADOR DOS REIS JUSCELINO KUBITSCHEK","2938",NULL,"JUSCELINO KUBITSCHEK","100","25.3","33.91","56.01","-8.767723800000002","-63.8365554","110020505090043","-8.767808","-63.836413","110020505090043","-8.767808","-63.836413","0","18.23607754","1","0",True,NULL
"266","RUA CIDADE TRES MARIAS","2118","INEP 11001003","TRES MARIAS","388450","1494344","RUA  CIDADE TRES MARIAS","2118",NULL,"TRES MARIAS","100","24.15","100","61.41","-8.7767874","-63.8541133","110020505090045","-8.776172","-63.85402","110020505090045","-8.776172","-63.85402","0","69.19331234","1","0",True,NULL
"267","RUA GREGORIO ALEGRE APONIA","5",NULL,"APONIA","847913","215165773","RUA  GREGORIO ALEGRE APONIA","0",NULL,"APONIA","100","18.57","100","53.28","-8.7414285","-63.8643211","110020505090056","-8.740728","-63.859662","110020505090062","-8.740728","-63.859662","0","517.94222902","1","193.78607368",False,True
"268","RUA ANDREIA APONIA","5039",NULL,"APONIA","837823","92011506","RUA  ANDREIA APONIA","6175",NULL,"APONIA","100","16.19","100","49.13","-8.742154918000002","-63.85659322","110020505090063","-8.731964","-63.858482","110020505000035","-8.731964","-63.858482","0","1152.03675384","1","984.18423365",False,False
"269","RUA ANDREIA APONIA","5692","DENTRO DA IGREJA","APONIA","110939","1502704","RUA  ANDREIA APONIA","5692",NULL,"APONIA","100","28.63","100","66.73","-8.7370026","-63.8569891","110020505090069","-8.736739","-63.85731","110020505090069","-8.7367195","-63.857329","3.01033039","45.85847674","1","0",True,NULL
"270","RUA LUIZ DE CAMOES APONIA","5972","CONJUNTO OURO PRETO","APONIA","415713","1395068","RUA  LUIZ VAZ DE CAMOES BELA FLORESTA","0",NULL,"BELA FLORESTA","26.68","14.24","10.12","19.93","-8.734421230000002","-63.86088123","110020505090070","-10.724762","-62.256978","110015505000004","-10.724762","-62.256978","0","282623.94225683","1","281508.33934626",False,False
"271","RUA FRANCISCO DIAS LAGOINHA","2590",NULL,"LAGOINHA","453658","100086857","RUA  FRANCISCO DIAS LAGOINHA","2590",NULL,"LAGOINHA","100","25.21","100","62.76","-8.765538","-63.858014","110020505090072","-8.765657","-63.858054","110020505090072","-8.765657","-63.858054","0","13.94327884","1","0",True,NULL
"272","AVENIDA CALAMA PLANALTO","8354",NULL,"PLANALTO","680414","92279163","AVENIDA  CALAMA PLANALTO","8375","CASA 1","PLANALTO","100","17.2","100","50.95","-8.7392726","-63.8406414","110020505090080","-8.738749","-63.840203","110020505090105","-8.738749","-63.840203","0","75.57298338","1","11.58726478",False,NULL
"273","RUA GILBERTO FREIRE ESPERANCA DA COMUNIDADE","7935",NULL,"ESPERANCA DA COMUNIDADE","424153","92280698","RUA  GILBERTO FREIRE TEIXEIRAO","7935",NULL,"TEIXEIRAO","100","25.97","13.2","44.89","-8.743565","-63.844438","110020505090083","-8.743615","-63.844415","110020505090080","-8.743615","-63.844415","0","6.1074103","1","0",False,True
"274","RUA SHEILA REGINA TEIXEIRAO","5352",NULL,"TEIXEIRAO","423142","92280865","RUA  SHEILA REGINA TEIXEIRAO","5634",NULL,"TEIXEIRAO","100","17.44","100","51.37","-8.746956687000004","-63.84382749","110020505090083","-8.745192","-63.845123","110020505090080","-8.745192","-63.845123","0","242.43744304","1","0",False,True
"275","RUA LUCIA CARVALHO TEIXEIRAO","5417",NULL,"TEIXEIRAO","879514","1508111","RUA  LUCIA CARVALHO TEIXEIRAO","5470",NULL,"TEIXEIRAO","100","16.64","100","49.95","-8.746218333","-63.83644333","110020505090086","-8.745832","-63.836437","110020505090085","-8.745832","-63.836437","0","42.9639614","1","0",False,NULL
"276","AVENIDA MAMORE ESPERANCA DA COMUNIDADE","4968","ESCOLA DE POLICIA","ESPERANCA DA COMUNIDADE","908353","1466436","AVENIDA  MAMORE ESPERANCA DA COMUNIDADE","4983","FUNDOS CASA","ESPERANCA DA COMUNIDADE","100","19.87","100","55.35","-8.7502566","-63.8465047","110020505090090","-8.750146","-63.846767","110020505090003","-8.750146","-63.846767","0","31.34072538","1","5.63377659",False,True
"277","RUA ASSIS CHATEAUBRIAND ESPERANCA DA COMUNIDADE","7643","ZONA LESTE","ESPERANCA DA COMUNIDADE","40252","99176928","RUA  ASSIS CHATEAUBRIAND ESCOLA DE POLICIA","7658",NULL,"ESCOLA DE POLICIA","100","15.11","14.77","37.03","-8.7509673","-63.8447862","110020505090090","-8.751214","-63.844382","110020505090090","-8.751214","-63.844382","0","52.20923233","1","0",True,NULL
"278","AVENIDA JOSE VIEIRA CAULA ESPERANCA DA COMUNIDADE","6662",NULL,"ESPERANCA DA COMUNIDADE","908542","103640384","AVENIDA  JOSE VIEIRA CAULA ESPERANCA DA COMUNIDADE","6362",NULL,"ESPERANCA DA COMUNIDADE","100","23.56","100","60.65","-8.749666","-63.8459931","110020505090090","-8.750259","-63.848837","110020505090003","-8.750257999999999","-63.848830500000005","0.72295799","319.42718791","1","230.55193023",False,True
"279","RUA AMERICA DO NORTE TRES MARIAS","2455",NULL,"TRES MARIAS","463433","98519585","RUA  AMERICA DO NORTE TRES MARIAS","2455",NULL,"TRES MARIAS","100","25.43","100","63.04","-8.773940400000004","-63.8443966","110020505090101","-8.773997","-63.844328","110020505090101","-8.773997","-63.844328","0","9.82049873","1","0",True,NULL
"280","RUA AMERICA DO SUL TRES MARIAS","2818",NULL,"TRES MARIAS","463499","1495445","RUA  AMERICA DO SUL TRES MARIAS","2818",NULL,"TRES MARIAS","100","23.33","100","60.33","-8.770213330000002","-63.84351956","110020505090101","-8.770218","-63.843692","110020505090101","-8.770218","-63.843692","0","18.95740063","1","0",True,NULL
"281","RUA JOSE AMADOR DOS REIS CASCALHEIRA","1750",NULL,"CASCALHEIRA","409552","92283093","RUA  JOSE AMADOR DOS REIS CASCALHEIRA","1750",NULL,"CASCALHEIRA","100","21.37","100","57.61","-8.776983333","-63.83432333","110020505090111","-8.776936","-63.834491","110020505090111","-8.776936","-63.834491","0","19.16271465","1","0",True,NULL
"282","RUA RAIMUNDO CANTUARIA TIRADENTES",NULL,NULL,"TIRADENTES","258657","1474697","AVENIDA  RAIMUNDO CANTUARIA TIRADENTES","8047",NULL,"TIRADENTES","100","12.97","100","42.69","-8.761703004","-63.85923293","110020505090112","-8.757384","-63.839418","110020505090032","-8.757384","-63.839418","0","2229.95204924","1","1850.40486414",False,False
"283","RUA RAIMUNDO CANTUARIA TIRADENTES","6727",NULL,"TIRADENTES","466782","92276227","AVENIDA  RAIMUNDO CANTUARIA TIRADENTES","6727",NULL,"TIRADENTES","100","27.16","100","65.09","-8.7594683","-63.849503","110020505090113","-8.759747","-63.849399","110020505090113","-8.759747","-63.849399","0","33.03052522","1","0",True,NULL
"284","AVENIDA AMAZONAS TIRADENTES","6492","ZONA LESTE","TIRADENTES","466743","92276094","AVENIDA  AMAZONAS TIRADENTES","6492",NULL,"TIRADENTES","100","29.18","100","67.32","-8.758459","-63.8540109","110020505090113","-8.758303","-63.85418","110020505090113","-8.758303","-63.85418","0","25.42159416","1","0",True,NULL
"285","RUA DANIELE LAGOINHA","2142",NULL,"LAGOINHA","798587","1441751","RUA  DANIEL NERY NOVA FLORESTA","1159","FRENTE","NOVA FLORESTA","19.77","14.01","10.82","16.97","-8.768722500000004","-63.8498056","110020505090115","-8.793292","-63.894003","110020505080027","-8.793291","-63.894054","5.60539736","5572.57904512","1","5167.01061114",False,False
"286","RUA BENEDITO INOCENCIO TRES MARIAS","6913",NULL,"TRES MARIAS","766363","1496281","RUA  BENEDITO INOCENCIO TRES MARIAS","6984",NULL,"TRES MARIAS","100","18.7","100","53.49","-8.76933485","-63.8477936","110020505090122","-8.76936","-63.846964","110020505090050","-8.7693555","-63.846936","3.11748511","91.21195475","1","5.68424686",False,True
"287","RUA CATARINA TEIXEIRAO",NULL,NULL,"TEIXEIRAO","923502","98581767","RUA  CATARINA NOVA ESPERANCA","10",NULL,"NOVA ESPERANCA","100","12.89","12.62","32.85","-8.74182973","-63.83821267","110020505090137","-8.726508","-63.868936","110020505000141","-8.726508","-63.868936","0","3782.1252941","1","3399.37030988",False,False
"288","RUA INDEPENDENCIA/ ANTIGA TARCILA DO AMARAL MARINGA","8523","ANTIGO TEIXEIRAO","MARINGA","743649","1508467","RUA  TARSILA DO AMARAL MARINGA","8723",NULL,"MARINGA","20.86","20.04","100","22.45","-8.7444547","-63.8362589","110020505090138","-8.744483","-63.834536","110020505090086","-8.744483","-63.834536","0","189.37728348","1","0",False,True
"289","RUA CARLOS REIS SAO FRANCISCO","9317","ZONA LESTE","SAO FRANCISCO","342256","92283931","RUA  CARLOS REIS SAO FRANCISCO","9316",NULL,"SAO FRANCISCO","100","17.87","100","52.1","-8.771356900000002","-63.8242688","110020505100011","-8.771678","-63.824337","110020505100010","-8.771678","-63.824337","0","36.48288153","1","0",False,True
"290","RUA COLATINA MARCOS FREIRE","2030",NULL,"MARCOS FREIRE","260272","92284718","RUA  COLATINA MARCOS FREIRE","2035",NULL,"MARCOS FREIRE","100","21.17","100","57.31","-8.781933","-63.805863","110020505100024","-8.7818","-63.806211","110020505100024","-8.7818","-63.806211","0","41.00222318","1","0",True,NULL
"291","RUA COLATINA MARCOS FREIRE","2005",NULL,"MARCOS FREIRE","260273","92284719","RUA  COLATINA MARCOS FREIRE","2005",NULL,"MARCOS FREIRE","100","17.35","100","51.22","-8.781322","-63.80616","110020505100024","-8.782241","-63.80624","110020505100024","-8.782241","-63.80624","0","102.56574271","1","0",True,NULL
"292","RUA PALMEIRA MARCOS FREIRE",NULL,"LTO. PQ. AMAZONIA","MARCOS FREIRE","329337","1400816","RUA  PALMEIRA JARDIM AEROPORTO","36",NULL,"JARDIM AEROPORTO","100","12.4","10.99","31.02","-8.772348524","-63.80951014","110020505100030","-10.727175","-62.25262","110015505000025","-10.727175","-62.25262","0","276325.66174449","1","274906.66349666",False,False
"293","RUA PAULO FREIRE MARIANA","2525","PARQUE AMAZONIA","MARIANA","816400","215250599","RUA  PAULO FREIRE FLODOALDO PONTES PINTO","2465","CASA 4","FLODOALDO PONTES PINTO","100","16.09","10.29","34.31","-8.773172206","-63.80857351","110020505100030","-8.752735","-63.866967","110020505070035","-8.75272","-63.866924","5.01141415","6807.77205499","1","6440.24722929",False,False
"294","RUA 05 DE OUTUBRO SAO FRANCISCO","1555",NULL,"SAO FRANCISCO","570240","104844196","RUA  5 DE OUTUBRO SAO FRANCISCO","1575",NULL,"SAO FRANCISCO","100","15.76","100","48.33","-8.7828477","-63.8319595","110020505100038","-8.781071","-63.831458","110020505100038","-8.781071","-63.831458","0","205.10301651","1","0",True,NULL
"295","RUA PETROLINA MARIANA","10804",NULL,"MARIANA","327247","1516961","RUA  PETROLINA MARIANA","10805",NULL,"MARIANA","100","25.52","100","63.15","-8.7803559","-63.8102449","110020505100044","-8.77994","-63.810077","110020505100034","-8.77994","-63.810077","0","49.79086509","1","6.74905286",False,True
"296","RUA SAO JOSE SAO JOSE DISTRITO DE CALAMA","3212","BAIXO MADEIRA","SAO JOSE DISTRITO DE CALAMA","738506","1140363","RUA SAO JOSE RAIO DE LUZ","321",NULL,"RAIO DE LUZ","100","17.92","13.07","38.74","-8.023809157000002","-62.87303799","110020515000001","-9.929645","-63.018508","110002305000077","-9.929645","-63.018508","0","212520.95526274","1","210104.75464624",False,NULL
"297","RUA DO AEROPORTO SAO FRANCISCO","135","BAIXO RIO MADEIRA","SAO FRANCISCO","306818","110623226","TRAVESSAO  DO AEROPORTO PROJETO RIACHUELO","1415",NULL,"PROJETO RIACHUELO","100","14.75","10.91","33.64","-8.03479624","-62.87744276","110020515000002","-10.89071","-61.856928","110012205000125","-10.89071","-61.856928","0","336708.46779341","1","334620.48467519",False,False
"298","RUA 13 DE SETEMBRO FORTALEZA DO ABUNA",NULL,NULL,"FORTALEZA DO ABUNA","738036","214989008","RUA  TREZE DE SETEMBRO FORTALEZA DO ABUNA","253",NULL,"FORTALEZA DO ABUNA","100","12.1","100","40.76","-9.779005","-65.526515","110020518000001","-9.780716","-65.528087","110020518000001","-9.780716","-65.528087","0","256.65122156","1","0",True,NULL
"299","AVENIDA BELO HORIZONTE SAO JOSE","610",NULL,"SAO JOSE","730194","1485024","AVENIDA  BELO HORIZONTE SAO CRISTOVAO","6100",NULL,"SAO CRISTOVAO","100","23.66","12.62","42.78","-12.7400388","-60.1574834","110030405000024","-11.734584","-61.788144","110028805000044","-11.734584","-61.788144","0","209520.75625324","1","209020.82222741",False,False
"300","SANTA CATARINA",NULL,"BAIXO MADEIRA",NULL,"489951","1397538","RUA  SANTA CATARINA LIBERDADE","747",NULL,"LIBERDADE","100","15.34","11.07","34.4","-8.234529581","-63.25452274","110020515000013","-10.712328","-62.260565","110015505000014","-10.712328","-62.260565","0","296299.11656019","1","294521.62974317",False,False
"301","RUA PRINCIPAL",NULL,"RIO MACHADO",NULL,"931105","99666132","RUA  PRINCIPAL VILA DO DNIT","1",NULL,"VILA DO DNIT","100","16.07","11.6","35.63","-8.171169000000004","-62.779466","110020516000001","-8.738946","-63.93415","110020505000098","-8.738946","-63.93415","0","141826.22641961","1","141299.37009769",False,False
"302","SAO JOSE DA PRAIA",NULL,"BAIXO MADEIRA",NULL,"731618","215025112","RUA  DA PRAIA SETOR 0009","0",NULL,"SETOR 0009","21.84","11.1","10.32","16.73","-8.199899","-62.776311","110020516000002","-12.451586","-64.230786","110008005000009","-12.45158","-64.230639","15.97514045","498810.46047059","1","482273.01356831",False,False
"303","RUA GOVERNADOR JORGE TEIXEIRA EDIANE MARIA MOREIRA","1338",NULL,"EDIANE MARIA MOREIRA","25312","180253040","RUA GOVERNADOR JORGE TEIXEIRA VISTA ALEGRE","1334",NULL,"VISTA ALEGRE","100","19.94","11.43","38.79","-9.7026556","-62.9024875","110026205000011","-11.542122","-61.014643","110009805000033","-11.542122","-61.014643","0","290518.38537049","1","289154.92617313",False,NULL
"304","MONTE SINAI",NULL,"RIO MACHADO",NULL,"733508","98875420","RUA  MONTE SINAI LAGOA AZUL","10",NULL,"LAGOA AZUL","100","12.89","10.94","31.59","-8.703214","-62.320375","110020516000003","-8.737288","-63.816797","110020505000080","-8.737288","-63.816797","0","164514.82589581","1","131088.87771076",False,False
"305","RUA ANTONIO OLIMPIO DE LIMA CENTRO","3238",NULL,"CENTRO","572414","1537840","RUA  ANTONIO OLIMPIO DE LIMA CENTRO","2968",NULL,"CENTRO","100","14.64","100","46.16","-9.65677467641389","-65.7359056827293","110020545000006","-9.657104","-65.746177","110020545000012","-9.657104","-65.746177","0","1126.53122728","1","835.08952034",False,True
"306","RUA CAMPO GRANDE TELEACRE","582",NULL,"TELEACRE","806451","1523417","RUA  CAMPO GRANDE TELEACRE","0",NULL,"TELEACRE","100","13.37","100","43.56","-9.77790709120201","-66.3561460655801","110020517000003","-9.784788","-66.355645","110020517000003","-9.784475","-66.35558549999999","35.40947958","767.09073418","1","0",True,NULL
"307","RUA SANTA INES SAO LUIS","971",NULL,"SAO LUIS","802431","215231074","RUA SANTA INES SAO LUIS","0",NULL,"SAO LUIS","100","14.26","100","45.41","-9.773950444","-66.35891808","110020517000001","-9.77423","-66.355403","110020517000002","-9.774319","-66.355403","9.8963621","386.43846678","1","265.02636767",False,False
"308","AV PRINCIPAL CENTRO","540",NULL,"CENTRO","163506","218165963","AVENIDA  PRINCIPAL CENTRO","0",NULL,"CENTRO","100","12.82","100","42.37","-9.7724774","-66.3629811","110020517000004","-13.192716","-60.804465","110005605000017","-13.192716","-60.804465","0","715113.91925069","1","714216.63827786",False,False
"309","TRAVESSA DAS ARARAS TANCREDO NEVES","246","EXTREMA","TANCREDO NEVES","363581","1461795","RUA  DAS ARARAS ELDORADO","241",NULL,"ELDORADO","100","14.76","10.38","33.14","-9.76827678737209","-66.3544744626305","110020517000005","-8.786078","-63.861131","110020505080085","-8.786078","-63.861131","0","294608.72115327","1","293738.46216086",False,False
"310","LINHA 2 KM 34 -TERRA INDIGENA KAXARARI",NULL,"TERRA INDI KAXARARI",NULL,"160318","180393318","LINHA  P 34 ASSENTAMENTO","1",NULL,"ASSENTAMENTO","21.76","16.07","13.22","19.17","-9.530495","-66.371848","110020517000014","-12.142506","-61.85353","110037905000029","-12.142506","-61.85353","0","572541.75858881","1","571817.83989638",False,False
"311","AREA RURAL AREA RURAL DE PORTO VELHO",NULL,NULL,"AREA RURAL DE PORTO VELHO","76429","1177770","RUA  RURAL TEIXEIRAO","1434",NULL,"TEIXEIRAO","22.56","12.36","11.55","17.9","-9.73516","-66.040486","110020517000020","-11.42308","-61.432757","110004905000095","-11.42308","-61.432757","0","537460.02651839","1","524485.89813572",False,False
"312","RUA HILARIO MAIA NOVA JACI",NULL,"DISTRITO JACI PARANA","NOVA JACI","874944","1526663","RUA  ILARIO MAIA JACI PARANA","244","LOJA","JACI PARANA","16.98","13.1","14.2","15.74","-9.25293634180841","-64.405679712132","110020520000016","-9.255895","-64.40527","110020520000034","-9.255895","-64.40527","0","332.04684621","1","252.40355296",False,False
"313","BR 364 KM 128",NULL,"VILA DE JIRAU",NULL,"419930","110252886","RODOVIA  BR 364 BR 364 SAIDA PARA JARU","1","CASA","BR 364 SAIDA PARA JARU","28.12","16.07","11.64","21.77","-9.425039","-64.699951","110020520000026","-10.699034","-62.26201","110015505000049","-10.698143","-62.2631775","161.51873251","302174.65937611","1","301257.91292935",False,False
"314","RUA DO ESTADIO JACANA",NULL,NULL,"JACANA","178758","110636083","TRAVESSAO  DA 54 PARA O CLUBE SETOR REDENCAO","1","CASA 1","SETOR REDENCAO","13.81","16.07","10.62","13.78","-9.2590243","-64.4016126","110020520000001","-11.368632","-62.283678","110034605000016","-11.368632","-62.283678","0","329703.22131507","1","328202.00209163",False,NULL
"315","RUA JOSE RODRIGUES, S/N, PROXIMO AO ESTADIO DE FUTEBOL. JACANA",NULL,"RURAL","JACANA","643287","110252543","ESTRADA  28 DE NOVEMBRO PROJETO DE ASSENTAMENTO ALIANCA","1",NULL,"PROJETO DE ASSENTAMENTO ALIANCA","17.67","16.07","11.25","16.41","-9.26106150728573","-64.4025380071852","110020520000001","-8.620714","-63.742731","110020505000047","-8.620714","-63.742731","0","101600.30485361","1","99813.72228988",False,False
"316","RUA JOSE PEREIRA NOVA JACI",NULL,NULL,"NOVA JACI","748122","215040779","RUA  JOSE PEREIRA JACI PARANA","1",NULL,"JACI PARANA","100","16.07","14.2","37.75","-9.254476","-64.416792","110020520000019","-9.254314","-64.409131","110020520000015","-9.254247","-64.409171","8.64724678","840.97060094","1","367.6258136",False,True
"317","RUA BEM TE VI JACANA",NULL,NULL,"JACANA","842781","91993680","RUA  BEM TE VI BOM FUTURO","4341",NULL,"BOM FUTURO","100","13.27","10.65","31.79","-9.2517154","-64.426309","110020520000020","-9.42322","-61.989294","110013005000008","-9.42322","-61.989294","0","268072.0433458","1","267817.04132301",False,False
"318","RUA PRAINHA FASE 01",NULL,NULL,"FASE 01","501034","99649987","RUA  PRAINHA NOVA MUTUM","12",NULL,"NOVA MUTUM","100","13.4","11.51","32.67","-9.294883325","-64.5510924","110020520000021","-9.294597","-64.55153","110020520000021","-9.294597","-64.55153","0","57.6158311","1","0",True,NULL
"319","AREA RURAL AREA RURAL DE PORTO VELHO",NULL,"BR 364, KM67 CARACOL","AREA RURAL DE PORTO VELHO","76429","1177770","RUA  RURAL TEIXEIRAO","1434",NULL,"TEIXEIRAO","22.56","12.36","11.55","17.9","-9.261411","-64.378489","110020520000008","-11.42308","-61.432757","110004905000095","-11.42308","-61.432757","0","401987.09269703","1","377737.44875918",False,False
"320","ALDEIA PANORAMA",NULL,"BR 364, JACY PARANA,",NULL,"621039","91991001","ALDEIA  UHY ALDEIA INDIGENA UHY","1",NULL,"ALDEIA INDIGENA UHY","15.53","16.07","12.29","15.23","-9.7543487","-64.3178285","110020520000031","-10.763117","-61.499835","110012205000174","-10.763117","-61.499835","0","328102.06198989","1","328102.61821533",False,False
"321","AVENIDA DOS IMIGRANTES, DISTRITO UNIAO BANDEIRANTES CENTRO",NULL,NULL,"CENTRO","914517","92317186","AVENIDA  MANOEL FERNANDES DOS SANTOS CENTRO","3734",NULL,"CENTRO","16.98","13.61","100","17.57","-9.7014263","-64.53316889","110020525000017","-10.410836","-65.331931","110033805000002","-10.410836","-65.331931","0","117773.44005706","1","116945.03393494",False,False
"322","RUA CEREJEIRA VILA BAIANA","1570","SETOR 03","VILA BAIANA","10589","102037252","RUA  CEREJEIRA SANTO ANTONIO","1560",NULL,"SANTO ANTONIO","100","15.14","10.85","33.98","-9.7088562","-62.8988051","110026205000012","-11.449688","-61.4404","110004905000088","-11.449688","-61.4404","0","250758.30699427","1","249792.22263504",False,False
"323","AV. GOV. OSVALDO PIANA FILHO SETOR 01","1751","CENTRO","SETOR 01","856701","92296116","RUA  OSVALDO PIANA FILHO SETOR 01","1751",NULL,"SETOR 01","23.7","20.12","100","24.71","-9.7038017","-62.8986512","110026205000012","-9.703849","-62.89905","110026205000001","-9.703849","-62.89905","0","44.0254205","1","0",False,NULL
"324","RUA PAULISTA DISTRITO DE NAZARE - PORTO","55","BAIXO MADEIRA","DISTRITO DE NAZARE - PORTO","599277","1534147","RUA  PAULISTA NAZARE","55",NULL,"NAZARE","100","18.9","16.41","42.24","-8.152111700000004","-63.3214651","110020530000001","-8.152338","-63.321128","110020530000001","-8.152338","-63.321128","0","44.83286749","1","0",True,NULL
"325","RUA PRINCIPAL",NULL,"BAIXO MADEIRA",NULL,"931105","99666132","RUA  PRINCIPAL VILA DO DNIT","1",NULL,"VILA DO DNIT","100","16.07","11.6","35.63","-8.157699457","-63.32147433","110020530000001","-8.738946","-63.93415","110020505000098","-8.738946","-63.93415","0","93371.64835903","1","92500.0503443",False,False
"326","RUA CAFELANDIA DISTRITO NOVA CALIFORNIA",NULL,NULL,"DISTRITO NOVA CALIFORNIA","777932","1535120","RUA  CAFELANDIA NOVA CALIFORNIA","6115",NULL,"NOVA CALIFORNIA","100","12.16","16.21","33.76","-9.7572347","-66.61373571","110020535000001","-9.755906","-66.615273","110020535000003","-9.755906","-66.615273","0","224.07497649","1","121.67734529",False,True
"327","BR 319 KM 46 SENTIDO HUMAITA ZONA RURAL",NULL,"ZONA RURAL","ZONA RURAL","642596","111066675","RODOVIA  BR 319 COMUNIDADE SAO SEBASTIAO","1",NULL,"COMUNIDADE SAO SEBASTIAO","21.59","16.07","11.51","18.67","-7.997102","-63.343708","110020530000002","-8.742055","-63.940966","110020505000044","-8.742055","-63.940966","0","105729.44844732","1","82833.44948727",False,NULL
"328","RUA SOBRAL CENTRO","394","PREDIO","CENTRO","778246","1535307","RUA  SOBRAL NOVA CALIFORNIA","0",NULL,"NOVA CALIFORNIA","100","15.8","10.31","34.06","-9.7592463","-66.617363","110020535000003","-9.759476","-66.61721","110020535000003","-9.759476","-66.61721","0","30.55305327","1","0",True,NULL
"329","RUA PE CHIQUINHO CENTRO",NULL,"ZONA RURAL","CENTRO","788931","91974449","RAMAL  CHIQUINHO COMARA","0",NULL,"COMARA","18.77","11.1","10.02","15.32","-8.438411239000002","-63.50011163","110020540000001","-10.805342","-65.284194","110010605000066","-10.8059905","-65.2836375","94.31016988","327901.1198543","1","325915.11322844",False,False
"330","RUA PADRE CHIQUINHO CENTRO","196","BAIXO MADEIRA","CENTRO","667418","215039531","RUA PADRE CHIQUINHO SAO JOAO BOSCO","2312","CASA","SAO JOAO BOSCO","100","15.32","10.72","34.03","-8.437574431","-63.49947394","110020540000001","-8.744941","-63.894835","110020505060037","-8.744941","-63.894835","0","55296.05000483","1","54079.14577131",False,False
"331","RUA JUSTINO LUIZ RONCONI SETOR 01","2122",NULL,"SETOR 01","202004","1695530","RUA  JUSTINO LUIS RONCONI CENTRO","2122",NULL,"CENTRO","23.29","26.01","9.96","20.92","-10.26312537","-63.29858428","110140105000002","-10.262926","-63.29884","110140105000002","-10.262926","-63.29884","0","35.69783207","1","0",True,NULL
"332","RUA JUSTINO LUIZ RONCONI SETOR 01","2080","SETOR 01","SETOR 01","202003","1695529","RUA  JUSTINO LUIS RONCONI CENTRO","2080",NULL,"CENTRO","23.29","24.95","9.96","20.78","-10.26353604","-63.2989815","110140105000002","-10.263435","-63.299072","110140105000002","-10.263435","-63.299072","0","14.97600861","1","0",True,NULL
"333","AV. GOVERNADOR JORGE TEIXEIRA SETOR BELA VISTA","3170",NULL,"SETOR BELA VISTA","892924","98983380","AVENIDA GOVERNADOR JORGE TEIXEIRA SETOR 02","3177",NULL,"SETOR 02","28.39","19.88","14","23.89","-10.26045","-63.297936","110140105000002","-10.256159","-63.302111","110140105000021","-10.256159","-63.302111","0","660.56334617","1","469.95429454",False,NULL
"334","AVENIDA RIO ABUNA CENTRO",NULL,"VISTA ALEGRE DO ABUN","CENTRO","796299","92301814","AVENIDA  BEIRA RIO CENTRO","3534",NULL,"CENTRO","16.74","13.34","100","17.29","-9.65721718","-65.74720348","110020545000012","-12.745474","-60.14314","110030405000003","-12.745474","-60.14314","0","701046.4110861","1","699373.19045291",False,False
"335","RUA ANA NERI ALTO ALEGRE","6361",NULL,"ALTO ALEGRE","88622","1615073","RUA  ANA NERI ALTO ALEGRE","6693",NULL,"ALTO ALEGRE","100","17.21","100","50.96","-12.732246","-60.1129982","110030405000077","-12.733249","-60.110063","110030405000023","-12.733249","-60.110063","0","337.3243608","1","201.93081863",False,True
"336","AV JI-PARANA CENTRO","1191",NULL,"CENTRO","670740","1538116","AVENIDA  JI PARANA CENTRO","1191",NULL,"CENTRO","37.38","25.25","100","36.17","-11.17308299","-61.90759294","110025405000001","-11.172992","-61.907343","110025405000001","-11.172992","-61.907343","0","29.08204555","1","0",True,NULL
"337","RUA SANTOS DUMONT LINO ALVES TEIXEIRA","3665",NULL,"LINO ALVES TEIXEIRA","38482","92293612","RUA  SANTOS DUMONT LINO ALVES TEIXEIRA","3665",NULL,"LINO ALVES TEIXEIRA","100","24.51","100","61.88","-11.17069121","-61.89538473","110025405000043","-11.170816","-61.895657","110025405000011","-11.170816","-61.895657","0","32.78297264","1","0",False,NULL
"338","RUA VALDEMAR FERNANDES DA SILVA LINO ALVES TEIXEIRA","3532","ESCOLA","LINO ALVES TEIXEIRA","38586","92293894","RUA  VALDEMAR FERNANDES DA SILVA LINO ALVES TEIXEIRA","3532",NULL,"LINO ALVES TEIXEIRA","100","24.42","100","61.77","-11.1722854","-61.8968007","110025405000043","-11.171884","-61.896608","110025405000011","-11.171884","-61.896608","0","49.33619417","1","0",False,NULL
"339","AVENIDA MACAPA CUNHA E SILVA","1077","ESCOLA","CUNHA E SILVA","670758","1538306","AVENIDA  MACAPA CUNHA E SILVA","1277",NULL,"CUNHA E SILVA","100","15.32","100","47.49","-11.1744262","-61.9081967","110025405000004","-11.172361","-61.908259","110025405000001","-11.172361","-61.908259","0","229.74062184","1","161.89784323",False,True
"340","AV. JI-PARANA CENTRO","1480","PREDIO","CENTRO","840622","215289606","AVENIDA  JI PARANA CENTRO","1487",NULL,"CENTRO","20.08","20.07","100","21.82","-11.170541","-61.90703","110025405000006","-11.170482","-61.907295","110025405000006","-11.170482","-61.907295","0","29.64352764","1","0",True,NULL
"341","AV. PORTO VELHO CENTRO","1445",NULL,"CENTRO","223931","215039694","RUA  PORTO VELHO CENTRO","1449","CASA FUNDO","CENTRO","20.43","20.99","100","22.33","-11.17108255","-61.90637211","110025405000006","-10.915111","-62.552552","110143505000001","-10.915111","-62.552552","0","76048.73481861","1","75740.73127238",False,False
"342","AV DOM BOSCO CENTRO","1767","ESCOLA","CENTRO","839457","1540035","AVENIDA DOM BOSCO CENTRO","1767",NULL,"CENTRO","100","20.36","100","56.1","-11.16818446","-61.90546622","110025405000007","-11.168271","-61.905046","110025405000007","-11.168271","-61.905046","0","46.84062493","1","0",True,NULL
"343","RUA OTAVIO RODRIGUES DE MATOS ERNANDES GONCALVES","2187","ESCOLA","ERNANDES GONCALVES","775890","1542407","RUA  OTAVIO RODRIGUES DE MATOS ERNANDES GONCALVES","2187",NULL,"ERNANDES GONCALVES","100","26.15","100","63.9","-11.1689364","-61.9092358","110025405000051","-11.169158","-61.909331","110025405000016","-11.169158","-61.909331","0","26.73994118","1","0",False,NULL
"344","RUA CARLOS GOMES CUNHA E SILVA","2251",NULL,"CUNHA E SILVA","76573","92293901","RUA  CARLOS GOMES CUNHA E SILVA","2251",NULL,"CUNHA E SILVA","100","24.27","100","61.57","-11.1796809","-61.9085391","110025405000059","-11.180001","-61.908429","110025405000013","-11.180001","-61.908429","0","37.56523261","1","0",False,NULL
"345","RUA MARINGA CUNHA E SILVA","2340","ESCOLA","CUNHA E SILVA","297422","92293902","RUA  MARINGA CUNHA E SILVA","2340",NULL,"CUNHA E SILVA","100","26.8","100","64.67","-11.1787172","-61.9076277","110025405000059","-11.178563","-61.907759","110025405000013","-11.178563","-61.907759","0","22.34146181","1","2.49918797",False,NULL
"346","AVENIDA BELEM PLANALTO","5796",NULL,"PLANALTO","532376","92296793","AVENIDA  BELEM PLANALTO","5796",NULL,"PLANALTO","100","26.86","100","64.74","-11.7144378","-61.7853605","110028805000004","-11.714627","-61.784729","110028805000004","-11.714627","-61.784729","0","71.90370196","1","0",True,NULL
"347","RUA PADRE ROMANO BAIRRO","818","DISTRITO DE ESTRELA","BAIRRO","797443","91992210","RUA PADRE ROMANO NOVA COLINA","817",NULL,"NOVA COLINA","100","18.83","10.5","36.84","-11.3045382","-61.7814927","110025415000001","-10.789355","-61.693103","110012220000001","-10.789355","-61.693103","0","58092.33271282","1","57325.37305349",False,False
"348","LINHA 140,SETOR LEITAO ,LOTE 06",NULL,NULL,NULL,"203688","110642367","LINHA  647 LINHA 647","3",NULL,"LINHA 647","25.57","13.82","10.71","19.54","-11.1603489657864","-61.71032904647289","110025415000005","-8.947729","-63.454851","110080905000019","-8.947729","-63.454851","0","311463.01608349","1","306604.54539113",False,False
"349","RUA RIO MADEIRA CENTRO","4807","PREDIO","CENTRO","773502","1551210","RUA  RIO MADEIRA CENTRO","4807",NULL,"CENTRO","100","25.88","100","63.58","-11.7236169","-61.7818368","110028805000007","-11.723637","-61.781703","110028805000007","-11.723637","-61.781703","0","14.73799188","1","0",True,NULL
"350","AVENIDA FORTALEZA CENTRO","5550",NULL,"CENTRO","773089","1551212","AVENIDA  FORTALEZA CENTRO","5550",NULL,"CENTRO","100","27.11","100","65.03","-11.7238867","-61.783111","110028805000007","-11.724185","-61.783106","110028805000007","-11.724185","-61.783106","0","33.17395913","1","0",True,NULL
"351","AVENIDA FORTALEZA CENTRO","5456",NULL,"CENTRO","773088","1551211","AVENIDA  FORTALEZA CENTRO","5456",NULL,"CENTRO","100","25.33","100","62.91","-11.7242389","-61.7822581","110028805000007","-11.724192","-61.782276","110028805000007","-11.724192","-61.782276","0","5.56729906","1","0",True,NULL
"352","RUA PEDRO JAQUEIRA CENTRO","938","DISTRITO","CENTRO","541347","1544704","RUA  PEDRO JAQUEIRA NOVO RIACHUELO","938",NULL,"NOVO RIACHUELO","100","22.24","10.41","39.07","-11.0836555","-61.6586221","110025420000001","-11.083937","-61.659688","110025420000001","-11.083937","-61.659688","0","120.4502746","1","0",True,NULL
"353","RUA NATALINO ROSSI JAVARINI CENTRO","1062","BR 364 - KM 22","CENTRO","400889","1545534","AVENIDA  NATALINO R JAVARINI BANDEIRA BRANCA","1062",NULL,"BANDEIRA BRANCA","24.51","24.59","10.27","21.54","-11.07870187","-61.9205139","110025425000001","-11.078233","-61.920705","110025425000001","-11.078233","-61.920705","0","56.15185215","1","0",True,NULL
"354","6ª LINHA, GLEBA 02, LOTE 42-A",NULL,"AREA RURAL",NULL,"67722","1145795","LINHA  C 42 PROJETO DE ASSENTAMENTO DIRIGIDO MARECHAL DUTRA","1",NULL,"PROJETO DE ASSENTAMENTO DIRIGIDO MARECHAL DUTRA","26.12","16.07","11.63","20.9","-11.0824688477442","-62.1132263448089","110025430000007","-10.096415","-63.033947","110002305000097","-10.096907","-63.033947","54.70797923","148826.07986234","1","145119.70201426",False,False
"355","ASSENTAMENTO CHICO MENDES 4 LINHA AGROVILA III",NULL,"ASSENTAMENTO",NULL,"67699","1145785","LINHA  SEM DENOMINACAO 4 PROJETO DE ASSENTAMENTO DIRIGIDO MARECHAL DUTRA","1",NULL,"PROJETO DE ASSENTAMENTO DIRIGIDO MARECHAL DUTRA","17.58","16.07","11.63","16.43","-11.2833919096738","-61.984884403646","110025430000003","-10.117682","-63.068776","110002305000097","-10.117682","-63.068776","0","175573.95152355","1","164226.60420893",False,False
"356","6ª LINHA ASSENTAMENTO CHICO MENDES III AGROVILA 08 ZONA RURAL",NULL,NULL,"ZONA RURAL","332960","91964523","LINHA  155 ZONA RURAL","1","FAZENDA","ZONA RURAL","15.73","16.07","100","17.25","-11.2716557","-62.1315063","110025430000005","-12.765282","-61.406342","110007205000022","-12.765282","-61.406241","10.9531185","183857.27326457","1","177270.3477992",False,False
"357","RUA TOCANTINS CENTRO","4787",NULL,"CENTRO","927089","1554142","RUA  TOCANTINS CENTRO","5587",NULL,"CENTRO","100","17.38","100","51.26","-11.7237446","-61.7842444","110028805000001","-11.731023","-61.783708","110028805000014","-11.731023","-61.783708","0","811.42657935","1","604.1873746",False,False
"358","AVENIDA JOAO PESSOA CENTRO","4271","EDIFICIO","CENTRO","682770","1552343","AVENIDA  JOAO PESSOA CENTRO","4271",NULL,"CENTRO","100","27.33","100","65.28","-11.7205871","-61.7713712","110028805000010","-11.720437","-61.771446","110028805000010","-11.720437","-61.771446","0","18.57129968","1","0",True,NULL
"359","AVENIDA MACEIO CENTRO","4665",NULL,"CENTRO","558118","1553649","AVENIDA  MACEIO CENTRO","4665",NULL,"CENTRO","100","24.07","100","61.32","-11.7282809","-61.7752636","110028805000013","-11.728078","-61.77507","110028805000013","-11.728078","-61.77507","0","30.8755566","1","0",True,NULL
"360","AVENIDA PORTO VELHO CENTRO","4816",NULL,"CENTRO","558253","1553698","AVENIDA  PORTO VELHO CENTRO","4816",NULL,"CENTRO","100","24.45","100","61.81","-11.7297155","-61.7764958","110028805000013","-11.729825","-61.776365","110028805000013","-11.729825","-61.776365","0","18.73622314","1","0",True,NULL
"361","AVENIDA GOIANIA CENTRO","5557",NULL,"CENTRO","557991","1553886","AVENIDA  GOIANIA CENTRO","4972","LOJA","CENTRO","100","14.05","100","44.97","-11.732689","-61.7832899","110028805000014","-11.732839","-61.77802","110028805000013","-11.732839","-61.7779685","5.60689856","573.9861325","1","20.79211903",False,True
"362","TRAVESSA RELIQUIA OLIMPICO","4560",NULL,"OLIMPICO","676824","1554893","TRAVESSA  RELIQUIA OLIMPICO","4865",NULL,"OLIMPICO","100","16.6","100","49.88","-11.7088839","-61.7735966","110028805000017","-11.709398","-61.776742","110028805000017","-11.709398","-61.776742","0","347.21300414","1","0",True,NULL
"363","RUA RONDONIA CENTENARIO","4278",NULL,"CENTENARIO","87103","1556095","RUA  RONDONIA CENTENARIO","4278",NULL,"CENTENARIO","100","25.69","100","63.35","-11.7193195","-61.762567","110028805000021","-11.718782","-61.762913","110028805000021","-11.718782","-61.762913","0","70.64899827","1","0",True,NULL
"364","RUA RONDONIA CENTENARIO","4285",NULL,"CENTENARIO","87107","1556128","RUA  RONDONIA CENTENARIO","4372",NULL,"CENTENARIO","100","15.61","100","48.05","-11.719619","-61.763167","110028805000023","-11.720129","-61.762765","110028805000021","-11.720129","-61.762765","0","71.6355373","1","21.25234817",False,True
"365","AV ARACAJU JARDIM TROPICAL","3277",NULL,"JARDIM TROPICAL","879873","1478423","AVENIDA  ARACAJU JARDIM TROPICAL","3692",NULL,"JARDIM TROPICAL","100","15.74","100","48.3","-11.7275003","-61.7624952","110028805000024","-11.726944","-61.766136","110028805000024","-11.726944","-61.766136","0","401.18611097","1","0",True,NULL
"366","RUA RIO VERDE BEIRA RIO","6480",NULL,"BEIRA RIO","478389","1480175","RUA  RIO VERDE BEIRA RIO","6480",NULL,"BEIRA RIO","100","27.78","100","65.79","-11.7390455","-61.7704037","110028805000029","-11.739535","-61.770664","110028805000029","-11.739535","-61.770664","0","61.36533429","1","0",True,NULL
"367","RUA POETA AUGUSTO DOS ANJOS BEIRA RIO","4060",NULL,"BEIRA RIO","478244","1480174","AVENIDA POETA AUGUSTO DOS ANJOS BEIRA RIO","4060",NULL,"BEIRA RIO","100","28.31","100","66.38","-11.7392817","-61.76974","110028805000029","-11.739489","-61.769449","110028805000029","-11.739489","-61.769449","0","39.17931849","1","0",True,NULL
"368","AVENIDA SAO PAULO BEIRA RIO","4679",NULL,"BEIRA RIO","727778","1480771","AVENIDA SAO PAULO BEIRA RIO","4679",NULL,"BEIRA RIO","100","24.72","100","62.14","-11.7361221","-61.7754013","110028805000031","-11.735927","-61.775277","110028805000031","-11.735927","-61.775277","0","25.56888985","1","0",True,NULL
"369","RUA OURO PRETO BOA ESPERANCA","6807",NULL,"BOA ESPERANCA","368619","1482500","RUA  OURO PRETO BOA ESPERANCA","6807",NULL,"BOA ESPERANCA","100","25.37","100","62.95","-11.7418327","-61.790559","110028805000037","-11.741764","-61.790314","110028805000037","-11.741764","-61.790314","0","27.74509552","1","0",True,NULL
"370","RUA TOCANTINS BOA ESPERANCA","5884",NULL,"BOA ESPERANCA","684646","1483087","RUA  TOCANTINS BOA ESPERANCA","5884",NULL,"BOA ESPERANCA","100","26.96","100","64.86","-11.7335613","-61.7834291","110028805000039","-11.733512","-61.783746","110028805000039","-11.733512","-61.783746","0","34.93418715","1","0",True,NULL
"371","RUA CARLOS CHAGAS SAO CRISTOVAO","5217","PROXIMO AO CREA","SAO CRISTOVAO","157677","1654630","RUA  CARLOS CHAGAS CACHIMBO DE OURO","4763",NULL,"CACHIMBO DE OURO","100","14.37","12.26","34.4","-11.727689","-61.7940806","110028805000042","-11.354895","-62.291658","110034605000005","-11.354895","-62.291658","0","68242.16635374","1","67824.77178673",False,False
"372","AV. MACAPA SAO CRISTOVAO","6253","PREDIO","SAO CRISTOVAO","774420","1484620","AVENIDA  MACAPA SAO CRISTOVAO","6253",NULL,"SAO CRISTOVAO","17.8","25.99","100","20.82","-11.729274","-61.7896372","110028805000043","-11.729001","-61.789666","110028805000043","-11.729001","-61.789666","0","30.51776534","1","0",True,NULL
"373","RUA CAPIBARIBE SAO CRISTOVAO","5431",NULL,"SAO CRISTOVAO","774566","215459721","RUA  CAPIBARIBE SAO CRISTOVAO","5431",NULL,"SAO CRISTOVAO","100","23.7","100","60.83","-11.7294669","-61.7885783","110028805000043","-11.729303","-61.788117","110028805000043","-11.729303","-61.788117","0","53.42766709","1","0",True,NULL
"374","RUA DAS VIOLETAS BOM JARDIM","6829",NULL,"BOM JARDIM","261173","1485242","RUA  DAS VIOLETAS BOM JARDIM","6829",NULL,"BOM JARDIM","100","26.2","100","63.97","-11.7419537","-61.7955749","110028805000045","-11.741893","-61.795294","110028805000045","-11.741893","-61.795294","0","31.31707397","1","0",True,NULL
"375","LINHA 176 NORTE KM 0.3 ZONA RURAL",NULL,NULL,"ZONA RURAL","477919","1489323","LINHA  176 NORTE LINHA 176 NORTE","2","CHACARA 2 E MEIO","LINHA 176 NORTE","29.08","14.9","12.08","21.85","-11.72323735","-61.85075048","110028805000061","-11.702602","-61.851755","110028805000061","-11.704593","-61.851755","221.38940375","2297.15456354","1","0",True,NULL
"376","RODOVIA RO 010 ZONA RURAL",NULL,NULL,"ZONA RURAL","221256","180376879","RODOVIA  RO 010 KM 6","1",NULL,"KM 6","100","16.07","11.34","35.38","-11.72607465","-61.65875039","110028805000062","-11.728621","-61.853633","110028805000060","-11.728704","-61.853457","21.26851819","21219.53472223","1","18089.40007683",False,False
"377","AVENIDA CECILIA MEIRELES CIDADE ALTA","5866","COLEGIO","CIDADE ALTA","271406","1486066","AVENIDA  CECILIA MEIRELES CIDADE ALTA","5866",NULL,"CIDADE ALTA","100","26.56","100","64.39","-11.7176453","-61.7990132","110028805000094","-11.717703","-61.79932","110028805000094","-11.717703","-61.79932","0","34.01429437","1","0",True,NULL
"378","AVENIDA AV. CECILIA MEIRELES CIDADE ALTA","5794",NULL,"CIDADE ALTA","271405","1486065","AVENIDA  CECILIA MEIRELES CIDADE ALTA","5794",NULL,"CIDADE ALTA","28.4","26.54","100","30.14","-11.71820717","-61.79928954","110028805000094","-11.718227","-61.799342","110028805000094","-11.718227","-61.799342","0","6.12256","1","0",True,NULL
"379","AVENIDA ARARIBOIA CENTRO","2892","DIST. NOVA ESTRELA","CENTRO","610505","92300469","AVENIDA  ARARIBOIA NOVA ESTRELA","2892",NULL,"NOVA ESTRELA","100","25.25","10.39","40.75","-11.7275409","-61.54864304","110028805000085","-11.727433","-61.548978","110028805000085","-11.727433","-61.548978","0","38.39135043","1","0",True,NULL
"380","AV. SAO BENTO DISTRITO DE NOVA ESTRELA","3572",NULL,"DISTRITO DE NOVA ESTRELA","56604","92300303","AVENIDA SAO BENTO NOVA ESTRELA","3572",NULL,"NOVA ESTRELA","20.78","25.65","19.85","21.5","-11.7248911","-61.554369","110028805000086","-11.725137","-61.554511","110028805000086","-11.725137","-61.554511","0","31.41100847","1","0",True,NULL
"381","AVENIDA CECILIA MEIRELES CIDADE ALTA","5666",NULL,"CIDADE ALTA","271406","1486066","AVENIDA  CECILIA MEIRELES CIDADE ALTA","5866",NULL,"CIDADE ALTA","100","20.8","100","56.76","-11.719489","-61.799173","110028805000093","-11.717703","-61.79932","110028805000094","-11.717703","-61.79932","0","199.23829982","1","97.91549413",False,True
"382","AVENIDA RECIFE CENTRO","6151",NULL,"CENTRO","500838","180369380","AVENIDA  RECIFE CENTRO","5275",NULL,"CENTRO","100","16.18","100","49.12","-11.7224542","-61.7884588","110028805000114","-11.722386","-61.780609","110028805000006","-11.722386","-61.780609","0","854.68789334","1","791.32724558",False,False
"383","RUA BARAO DO RIO BRANCO CENTRO",NULL,"AO LADO DO CAMPO","CENTRO","842494","215292785","AVENIDA BARAO DO RIO BRANCO CENTRO","4434",NULL,"CENTRO","100","13.59","100","44.02","-11.90896004","-61.77548476","110029605000002","-12.745419","-60.133285","110030405000008","-12.745419","-60.133285","0","201183.31020656","1","200322.98698163",False,False
"384","RUA VALDEBETO JOSE DE OLIVEIRA SAUDE","2000","ESCOLA RONALDO","SAUDE","961484","215207971","RUA  VALDEBETO JOSE DE OLIVEIRA SAUDE","0",NULL,"SAUDE","100","15.3","100","47.46","-11.909735","-61.77339333","110029605000002","-11.911974","-61.773229","110029605000002","-11.911974","-61.773229","0","249.60695069","1","0",True,NULL
"385","AVENIDA TANCREDO NEVES CENTRO","2221",NULL,"CENTRO","571593","215253720","AVENIDA  TANCREDO NEVES CENTRO","2224",NULL,"CENTRO","100","22.06","100","58.6","-11.9087923","-61.7792748","110029605000004","-12.556178","-60.903623","110092405000001","-12.556178","-60.903623","0","119318.20682428","1","118962.71109683",False,NULL
"386","RUA VANDERLEI DALA COSTA CENTRO","2635",NULL,"CENTRO","139706","1493287","RUA  VANDERLEI DALLA COSTA CENTRO","2635",NULL,"CENTRO","40.13","25.05","100","37.84","-11.9051553","-61.77848443","110029605000005","-11.905121","-61.778751","110029605000005","-11.905121","-61.778751","0","29.25339852","1","0",True,NULL
"387","AVENIDA SENADOR OLAVO PIRES CENTRO","2357",NULL,"CENTRO","139751","1493382","AVENIDA SENADOR OLAVO PIRES CENTRO","2357",NULL,"CENTRO","100","26.53","100","64.35","-11.90264","-61.7810287","110029605000005","-11.902606","-61.781048","110029605000005","-11.902606","-61.781048","0","4.32468069","1","0",True,NULL
"388","RUA 7 DE SETEMBRO CENTRO","2744",NULL,"CENTRO","139459","180374618","RUA  SETE DE SETEMBRO CENTRO","2744",NULL,"CENTRO","100","26.73","100","64.59","-11.9037697","-61.7845132","110029605000005","-11.903714","-61.784496","110029605000005","-11.08045","-62.541038","123190.37899778","6.47012346","1","0",True,NULL
"389","RUA NELSON TREMEA CENTRO S-01","628",NULL,"CENTRO S-01","841163","1610251","RUA  NELSON TREMEIA CENTRO","628",NULL,"CENTRO","18.85","22.99","19.71","19.65","-12.7420567","-60.15002804","110030405000012","-12.742015","-60.149879","110030405000012","-12.742015","-60.149879","0","16.81628736","1","0",True,NULL
"390","AVENIDA AVENIDA LEOPOLDO PEREZ CENTRO S-01","2550",NULL,"CENTRO S-01","841331","1610286","AVENIDA  LEOPOLDO PEREZ CENTRO","2550",NULL,"CENTRO","25.15","28.55","19.71","25.06","-12.7425111","-60.1517111","110030405000012","-12.742187","-60.15167","110030405000012","-12.742187","-60.15167","0","36.31295595","1","0",True,NULL
"391","AVENIDA 15 DE NOVEMBRO CENTRO S-01","2579","QUADRA 94 SETOR 01","CENTRO S-01","892993","98983427","RUA  QUINZE DE NOVEMBRO SETOR 02","2570",NULL,"SETOR 02","100","21.48","13.36","42.03","-12.7435392","-60.1522055","110030405000012","-10.261777","-63.302701","110140105000021","-10.261777","-63.302701","0","440426.50505501","1","439503.03064192",False,NULL
"392","AVENIDA LIBERDADE CENTRO S-01","3950","TERREO","CENTRO S-01","866391","1604976","AVENIDA  LIBERDADE CENTRO","3950",NULL,"CENTRO","100","24.33","19.71","49.27","-12.7433736","-60.1385441","110030405000001","-12.743048","-60.138509","110030405000001","-12.743048","-60.138509","0","36.40470275","1","0",True,NULL
"393","AVENIDA BENNO LUIZ GRAEBIN BNH","5","JARDIM ELDORADO","BNH","607786","180420897","AVENIDA  BENNO LUIZ GRAEBIN JARDIM DAS OLIVEIRAS","0",NULL,"JARDIM DAS OLIVEIRAS","100","18.57","11.09","37.33","-12.7368771","-60.118596","110030405000017","-12.73217","-60.134897","110030405000045","-12.731906","-60.135984","121.49675623","1843.85325488","1","1751.17712172",False,False
"394","AVENIDA AVENIDA TIRADENTES SETOR INDUSTRIAL","265","PREDIO ESCOLAR","SETOR INDUSTRIAL","924545","1287285","AVENIDA  TIRADENTES SETOR 05","2656",NULL,"SETOR 05","19.82","18.31","15.32","18.95","-12.7476817","-60.1201725","110030405000025","-10.428442","-62.47245","110011405000029","-10.428442","-62.47245","0","363524.06241819","1","362547.17542488",False,False
"395","AVENIDA JURACI CORREIA MULLER SAO PAULO","6884",NULL,"SAO PAULO","560997","1616823","AVENIDA  JURACI CORREIA MULLER PARQUE SAO PAULO","6884",NULL,"PARQUE SAO PAULO","100","27.25","21.26","52.51","-12.7377487","-60.1094581","110030405000029","-12.737577","-60.109442","110030405000029","-12.737577","-60.109442","0","19.1718823","1","0",True,NULL
"396","RUA NOVECENTOS E SETE BOA ESPERANCA","2078",NULL,"BOA ESPERANCA","344727","1618781","RUA  907 NOVA ESPERANCA","2083",NULL,"NOVA ESPERANCA","100","15.96","16.08","38.83","-12.7266106708094","-60.1111048367434","110030405000034","-12.726263","-60.111435","110030405000034","-12.726263","-60.111435","0","52.69668103","1","0",True,NULL
"397","RUA RUA NOVECENTOS E DEZENOVE ARIPUANA","2332","COHAB","ARIPUANA","878217","1618974","RUA  919 NOVA ESPERANCA","2332",NULL,"NOVA ESPERANCA","22.33","27.47","11.26","21.05","-12.7253555","-60.1062277","110030405000035","-12.725314","-60.106211","110030405000035","-12.725314","-60.106211","0","4.95736504","1","0",True,NULL
"398","RUA JOSIAS ANTONIO DA SILVA JARDIM OLIVEIRAS","1465",NULL,"JARDIM OLIVEIRAS","613679","92305905","RUA  JOSIAS ANTONIO DA SILVA JARDIM DAS OLIVEIRAS","1465",NULL,"JARDIM DAS OLIVEIRAS","100","24.14","30.57","53.89","-12.7244817","-60.1376295","110030405000038","-12.725497","-60.137614","110030405000038","-12.725497","-60.137614","0","112.90888146","1","0",True,NULL
"399","RUA JOSIAS ANTONIO DA SILVA JARDIM DAS OLIVEIRAS","1415","SHIRLEY CERUTI","JARDIM DAS OLIVEIRAS","613679","92305905","RUA  JOSIAS ANTONIO DA SILVA JARDIM DAS OLIVEIRAS","1465",NULL,"JARDIM DAS OLIVEIRAS","100","17.07","100","50.73","-12.72593","-60.1378501","110030405000038","-12.725497","-60.137614","110030405000038","-12.725497","-60.137614","0","54.5340473","1","0",True,NULL
"400","AVENIDA RIO GRANDE DO SUL PARQUE INDUSTRIAL NOVO TEMP","4641",NULL,"PARQUE INDUSTRIAL NOVO TEMP","207629","1621006","AVENIDA  RIO GRANDE DO SUL PARQUE INDUSTRIAL NOVO TEMPO","3829",NULL,"PARQUE INDUSTRIAL NOVO TEMPO","100","14.84","20.01","39.25","-12.7193245","-60.129276","110030405000039","-12.718262","-60.133844","110030405000039","-12.718262","-60.133844","0","509.36643564","1","0",True,NULL
"401","RUA ARLINDO REBELATO JARDIM AMERICA","6344","SETOR 23","JARDIM AMERICA","341965","1606034","AVENIDA  ROSALINDA ADELIA MARANGONI JARDIM AMERICA","3665",NULL,"JARDIM AMERICA","16.78","15.2","100","17.9","-12.722125","-60.1102195","110030405000041","-12.734596","-60.139771","110030405000146","-12.734596","-60.139771","0","3492.34549736","1","3126.90744001",False,NULL
"402","RUA RUA DOMINGOS LINHARES CENTRO S-01","450","PREDIO","CENTRO S-01","239932","92307397","RUA  DOMINGUES LINHARES CENTRO","450",NULL,"CENTRO","16.55","20.64","19.71","17.52","-12.7442659","-60.1364149","110030405000043","-12.744209","-60.136179","110030405000043","-12.744209","-60.136179","0","26.35542077","1","0",True,NULL
"403","AV. CAPITAO CASTRO CENTRO S-01","4807","PREDIO TEMPORARIO","CENTRO S-01","842548","1608108","AVENIDA CAPITAO CASTRO CENTRO","4807",NULL,"CENTRO","23.52","25.88","19.71","23.49","-12.7441101","-60.13714","110030405000043","-12.744235","-60.130386","110030405000008","-12.744235","-60.130386","0","732.64186764","1","360.92139418",False,True
"404","AVENIDA AVENIDA BRIGADEIRO EDUARDO GOMES BELA VISTA","1425",NULL,"BELA VISTA","208348","215098134","AVENIDA BRIGADEIRO EDUARDO GOMES BELA VISTA","1425",NULL,"BELA VISTA","26.29","25.32","100","28.14","-12.7308169","-60.1205395","110030405000044","-12.730739","-60.120498","110030405000044","-12.730739","-60.120498","0","9.76177693","1","0",True,NULL
"405","AVENIDA AVENIDA BRIGADEIRO EDUARDO GOMES BELA VISTA","1425",NULL,"BELA VISTA","208348","215098134","AVENIDA BRIGADEIRO EDUARDO GOMES BELA VISTA","1425",NULL,"BELA VISTA","26.29","25.32","100","28.14","-12.7309009","-60.1210083","110030405000044","-12.730739","-60.120498","110030405000044","-12.730739","-60.120498","0","58.2020487","1","0",True,NULL
"406","AVENIDA LILIANA GONZAGA BELA VISTA","1265",NULL,"BELA VISTA","208226","1623012","AVENIDA  LILIANA GONZAGA BELA VISTA","1194",NULL,"BELA VISTA","100","14.58","100","46.05","-12.73041303","-60.12262989","110030405000044","-12.731622","-60.122767","110030405000044","-12.731622","-60.122767","0","135.25155533","1","0",True,NULL
"407","AVENIDA AVENIDA MIL OITOCENTOS E TREZE BELA VISTA","5187","SETOR 18","BELA VISTA","208433","215098028","TRAVESSA  1813 BELA VISTA","0",NULL,"BELA VISTA","28.72","13.85","100","25.12","-12.7274584","-60.1231761","110030405000044","-12.72799","-60.123001","110030405000044","-12.727454","-60.1228725","61.20849734","62.08732681","1","0",True,NULL
"408","RUA RUA MARTIN LUTERO JARDIM AMERICA","730","SETOR 5","JARDIM AMERICA","423647","1606502","RUA  MARTIN LUTERO JARDIM AMERICA","730",NULL,"JARDIM AMERICA","26.92","20.06","100","27.04","-12.7309839","-60.1425583","110030405000163","-12.731402","-60.142592","110030405000005","-12.731402","-60.142592","0","46.63412727","1","0",False,NULL
"409","AVENIDA PARANA SAO PAULO","590","SETOR 06","SAO PAULO","900586","92304656","AVENIDA  PARANA PARQUE SAO PAULO","590",NULL,"PARQUE SAO PAULO","100","22.36","21.26","48.43","-12.7310046","-60.1423826","110030405000163","-12.739611","-60.113578","110030405000125","-12.739611","-60.113578","0","3267.42140908","1","2922.15383707",False,False
"410","AVENIDA PRESIDENTE TANCREDO NEVES JARDIM AMERICA","3309",NULL,"JARDIM AMERICA","537733","219446213","AVENIDA PRESIDENTE TANCREDO NEVES JARDIM AMERICA","3699","SALA FRENTE","JARDIM AMERICA","100","15.48","100","47.81","-12.73275167","-60.14276","110030405000163","-12.733872","-60.139218","110030405000146","-12.733844999999999","-60.139193","4.04547454","403.86023066","1","68.45244595",False,NULL
"411","AVENIDA MELVIN JONES CRISTO REI","1320",NULL,"CRISTO REI","320306","92312849","AVENIDA  MELVIN JONES CRISTO REI","1056","SALA 2","CRISTO REI","100","14.41","100","45.71","-12.7247094","-60.1458922","110030405000046","-12.726887","-60.14671","110030405000087","-12.726887","-60.14671","0","257.87394723","1","174.26851549",False,NULL
"412","AVENIDA MELVIN JONES CRISTO REI","1093",NULL,"CRISTO REI","320313","221385092","AVENIDA  MELVIN JONES CRISTO REI","1094","SALA C","CRISTO REI","100","19.13","100","54.18","-12.7266145","-60.1468391","110030405000051","-12.726579","-60.146599","110030405000087","-12.726554","-60.146599","2.77987699","26.33950837","1","11.45216955",False,NULL
"413","RUA 363 - SETOR 03 - QUADRA 116 - LOTE UNICO BAIRRO TANCREDO NEVES","116",NULL,"BAIRRO TANCREDO NEVES","397787","215081303","RUA  363 PARQUE INDUSTRIAL TANCREDO NEVES","0",NULL,"PARQUE INDUSTRIAL TANCREDO NEVES","25.34","14.47","20","21.53","-12.7594025","-60.1011846","110030405000079","-12.759402","-60.101355","110030405000079","-12.759402","-60.101355","0","18.47983388","1","0",True,NULL
"414","RUA TREZENTOS E DEZ PARQUE INDUSTRIAL TANCREDO","7108","SETOR INDUSTRIAL","PARQUE INDUSTRIAL TANCREDO","934712","1615856","RUA  310 A PARQUE INDUSTRIAL TANCREDO NEVES","7307","APARTAMENTO 3","PARQUE INDUSTRIAL TANCREDO NEVES","56.48","14.2","33.15","33.91","-12.7527754","-60.1112894","110030405000079","-12.753151","-60.108544","110030405000026","-12.753151","-60.108544","0","300.6590467","1","11.63816533",False,True
"415","BR 435 KM 48 PEROBAL AREA RURAL DE VILHENA",NULL,"ZONA RURAL","AREA RURAL DE VILHENA","555225","99786793","RODOVIA  RO 435 COLORADO","1","LADO ESQ","COLORADO","26.26","16.07","10.36","20.51","-12.98891667","-60.402895","110030405000063","-13.19231","-60.566932","110006405000045","-13.19231","-60.566932","0","28759.91569058","1","22047.52217201",False,False
"416","FAZENDA VISTA ALEGRE DISTRITO DE NOVA CONQUISTA",NULL,"GLEBA GUAPORE","DISTRITO DE NOVA CONQUISTA","814841","91986088","RUA  VISTA ALEGRE JARDIM PRESIDENCIAL 3","1471",NULL,"JARDIM PRESIDENCIAL 3","20.12","12.85","14.24","17.43","-12.9856595","-60.28610488","110030405000068","-10.871048","-61.974773","110012205000073","-10.871048","-61.974773","0","298388.45675883","1","297110.219483",False,False
"417","AVENIDA VITORIA REGIA JARDIM PRIMAVERA","1420","ESCOLA","JARDIM PRIMAVERA","667238","92308264","AVENIDA  VITORIA REGIA JARDIM PRIMAVERA","1425","FUNDOS","JARDIM PRIMAVERA","100","21.13","100","57.25","-12.7250173","-60.1422181","110030405000082","-12.724724","-60.142474","110030405000046","-12.724719","-60.142467499999995","0.89786245","42.82562128","1","8.99568574",False,True
"418","AVENIDA CURITIBA JARDIM DAS OLIVEIRAS","4185",NULL,"JARDIM DAS OLIVEIRAS","542167","1633008","AVENIDA  CURITIBA JARDIM DAS OLIVEIRAS","4180",NULL,"JARDIM DAS OLIVEIRAS","100","15.73","100","48.27","-12.7294309","-60.1333301","110030405000086","-12.729863","-60.133459","110030405000086","-12.729863","-60.133459","0","50.04011797","1","0",True,NULL
"419","RUA RUA SANTA LUZIA SAO JOSE","893",NULL,"SAO JOSE","735285","1615378","RUA SANTA LUZIA SAO JOSE","683","FUNDOS","SAO JOSE","28.94","16.25","100","26.67","-12.7421829","-60.1593079","110030405000076","-12.740307","-60.158724","110030405000024","-12.740307","-60.158724","0","217.99216692","1","70.05928794",False,True
"420","RUA JOSE HONORIO RAMOS PARQUE CIDADE JARDIM II","1797",NULL,"PARQUE CIDADE JARDIM II","894122","102566372","RUA  JOSE HONORIO RAMOS PARQUE JARDIM 1","1797",NULL,"PARQUE JARDIM 1","100","19.19","19.52","44.36","-12.71894265","-60.15276115","110030405000107","-12.719021","-60.152994","110030405000107","-12.719021","-60.152994","0","26.71682426","1","0",True,NULL
"421","PARQUE INDIGENA ARIPUANA RESERVA ROOSEVELT AREA RURAL DE VILHENA",NULL,"ALDEIA SOWAINTE","AREA RURAL DE VILHENA","165052","180395236","ESTRADA  C 90 DIVISA ENTRE B 20 PROJETO DE ASSENTAMENTO DIRIGIDO MARECHAL DUTRA","1",NULL,"PROJETO DE ASSENTAMENTO DIRIGIDO MARECHAL DUTRA","15.43","16.07","14.43","15.44","-12.33689601","-60.25336669","110030405000111","-9.689529","-63.282661","110040305000019","-9.689529","-63.282661","0","442668.89143072","1","441203.77073955",False,False
"422","AVENIDA PARANA PARQUE SAO PAULO","630",NULL,"PARQUE SAO PAULO","560954","180383605","AVENIDA  PARANA PARQUE SAO PAULO","0",NULL,"PARQUE SAO PAULO","100","13.89","100","44.64","-12.7391979","-60.1132754","110030405000125","-12.738329","-60.113263","110030405000029","-12.738329","-60.113263","0","96.62676446","1","38.45612417",False,True
"423","RUA 2506 JARDIM UNIVERSITARIO","4130",NULL,"JARDIM UNIVERSITARIO","240248","102567036","RUA  2506 JARDIM SOCIAL","4135",NULL,"JARDIM SOCIAL","100","16.9","17.53","40.75","-12.7502113","-60.1391979","110030405000129","-12.750087","-60.139201","110030405000129","-12.750087","-60.139201","0","13.82563685","1","0",True,NULL
"424","RUA SETE MIL SEISCENTOS E NOVE RESIDENCIAL ALPHAVILLE I","3556",NULL,"RESIDENCIAL ALPHAVILLE I","336568","109089979","RUA  7609 RESIDENCIAL ALPHAVILLE","3555",NULL,"RESIDENCIAL ALPHAVILLE","100","19.38","39.41","50.36","-12.7394633","-60.107214","110030405000132","-12.730623","-60.098807","110030405000152","-12.730623","-60.098807","0","1340.78384405","1","889.63470418",False,NULL
"425","AVENIDA AVENIDA CAPITAO CASTRO CENTRO S-01","3050","ESQUINA COM A AV JK","CENTRO S-01","383911","92302856","AVENIDA CAPITAO CASTRO CENTRO","3050",NULL,"CENTRO","22.75","25.47","19.71","22.89","-12.740131","-60.1462784","110030405000148","-12.739918","-60.146311","110030405000148","-12.739918","-60.146311","0","23.94701001","1","0",True,NULL
"426","AVENIDA LIBERDADE CENTRO S-01","2864","PREDIO","CENTRO S-01","383924","92303376","AVENIDA  LIBERDADE CENTRO","2864",NULL,"CENTRO","100","27.47","19.71","51.66","-12.74044711","-60.14777445","110030405000148","-12.740422","-60.147812","110030405000148","-12.740422","-60.147812","0","4.93778577","1","0",True,NULL
"427","AVENIDA BEIRA RIO CENTRO S-01","2865",NULL,"CENTRO S-01","496492","99264290","AVENIDA  BEIRA RIO CENTRO","2865",NULL,"CENTRO","100","27.53","19.71","51.71","-12.7434155","-60.149421","110030405000149","-12.743536","-60.149588","110030405000149","-12.743536","-60.149588","0","22.52962071","1","0",True,NULL
"428","RUA RUA AUGUSTO NICOLIELO BODANESE","423","SETOR 07","BODANESE","344160","215113337","RUA  AUGUSTO NICOLIELO BODANESE","424",NULL,"BODANESE","29.82","18.79","100","28.47","-12.7305278","-60.1542085","110030405000160","-12.730486","-60.15397","110030405000010","-12.730486","-60.15397","0","26.28234703","1","0",False,NULL
"429","RUA PALESTRA ITALIA EMBRATEL",NULL,NULL,"EMBRATEL","612778","180428777","RUA  PALESTRA ITALIA SETOR 26","2611",NULL,"SETOR 26","100","12.03","11.27","30.77","-12.736558","-60.101642","110030405000143","-12.737112","-60.101969","110030405000143","-12.7370905","-60.101902499999994","7.59840192","71.08204446","1","0",True,NULL
"430","RUA NEUZALINA MARIA DE ARAUJO MARCOS FREIRE","251","ESCOLA","MARCOS FREIRE","722656","92304319","AVENIDA  NEUZALINA MARIA DE ARAUJO MARCOS FREIRE","2448",NULL,"MARCOS FREIRE","100","15.16","100","47.19","-12.7330968","-60.1507542","110030405000159","-12.73011","-60.149666","110030405000020","-12.73011","-60.149666","0","352.46628258","1","120.45723907",False,NULL
"431","AVENIDA SETECENTOS E TRINTA E NOVE BODANESE",NULL,NULL,"BODANESE","742177","1609180","RUA  737 BODANESE","369",NULL,"BODANESE","35.11","12.57","100","27.14","-12.73377715","-60.15078831","110030405000159","-12.731967","-60.150915","110030405000010","-12.731967","-60.150915","0","201.74825613","1","0",False,NULL
"432","AVENIDA MELVIN JONES RESIDENCIAL MOYSES DE FREIT","2625",NULL,"RESIDENCIAL MOYSES DE FREIT","954577","215288320","AVENIDA  MELVIN JONES MOYSES DE FREITAS","2625",NULL,"MOYSES DE FREITAS","100","24.01","22.12","50.38","-12.713076537475","-60.1437871344388","110030405000167","-12.712954","-60.143685","110030405000101","-12.712954","-60.143685","0","17.56096796","1","0",False,NULL
"433","ALDEIA JOAO BRAVO KM 130 ZONA RURAL",NULL,NULL,"ZONA RURAL","617652","180312695","TRAVESSAO  DA RO 133 PRA MP 47 LINHA MP 23","1",NULL,"LINHA MP 23","19.86","16.07","11.04","17.62","-11.638817","-60.451509","110030405000182","-9.521999","-62.073572","110013005000055","-9.521815499999999","-62.0793405","632.92046816","294676.94044693","1","293239.06131918",False,NULL
"434","BR 174 KM03 ZONA URBANA","4334",NULL,"ZONA URBANA","163467","180374544","RODOVIA  BR 174 ALDEIA INDIGENA DOS WALITY","0",NULL,"ALDEIA INDIGENA DOS WALITY","29.09","15.78","11.63","22.06","-12.7042354","-60.1190913","110030405000198","-12.572048","-60.107588","110030405000112","-12.571884","-60.1076915","21.41789308","14751.48481241","1","13780.5841238",False,NULL
"435","RUA DUZALINA MILANI JARDIM ELDORADO","757",NULL,"JARDIM ELDORADO","839979","1610767","RUA  DUZALINA MILANI JARDIM ELDORADO","757",NULL,"JARDIM ELDORADO","100","24.59","100","61.99","-12.7336551","-60.1284937","110030405000209","-12.733481","-60.128148","110030405000013","-12.733481","-60.128148","0","42.1974858","1","0",False,NULL
"436","RUA ZACARIAS ROCHA DE AZEVEDO JARDIM ELDORADO","682",NULL,"JARDIM ELDORADO","21316","108710022","AVENIDA  ZACARIAS ROCHA DE AZEVEDO BELA VISTA","5002",NULL,"BELA VISTA","100","14.42","10.53","32.93","-12.7354283333333","-60.1267533333333","110030405000210","-12.72448","-60.124063","110030405000040","-12.72448","-60.124063","0","1251.88301338","1","838.05307224",False,NULL
"437","AVENIDA AVENIDA SABINO BEZERRA DE QUEIROZ JARDIM AMERICA","3661",NULL,"JARDIM AMERICA","537679","1606069","AVENIDA  SABINO BEZERRA DE QUEIROZ JARDIM AMERICA","3661",NULL,"JARDIM AMERICA","30.85","26.7","100","32.08","-12.7358629","-60.1399877","110030405000222","-12.736259","-60.140098","110030405000146","-12.736259","-60.140098","0","45.64012789","1","0",False,NULL
"438","AVENIDA AVENIDA SABINO BEZERRA DE QUEIROZ JARDIM AMERICA","3625","SESC LER","JARDIM AMERICA","537676","1606067","AVENIDA  SABINO BEZERRA DE QUEIROZ JARDIM AMERICA","3625",NULL,"JARDIM AMERICA","30.85","24.55","100","31.41","-12.7359644","-60.1403602","110030405000222","-12.736174","-60.140396","110030405000146","-12.736174","-60.140396","0","23.62771394","1","0",False,NULL
"439","RUA RUA V-NOVE ARIPUANA- COHAB","6915","SETOR 73","ARIPUANA- COHAB","389555","215145248","RUA  V 9 SANTA CRUZ DA SERRA","0",NULL,"SANTA CRUZ DA SERRA","20.56","13.61","11.86","17.49","-12.723668","-60.106294","110030405000231","-10.653883","-62.585055","110011420000001","-10.65382","-62.585106499999995","8.98591048","354698.61801231","1","353844.09893597",False,False
"440","AREA AREA RURAL AREA RURAL DE VILHENA",NULL,"ZONA RURAL","AREA RURAL DE VILHENA","76429","1177770","RUA  RURAL TEIXEIRAO","1434",NULL,"TEIXEIRAO","16.83","12.36","11.75","15.09","-12.44663164","-60.51396909","110030405000233","-11.42308","-61.432757","110004905000095","-11.42308","-61.432757","0","151474.5660939","1","150676.35836591",False,False
"441","AREA AREA RURAL AREA RURAL DE VILHENA",NULL,"BR 174, KM 15","AREA RURAL DE VILHENA","76429","1177770","RUA  RURAL TEIXEIRAO","1434",NULL,"TEIXEIRAO","16.83","12.36","11.75","15.09","-12.63468833","-60.09382333","110030405000243","-11.42308","-61.432757","110004905000095","-11.42308","-61.432757","0","198376.46947679","1","189548.23418867",False,False
"442","RUA JATOBA PLANALTO","2200",NULL,"PLANALTO","321206","109338963","RUA  JATOBA PLANALTO","2760",NULL,"PLANALTO","100","13.99","100","44.85","-11.6855307","-62.7139576","110032005000008","-11.684332","-62.719111","110032005000033","-11.684332","-62.719111","0","576.76994408","1","55.31266627",False,True
"443","AVENIDA PRESIDENTE VARGAS PLANALTO","1620",NULL,"PLANALTO","703212","92314896","AVENIDA PRESIDENTE VARGAS PLANALTO","1650",NULL,"PLANALTO","100","12.6","100","41.89","-11.6864231","-62.717972","110032005000008","-11.686568","-62.717737","110032005000008","-11.686516999999998","-62.7176865","7.89924605","30.23916945","1","0",True,NULL
"444","RUA MARACATIARA CRISTO REI","1952",NULL,"CRISTO REI","216960","1637279","RUA  MARACATIARA CRISTO REI","0",NULL,"CRISTO REI","100","13.63","100","44.11","-11.6896881","-62.7143166","110032005000005","-11.689283","-62.714872","110032005000005","-11.6893645","-62.714661","24.69825705","75.40900428","1","0",True,NULL
"445","AVENIDA 16 DE JUNHO CRISTO REI","1300","PREDIO","CRISTO REI","829908","1400235","RUA  16 DE JUNHO JARDIM AEROPORTO","0",NULL,"JARDIM AEROPORTO","100","13.68","10.43","32.04","-11.6908315","-62.7134325","110032005000005","-10.733307","-62.248104","110015505000023","-10.7330535","-62.247829499999995","41.15706404","117950.24988721","1","117153.48186023",False,False
"446","AV 16 DE JUNHO CRISTO REI","1250","APAE SMG","CRISTO REI","829908","1400235","RUA  16 DE JUNHO JARDIM AEROPORTO","0",NULL,"JARDIM AEROPORTO","100","13.77","10.43","32.14","-11.6913878","-62.7134558","110032005000006","-10.733307","-62.248104","110015505000023","-10.7330535","-62.247829499999995","41.15706404","118007.16278016","1","117388.21488798",False,False
"447","LINHA 82 KM 16 ZONA RURAL",NULL,NULL,"ZONA RURAL","869021","1639102","LINHA  82 GLEBA RIO BRANCO","1",NULL,"GLEBA RIO BRANCO","27.56","16.07","10.69","21.19","-11.8456667","-62.71802","110032005000028","-11.706498","-62.717285","110032005000038","-11.706257","-62.717219","27.74482734","15475.08152087","1","4316.62388196",False,False
"448","RUA NOROESTE CENTRO","2200","EM FRENTE A MATRIZ","CENTRO","251732","1636348","RUA  NOROESTE CENTRO","2200",NULL,"CENTRO","100","24.63","100","62.03","-11.6966745","-62.7173117","110032005000002","-11.696746","-62.717383","110032005000002","-11.696746","-62.717383","0","11.11227845","1","0",True,NULL
"449","AVENIDA DEZESSEIS DE JUNHO CENTRO","565","PROXIMO A IGREJA CAT","CENTRO","916816","92314004","AVENIDA  DEZESSEIS DE JUNHO CENTRO","485",NULL,"CENTRO","100","16.73","100","50.11","-11.6972812","-62.7152409","110032005000003","-11.697953","-62.715618","110032005000003","-11.6979385","-62.715632","2.21887196","85.2420474","1","0",True,NULL
"450","LINHA 94 KM 04 SUL",NULL,"ZONA RURAL","SUL","181320","109896913","LINHA  B 94 GLEBA CUJUBIM","1","LOTE GLEBA 6","GLEBA CUJUBIM","28.06","16.07","10.71","21.4","-11.7648373","-62.6173727","110032005000012","-9.458833","-62.641623","110094005000007","-9.458833","-62.641623","0","256430.02724546","1","248951.18766644",False,NULL
"451","LH 90 KM 12 ZONA RURAL",NULL,NULL,"ZONA RURAL","412916","1393846","TRAVESSAO  DA 114 KM 12 LINHA 110 SUL","1",NULL,"LINHA 110 SUL","18.12","16.07","10.72","16.55","-11.8384449","-62.6449055","110032005000014","-11.820907","-62.452606","110014805000032","-11.820901","-62.452593","1.5642897","21019.27669569","1","18919.39872671",False,False
"452","AVENIDA PRESIDENTE KENEDY CRISTO REI","1685",NULL,"CRISTO REI","892767","98983324","RUA  ROBERT KENEDY SETOR 02","3195",NULL,"SETOR 02","19.46","12.62","11.75","16.57","-11.68746","-62.710116","110032005000030","-10.254812","-63.301514","110140105000021","-10.254812","-63.301514","0","171887.03515178","1","170757.96251754",False,NULL
"453","AVENIDA PRESIDENTE KENNEDY PLANALTO","1685",NULL,"PLANALTO","428412","180268788","AVENIDA PRESIDENTE KENNEDY PIONEIROS","1540",NULL,"PIONEIROS","100","13.33","12.58","33.39","-11.6879603","-62.7103974","110032005000030","-11.667405","-61.191134","110018905000003","-11.667405","-61.191134","0","165453.54831607","1","164981.79913274",False,False
"454","LHB 78 KM 12 SUL ZONA RURAL",NULL,NULL,"ZONA RURAL","233396","92315736","LINHA  78 SUL GLEBA RIO BRANCO","1","CASA FUNDOS","GLEBA RIO BRANCO","19.24","16.07","10.69","17.19","-11.8312751","-62.7545001","110032005000017","-11.704639","-62.74573","110032005000020","-11.703914000000001","-62.74577","80.7339958","14113.63766933","1","4454.63432119",False,True
"455","PRIMAVERA ZONA RURAL",NULL,"QUILOMBOLA","ZONA RURAL","834872","1165471","AVENIDA  PRIMAVERA JARDIM VISTA ALEGRE","1845",NULL,"JARDIM VISTA ALEGRE","100","15.44","10.59","34.02","-12.1750204","-63.1173163","110032005000044","-11.42864","-61.472372","110004905000030","-11.42864","-61.472372","0","197341.89380748","1","194664.20976333",False,False
"456","LINHA 86 KM 08 SUL",NULL,NULL,"SUL","149239","110634125","LINHA  86 GLEBA RIO BRANCO","1",NULL,"GLEBA RIO BRANCO","29.19","16.07","9.81","21.45","-11.8002779","-62.6811705","110032005000051","-11.73981","-62.680092","110032005000029","-11.73981","-62.680514","45.94274537","6724.7578591","1","606.50205799",False,True
"457","RUA JACARANDA DISTRITO DE SANTANA DO GUAP",NULL,"SETOR 02","DISTRITO DE SANTANA DO GUAP","224861","92315831","RUA  JACARANDA DISTRITO DE SANTANA","4310",NULL,"DISTRITO DE SANTANA","100","12.16","25.24","36.48","-11.7262564","-62.4938781","110032020000001","-11.727076","-62.494211","110032020000001","-11.727076","-62.494211","0","98.07814171","1","0",True,NULL
"458","AV ANTONIO LUCAS DE ARAUJO JOAO FRANCISCO CLIMACO","3175",NULL,"JOAO FRANCISCO CLIMACO","751342","1646762","AVENIDA  ANTONIO LUCAS DE ARAUJO JOAO RANC CLIMACO","3178",NULL,"JOAO RANC CLIMACO","100","20.28","22.69","47.02","-10.416985","-65.33186","110033805000007","-10.417039","-65.33156","110033805000007","-10.417039","-65.33156","0","33.35364186","1","0",True,NULL
"459","AVENIDA AFONSO PENA JOAO FRANCISCO CLIMACO","7122","CRECHE","JOAO FRANCISCO CLIMACO","751393","1646409","AVENIDA  AFONSO PENA JOAO FRANCISCO CLIMACO","7122",NULL,"JOAO FRANCISCO CLIMACO","100","26.48","100","64.29","-10.41712","-65.33064667","110033805000007","-10.41617","-65.331464","110033805000007","-10.41617","-65.331464","0","138.37825434","1","0",True,NULL
"460","LINHA 21 B, KM 35",NULL,NULL,NULL,"228328","92320132","LINHA  35 B NOVA DIMENSAO","1",NULL,"NOVA DIMENSAO","26.61","16.07","10.4","20.67","-10.42167","-65.337373","110033805000009","-10.316892","-64.578341","110033815000017","-10.316892","-64.578341","0","83835.68340268","1","71043.8326071",False,False
"461","AVENIDA RAIMUNDO FERNANDES PLANALTO","4312",NULL,"PLANALTO","674712","214944661","AVENIDA  RAIMUNDO FERNANDES PLANALTO","4311","APARTAMENTO LADO","PLANALTO","100","17.24","100","51.02","-10.40523833","-65.33077167","110033805000012","-10.404988","-65.331001","110033805000012","-10.404988","-65.331001","0","37.46826388","1","0",True,NULL
"462","AVENIDA MANOEL DIAS DE ABREU PLANALTO","6895",NULL,"PLANALTO","288491","215125256","RUA  MANOEL URBANO PLANALTO","6276",NULL,"PLANALTO","15.5","16.67","100","17.19","-10.405955","-65.33035833","110033805000012","-9.768864","-66.36673","110020517000005","-9.768864","-66.36673","0","133757.50057071","1","133091.95396503",False,False
"463","AVENIDA MARACATIARA CENTRO","391","DISTRITO PALMEIRAS","CENTRO","259180","1745899","RUA  MARACATIARA CENTRO","0",NULL,"CENTRO","100","15.73","100","48.28","-10.408087","-65.33514","110033805000003","-10.612554","-62.735537","110100505000001","-10.612554","-62.735537","0","285120.13287766","1","285199.07497414",False,NULL
"464","BR 425, KM 42",NULL,"ZONA RURAL",NULL,"233521","180397347","RODOVIA  BR 425 BR 425","1",NULL,"BR 425","27.78","16.07","10.23","21.09","-10.408087","-65.33514","110033805000003","-10.425036","-65.338307","110033805000009","-10.4126075","-65.33213599999999","1537.96682931","1916.20650018","1","1317.42367864",False,False
"465","LINHA 25 B, KM 18",NULL,NULL,NULL,"436793","1391093","LINHA  25 SETOR 25","1","CASA","SETOR 25","24.61","16.07","10.72","19.91","-10.408087","-65.33514","110033805000003","-11.723248","-62.274045","110014805000018","-11.723248","-62.274045","0","364649.35869144","1","364490.15048201",False,False
"466","LINHA 21 B, KM 18",NULL,NULL,NULL,"29127","1229393","LINHA  KM 28 SERRINHA","1",NULL,"SERRINHA","29.35","16.07","10.38","21.77","-10.408087","-65.33514","110033805000003","-12.184585","-64.274915","110008005000027","-12.184585","-64.274915","0","228878.07163812","1","227552.59992996",False,False
"467","LINHA 23, KM 18",NULL,NULL,NULL,"29127","1229393","LINHA  KM 28 SERRINHA","1",NULL,"SERRINHA","27.64","16.07","10.38","21.1","-10.408087","-65.33514","110033805000003","-12.184585","-64.274915","110008005000027","-12.184585","-64.274915","0","228878.07163812","1","227552.59992996",False,False
"468","LINHA 08 D,KM16 PROJETO SIDNEY GIRAO",NULL,"ZONA RURAL","PROJETO SIDNEY GIRAO","91865","1229039","LINHA  KM 58 KM 58","1",NULL,"KM 58","23.67","16.07","10.29","19.33","-10.408087","-65.33514","110033805000003","-12.266204","-64.095743","110008005000011","-12.266204","-64.095743","0","246872.97503128","1","245571.15939167",False,False
"469","3ª LINHA DO RIBEIRAO KM 12 ZONA RURAL",NULL,"DISTRIMARECHAL RONDO","ZONA RURAL","176473","92318999","LINHA  6 DO RIBEIRAO ARARAS","2",NULL,"ARARAS","20.76","14.9","9.18","17.23","-10.408087","-65.33514","110033805000003","-10.059738","-65.287462","110033810000002","-10.059738","-65.287462","0","39084.47030088","1","38588.70159028",False,False
"470","ALDEIA DA LINHA 26 ALDEIA LINHA 26",NULL,"LINHA 26","ALDEIA LINHA 26","118356","1379100","LINHA  MA 26 LINHA MA 4","2","LOTE","LINHA MA 4","27.48","14.9","17.73","22.45","-10.408087","-65.33514","110033805000003","-9.565586","-61.997539","110013005000024","-9.565586","-61.997539","0","377311.2855031","1","377315.98725607",False,False
"471","ALDEIA DA LINHA 14 ALDEIA LINHA 14",NULL,"ALDEIA LINHA 14","ALDEIA LINHA 14","218711","110647924","LINHA  14 LINHA 41","7","LOTE 337","LINHA 41","23.05","13.76","19.19","19.96","-10.408087","-65.33514","110033805000003","-11.859868","-61.51737","110148405000010","-11.858888499999999","-61.520345500000005","341.62583167","446701.26006577","1","446666.60992162",False,False
"472","LINHA 29 B, KM 14",NULL,"ZONA RURAL",NULL,"583060","180494128","LINHA  29 PROJETO DE ASSENTAMENTO MARGARIDA ALVES","1",NULL,"PROJETO DE ASSENTAMENTO MARGARIDA ALVES","24.47","16.07","11.13","19.99","-10.408087","-65.33514","110033805000003","-10.97116","-62.469876","110143505000012","-10.97116","-62.462092","849.72306981","319271.20344553","1","319348.88394261",False,False
"473","LINHA 34 D KM 87 ZONA RURAL",NULL,NULL,"ZONA RURAL","146491","110645408","LINHA  84 SENTIDO 81","1","LOTE 26","SENTIDO 81","27.54","16.07","10.76","21.21","-10.408087","-65.33514","110033805000003","-11.188762","-62.846608","110130205000013","-11.188762","-62.847527","100.24600954","285334.72876136","1","285304.80223339",False,False
"474","LINHA 21 B KM 27",NULL,"ZONA RURAL",NULL,"488690","110623686","LINHA  MP 27 QUINTO BEC","1","LOTE","QUINTO BEC","25.67","16.07","10.9","20.45","-10.408087","-65.33514","110033805000003","-9.595784","-62.246272","110013020000004","-9.595784","-62.246272","0","350094.9285431","1","350065.37390704",False,False
"475","LINHA 32 KM 37",NULL,NULL,NULL,"433375","1421385","LINHA  32 LINHA 32","1","FUNDOS","LINHA 32","29.66","16.07","11.27","22.26","-10.408087","-65.33514","110033805000003","-11.576639","-61.239495","110018920000003","-11.576639","-61.239627","14.37916329","465548.51081812","1","465674.65088369",False,False
"476","LINHA 25 B, KM 7,5",NULL,NULL,NULL,"482983","110263132","LINHA  C 25 RIO ALTO","1","SITIO FRENTE","RIO ALTO","27.73","16.07","10.63","21.24","-10.408087","-65.33514","110033805000003","-10.262863","-63.515845","110070005000017","-10.262863","-63.515845","0","199667.95414437","1","199618.57325026",False,False
"477","LINHA 29 B, KM 33",NULL,NULL,NULL,"128155","110649715","LINHA  20 DO 37 GLEBA DOZE","1","LOTE 18A","GLEBA DOZE","26.85","16.07","10.24","20.71","-10.408087","-65.33514","110033805000003","-10.911786","-62.262021","110155905000008","-10.911786","-62.261643","41.27179762","340454.60205515","1","340571.43092345",False,False
"478","LINHA 27 B KM 07",NULL,NULL,NULL,"488690","110623686","LINHA  MP 27 QUINTO BEC","1","LOTE","QUINTO BEC","24.78","16.07","10.9","20.05","-10.408087","-65.33514","110033805000003","-9.595784","-62.246272","110013020000004","-9.595784","-62.246272","0","350094.9285431","1","350065.37390704",False,False
"479","2ª LINHA DO RIBEIRAO, KM 30",NULL,NULL,NULL,"160318","180393318","LINHA  P 34 ASSENTAMENTO","1",NULL,"ASSENTAMENTO","19.46","16.07","13.22","17.86","-10.408087","-65.33514","110033805000003","-12.142506","-61.85353","110037905000029","-12.142506","-61.85353","0","425824.63649508","1","425529.29765212",False,False
"480","LINHA 29 B, KM 05",NULL,NULL,NULL,"482983","110263132","LINHA  C 25 RIO ALTO","1","SITIO FRENTE","RIO ALTO","29.8","16.07","10.63","22.05","-10.408087","-65.33514","110033805000003","-10.262863","-63.515845","110070005000017","-10.262863","-63.515845","0","199667.95414437","1","199618.57325026",False,False
"481","LINHA 29 B, KM 25",NULL,NULL,NULL,"482983","110263132","LINHA  C 25 RIO ALTO","1","SITIO FRENTE","RIO ALTO","30.09","16.07","10.63","22.17","-10.408087","-65.33514","110033805000003","-10.262863","-63.515845","110070005000017","-10.262863","-63.515845","0","199667.95414437","1","199618.57325026",False,False
"482","8ª LINHA DO RIBEIRAO, KM 20",NULL,NULL,NULL,"629853","110637998","LINHA  C 115 TB 20 PROJETO DE ASSENTAMENTO DIRIGIDO MARECHAL DUTRA","1",NULL,"PROJETO DE ASSENTAMENTO DIRIGIDO MARECHAL DUTRA","20.42","16.07","11.63","18.07","-10.408087","-65.33514","110033805000003","-9.445787","-63.302589","110040305000014","-9.445787","-63.302589","0","247003.09801295","1","246687.27152895",False,False
"483","7ª LINHA DO RIBEIRAO, KM 23",NULL,NULL,NULL,"531055","92295070","LINHA  KM 23 BANDEIRA BRANCA","1","CASA","BANDEIRA BRANCA","24.73","16.07","10.29","19.81","-10.408087","-65.33514","110033805000003","-11.094128","-61.909371","110025425000003","-11.094128","-61.909371","0","381933.4726948","1","382070.90667558",False,False
"484","LINHA 06, PROJETO SIDNEY GIRAO , NOVA MAMORE ALDEIA LINHA 06",NULL,"TERRA INDIGENA","ALDEIA LINHA 06","308113","91979227","LINHA  617 LINHA 617","1","LOTE 0","LINHA 617","19.51","16.07","17.63","18.52","-10.408087","-65.33514","110033805000003","-10.349104","-62.611326","110011405000058","-10.345705500000001","-62.605743000000004","718.16949242","297990.59283888","1","298078.34757869",False,False
"485","ALDEIA LINHA 20 PROJETO SIDNEY GIRAO ALDEIA LINHA 20",NULL,"TERRA INDIGENA","ALDEIA LINHA 20","156630","180394393","LINHA  C 20 RO 010 LINHA C 20","1",NULL,"LINHA C 20","18.36","16.07","21.5","18.11","-10.408087","-65.33514","110033805000003","-10.321262","-62.90274","110060105000011","-10.3215735","-62.9013125","159.95761738","266231.96123706","1","266277.09716228",False,False
"486","ALDEIA  LINHA 12. TERRA IND IGARAPE RIBEIRAO ALDEIA LINHA 12",NULL,"TERRA INDIGENA","ALDEIA LINHA 12","194079","110634644","ALDEIA  IGARAPE LAGE ALDEIA INDIGENA LINHA 14 C","1",NULL,"ALDEIA INDIGENA LINHA 14 C","19.61","16.07","20.54","18.87","-10.408087","-65.33514","110033805000003","-10.441579","-65.077063","110033820000016","-10.441579","-65.077063","0","28467.84216908","1","28248.99432664",False,False
"487","LINHA 21 KM 55 - TRAVESSAO C/8 LINHA DO RIBEIRAO",NULL,NULL,NULL,"200269","109896247","LINHA  LINHA C 25 LINHA C25","1",NULL,"LINHA C25","23.76","16.07","10.9","19.58","-10.408087","-65.33514","110033805000003","-10.24979","-62.90864","110060105000013","-10.24979","-62.90864","0","266024.63645694","1","266059.70375332",False,False
"488","LINHA 03 KM 29",NULL,"ZONA RURAL",NULL,"531055","92295070","LINHA  KM 23 BANDEIRA BRANCA","1","CASA","BANDEIRA BRANCA","35.21","16.07","10.29","23.78","-10.408087","-65.33514","110033805000003","-11.094128","-61.909371","110025425000003","-11.094128","-61.909371","0","381933.4726948","1","382070.90667558",False,False
"489","ALDEIA DO LIMAO - LINHA DO LIMAO ALDEIA DO LIMAO",NULL,"TERRA INDIGENA","ALDEIA DO LIMAO","193062","110635299","LINHA  C DO LIMAO LIMAO","1",NULL,"LIMAO","25.36","16.07","19.49","22.14","-10.408087","-65.33514","110033805000003","-10.42045","-65.321929","110033805000009","-10.42045","-65.321929","0","1994.30596769","1","1646.33086694",False,False
"490","LINHA 23 KM 30",NULL,NULL,NULL,"29157","1229412","LINHA  KM 33 SERRA GRANDE","1",NULL,"SERRA GRANDE","30.68","16.07","9.94","22.07","-10.408087","-65.33514","110033805000003","-12.165122","-64.274046","110008005000027","-12.165122","-64.274046","0","227063.17878979","1","225752.32026564",False,False
"491","LINHA 32 B, KM 46",NULL,NULL,NULL,"786557","110250730","LINHA  632 TARILANDIA","1","CHACARA","TARILANDIA","27.25","16.07","10.47","20.97","-10.408087","-65.33514","110033805000003","-10.89098","-62.785816","110011425000007","-10.89098","-62.785816","0","283715.50635836","1","283761.14414977",False,False
"492","LINHA 23, KM 46",NULL,NULL,NULL,"203618","109888724","LINHA  643 PROJETO DE ASSENTAMENTO VALE DO JAMARI","3",NULL,"PROJETO DE ASSENTAMENTO VALE DO JAMARI","27.94","13.82","11.49","20.73","-10.408087","-65.33514","110033805000003","-8.98809","-63.447377","110080905000019","-8.98809","-63.447377","0","260270.39684732","1","259648.9005761",False,False
"493","6ª LINHA DO RIBEIRAO KM 30",NULL,NULL,NULL,"160318","180393318","LINHA  P 34 ASSENTAMENTO","1",NULL,"ASSENTAMENTO","19.79","16.07","13.22","18.06","-10.408087","-65.33514","110033805000003","-12.142506","-61.85353","110037905000029","-12.142506","-61.85353","0","425824.63649508","1","425529.29765212",False,False
"494","LINHA 30B, KM 32",NULL,NULL,NULL,"433375","1421385","LINHA  32 LINHA 32","1","FUNDOS","LINHA 32","29.86","16.07","11.27","22.34","-10.408087","-65.33514","110033805000003","-11.576639","-61.239495","110018920000003","-11.576639","-61.239627","14.37916329","465548.51081812","1","465674.65088369",False,False
"495","AVENIDA ANTONIO PEREIRA DE SOUZA SAO JOSE","6592","PROXIMO AO PALACIUS","SAO JOSE","947166","92317681","AVENIDA  ANTONIO PEREIRA DE SOUZA SAO JOSE","6529",NULL,"SAO JOSE","100","16.51","100","49.71","-10.41145667","-65.33540667","110033805000003","-10.411049","-65.335831","110033805000003","-10.411049","-65.335831","0","64.87265246","1","0",True,NULL
"496","LINHA 98 KM 8",NULL,"ZONA RURAL",NULL,"109279","110623215","LINHA  98 PROJETO RIACHUELO","2","LOTE 38","PROJETO RIACHUELO","31.27","14.9","10.49","22.06","-11.7993703","-62.570651","110032020000010","-10.929975","-61.580777","110012205000129","-10.929975","-61.580777","0","144879.55577632","1","136039.61850267",False,False
"497","AV. ANTONIO LUCAS DE ARAUJO CENTRO","3465",NULL,"CENTRO","362402","1643947","AVENIDA  ANTONIO LUCAS DE ARAUJO CENTRO","3465",NULL,"CENTRO","31.41","23.7","100","31.52","-10.41438667","-65.33084667","110033805000001","-10.414519","-65.330727","110033805000001","-10.414519","-65.330727","0","19.69257528","1","0",True,NULL
"498","AVENIDA JOSE RIBEIRO DA COSTA CENTRO","7198",NULL,"CENTRO","913871","92317218","AVENIDA  JOSE RIBEIRO DA COSTA CENTRO","6892",NULL,"CENTRO","100","18.2","100","52.67","-10.41274959","-65.32934801","110033805000001","-10.411412","-65.331826","110033805000002","-10.411412","-65.331826","0","309.1347629","1","93.76891516",False,True
"499","AV ANTONIO PEREIRA DE SOUZA CENTRO","7104",NULL,"CENTRO","362478","1643969","AVENIDA  ANTONIO PEREIRA DE SOUZA CENTRO","7104",NULL,"CENTRO","100","25.4","100","62.99","-10.41321333","-65.33044667","110033805000001","-10.413096","-65.330436","110033805000001","-10.413096","-65.330436","0","13.09860034","1","0",True,NULL
"500","LNHA 27 B KM 45",NULL,NULL,NULL,"199934","1579360","TRAVESSAO  B 65 RO 140 TRAVESSAO B 65 RO 140","2","CHACARA","TRAVESSAO B 65 RO 140","21.57","14.9","10.62","18.08","-10.412754","-65.32784","110033805000001","-10.325327","-62.895048","110060105000003","-10.325774","-62.895048","49.70420064","266273.53756501","1","266395.36661133",False,False
"501","AV. 12 DE OUTUBRO NOVO HORIZONTE","4042","NOVO HORIZONTE","NOVO HORIZONTE","749180","1648117","AVENIDA  DOZE DE OUTUBRO NOVO HORIZONTE","4042",NULL,"NOVO HORIZONTE","22.08","25.59","100","24.68","-10.40513333","-65.34002167","110033805000013","-10.405067","-65.340246","110033805000013","-10.405067","-65.340246","0","25.61885217","1","0",True,NULL
"502","AVENIDA ULISSES GUIMARAES NOVA REDENCAO","7224",NULL,"NOVA REDENCAO","834657","226112021","AVENIDA  ULISSES GUIMARAES NOVA REDENCAO","7315",NULL,"NOVA REDENCAO","100","13.94","100","44.76","-10.42270167","-65.333245","110033805000014","-10.422779","-65.332206","110033805000014","-10.422779","-65.332206","0","113.95027944","1","0",True,NULL
"503","29 B, KM 42",NULL,NULL,NULL,"194985","110637826","ENTRADA  C 80 LOTE 22 G 44 PROJETO DE ASSENTAMENTO DIRIGIDO MARECHAL DUTRA","810","LOTE","PROJETO DE ASSENTAMENTO DIRIGIDO MARECHAL DUTRA","26.51","12.11","11.63","19.41","-10.412638","-65.327561","110033805000039","-9.75599","-63.17692","110040305000023","-9.75599","-63.17692","0","246506.41505174","1","246129.67609946",False,False
"504","AV. RAIMUNDO FERNANDES CIDADE NOVA","3055","PREDIO","CIDADE NOVA","672468","92318397","AVENIDA  RAIMUNDO FERNANDES CIDADE NOVA","3055",NULL,"CIDADE NOVA","29.62","24.65","100","30.54","-10.4160343","-65.3357741","110033805000043","-10.416137","-65.335356","110033805000008","-10.416137","-65.335356","0","47.12900525","1","0",False,NULL
"505","ZONA URBANA CENTRO",NULL,"DISTRITO JACINOPOLIS","CENTRO","442426","180358067","ZONA  RURAL EXTREMA","5331",NULL,"EXTREMA","15.07","11.61","9.7","13.51","-10.27085113","-64.28243623","110033812000011","-9.76197","-66.367669","110020517000007","-9.76197","-66.367669","0","235239.25235736","1","234236.22325085",False,False
"506","RUA PRESIDENTE CASTELO BRANCO CENTRO","3775","ESCOLA","CENTRO","906714","215271333","AVENIDA PRESIDENTE CASTELO BRANCO CENTRO","4134",NULL,"CENTRO","100","16.4","100","49.51","-12.0622197","-63.5676288","110149205000069","-9.857803","-62.180622","110175705000002","-9.857803","-62.180622","0","288109.94483881","1","286720.32570105",False,NULL
"507","RUA DAS COMUNICACOES CENTRO","4046","PROXIMO A RODOVIARIA","CENTRO","946339","1710986","RUA  DAS COMUNICACOES CIDADE BAIXA","4046",NULL,"CIDADE BAIXA","100","25.18","9.38","39.06","-12.0613429","-63.5653191","110149205000069","-12.061402","-63.565355","110149205000002","-12.061402","-63.565355","0","7.64367741","1","0",False,NULL
"508","RUA ANA FERREIRA CENTRO","1694",NULL,"CENTRO","52137","1751006","RUA PRESIDENTE ANA FERREIRA CENTRO","1694",NULL,"CENTRO","21.86","23.77","100","24.14","-9.180364","-63.182391","110110405000022","-9.185026","-63.187011","110110405000005","-9.185026","-63.187011","0","725.20226963","1","573.60155643",False,NULL
"509","LOCALIZADA NA RUA MARECHAL RONDOM ZONA RURAL","1212","SETOR 1","ZONA RURAL","250883","1541618","AVENIDA MARECHAL RONDON LINO ALVES TEIXEIRA","1211",NULL,"LINO ALVES TEIXEIRA","17.52","19.64","11.24","16.94","-10.26730667","-64.28501167","110033812000012","-11.173117","-61.899427","110025405000012","-11.173117","-61.899427","0","279417.06270965","1","279002.81443198",False,False
"510","LINHA 06 KM 09 - DISTRITO DE JACINOPOLIS ZONA RURAL",NULL,NULL,"ZONA RURAL","792459","1224928","LINHA  06 ZONA RURAL","1","SITIO","ZONA RURAL","16.1","16.07","100","17.57","-10.35814833","-64.38578","110033812000009","-13.05557","-61.084192","110007205000015","-13.055698","-61.084125","15.97650374","468149.68053545","1","459199.10609467",False,False
"511","AVENIDA CAMPO GRANDE CENTRO","580",NULL,"CENTRO","254289","98306713","AVENIDA  CAMPO GRANDE CENTRO","6089",NULL,"CENTRO","100","14","100","44.87","-10.36492333","-64.80384","110033815000009","-10.364779","-64.804071","110033815000009","-10.364779","-64.804071","0","29.93293705","1","0",True,NULL
"512","LOCALIDADE NOVO HORIZONTE","5559","DISTRITO DE NOVA DIM","NOVO HORIZONTE","785338","1447395","RUA  DA FELICIDADE FLORESTA","4493",NULL,"FLORESTA","15.98","13.88","11.24","14.9","-10.36976333","-64.80478667","110033815000010","-8.774446","-63.881114","110020505080043","-8.774446","-63.881114","0","204265.03136576","1","202586.33357717",False,False
"513","LH 29 C",NULL,"KM 11",NULL,"874530","1256687","RUA  T 29 HABITAR BRASIL","3475","CASA","HABITAR BRASIL","23.36","13.23","10.44","18.3","-10.40076258","-64.74421169","110033815000013","-10.877149","-61.899165","110012205000116","-10.877149","-61.899165","0","315395.21578687","1","313891.88175961",False,NULL
"514","LINHA 10 - ALDEIA RIBEIRAO TERRA INDIGENA","0","ZONA RURAL","TERRA INDIGENA","565176","180402111","LINHA  ALDEIA RIBEIRAO ALDEIA INDIGENA RIBEIRAO","0",NULL,"ALDEIA INDIGENA RIBEIRAO","35.48","28.7","15.36","30.11","-10.30305985","-65.14110857","110033820000013","-10.302554","-65.141432","110033820000013","-10.3004775","-65.1406255","247.18077618","66.4519766","1","0",True,NULL
"515","RUA CARLOS CHAGAS CIDADE ALTA","5158","PREDIO","CIDADE ALTA","546702","1654839","RUA  CARLOS CHAGAS CIDADE ALTA","5181",NULL,"CIDADE ALTA","100","16.64","100","49.96","-11.3525233","-62.2946017","110034605000006","-11.352185","-62.294571","110034605000006","-11.352185","-62.294571","0","37.76589286","1","0",True,NULL
"516","RUA MONTEIRO LOBATO CENTRO","5059","PREDIO","CENTRO","938557","92321792","RUA  MONTEIRO LOBATO CENTRO","5059","TERREO 5059","CENTRO","100","25.49","100","63.11","-11.3501254","-62.290182","110034605000007","-11.35022","-62.290215","110034605000007","-11.35022","-62.290215","0","11.11727313","1","0",True,NULL
"517","RUA ECA DE QUEIROZ CENTRO","4681","ESCOLA","CENTRO","240689","1655999","RUA  ECA DE QUEIROZ CENTRO","4681",NULL,"CENTRO","100","26.21","100","63.98","-11.3483217","-62.2840417","110034605000010","-11.34847","-62.284166","110034605000010","-11.34847","-62.284166","0","21.34399177","1","0",True,NULL
"518","AV. SARGENTO MARIO NOGUEIRA VAZ CENTRO","5253","PREDIO","CENTRO","846277","215207437","RUA  JOSE NOGUEIRA DE MENEZES CENTRO","425",NULL,"CENTRO","18.28","13.34","100","18.42","-11.3433351","-62.2873487","110034605000011","-13.483963","-61.05267","110146805000002","-13.483963","-61.05267","0","273188.84402143","1","271896.36355556",False,False
"519","AV.SETE DE SETEMBRO CENTRO","4922","PREDIO","CENTRO","245643","215064454","AVENIDA  SETE DE SETEMBRO CENTRO","4822",NULL,"CENTRO","24.38","21.16","100","25.53","-11.3510102","-62.2862222","110034605000004","-11.351534","-62.286477","110034605000004","-11.351534","-62.286477","0","64.5290247","1","0",True,NULL
"520","LINHA 44 KM 08 AREA RURAL",NULL,"ESCOLA RAPOSO TAVARE","AREA RURAL","177717","1656756","LINHA  48 GLEBA NOVE","1",NULL,"GLEBA NOVE","29.23","16.07","9.5","21.31","-11.3452312","-62.182974","110034605000015","-11.327686","-62.256615","110034605000014","-11.327686","-62.256615","0","8262.39103272","1","1716.24385857",False,True
"521","AVENIDA SARGENTO MARIO NOGUEIRA VAZ CENTRO","4461","CASA","CENTRO","194473","180405766","AVENIDA SOLDADO MARIO NOGUEIRA CENTRO","5561",NULL,"CENTRO","17.98","19.07","100","19.83","-11.3478733","-62.28059","110034605000034","-11.341296","-62.288398","110034605000013","-11.341296","-62.288398","0","1122.28139603","1","1073.78080705",False,NULL
"522","AVENIDA 09 DE JULHO CTG","4425","PREDIO","CTG","636612","1654125","AVENIDA  9 DE JULHO CTG","4362",NULL,"CTG","100","15.24","100","47.33","-11.3582823","-62.2846663","110034605000039","-11.358297","-62.28538","110034605000003","-11.358297","-62.28538","0","77.8228167","1","0",False,NULL
"523","AV. 9 DE JULHO CTG","4501","PREDIO","CTG","636608","180443921","AVENIDA  9 DE JULHO CTG","4309",NULL,"CTG","21.48","15.76","100","21.61","-11.3579344","-62.2843074","110034605000039","-11.358799","-62.285662","110034605000003","-11.358799","-62.285662","0","176.21181701","1","0",False,NULL
"524","AVENIDA CENTRAL ALTO ALEGRE","5430","PREDIO PROPRIO","ALTO ALEGRE","194644","180406314","RUA  CENTRAL ALTO ALEGRE","5430",NULL,"ALTO ALEGRE","100","23.88","100","61.07","-11.3329744","-62.2781414","110034605000040","-11.332561","-62.277865","110034605000013","-11.332561","-62.277865","0","54.96529846","1","0",False,NULL
"525","LINHA 17 ASSENTAMENTO MARTIM PECADOR",NULL,"AREA RURAL",NULL,"575224","1721013","LINHA  117 GLEBA BOM PRINCIPIO B","1","LOTE","GLEBA BOM PRINCIPIO B","20.3","16.07","11.01","17.85","-11.2231633","-62.5241278","110034605000020","-11.861026","-62.983525","110150005000025","-11.860887","-62.985997","269.44913376","86807.8962294","1","74646.89823093",False,False
"526","LINHA 14-SETOR REDENCAO-KM 25-GLEBA 07 A ZONA RURAL",NULL,"KM 25-LOTE21","ZONA RURAL","332960","91964523","LINHA  155 ZONA RURAL","1","FAZENDA","ZONA RURAL","17.23","16.07","100","18.5","-11.2224656","-62.4156676","110034605000021","-12.765282","-61.406342","110007205000022","-12.765282","-61.406241","10.9531185","203671.01262179","1","190533.23621009",False,False
"527","AVENIDA DUQUE DE CAXIAS JARDIM DAS PALMEIRAS","3817",NULL,"JARDIM DAS PALMEIRAS","891474","92551067","AVENIDA DUQUE DE CAXIAS JARDIM DAS PALMEIRAS","3818","CASA","JARDIM DAS PALMEIRAS","100","22.2","100","58.8","-12.1236133","-61.8551931","110037905000004","-12.123917","-61.85481","110037905000004","-12.123917","-61.85481","0","53.61926021","1","0",True,NULL
"528","LH P 70 KM 0,6 ZONA RURAL",NULL,"ZONA RURAL","ZONA RURAL","621350","1604408","RUA  176 RO 490","1","SITIO","RO 490","17.41","16.07","9.77","15.9","-12.15485253","-61.94850064","110037905000016","-11.919298","-61.854407","110029605000020","-11.919298","-61.854407","0","28120.37276246","1","24401.28828494",False,False
"529","AVENIDA FERREIRA MARTINS TANCREDOPOIS6",NULL,"DISTRITO","TANCREDOPOIS6","875353","92322920","AVENIDA  FERREIRA MARTINS TANCREDOPOLIS","2",NULL,"TANCREDOPOLIS","100","14.9","16.95","37.99","-11.1878813","-62.1753779","110034625000001","-11.187614","-62.175104","110034625000001","-11.187614","-62.175104","0","42.14371069","1","0",True,NULL
"530","AV. MONTEIRO LOBATO","1052",NULL,NULL,"868737","1659572","RUA  MONTEIRO LOBATO TERRA BOA","1051",NULL,"TERRA BOA","28.64","21.74","10.49","23.16","-11.5117581","-62.4601064","110034630000001","-11.511522","-62.460569","110034630000001","-11.511522","-62.460569","0","56.831352","1","0",True,NULL
"531","RUA PAULO VI ROTA DO SOL","4600",NULL,"ROTA DO SOL","852316","1666676","RUA  PAULO VI SOL NASCENTE","4106","APARTAMENTO C","SOL NASCENTE","100","13.83","14.35","35.17","-9.72646","-63.31547667","110040305000031","-9.724146","-63.316226","110040305000004","-9.724146","-63.316226","0","270.09348661","1","133.99851459",False,True
"532","AVENIDA PRESIDENTE PRUDENTE CENTRO",NULL,NULL,"CENTRO","195755","92550660","AVENIDA PRESIDENTE PRUDENTE CENTRO","4147",NULL,"CENTRO","100","13.34","100","43.49","-12.1347488","-61.854547","110037905000001","-12.134422","-61.851659","110037905000001","-12.134422","-61.851659","0","316.05218819","1","0",True,NULL
"533","AV.PRESIDENTE PRUDENTE JARDIM AMERICA","3922",NULL,"JARDIM AMERICA","672913","1662615","AVENIDA PRESIDENTE PRUDENTE JARDIM AMERICA","4428",NULL,"JARDIM AMERICA","25.9","17.26","100","25.24","-12.1348496","-61.8525243","110037905000001","-12.134528","-61.849104","110037905000020","-12.134528","-61.849104","0","373.53838617","1","197.4889676",False,NULL
"534","RUA TIRADENTES CRISTO REI","4036",NULL,"CRISTO REI","672986","216163147","RUA  TIRADENTES CRISTO REI","4376",NULL,"CRISTO REI","100","13.25","100","43.3","-12.1382385","-61.8577303","110037905000034","-12.13994","-61.857787","110037905000020","-12.13994","-61.857787","0","189.29880477","1","0",False,NULL
"535","AV. AFONSO PENA JARDIM AMERICA","4236",NULL,"JARDIM AMERICA","672852","216162933","AVENIDA  AFONSO PENA JARDIM AMERICA","4236",NULL,"JARDIM AMERICA","24.81","23.05","100","26.39","-12.1339133","-61.8506559","110037905000036","-12.133828","-61.85058","110037905000020","-12.133828","-61.85058","0","12.57162174","1","0",False,NULL
"536","LINHA P 26 KM 04 ZONA RURAL",NULL,"ZONA RURAL","ZONA RURAL","531158","92295043","LINHA  KM 26 BANDEIRA BRANCA","1","CASA","BANDEIRA BRANCA","29.72","16.07","10.67","22.04","-12.16197925","-61.78266771","110037905000008","-11.112614","-61.897459","110025425000003","-11.112614","-61.897459","0","117352.06035556","1","114889.80004726",False,False
"537","RUA CARLOS GOMES CENTRO",NULL,"DIST. FLOR DA SERRA","CENTRO","950976","1334634","AVENIDA  CARLOS GOMES CENTRO","2","APARTAMENTO 2","CENTRO","100","14.9","100","46.67","-12.456665","-61.914117","110037905000014","-8.761456","-63.9034","110020505060002","-8.761456","-63.9034","0","464846.05983878","1","462420.2323988",False,False
"538","ALDEIA TSUPYPAY - TERRA INDIGENA RIO MEQUENS ZONA RURAL - ALDEIA INDIGEN",NULL,"CASA","ZONA RURAL - ALDEIA INDIGEN","194079","110634644","ALDEIA  IGARAPE LAGE ALDEIA INDIGENA LINHA 14 C","1",NULL,"ALDEIA INDIGENA LINHA 14 C","18.22","16.07","19.18","17.83","-12.132357","-61.835508","110037905000018","-10.441579","-65.077063","110033820000016","-10.441579","-65.077063","0","400348.02167279","1","393230.58199371",False,False
"539","LH P 40 KM 15-A, Z. RURAL - T.I. RIO MEQUENS ZONA RURAL",NULL,"ALDEIA BAIXA VERDE","ZONA RURAL","521126","1488465","TRAVESSAO  DO KM 9 DA 184 TRAVESSAO KM 9 LADO ESQUERDO","1","CHACARA","TRAVESSAO KM 9 LADO ESQUERDO","21.14","16.07","12.02","18.56","-12.579945","-61.907628","110037905000022","-11.804843","-61.791088","110028805000055","-11.804843","-61.791088","0","87113.28509599","1","86379.90183341",False,False
"540","AVENIDA PRESIDENTE DUTRA CRISTO REI","3480",NULL,"CRISTO REI","740139","1273199","AVENIDA PRESIDENTE DUTRA CRISTO REY","0",NULL,"CRISTO REY","100","14.61","16.06","37.14","-12.1355698","-61.8584968","110037905000043","-10.788632","-65.348346","110010605000036","-10.788632","-65.348316","3.27688923","408732.24088019","1","408347.21028167",False,False
"541","DISTRITO VILA BOSCO ZONA RURAL",NULL,"LINHA 110","ZONA RURAL","826213","1371456","RUA  VILAS BOAS NOVA LONDRINA","2570",NULL,"NOVA LONDRINA","18.17","12.15","11.07","15.62","-12.50776815","-61.61938287","110037905000045","-11.064143","-62.0092","110012225000001","-11.064143","-62.0092","0","166037.09803847","1","154983.87350761",False,False
"542","RUA SANTA MARCELINA CENTRO","2869","SETOR 2","CENTRO","794507","215177484","RUA SANTA MARCELINA CENTRO","2886",NULL,"CENTRO","100","13.5","100","43.83","-9.718864588","-63.32019811","110040305000001","-9.719116","-63.319802","110040305000002","-9.719116","-63.319802","0","51.63566725","1","3.3760892",False,True
"543","RUA MARIO LUIZ BARBOSA CENTRO","3218","PREDIO","CENTRO","794906","215177751","RUA  MARIO LUIZ BARBOSA CENTRO","3215",NULL,"CENTRO","100","19.25","100","54.38","-9.72011224","-63.3171122","110040305000002","-9.719559","-63.316708","110040305000002","-9.719559","-63.316708","0","75.80824014","1","0",True,NULL
"544","RUA PAULO VI CENTRO","3827",NULL,"CENTRO","794346","1665840","RUA  PAULO VI CENTRO","3727",NULL,"CENTRO","100","22.08","100","58.62","-9.722476667","-63.31583167","110040305000003","-9.720967","-63.316063","110040305000002","-9.720967","-63.316063","0","169.77133152","1","35.12607546",False,True
"545","RUA MARINGA JARDIM ALVORA II","3629","QUADRA","JARDIM ALVORA II","825569","1667808","RUA  MARINGA ALVORADA","3629",NULL,"ALVORADA","100","25.18","15.36","46.62","-9.717684709","-63.31304097","110040305000036","-9.717841","-63.313069","110040305000036","-9.717841","-63.313069","0","17.64822933","1","0",True,NULL
"546","LC- 80 TB 35 ZONA RURAL",NULL,NULL,"ZONA RURAL","333145","110619298","RODOVIA  RO 485 ZONA RURAL","33",NULL,"ZONA RURAL","21.1","12.05","100","19.69","-9.723134","-63.310236","110040305000036","-12.998843","-61.237375","110007205000022","-12.998843","-61.237375","0","428627.93991643","1","426985.47837208",False,False
"547","LC 85 MARC ZONA RURAL",NULL,NULL,"ZONA RURAL","333145","110619298","RODOVIA  RO 485 ZONA RURAL","33",NULL,"ZONA RURAL","23.09","12.05","100","20.87","-9.722902","-63.3103","110040305000036","-12.998843","-61.237375","110007205000022","-12.998843","-61.237375","0","428653.58528316","1","426985.47837208",False,False
"548","LC 100 TB 20 ZONA RURAL",NULL,NULL,"ZONA RURAL","193524","110638162","LINHA  C 100 TB 20 LT13 PROJETO DE ASSENTAMENTO DIRIGIDO MARECHAL DUTRA","43",NULL,"PROJETO DE ASSENTAMENTO DIRIGIDO MARECHAL DUTRA","20.49","13.95","11.44","17.47","-9.72268","-63.309903","110040305000036","-9.576599","-63.394507","110040305000011","-9.576599","-63.394507","0","18704.70945497","1","17620.94331281",False,False
"549","RUA FORTE PRINCIPE DA BEIRA SETOR 05","1506","ESCOLA","SETOR 05","134922","1673555","RUA  FORTE PRINCIPE DA BEIRA SETOR 05","1606","CASA","SETOR 05","100","15.64","100","48.1","-10.20116923","-63.82501283","110045205000004","-10.201426","-63.826359","110045205000004","-10.201426","-63.826359","0","150.06237351","1","0",True,NULL
"550","RUA ORMINDO BENTO SERAFIM CENTRO","4684","PREDIO","CENTRO","752262","215038567","RUA  ORMINIO BENTO SERAFIM CENTRO","4874",NULL,"CENTRO","25.71","18.73","100","25.7","-11.71316","-62.00122833","110050205000002","-11.713125","-61.999447","110050205000002","-11.713125","-61.999447","0","193.98951119","1","0",True,NULL
"551","RUA MANOEL FRANSCICO DE LIMA FILHO CENTRO","4631","PREDIO","CENTRO","82395","1686572","RUA  MANOEL F LIMA FILHO CENTRO","4631","PREDIO","CENTRO","24.43","23.24","100","26.14","-11.70930265","-62.00171099","110050205000002","-11.709521","-62.001678","110050205000002","-11.709521","-62.001678","0","24.54371293","1","0",True,NULL
"552","AV. FOZ DO IGUACU SETOR 03","2400",NULL,"SETOR 03","704602","92554371","RUA  FOZ DO IGUACU SETOR 03","2301","FUNDOS","SETOR 03","30.13","15.44","100","26.89","-10.2071223","-63.8357867","110045205000002","-10.208015","-63.834678","110045205000002","-10.2080115","-63.834641","4.06775366","156.76240296","1","0",True,NULL
"553","AVENIDA AYRTON SENNA SETOR 3","2454","PREDIO","SETOR 3","834407","219393455","AVENIDA  AYRTON SENNA SETOR 03","2454",NULL,"SETOR 03","100","25.35","22.98","51.98","-10.208562","-63.836263","110045205000002","-10.208778","-63.83624","110045205000002","-10.208778","-63.83624","0","24.14966249","1","0",True,NULL
"554","AVENIDA PORTO VELHO CENTRO","880","ESCOLA","CENTRO","355394","217194521","RUA  PORTO VELHO CENTRO","1120",NULL,"CENTRO","100","13.5","100","43.83","-10.2134131","-63.828057","110045205000006","-13.192016","-60.808886","110005605000008","-13.192007499999999","-60.808882","1.03963942","466623.92729524","1","464995.03567667",False,NULL
"555","RUA ARIQUEMES SETOR 02","1215",NULL,"SETOR 02","949966","92554908","RUA  ARIQUEMES SETOR 02","0",NULL,"SETOR 02","100","14.71","100","46.31","-10.211139","-63.831125","110045205000007","-10.205937","-63.825561","110045205000005","-10.205937","-63.825561","0","839.84662634","1","770.99449443",False,False
"556","RUA BARRETOS SETOR 03","1870",NULL,"SETOR 03","937197","100088810","RUA  BARRETOS SETOR 03","1853",NULL,"SETOR 03","100","13.91","100","44.69","-10.207307","-63.8298138","110045205000008","-10.207608","-63.829809","110045205000008","-10.207608","-63.829809","0","33.4738408","1","0",True,NULL
"557","RUA MARECHAL HERMES DA FONSECA SETOR 02","1370",NULL,"SETOR 02","806324","1678844","RUA MARECHAL HERMES DA FONSECA SETOR 02","1375",NULL,"SETOR 02","100","22.72","100","59.51","-10.2106613","-63.8224333","110045205000016","-10.210343","-63.822583","110045205000016","-10.210343","-63.822583","0","39.00091761","1","0",True,NULL
"558","LINHA C 15, KM 11 ,MARCO SATELITE",NULL,NULL,NULL,"640121","1681347","LINHA  MARCO SATELITE GLEBA BURITI","2",NULL,"GLEBA BURITI","23.51","14.9","10.77","19.05","-10.2591029","-63.7687276","110045205000024","-10.241053","-63.767553","110045205000022","-10.214803","-63.766565","2920.87244549","2011.17101907","1","1524.98882773",False,NULL
"559","LINHA 01, MARCO 20",NULL,NULL,NULL,"532170","110638943","LINHA  3 MARCO 20 GLEBA BURITI","7",NULL,"GLEBA BURITI","28.71","13.76","10.77","20.75","-10.0290251","-63.9109834","110045205000026","-10.021683","-63.956341","110045205000026","-10.021683","-63.956341","0","5033.18483695","1","0",True,NULL
"560","LINHA 3 KM 35 PA SAO DOMINGOS",NULL,NULL,NULL,"132203","110651562","LINHA  605 OU RO 133 GLEBA MACHADINHO","1","LOTE 17","GLEBA MACHADINHO","24.52","16.07","10.87","19.92","-10.117996","-64.0861857","110045205000027","-9.879055","-62.173184","110175705000005","-9.879055","-62.173184","0","211163.3867526","1","205528.57065129",False,False
"561","LINHA 20, KM 12 GLEBA 05 LOTE 29",NULL,NULL,NULL,"488694","110623689","LINHA  MP 29 QUINTO BEC","1","LOTE 1138","QUINTO BEC","24.39","16.07","10.9","19.88","-10.1516494","-63.904976","110045205000039","-9.590925","-62.243353","110013020000004","-9.590925","-62.243353","0","192410.16782738","1","185063.268377",False,False
"562","LINHA C 34, PA RIO ALTO KM 25",NULL,NULL,NULL,"127487","113562529","LINHA  24 DA 31 GLEBA DOZE","1","LOTE 24D","GLEBA DOZE","26.02","16.07","10.24","20.36","-10.1899559","-63.6749408","110045205000040","-10.955207","-62.273368","110155905000005","-10.953777","-62.2726095","179.2776004","175246.01934014","1","157575.0516701",False,False
"563","LINHA SETE ZONA RURAL",NULL,"PREDIO","ZONA RURAL","792479","98118194","LINHA  07 ZONA RURAL","1",NULL,"ZONA RURAL","100","16.07","100","48.91","-11.1061595","-61.4447102","110120305000014","-13.049836","-61.075064","110007205000015","-13.0526825","-61.076859","371.46941542","219832.41923941","1","214888.51409295",False,False
"564","RUA ANNA MARIA KLEIN SETOR 07","2030",NULL,"SETOR 07","811245","1680054","RUA  ANA MARIA KLEN SETOR 07","0",NULL,"SETOR 07","13.86","13.56","100","15.09","-10.2112755","-63.8448624","110045205000052","-10.211455","-63.844628","110045205000019","-10.211418","-63.844567999999995","7.74851563","32.50185578","1","0",False,NULL
"565","RUA CHUPINGUAIA SETOR 04","2220","ESCOLA","SETOR 04","760459","1676709","RUA  CHUPINGUAIA SETOR 04","2220",NULL,"SETOR 04","100","26.28","100","64.06","-10.200219","-63.8306473","110045205000060","-10.200191","-63.830495","110045205000011","-10.200191","-63.830495","0","16.95565634","1","0",False,NULL
"566","RUA PADRE FIOVO CAMAIONE BAIRRO NOVA PORTO VELHO","1844",NULL,"BAIRRO NOVA PORTO VELHO","198709","99420396","RUA PADRE FIOVO CAMAIONE SETOR 08","0",NULL,"SETOR 08","100","13.78","10.76","32.45","-10.2227506","-63.8304781","110045205000056","-10.222674","-63.831513","110045205000036","-10.222674","-63.831513","0","113.56885201","1","0",False,NULL
"567","AV RONDONIA ESQUINA COM PETROPOLIS SETOR 06","2109",NULL,"SETOR 06","852473","215184337","RUA  PETROPOLIS SETOR 06","2440",NULL,"SETOR 06","16.22","14.8","100","17.34","-10.1998547","-63.8334981","110045205000061","-10.199423","-63.833705","110045205000013","-10.199411","-63.833717","1.87219237","53.07514713","1","0",False,NULL
"568","RUA BRASILIA SETOR 07","2790","QUADRA 33","SETOR 07","767465","215201680","RUA  BRASILIA SETOR 07","0","CASA 4","SETOR 07","100","14.71","100","46.31","-10.2118704","-63.8407931","110045205000063","-10.211431","-63.841327","110045205000018","-10.211431","-63.841327","0","76.16355628","1","23.47705509",False,NULL
"569","AVENIDA RONDONIA","2214","SETOR 06",NULL,"852542","215185037","AVENIDA  RONDONIA SETOR 06","2214",NULL,"SETOR 06","100","25.78","10.75","41.57","-10.2102459","-63.8434154","110045205000064","-10.199213","-63.833127","110045205000013","-10.199213","-63.833127","0","1665.1574488","1","1159.22949177",False,NULL
"570","AVENIDA HONORATO BENEDITO DA SILVA CENTRO","4709","CASA","CENTRO","854278","1686081","AVENIDA  HONORATO BENEDITO DA SILVA CENTRO","4709",NULL,"CENTRO","100","24.67","100","62.08","-11.7058818","-62.0008661","110050205000001","-11.705916","-62.000907","110050205000001","-11.705916","-62.000907","0","5.85607717","1","0",True,NULL
"571","TRAVESSA DA CULTURA CENTRO","4834","PREDIO","CENTRO","854252","1686134","TRAVESSA  CULTURA CENTRO","4834",NULL,"CENTRO","19.23","24.83","100","22","-11.7068897","-61.9997775","110050205000001","-11.706683","-61.999885","110050205000001","-11.706683","-61.999885","0","25.79279406","1","0",True,NULL
"572","LINHA 160 KM 4,5 NORTE ZONA RURAL",NULL,"ZONA RURAL","ZONA RURAL","204289","1595396","LINHA  164 NORTE LINHA 164 NORTE","2",NULL,"LINHA 164 NORTE","38.59","14.9","12.41","25.24","-11.68967851","-62.0125793","110050205000016","-11.536165","-61.962213","110090805000009","-11.536165","-61.962213","0","17929.7945765","1","4208.67757261",False,True
"573","RUA MARIO COVAS CIDADE ALTA",NULL,"ESCOLA","CIDADE ALTA","852715","1677443","RUA  MARIO COVAS SETOR 06","2445",NULL,"SETOR 06","100","12.16","10.27","30.13","-11.72055563","-62.14541898","110050210000008","-10.196027","-63.836218","110045205000013","-10.196027","-63.836218","0","250608.53698001","1","249739.04805055",False,NULL
"574","AVENIDA PORTO ALEGRE CENTRO","3495","PREDIO","CENTRO","13076","1375175","RUA  PORTO ALEGRE CENTRO","3692",NULL,"CENTRO","100","19.13","100","54.19","-11.7214233333333","-62.1451666666667","110050210000008","-9.41839","-61.997411","110013005000006","-9.41839","-61.997411","0","256594.70009432","1","254719.21373213",False,NULL
"575","RUA PADRE ANCHIETA CENTRO","3219","ESCOLA","CENTRO","672938","216162436","RUA PADRE ANCHIETA CENTRO","3339",NULL,"CENTRO","100","15.63","100","48.09","-11.7274376","-62.1468865","110050210000008","-12.13789","-61.859231","110037905000020","-12.13789","-61.859231","0","55338.85951739","1","54721.01213111",False,NULL
"576","RUA TEREZA MAZZORANA BORTOLOTTO SETOR 01","2128","CENTRO","SETOR 01","933951","1578745","RUA  TEREZA MAZORANA BORTOLOTTO SETOR 01","2127","CASA","SETOR 01","35.53","21.09","100","33.13","-10.343279","-62.9012856","110060105000001","-10.343812","-62.901215","110060105000001","-10.343812","-62.901215","0","59.76801976","1","0",True,NULL
"577","TRAVESSA 01 SETOR 01","1423",NULL,"SETOR 01","933987","1578355","TRAVESSA  1 SETOR 01","1461",NULL,"SETOR 01","100","16.08","100","48.94","-10.34285305","-62.90192305","110060105000001","-10.342545","-62.901771","110060105000001","-10.342545","-62.901771","0","38.07823588","1","0",True,NULL
"578","RUA ALTO PARAISO SETOR 05","1848","PREDIO","SETOR 05","896571","1578912","RUA  ALTO PARAISO SETOR 05","0",NULL,"SETOR 05","100","13.19","100","43.18","-10.3381335","-62.8985324","110060105000002","-10.338248","-62.898242","110060105000002","-10.338248","-62.898242","0","34.22325134","1","0",True,NULL
"579","AV COSTA E SILVA SETOR 04","1923",NULL,"SETOR 04","835616","1581706","AVENIDA  COSTA E SILVA SETOR 04","1926","FRENTE","SETOR 04","100","14.75","100","46.37","-10.57048833","-63.61812833","110070005000002","-10.570281","-63.617887","110070005000003","-10.5702515","-63.617922","5.03951499","35.03369167","1","4.6815979",False,NULL
"580","AV. COSTA E SILVA SETOR 04","1853","CENTRO","SETOR 04","835627","1581717","AVENIDA  COSTA E SILVA SETOR 04","1852",NULL,"SETOR 04","23.96","13.59","100","22.25","-10.57104191","-63.61789959","110070005000002","-10.570827","-63.617481","110070005000003","-10.570827","-63.617481","0","51.6197894","1","9.57768326",False,NULL
"581","FAZENDA JULIANA",NULL,NULL,NULL,"181201","98118239","FAZENDA  JULIANA LINHA 125","0",NULL,"LINHA 125","100","11.1","10.6","29.03","-12.67767406","-61.10121715","110092405000044","-12.612495","-61.215566","110092405000024","-12.612495","-61.215566","0","14368.43311063","1","12583.27791909",False,True
"582","BR 421 LINHA 03 RIO JACI SETOR RURAL",NULL,"LINHA 3 COQUEIROS","SETOR RURAL","477834","180362455","LINHA  624 624","1",NULL,"624","27.18","16.07","10.4","20.91","-10.4450500435726","-63.9730727278612","110070005000027","-10.336312","-62.703526","110060105000018","-10.33379","-62.7003945","442.70659822","139377.65415935","1","138322.67851704",False,False
"583","ALDEIA BYYJYTY OSOP AKY- TERRA INDIGENA KARITIANA",NULL,NULL,NULL,"516100","180265398","ALDEIA  IKOLEN 1 ALDEIA INDIGENA IKOLEN 1","1",NULL,"ALDEIA INDIGENA IKOLEN 1","18.3","16.07","11.89","16.92","-8.791082","-63.701035","110080905000002","-10.751546","-61.588986","110012205000179","-10.751546","-61.588986","0","317932.57872098","1","316819.80953348",False,False
"584","AVENIDA AYRTON SENNA UNIAO","604",NULL,"UNIAO","206111","109347978","AVENIDA  AYRTON SENNA NOVO PLANO","0",NULL,"NOVO PLANO","100","15.7","11.87","35.51","-8.7917313","-63.69992672","110080905000002","-12.448089","-61.102875","110092405000023","-12.4481085","-61.1029065","4.04969378","495811.25764581","1","493946.71313866",False,NULL
"585","LINHA C 25 RO 144 TB 40 ZONA RURAL","0",NULL,"ZONA RURAL","332995","98100647","LINHA  140 ZONA RURAL","0","FAZENDA SAO JOAO","ZONA RURAL","24.34","28.7","100","27.23","-10.24882667","-63.13015333","110060105000012","-12.769208","-61.30919","110007205000022","-12.7692245","-61.3092305","4.75983882","343368.50245632","1","340257.89893844",False,False
"586","RUA AIRTON SENA UNIAO","326",NULL,"UNIAO","40969","104586919","RUA  AIRTON SENA UNIAO BANDEIRANTES","1029",NULL,"UNIAO BANDEIRANTES","100","13.53","16.02","35.69","-8.794656","-63.700205","110080905000003","-9.711366","-64.522493","110020525000019","-9.711366","-64.522493","0","136140.98938979","1","135349.20384153",False,False
"587","LC 03 TB 80 LOTE 21 A ZONA RURAL",NULL,NULL,"ZONA RURAL","193550","110638204","LINHA  C100 TB 20 LT 42 A PROJETO DE ASSENTAMENTO DIRIGIDO MARECHAL DUTRA","43","SITIO 43","PROJETO DE ASSENTAMENTO DIRIGIDO MARECHAL DUTRA","20.89","13.95","11.44","17.67","-10.31294336","-62.7444685","110060105000016","-9.57606","-63.398518","110040305000011","-9.57606","-63.398518","0","108835.70976112","1","100658.64242182",False,False
"588","RUA DUQUE DE CAXIAS SETOR 01","2101",NULL,"SETOR 01","879110","92559868","RUA DUQUE DE CAXIAS SETOR 01","2101",NULL,"SETOR 01","100","27.04","100","64.95","-10.57107667","-63.62226667","110070005000001","-10.570987","-63.62198","110070005000001","-10.570987","-63.62198","0","32.88341374","1","0",True,NULL
"589","LH 02 BR 421 RURAL",NULL,"DISTRITO RIO BRANCO","RURAL","570502","110641903","RODOVIA  BR 421 BR 421","670","CASA","BR 421","30.55","16.45","10.11","22.24","-10.26436841","-64.06103539","110070005000009","-10.560012","-63.691845","110070005000007","-10.560012","-63.691845","0","52066.65589491","1","51364.84319889",False,NULL
"590","RUA CASTRO ALVES - DISTRITO RIO BRANCO AREA RURAL",NULL,"DISTRITO RIO BRANCO","AREA RURAL","620062","1640337","RIO  BRANCO ALDEIA INDIGENA NAZARE","1",NULL,"ALDEIA INDIGENA NAZARE","17.53","16.07","10.43","16.14","-10.26429623","-64.06064252","110070005000009","-12.119354","-62.615901","110032005000041","-12.119354","-62.615901","0","259580.0026539","1","258321.08212273",False,False
"591","RUA DOM BOSCO SATELITE","20","PROXIMO ASA NORTE","SATELITE","691741","1540518","AVENIDA DOM BOSCO ERNANDES GONCALVES","0",NULL,"ERNANDES GONCALVES","100","15.12","11.87","34.9","-8.795116874","-63.70842858","110080905000005","-11.163801","-61.90493","110025405000009","-11.1628945","-61.904945","100.81162136","329203.03859727","1","327858.49372251",False,NULL
"592","AV. TANCREDO NEVES SATELITE",NULL,NULL,"SATELITE","202260","180426107","AVENIDA  TANCREDO NEVES SATELITE","16",NULL,"SATELITE","23.19","12.73","100","21.32","-8.795097030000004","-63.71011932","110080905000005","-8.795638","-63.718381","110080905000007","-8.795638","-63.718381","0","909.84608305","1","825.13485839",False,NULL
"593","BR 421 KM 80 LINHA C-06 KM 15 ZONA RURAL",NULL,"SITIO","ZONA RURAL","521126","1488465","TRAVESSAO  DO KM 9 DA 184 TRAVESSAO KM 9 LADO ESQUERDO","1","CHACARA","TRAVESSAO KM 9 LADO ESQUERDO","23.16","16.07","12.02","19.61","-10.4447998666667","-63.57108795","110070005000014","-11.804843","-61.791088","110028805000055","-11.804843","-61.791088","0","246140.63006307","1","236993.02861649",False,False
"594","RUA CARLOS DRUMMOND DE ANDRADE DAS FLORES","1491",NULL,"DAS FLORES","883779","98997182","AVENIDA  CARLOS DRUMMOND DE ANDRADE JARDIM VERDE VIDA","1472",NULL,"JARDIM VERDE VIDA","100","15.6","11","34.59","-8.787221600000002","-63.69690111","110080905000008","-10.266429","-63.304303","110140105000022","-10.266429","-63.304303","0","170021.4779691","1","168918.44313085",False,NULL
"595","RUA JASMIM UNIAO",NULL,"ESCOLA","UNIAO","916335","217168038","RUA  JASMIM UNIAO","0","TERREO","UNIAO","100","11.1","100","38.43","-8.79442455","-63.70631484","110080905000010","-8.794826","-63.705927","110080905000010","-8.794817","-63.705927","1.00075572","61.71734694","1","0",True,NULL
"596","RUA TANCREDO NEVES UNIAO","1487",NULL,"UNIAO","916217","1588916","AVENIDA  TANCREDO NEVES UNIAO","1488","LOJA 2","UNIAO","100","21.75","100","58.15","-8.795196754","-63.70460803","110080905000010","-8.795659","-63.704836","110080905000010","-8.795659","-63.704836","0","57.17920775","1","0",True,NULL
"597","RUA CEREJEIRAS DISTRITO NOVA SAMUEL",NULL,NULL,"DISTRITO NOVA SAMUEL","728001","214624232","RUA  CEREJEIRAS NOVA SAMUEL","9",NULL,"NOVA SAMUEL","100","12.68","16.56","34.7","-8.65814429","-63.41228538","110080905000012","-8.66528","-63.415671","110080905000012","-8.66528","-63.415671","0","876.40352599","1","0",True,NULL
"598","RO 460 KM 30 DISTRITO DE VILA UNIAO ZONA RURAL",NULL,NULL,"ZONA RURAL","333145","110619298","RODOVIA  RO 485 ZONA RURAL","33",NULL,"ZONA RURAL","19.36","12.05","100","18.6","-10.3418677333333","-63.6555630666667","110070005000019","-12.998843","-61.237375","110007205000022","-12.998843","-61.237375","0","395746.91289928","1","394547.02743172",False,False
"599","LINHA 1 ASSENTAMENTO FLOR DO AMAZONAS II ZONA RURAL",NULL,NULL,"ZONA RURAL","24505","109873170","LINHA  TERCEIRA EIXO ZONA RURAL","1","CASA 1","ZONA RURAL","15.38","16.07","100","16.96","-8.97999502","-63.58305946","110080905000020","-12.917681","-60.820552","110007205000012","-12.916825","-60.822271","209.21325197","531626.99938386","1","504907.94175041",False,False
"600","RUA CONTINENTAL PALHEIRAL","170",NULL,"PALHEIRAL","537996","1591729","RUA  CONTINENTAL PALHEIRAL","170",NULL,"PALHEIRAL","100","19.49","100","54.76","-8.78237441","-63.69975596","110080905000029","-8.781655","-63.698798","110080905000029","-8.781665","-63.698798","1.1119508","132.21683952","1","0",True,NULL
"601","RUA AIRTON SENNA COM CONTINENTAL PALHEIRAL","1135","RUA CONTINENTAL","PALHEIRAL","774652","1585750","AVENIDA  AIRTON SENNA PALHEIRAL","1135",NULL,"PALHEIRAL","20.78","24.49","100","23.33","-8.782096510000002","-63.69961213","110080905000029","-8.786371","-63.699757","110080905000001","-8.786371","-63.699757","0","475.56879371","1","305.53819427",False,True
"602","TERRA INDIGENA TUBARAO LATUNDE AREA RURAL DE VILHENA",NULL,"ALDEIA FELIPE CAMARA","AREA RURAL DE VILHENA","165052","180395236","ESTRADA  C 90 DIVISA ENTRE B 20 PROJETO DE ASSENTAMENTO DIRIGIDO MARECHAL DUTRA","1",NULL,"PROJETO DE ASSENTAMENTO DIRIGIDO MARECHAL DUTRA","16.19","16.07","14.43","15.97","-12.832735","-60.45298","110092405000030","-9.689529","-63.282661","110040305000019","-9.689529","-63.282661","0","466214.72438097","1","457671.37883284",False,False
"603","RUA VENEZUELA SANTA LETICIA I",NULL,NULL,"SANTA LETICIA I","39342","108666296","RUA  VENEZUELA SANTA LETICIA 2","281",NULL,"SANTA LETICIA 2","100","14.04","29.22","40.54","-8.7901984","-63.69409959","110080905000040","-8.790523","-63.690002","110080905000033","-8.790523","-63.690002","0","451.72435014","1","224.32752886",False,True
"604","RUA VENEZUELA SANTA LETICIA",NULL,NULL,"SANTA LETICIA","39342","108666296","RUA  VENEZUELA SANTA LETICIA 2","281",NULL,"SANTA LETICIA 2","100","14.04","31.36","40.93","-8.79016927","-63.69476817","110080905000040","-8.790523","-63.690002","110080905000033","-8.790523","-63.690002","0","525.22450513","1","224.32752886",False,True
"605","RUA VENEZUELA SANTA LETICIA","5",NULL,"SANTA LETICIA","39345","217420709","RUA  VENEZUELA SANTA LETICIA 2","0",NULL,"SANTA LETICIA 2","100","18.57","31.36","47.72","-8.790173340000004","-63.69523473","110080905000040","-8.790481","-63.689658","110080905000033","-8.7903615","-63.6897905","19.71212759","613.7754437","1","262.39260641",False,True
"606","RUA 01 SANTA ISABEL","964","AO LADO DA PASSARELA","SANTA ISABEL","930962","99666082","RUA  UM VILA DO DNIT","96",NULL,"VILA DO DNIT","100","17.9","11.05","36.73","-8.798460154000002","-63.71138175","110080905000044","-8.738675","-63.936582","110020505000098","-8.738675","-63.936582","0","25625.78314988","1","24531.70483236",False,False
"607","RUA JAMARI DISTRITO TRIUNFO","718",NULL,"DISTRITO TRIUNFO","180011","1593598","RUA  JAMARI TRIUNFO","718",NULL,"TRIUNFO","100","23.46","20.9","49.24","-9.27883156","-63.46383697","110080920000010","-9.27871","-63.463975","110080920000004","-9.27871","-63.463975","0","20.3014927","1","0",False,NULL
"608","RUA LUMIAR DISTRITO","1058","DISTRITO TRIUNFO","DISTRITO","179835","180408795","RUA  LUMIAR TRIUNFO","1058",NULL,"TRIUNFO","100","25.13","12.24","43.24","-9.276496","-63.468496","110080920000010","-9.276599","-63.468877","110080920000004","-9.276599","-63.468877","0","43.35152833","1","6.0947817",False,NULL
"609","RUA DOS ESTUDANTES CENTRO","1044",NULL,"CENTRO","274443","92563650","RUA  DOS ESTUDANTES TRIUNFO","104",NULL,"TRIUNFO","100","17.39","9.72","34.74","-9.27948216","-63.47001995","110080920000011","-9.281449","-63.461676","110080920000001","-9.281449","-63.461676","0","941.41791708","1","887.63621154",False,NULL
"610","AVENIDA PINHEIROS CENTRO","2132","PREDIO PROPRIO","CENTRO","803415","91968184","RUA  PINHEIROS JORGE TEIXEIRA","2458",NULL,"JORGE TEIXEIRA","100","15.32","10.3","33.6","-11.4277901","-61.9480931","110090805000001","-11.537702","-61.00439","110009805000012","-11.537702","-61.00439","0","103558.47991505","1","103091.18565206",False,False
"611","LINHA 02 KM 01 ZONA RURAL",NULL,"ZONA RURAL","ZONA RURAL","795538","1225000","LINHA  2 B ZONA RURAL","1","SITIO","ZONA RURAL","23.89","16.07","100","23.39","-11.4305319","-61.9474066","110090805000001","-13.116186","-61.073602","110007205000015","-13.116186","-61.073602","0","210108.70087406","1","209220.01968756",False,False
"612","LINHA 172 KM 25",NULL,"ZONA RURAL",NULL,"220669","109875119","LINHA  122 GLEBA BOM PRINCIPIO B","1","CASA MADEIRA","GLEBA BOM PRINCIPIO B","27.69","16.07","11.01","21.36","-11.497664","-61.8085178","110090805000004","-11.912743","-63.045232","110150005000019","-11.912018","-63.045232","80.61643281","142346.73824536","1","136106.91678618",False,False
"613","RUA JOANA DARC CENTRO","3329","ESCOLA NILO COELHO","CENTRO","187255","92570536","RUA  JOANA DARC CENTRO","3329",NULL,"CENTRO","100","23.71","100","60.84","-11.1960566","-61.5190099","110120305000022","-11.195929","-61.518974","110120305000001","-11.195929","-61.518974","0","14.71896181","1","0",False,NULL
"614","RUA BAHIA CENTRO","5701","AO LADO DO BOSQUE","CENTRO","349297","99936044","RUA  BAHIA CENTRO","5701",NULL,"CENTRO","100","27.04","100","64.95","-11.1968341","-61.5202366","110120305000022","-11.196786","-61.520091","110120305000017","-11.196786","-61.520091","0","16.75825758","1","0",False,NULL
"615","TERRA INDIGENA SETE DE SETEMBRO, ALDEIA PAYAMAH, LINHA 07 CENTRO",NULL,"CRE - CACOAL","CENTRO","771321","1689972","LINHA  05 ROD 471 CENTRO","7","CASA 02","CENTRO","18.58","13.76","100","18.79","-11.196359","-61.517963","110120305000022","-11.239431","-61.511214","110120305000015","-11.239431","-61.511214","0","4845.63398342","1","4484.25289204",False,False
"616","RUA BAHIA CENTRO","5591","PREDIO","CENTRO","349299","99936046","RUA  BAHIA CENTRO","5591",NULL,"CENTRO","100","26.43","100","64.23","-11.19766","-61.520079","110120305000022","-11.197832","-61.51994","110120305000017","-11.197832","-61.51994","0","24.40633634","1","0",False,NULL
"617","RUA BAHIA CENTRO","5635",NULL,"CENTRO","349298","99936045","RUA  BAHIA CENTRO","5635",NULL,"CENTRO","100","24.87","100","62.34","-11.1974929","-61.5203465","110120305000022","-11.197506","-61.520023","110120305000017","-11.197506","-61.520023","0","35.31689238","1","0",False,NULL
"618","DISTRITO DE NOVA ANDRADINA",NULL,NULL,NULL,"455927","1627268","DISTRITO SAO LOURENCO SAO LOURENCO","1",NULL,"SAO LOURENCO","17.62","16.07","10.66","16.24","-12.27138637","-61.12106977","110092405000010","-12.431983","-60.519332","110030405000058","-12.431983","-60.519332","0","67757.02151123","1","59242.05457489",False,NULL
"619","RUA SENADOR RONALDO ARAGAO SETOR 10",NULL,NULL,"SETOR 10","653542","180478189","RUA SENADOR RONALDO ARAGAO SETOR 10","271","CASA 1","SETOR 10","100","11.82","100","40.13","-12.5513057","-60.8971023","110092405000020","-12.551083","-60.896301","110092405000020","-12.551083","-60.896301","0","90.42799485","1","0",True,NULL
"620","RUA AVENIDA SAO CRISTOVAO CENTRO","2525","DISTRITO GUAPORE","CENTRO","114432","98489183","RUA  SAO CRISTOVAO SANTIAGO","2675",NULL,"SANTIAGO","100","17.32","9.92","34.93","-12.22952283","-60.68734408","110092405000013","-10.864955","-61.980215","110012205000158","-10.864955","-61.980215","0","207028.82470467","1","206106.90300857",False,False
"621","RUA HELIO VIANA CENTRO","3","PROXIMO A ASSOCIACAO","CENTRO","574133","1598824","AVENIDA  HELIO VIANNA BOA ESPERANCA","0",NULL,"BOA ESPERANCA","23.43","19.12","10.35","20","-12.293812","-61.0496291","110092405000017","-12.296241","-61.048904","110092405000017","-12.2961985","-61.0490975","21.54727859","281.3470542","1","0",True,NULL
"622","AV TANCREDO NEVES CENTRO",NULL,"BOA ESPERANCA","CENTRO","934903","215083270","AVENIDA  TANCREDO NEVES CENTRO","161",NULL,"CENTRO","100","14.37","100","45.62","-12.29744151","-61.047737","110092405000017","-9.869713","-62.176907","110175705000003","-9.869713","-62.176907","0","296738.0621612","1","294658.56297651",False,NULL
"623","TERRA INDIGENA TUBARAO LATUNDE - ALDEIA GLEBA ZONA RURAL",NULL,"ALDEIA SOWAINTE","ZONA RURAL","194079","110634644","ALDEIA  IGARAPE LAGE ALDEIA INDIGENA LINHA 14 C","1",NULL,"ALDEIA INDIGENA LINHA 14 C","19.34","16.07","11.8","17.51","-12.57168531","-60.80667288","110092405000027","-10.441579","-65.077063","110033820000016","-10.441579","-65.077063","0","522088.11155352","1","521003.51860938",False,False
"624","TERRA INDIGENA TUBARAO LATUNDE - ALDEIA RIO DO OURO ZONA RURAL",NULL,"ALDEIA RIO DO OURO","ZONA RURAL","212334","1596977","ALDEIA  RIO DO OURO ALDEIA INDIGENA RIO DO OURO","2","CASA","ALDEIA INDIGENA RIO DO OURO","20.88","14.9","11.57","17.99","-12.49357084","-60.78577393","110092405000028","-12.466593","-60.799109","110092405000028","-12.466593","-60.799109","0","3330.88880373","1","0",True,NULL
"625","RUALNHA 105 KAPA 48 GLEBA CORUMBIARA DISTRITO DE NOVO PLANO M DISTRITO DE NOVO PLANO",NULL,"AV J. RIBEIRO","DISTRITO DE NOVO PLANO","521126","1488465","TRAVESSAO  DO KM 9 DA 184 TRAVESSAO KM 9 LADO ESQUERDO","1","CHACARA","TRAVESSAO KM 9 LADO ESQUERDO","22.11","16.07","13.54","19.42","-12.44503488","-61.10495539","110092405000038","-11.804843","-61.791088","110028805000055","-11.804843","-61.791088","0","103108.96151569","1","102251.00929629",False,False
"626","AV XV DE NOVEMBRO CENTRO","2555",NULL,"CENTRO","253640","91998167","AVENIDA  XV DE NOVEMBRO UNIAO","1273",NULL,"UNIAO","100","13.97","10.32","32.25","-12.54969736","-60.90038599","110092405000041","-10.721466","-62.260717","110015505000002","-10.721464999999998","-62.260701","1.75159647","251543.91002613","1","250593.19845126",False,False
"627","RUA JULIO DIAS MONTALVAO CENTRO","1386",NULL,"CENTRO","571710","1596077","RUA  JULIO DIAS MONTALVAO CENTRO","1176",NULL,"CENTRO","100","16.87","100","50.37","-12.55842091","-60.90568151","110092405000042","-12.55999","-60.904836","110092405000001","-12.55999","-60.904836","0","197.13630215","1","0",False,NULL
"628","ASSENTAMENTO AGUA VIVA",NULL,NULL,NULL,"205498","110643417","ASSENTAMENTO  AGUA VIVA LINHA 5","0","LOTE 23","LINHA 5","100","11.1","10.78","29.16","-12.7983738","-60.84951413","110092405000045","-12.791863","-60.848051","110092405000007","-12.791863","-60.848051","0","741.14893831","1","0",False,NULL
"629","AV BEIJA-FLOR SETOR 03","3088",NULL,"SETOR 03","75958","1599879","RUA  BEIJA FLOR SETOR 03","2868",NULL,"SETOR 03","49.29","16.12","100","36.22","-9.364591667","-62.58614333","110094005000002","-9.366411","-62.585334","110094005000002","-9.366411","-62.585334","0","220.92986931","1","0",True,NULL
"630","LINHA CA 16 LOTE 139 GLEBA 02 ZONA RURAL",NULL,NULL,"ZONA RURAL","153417","109927958","LINHA  16 DO 31 GLEBA OITO","1","LOTE 34 E","GLEBA OITO","24.25","16.07","10.94","19.82","-9.333404","-62.490919","110094005000010","-10.886487","-62.22248","110155905000004","-10.886487","-62.22248","0","175177.29508693","1","169944.61143047",False,False
"631","RUA PARANA CENTRO","2770","CENTRO","CENTRO","123991","1690496","RUA  PARANA CENTRO","2775",NULL,"CENTRO","100","20.43","100","56.21","-11.03492","-62.67542667","110130205000002","-11.035069","-62.675132","110130205000002","-11.035069","-62.675132","0","36.17690255","1","0",True,NULL
"632","AV. MARACANA SETOR 03","1413",NULL,"SETOR 03","321678","1742599","AVENIDA  MARACANA SETOR 03","1213",NULL,"SETOR 03","19.5","15.06","100","19.93","-9.3679189","-62.5839915","110094005000022","-9.369146","-62.585656","110094005000022","-9.369146","-62.585656","0","227.96126367","1","0",True,NULL
"633","AVENIDA CONDOR SETOR 03","1171",NULL,"SETOR 03","302911","1382585","RUA  CONDOR BOM FUTURO","0",NULL,"BOM FUTURO","100","13.71","12.89","34.08","-9.370065895","-62.58558976","110094005000022","-9.425292","-61.988499","110013005000047","-9.425401","-61.988499","12.12026369","65789.68565236","1","65389.40913371",False,NULL
"634","AVENIDA ROUXINOL SETOR 02","2481",NULL,"SETOR 02","469585","92567663","AVENIDA  ROUXINOL SETOR 02","2449",NULL,"SETOR 02","100","16.02","100","48.82","-9.368911958","-62.58212392","110094005000023","-9.369393","-62.581791","110094005000023","-9.369393","-62.581791","0","64.77051338","1","0",True,NULL
"635","AV. GALO DA SERRA SETOR 01",NULL,NULL,"SETOR 01","468850","92566501","AVENIDA  GALO DA SERRA SETOR 01","1614",NULL,"SETOR 01","22.5","12.79","100","20.95","-9.3621147","-62.5803161","110094005000024","-9.364373","-62.58397","110094005000004","-9.364373","-62.58397","0","473.03694619","1","7.87376698",False,True
"636","RO 205 COMUNIDADE CASTANHEIRA",NULL,NULL,"COMUNIDADE CASTANHEIRA","423290","1603508","TRAVESSAO  205 RIO ROLIM DE MOURA","1","SITIO DOCAFE","RIO ROLIM DE MOURA","37.5","16.07","11.64","25.19","-9.483796","-62.657418","110094005000047","-11.928085","-61.586682","110029605000013","-11.92819","-61.586682","11.67548337","295897.45118948","1","289875.86582904",False,False
"637","RUA ANA FERREIRA CENTRO",NULL,NULL,"CENTRO","123570","1750384","RUA PRESIDENTE ANA FERREIRA CENTRO","1437",NULL,"CENTRO","21.86","12.54","100","20.42","-9.189301667","-63.18799333","110110405000002","-9.1865","-63.188749","110110405000003","-9.1864775","-63.188728","3.40193339","322.38551352","1","10.62530853",False,True
"638","TERRA INDIGENA - ALDEIA JAMARI ZONA RURAL","0","0","ZONA RURAL","581022","110643949","ALDEIA  ALDEIA INDIGENA ALDEIA INDIGENA JAMARI","0",NULL,"ALDEIA INDIGENA JAMARI","20.12","28.7","11.49","19.82","-10.610425","-62.737602","110100505000003","-10.552564","-63.186472","110100515000013","-10.552564","-63.186472","0","49483.40826421","1","41832.13059146",False,False
"639","LINHA 623 ALDEIA INDIGENA","0",NULL,"ALDEIA INDIGENA","659547","180484237","LINHA  623 ALDEIA INDIGENA 623","0",NULL,"ALDEIA INDIGENA 623","100","28.7","30.15","57.85","-10.610425","-62.737602","110100505000003","-10.824209","-62.913374","110100505000023","-10.8242125","-62.9134185","4.87570021","30559.61713919","1","17013.66296654",False,False
"640","TERRAS INDIGENAS URU EU WAU WAU ZONA RURAL",NULL,"ALDEIA 621","ZONA RURAL","24723","110618908","TRAVESSAO  DA 3 EIXO EM DIRECAO A 01 ZONA RURAL","1","LOTE 15","ZONA RURAL","13.05","16.07","100","14.9","-10.610425","-62.737602","110100505000003","-13.106636","-60.816212","110007205000012","-13.106636","-60.816212","0","347496.0054067","1","341475.86093408",False,False
"641","LINHA 621 ZONA RURAL",NULL,NULL,"ZONA RURAL","307793","180254671","LINHA  621 LINHA 621","1",NULL,"LINHA 621","100","16.07","10.84","34.88","-10.7188102","-62.8813657","110100505000008","-10.385904","-62.546761","110011405000054","-10.385888000000001","-62.54662999999999","14.43793108","52040.19627523","1","44721.87282639",False,False
"642","RUA SENADOR OLAVO PIRES CENTRO","1363",NULL,"CENTRO","789279","1724573","AVENIDA SENADOR OLAVO PIRES CENTRO","1647",NULL,"CENTRO","100","15.08","100","47.03","-9.18507729","-63.19133329","110110405000003","-10.247091","-62.356339","110160905000003","-10.247091","-62.356339","0","149399.56151759","1","148593.56829952",False,NULL
"643","AVENIDA PEDRAS BRANCAS CENTRO","717",NULL,"CENTRO","580185","1746074","AVENIDA  PEDRAS BRANCAS CENTRO","717",NULL,"CENTRO","100","24.18","100","61.46","-10.612224","-62.7324398","110100505000029","-10.611879","-62.732767","110100505000002","-10.611879","-62.732767","0","52.44519098","1","0",False,NULL
"644","AVENIDA CACAULANDIA CENTRO",NULL,"DIST. COLINA VERDE","CENTRO","806179","1678687","RUA  CACAULANDIA CENTRO","1309",NULL,"CENTRO","100","11.51","100","39.4","-10.5420225","-63.0178854","110100515000001","-10.211477","-63.826747","110045205000016","-10.211477","-63.826747","0","95801.44614847","1","95274.2671941",False,False
"645","AVENIDA COSTA E SILVA CENTRO","2166","CENTRO","CENTRO","272081","1750143","AVENIDA  COSTA E SILVA CENTRO","2166",NULL,"CENTRO","100","24.91","100","62.39","-9.1815632","-63.1897395","110110405000004","-9.190317","-63.189077","110110405000002","-9.190317","-63.189077","0","976.09226955","1","681.9524141",False,False
"646","RUA BRASIL CENTRO","2772","CENTRO","CENTRO","573173","1691730","RUA  BRASIL CENTRO","2772",NULL,"CENTRO","100","24.48","100","61.84","-11.0323278","-62.6724957","110130205000005","-11.032197","-62.67239","110130205000005","-11.032197","-62.67239","0","18.56391823","1","0",True,NULL
"647","RUA IMBURANA FRANCISCO NATALINO FERREIRA",NULL,"BAIRRO NOVO","FRANCISCO NATALINO FERREIRA","304810","1312172","RUA  IMBURANA JORGE TEIXEIRA","379",NULL,"JORGE TEIXEIRA","100","12.74","12.7","32.7","-10.6162543","-62.7307091","110100505000026","-10.898524","-61.905731","110012205000041","-10.898524","-61.905731","0","95430.54871376","1","94916.77016568",False,False
"648","RUA CEREJEIRAS","0","PROXIMO CAMARA",NULL,"685999","226080174","RUA  CEREJEIRAS SETOR 01","0",NULL,"SETOR 01","100","28.7","11.23","43.72","-10.6134759","-62.7353143","110100505000027","-10.214121","-63.829299","110045205000006","-10.214058000000001","-63.829467","19.67414694","127616.7737951","1","127183.86559048",False,False
"649","RUA PITANGUEIRAS FRANCISCO ANATALINO","0",NULL,"FRANCISCO ANATALINO","259609","221096611","RUA  PITANGUEIRAS RUA JAMBEIRO","0",NULL,"RUA JAMBEIRO","100","28.7","11.9","44.7","-10.6121771","-62.734646","110100505000027","-10.617131","-62.728893","110100505000001","-10.617131","-62.728893","0","835.92620617","1","537.426321",False,NULL
"650","LINHA 60 KM 7 ZONA RURAL",NULL,"COLEGIO IAAMO","ZONA RURAL","453756","180316731","LINHA  67 ALDEIA INDIGENA BEIJARANA","1",NULL,"ALDEIA INDIGENA BEIJARANA","26.43","16.07","12.04","21.17","-10.99084203","-62.7300682","110130205000017","-9.236446","-64.221627","110020505000167","-9.236446","-64.221627","0","254388.07256496","1","245349.90407492",False,NULL
"651","RUA MONTE NEGRO ZONA URBANA",NULL,NULL,"ZONA URBANA","134728","215055590","AVENIDA  MONTE NEGRO SETOR 02","1",NULL,"SETOR 02","100","16.07","10.35","34.36","-10.542622","-63.1022448","110100515000005","-10.203075","-63.825234","110045205000004","-10.203075","-63.825234","0","87629.75224264","1","79064.27389169",False,False
"652","TERRITORIO INDIGENA URU EU WAU WAU - POSTO INDIGENA TRINCHEIR AREA RURAL",NULL,"POVO INDIG AMONDAWA","AREA RURAL","193563","110650193","LINHA  L 599 RURAL","1",NULL,"RURAL","15.9","16.07","22.56","16.42","-11.065299","-62.9528001","110130205000022","-10.346503","-62.558349","110160905000009","-10.346503","-62.558349","0","90805.45460348","1","87893.53704884",False,False
"653","LINHA B 40 - A KM 10 ZONA RURAL","0",NULL,"ZONA RURAL","332995","98100647","LINHA  140 ZONA RURAL","0","FAZENDA SAO JOAO","ZONA RURAL","22.52","28.7","100","25.61","-9.197259","-63.181409","110110405000019","-12.769208","-61.30919","110007205000022","-12.7692245","-61.3092305","4.75983882","446660.56144175","1","411949.14539603",False,False
"654","RUA SENADOR OLAVO PIRES CENTRO","1367",NULL,"CENTRO","789279","1724573","AVENIDA SENADOR OLAVO PIRES CENTRO","1647",NULL,"CENTRO","100","16.09","100","48.95","-9.184851525","-63.1860118","110110405000021","-10.247091","-62.356339","110160905000003","-10.247091","-62.356339","0","149062.9314812","1","148217.62565407",False,NULL
"655","AV. AYRTON SENNA CENTRO","1655","PREDIO ESCOLAR","CENTRO","805983","1679168","AVENIDA  AYRTON SENNA CENTRO","1332",NULL,"CENTRO","22.58","12.54","100","20.85","-9.185685171","-63.18701148","110110405000021","-10.212696","-63.827321","110045205000016","-10.212696","-63.827321","0","134039.59126624","1","133361.34286884",False,False
"656","LINHA DOIS KM 18",NULL,NULL,NULL,"132333","1738124","LINHA  PA 18 IRAMACERA","1",NULL,"IRAMACERA","22.85","16.07","10.1","18.88","-11.20784","-61.6194171","110120305000007","-9.686468","-61.921387","110175705000015","-9.675550999999999","-61.911148","1653.23322664","172361.50828234","1","171268.34695161",False,False
"657","LINHA 64 KM 10",NULL,"ZONA RURAL",NULL,"585100","113561089","LINHA  64 GLEBA NOVO DESTINO SETOR TRINCHEIRA","2","GLEBA 20","GLEBA NOVO DESTINO SETOR TRINCHEIRA","29.94","14.9","10.97","21.77","-11.0021933333333","-62.776355","110130205000016","-11.051648","-62.726899","110130205000016","-11.051648","-62.726899","0","7705.56908272","1","0",True,NULL
"658","RUA GONCALVES DE PAIVA SETOR 01","3375",NULL,"SETOR 01","697370","214339878","RUA  GONCALVES DE PAIVA CENTRO","3374",NULL,"CENTRO","100","22.17","9.96","38.36","-11.0317016","-62.6643783","110130205000045","-11.031802","-62.664675","110130205000006","-11.031802","-62.664675","0","34.25236511","1","0",False,NULL
"659","RUA JASIEL OLIVEIRA DA SILVA SETOR 1","3121","ESCOLA","SETOR 1","263279","180239266","RUA  INACIO DA SILVA SETOR 05","3065",NULL,"SETOR 05","17.69","15.34","22.11","17.51","-11.0287378","-62.6655696","110130205000045","-10.427769","-62.474636","110011405000028","-10.427769","-62.474636","0","70004.83245772","1","69615.26622412",False,False
"660","RUA DOS PRINCESA ISABEL CENTRO","2369","ESCOLA","CENTRO","668454","218681954","RUA PRINCESA ISABEL CENTRO","2366",NULL,"CENTRO","21.91","21.63","100","23.7","-11.0293768","-62.6763781","110130205000030","-11.028792","-62.676613","110130205000003","-11.028792","-62.676613","0","69.89825834","1","0",False,NULL
"661","RUA MARECHAL RONDON CENTRO","2334","TERREO","CENTRO","547742","92571919","RUA MARECHAL RONDON CENTRO","2334",NULL,"CENTRO","100","25.19","100","62.73","-11.0302311","-62.6758883","110130205000030","-11.03036","-62.675585","110130205000003","-11.03036","-62.675585","0","36.07224669","1","0",False,NULL
"662","RUA PIAUI SETOR 02","2965",NULL,"SETOR 02","889835","1281321","RUA  PIAUI SETOR 02","3782",NULL,"SETOR 02","100","14.82","100","46.52","-11.0381017","-62.674138","110130205000034","-10.436876","-62.460666","110011405000012","-10.436867","-62.460661","1.14038455","70804.32485123","1","69988.57265792",False,NULL
"663","BR 421, KM 74 ZONA RURAL",NULL,NULL,"ZONA RURAL","194090","1652730","RODOVIA  BR 421 PROJETO SIDNEY GIRAO","1",NULL,"PROJETO SIDNEY GIRAO","29.8","16.07","11.45","22.39","-10.246216","-63.290521","110140105000007","-10.387934","-65.096703","110033820000019","-10.387934","-65.096703","0","198218.4037531","1","196172.42932112",False,False
"664","RUA JONAS ANTONIO DE SOUZA CENTRO","3791","PREDIO","CENTRO","590399","1706784","RUA  JONAS ANTONIO DE SOUZA CENTRO","3791",NULL,"CENTRO","100","26.98","100","64.88","-11.8310767","-61.31862","110147605000001","-11.830926","-61.318683","110147605000001","-11.830926","-61.318683","0","18.10556776","1","0",True,NULL
"665","AV JANIO QUADROS CENTRO",NULL,NULL,"CENTRO","590560","1706717","AVENIDA  JANIO QUADROS CENTRO","3918",NULL,"CENTRO","100","13.16","100","43.1","-11.8311143","-61.3142091","110147605000001","-11.831798","-61.314681","110147605000001","-11.831798","-61.314681","0","91.74596238","1","0",True,NULL
"666","AV. JORGE TEIXEIRA CENTRO","3979","TERREO","CENTRO","252354","1729594","AVENIDA  JORGE TEIXEIRA CENTRO","3697",NULL,"CENTRO","25.77","19.83","100","26.14","-11.8328138","-61.3171579","110147605000001","-11.124999","-62.365308","110170805000003","-11.124999","-62.365308","0","138708.6598266","1","137857.60849076",False,False
"667","RUA SAO PAULO SAO JOSE","278",NULL,"SAO JOSE","574869","1718688","RUA SAO PAULO SAO JOSE","278",NULL,"SAO JOSE","100","22.87","100","59.72","-11.7722057","-63.0375702","110150005000006","-11.772009","-63.037624","110150005000006","-11.772009","-63.037624","0","22.64256537","1","0",True,NULL
"668","AV. JORGE TEIXEIRA SAO JOSE","1013","PREDIO DO INCRA","SAO JOSE","574960","1718734","AVENIDA  JORGE TEIXEIRA SAO JOSE","1013",NULL,"SAO JOSE","25.77","25.39","100","27.74","-11.7723267","-63.0383333","110150005000006","-11.772061","-63.038112","110150005000006","-11.772061","-63.038112","0","38.12088965","1","0",True,NULL
"669","AVENIDA 02 SETOR 04",NULL,NULL,"SETOR 04","566700","92556581","TRAVESSAO  2 PROJETO DE ASSENTAMENTO BURITIS","1",NULL,"PROJETO DE ASSENTAMENTO BURITIS","100","16.07","12.4","36.35","-10.24962121","-63.3018267","110140105000028","-10.197813","-63.885636","110045205000020","-10.197813","-63.885636","0","64145.18771982","1","63896.76712109",False,NULL
"670","RUA JOSE VALADARES SETOR 03",NULL,"PREDIO","SETOR 03","295080","1695073","RUA  JOSE VALADARES CENTRO","2011","CASA","CENTRO","100","13.08","9.82","30.8","-10.2544332","-63.2972241","110140105000029","-10.260317","-63.292284","110140105000001","-10.260317","-63.292284","0","848.65848744","1","606.61799649",False,False
"671","RUA INDEPENDENCIA CENTRO","2228","BAIRRO","CENTRO","839582","215314497","RUA  INDEPENDENCIA CENTRO","0",NULL,"CENTRO","100","14.51","100","45.91","-10.915965","-62.5541217","110143505000001","-11.167831","-61.905991","110025405000007","-11.042736999999999","-62.230073000000004","37998.96609071","76077.23721514","1","75890.98071551",False,False
"672","RUA PORTO VELHO CENTRO","1117","CENTRO","CENTRO","223914","1700543","RUA  PORTO VELHO CENTRO","1119",NULL,"CENTRO","100","22.16","100","58.73","-10.9152663","-62.5548123","110143505000001","-10.915518","-62.556262","110143505000001","-10.915518","-62.556262","0","160.7384397","1","0",True,NULL
"673","RUA 13 DE MAIO CENTRO","1075","ZONA URBANA","CENTRO","272444","1750124","RUA  TREZE DE MAIO CENTRO","1279",NULL,"CENTRO","100","14.53","100","45.95","-10.9144487","-62.5555448","110143505000001","-9.190093","-63.187353","110110405000002","-9.190093","-63.187353","0","203835.78971451","1","202773.48474168",False,False
"674","BR 421, L. C. 35, KM 10 ZONA RURAL",NULL,NULL,"ZONA RURAL","333145","110619298","RODOVIA  RO 485 ZONA RURAL","33",NULL,"ZONA RURAL","23.41","12.05","100","21.05","-10.1603295","-63.3178138","110140105000014","-12.998843","-61.237375","110007205000022","-12.998843","-61.237375","0","388547.11641248","1","378606.6952221",False,False
"675","AV JORGE TEIXEIRA DE OLIVEIRA CENTRO","80",NULL,"CENTRO","547208","219945080","AVENIDA  JORGE TEIXEIRA DE OLIVEIRA CENTRO","0",NULL,"CENTRO","100","15.38","100","47.6","-11.908285","-61.5109483","110148405000002","-11.908083","-61.511689","110148405000002","-11.908083","-61.51128","44.50007888","83.66132922","1","0",True,NULL
"676","BR 421, LINHA C-50 ZONA RURAL",NULL,NULL,"ZONA RURAL","516903","110626330","LINHA  124 TRAVESSAO PARA A LINHA 13 NORTE","1",NULL,"TRAVESSAO PARA A LINHA 13 NORTE","27.71","16.07","12.45","21.86","-10.0245579","-63.2878808","110140105000016","-11.716296","-62.326073","110014805000015","-11.714017","-62.326856","267.36934228","215445.40795799","1","207332.21328415",False,False
"677","BR 421 KM 25 LOTE 10 ZONA RURAL",NULL,"PREDIO PROPRIO","ZONA RURAL","194090","1652730","RODOVIA  BR 421 PROJETO SIDNEY GIRAO","1",NULL,"PROJETO SIDNEY GIRAO","28.56","16.07","11.45","21.89","-10.07463983","-63.21200988","110140105000017","-10.387934","-65.096703","110033820000019","-10.387934","-65.096703","0","209157.1994285","1","203518.98594258",False,False
"678","ROD.470, KM 35 GLEBA 05 LOTE 18 ASSENTAMENTO MARGARIDA ALVES ZONA RURAL",NULL,"PREDIO","ZONA RURAL","333145","110619298","RODOVIA  RO 485 ZONA RURAL","33",NULL,"ZONA RURAL","21.44","12.05","100","19.9","-10.9310891","-62.4802043","110143505000012","-12.998843","-61.237375","110007205000022","-12.998843","-61.237375","0","266721.28119437","1","257933.73207625",False,False
"679","RODOVIA 470, LINHA 41, ASSENTAMENTO PALMARES GLEBA 04 ZONA RURAL",NULL,"AREA SOCIAL","ZONA RURAL","24676","180243968","LINHA  04 ZONA RURAL","1",NULL,"ZONA RURAL","18.85","16.07","100","19.77","-10.9432803","-62.5403833","110143505000018","-12.968453","-60.812191","110007205000012","-12.968453","-60.812191","0","293341.29416513","1","282232.18400206",False,False
"680","RUA JUDITE JESUS DE OLIVEIRA CENTRO","352",NULL,"CENTRO","689868","220213362","RUA  ANTONIO JESUS DE OLIVEIRA CENTRO","0",NULL,"CENTRO","22.18","11.83","100","20.21","-12.1810224","-61.6042028","110145005000002","-12.18324","-61.605735","110145005000002","-12.182770999999999","-61.605636000000004","53.24903605","297.55536743","1","0",True,NULL
"681","KAPA 24 RURAL",NULL,"ZONA RURAL","RURAL","152114","110647674","AVENIDA  KAPA 24 KAPA 24","1",NULL,"KAPA 24","100","16.07","9.68","33.59","-12.3235651","-61.2867044","110145005000007","-11.736399","-61.319892","110147605000004","-11.736399","-61.319892","0","65389.66465575","1","58004.73135057",False,False
"682","RUA RONALDO ARAGAO CENTRO","3539","PREDIO ANTIGA CAMARA","CENTRO","175801","97972061","RUA  RONALDO ARAGAO CENTRO","0",NULL,"CENTRO","100","15.18","100","47.22","-12.0619002","-63.5695547","110149205000001","-11.912875","-61.510638","110148405000001","-11.912875","-61.510638","0","224560.60545122","1","224783.75065095",False,False
"683","RUA ANTONIO RODRIGUES DE SOUZA CENTRO","1371","ESCOLA","CENTRO","687889","1705644","RUA  ANTONIO RODRIGUES DE SOUZA CENTRO","1371",NULL,"CENTRO","100","27.14","100","65.06","-13.4784248","-61.0443178","110146805000001","-13.478484","-61.043947","110146805000001","-13.478484","-61.043947","0","40.63230635","1","0",True,NULL
"684","RUA ANOTONIO RODRIGUES DE SOUZA CENTRO",NULL,"ESCOLA","CENTRO","846257","215207400","RUA  ANTONIO RODRIGUES DE SOUZA CENTRO","479",NULL,"CENTRO","19.44","13.03","100","19.1","-13.4813897","-61.0489962","110146805000002","-13.483706","-61.052124","110146805000002","-13.483706","-61.052124","0","425.11700803","1","0",True,NULL
"685","RUA ANTONIO RODRIGUES DE SOUZA CENTRO","951",NULL,"CENTRO","846250","1705947","RUA  ANTONIO RODRIGUES DE SOUZA CENTRO","951",NULL,"CENTRO","100","26.2","100","63.97","-13.4808674","-61.0477324","110146805000002","-13.481078","-61.047864","110146805000002","-13.481078","-61.047864","0","27.40225007","1","0",True,NULL
"686","LH 95 KAPA 24 ZONA RURAL - T.I. KWAZA DO RIO SAO PEDRO ZONA RURAL",NULL,"ALDEIA RIO SAO PEDRO","ZONA RURAL","332960","91964523","LINHA  155 ZONA RURAL","1","FAZENDA","ZONA RURAL","16.93","16.07","100","18.25","-12.35738289","-61.35594758","110145005000017","-12.765282","-61.406342","110007205000022","-12.765282","-61.406241","10.9531185","45684.96205179","1","45202.53012001",False,False
"687","LH 95 KAPA 24 ZONA RURAL - T.I. KWAZA DO RIO SAO PEDRO - PARE ZONA RURAL","0","ALDEIA AGUA LIMPA","ZONA RURAL","333148","180224545","RODOVIA  RO 485 ZONA RURAL","0",NULL,"ZONA RURAL","18.55","28.7","100","21.88","-12.3885158","-61.3604106","110145005000018","-13.000702","-61.238231","110007205000022","-13.0006335","-61.238219","7.72702797","69350.32595131","1","68870.6693167",False,False
"688","LH 75 KAPA 08, COM A LH 90 KM 01, Z. RURAL - TERRA INDIGENA ZONA RURAL",NULL,"ALDEIA 2 IRMAOS","ZONA RURAL","332960","91964523","LINHA  155 ZONA RURAL","1","FAZENDA","ZONA RURAL","18.12","16.07","100","19.2","-12.3136297","-61.4603126","110145005000019","-12.765282","-61.406342","110007205000022","-12.765282","-61.406241","10.9531185","50562.0186571","1","49638.992076",False,False
"689","RUA GETULIO DORNELES VARGAS CENTRO","393",NULL,"CENTRO","944368","1703365","RUA  GETULIO DORNELES VARGAS RUAS","393",NULL,"RUAS","100","22.42","10.21","38.88","-12.1808239","-61.6014036","110145005000021","-12.180562","-61.601705","110145005000001","-12.180562","-61.601705","0","43.83249827","1","0",False,NULL
"690","COMUNIDADE PEDRAS NEGRAS ZONA RURAL",NULL,"RIO GUAPORE","ZONA RURAL","895776","1511544","RUA  PEDRA NEGRA LAGOINHA","7147",NULL,"LAGOINHA","21.09","13.2","10.57","17.3","-12.85211821","-62.90134388","110149205000034","-8.766757","-63.846174","110020505090095","-8.766757","-63.846174","0","465840.71607119","1","462791.05061889",False,NULL
"691","RUA PROJETADA NOVA ESPERANCA","10",NULL,"NOVA ESPERANCA","533825","180282640","RUA  PROJETADA NOVA ESPERANCA","0",NULL,"NOVA ESPERANCA","100","18.14","100","52.57","-11.9133781","-61.5090211","110148405000001","-8.7224","-63.879946","110020505000174","-8.7225745","-63.879926","19.52765779","439491.05224842","1","437531.12766017",False,False
"692","AV. SETE DE SETEMBRO NOVA ESPERANCA","391",NULL,"NOVA ESPERANCA","749648","1169782","AVENIDA  SETE DE SETEMBRO JARDIM CLODOALDO","3971",NULL,"JARDIM CLODOALDO","24.38","21.37","11.95","21.53","-11.9137874","-61.5091522","110148405000001","-11.425906","-61.445603","110004905000041","-11.425915","-61.4456025","1.00223839","54689.61358125","1","54097.85131649",False,False
"693","AV TANCREDO DE ALMEIDA NEVES CENTRO","3108","QUERENCIA DO NORTE","CENTRO","694628","1661452","AVENIDA  TANCREDO DE ALMEIDA NEVES CENTRO","3107","CASA","CENTRO","100","19.94","100","55.46","-11.9750084","-61.3769093","110147605000010","-12.132592","-61.861141","110037905000021","-12.132592","-61.861141","0","55495.92859215","1","55008.91403925",False,NULL
"694","RUA FLAVIO SARAIVA DE MATOS CENTRO",NULL,"QUERENCIA DO NORTE","CENTRO","103117","1708110","RUA  FLAVIO SARAIVA MATOS QUERENCIA DO NORTE","4161",NULL,"QUERENCIA DO NORTE","43.7","12.09","10.66","23.84","-11.9756239","-61.3735642","110147605000010","-11.97423","-61.377558","110147605000010","-11.97423","-61.377558","0","461.2483686","1","0",True,NULL
"695","AV. PRINCIPAL CENTRO","4343","DIST. NOVO PARAISO","CENTRO","163506","218165963","AVENIDA  PRINCIPAL CENTRO","0",NULL,"CENTRO","15.71","11.66","100","15.95","-11.8003121166667","-61.47707785","110148405000006","-13.192716","-60.804465","110005605000017","-13.192716","-60.804465","0","171182.2923038","1","169926.74506058",False,False
"696","RUA 05, ESQUINA C/ AVENIDA 01 CENTRO","5015","DISTRIT NOVO PARAISO","CENTRO","660950","215052367","AVENIDA  CINCO DE SETEMBRO CENTRO","5017",NULL,"CENTRO","16.48","20.18","100","18.73","-11.7990481","-61.4741899","110148405000006","-11.347368","-62.288435","110034605000008","-11.347368","-62.288435","0","101931.46977229","1","101336.85247855",False,False
"697","RODOVIA BR 429 KM 92 ESQUINA C/LINHA 033 ZONA RURAL",NULL,NULL,"ZONA RURAL","595887","110649504","RODOVIA  BR 429 GLEBA BOM PRINCIPIO B","1","CASA VERDE","GLEBA BOM PRINCIPIO B","23.51","16.07","11.28","19.57","-12.0722435","-63.7196193","110149205000008","-11.7636","-63.050337","110150005000008","-11.7636","-63.051795","158.71738637","80499.03343434","1","66094.91626538",False,False
"698","RUA MOGNO PORTO MURTINHO",NULL,"ESCOLA INDIGENA","PORTO MURTINHO","586693","1715671","RUA  MOGNO PORTO MURTINHO","0",NULL,"PORTO MURTINHO","100","11.1","100","38.43","-11.9514606","-63.5884493","110149205000010","-12.293858","-63.397493","110149210000001","-12.293669999999999","-63.397423","22.24508927","43364.94236872","1","32862.39543684",False,False
"699","TRAVESSAO LINHA 4A ZONA RURAL",NULL,NULL,"ZONA RURAL","219366","92576773","LINHA  4A GLEBA TERRA FIRME","1",NULL,"GLEBA TERRA FIRME","100","16.07","11.15","35.19","-11.9514393","-63.5883588","110149205000010","-12.02868","-63.566871","110149205000026","-12.02868","-63.566871","0","8901.11205805","1","3118.10910885",False,NULL
"700","BR 429 KM 65 LINHA 20 KM 3,5 RURAL",NULL,"LINHA 20","RURAL","233521","180397347","RODOVIA  BR 425 BR 425","1",NULL,"BR 425","27.84","16.07","9.66","20.86","-12.0273183","-63.9731868","110149205000012","-10.425036","-65.338307","110033805000009","-10.4126075","-65.33213599999999","1537.96682931","232184.7205796","1","230248.97811863",False,False
"701","RUA MANAUS ALTO ALEGRE","3240","APAE","ALTO ALEGRE","593733","1712281","RUA  MANAUS CIDADE BAIXA","3240",NULL,"CIDADE BAIXA","100","26.49","10.98","42.27","-12.0713195","-63.5687266","110149205000056","-12.071318","-63.56883","110149205000056","-12.071318","-63.56883","0","11.24457457","1","0",True,NULL
"702","RUA MACAPA ALTO ALEGRE","3441","ESCOLA","ALTO ALEGRE","500051","1478653","AVENIDA  MACAPA JARDIM TROPICAL","3441",NULL,"JARDIM TROPICAL","100","24.58","10.28","40.22","-12.0731034","-63.5685338","110149205000056","-11.729193","-61.763857","110028805000025","-11.729193","-61.763857","0","200046.18005631","1","200145.21809926",False,False
"703","RUA RONDONIA CENTRO","4070",NULL,"CENTRO","565775","1374329","RUA  RONDONIA CENTRO","3390",NULL,"CENTRO","100","14.21","100","45.3","-12.0615467","-63.57348","110149205000058","-9.428187","-62.002446","110013005000004","-9.428187","-62.002446","0","339399.59635147","1","338053.80382564",False,NULL
"704","COMUNIDADE SANTO ANTONIO ZONA RURAL",NULL,NULL,"ZONA RURAL","288470","215125306","RUA SANTO ANTONIO PLANALTO","1",NULL,"PLANALTO","20.24","16.07","10.46","17.67","-12.632119","-63.02637","110149205000051","-9.771622","-66.369116","110020517000005","-9.771622","-66.369116","0","483821.07309767","1","472821.75448617",False,False
"705","RUA VALECIO DE ARAUJO CIDADE ALTA","3400",NULL,"CIDADE ALTA","672558","92318306","AVENIDA  EDUARDO CORREA DE ARAUJO CIDADE NOVA","2810",NULL,"CIDADE NOVA","21.2","14.87","17.5","19.16","-12.0545536","-63.5706592","110149205000059","-10.418828","-65.337349","110033805000008","-10.418828","-65.337349","0","264962.68438269","1","263817.22325021",False,NULL
"706","RUA PRIMAVERA CENTRO","4015","PREDIO PROPRIO","CENTRO","571528","1595981","AVENIDA  PRIMAVERA CENTRO","1615",NULL,"CENTRO","100","12.54","100","41.77","-10.4278861","-62.1291367","110180705000015","-12.560006","-60.907524","110092405000001","-12.560006","-60.907524","0","271890.26544388","1","270455.7968344",False,NULL
"707","RODOVIA RODOVIA 377 KM 16 SETOR PORTO MURTINHO ZONA RURAL",NULL,"E. PEREIRA E CACERES","ZONA RURAL","790696","91965176","RODOVIA  RO 370 ZONA RURAL","2",NULL,"ZONA RURAL","19.12","14.9","100","19.6","-12.1911965","-63.4474008","110149210000004","-13.032877","-60.937138","110007205000019","-13.032877","-60.937138","0","288019.92569548","1","274003.39687912",False,False
"708","RUA 13 DE FEVEREIRO SETOR 04","0","HOSPITAL MUNICIPAL","SETOR 04","954080","1738635","RUA  TREZE DE FEVEREIRO SETOR 1","0",NULL,"SETOR 1","100","28.7","23.59","54.92","-10.4297051","-62.1256831","110180705000017","-10.427433","-62.1327","110180705000001","-10.427433","-62.1327","0","807.87724447","1","598.44876844",False,False
"709","RUA 19 DE NOVEMBRO SETOR 04","1438","ESCOLA","SETOR 04","349152","216962413","RUA  19 DE NOVEMBRO SETE DE SETEMBRO","1587",NULL,"SETE DE SETEMBRO","100","15.37","15.24","37.63","-10.4297009","-62.1231239","110180705000017","-11.412218","-61.441222","110004905000111","-11.412218","-61.441222","0","132206.58836958","1","131498.80402898",False,NULL
"710","RUA SANTO PEREIRA SETOR 04","170",NULL,"SETOR 04","326416","1582120","RUA  JOSE PEREIRA SETOR 03","2447",NULL,"SETOR 03","16.5","14.06","28.02","16.61","-10.93242664","-62.25626844","110155905000001","-10.573715","-63.621413","110070005000004","-10.573715","-63.621413","0","154373.45636911","1","154145.49878755",False,NULL
"711","AVENIDA JORGE TEIXEIRA CENTRO","609",NULL,"CENTRO","594275","1717523","AVENIDA  JORGE TEIXEIRA CENTRO","609",NULL,"CENTRO","100","21.03","100","57.12","-11.7681083","-63.0381868","110150005000001","-11.768055","-63.038019","110150005000001","-11.768055","-63.038019","0","19.20378659","1","0",True,NULL
"712","AV SETE DE SETEMBRO CENTRO","661",NULL,"CENTRO","236222","1717743","AVENIDA  SETE DE SETEMBRO CENTRO","661","FRENTE","CENTRO","100","25.31","100","62.88","-11.76848","-63.0362817","110150005000002","-11.768474","-63.03626","110150005000002","-11.768474","-63.03626","0","2.45462128","1","0",True,NULL
"713","AV. CAPITAO SILVIO CRISTO REI","647",NULL,"CRISTO REI","273230","218100727","AVENIDA CAPITAO SILVIO CRISTO REI","996",NULL,"CRISTO REI","22.75","13.89","100","21.66","-11.7690165","-63.0332101","110150005000003","-11.693186","-62.715489","110032005000006","-11.693173999999999","-62.7154795","1.68834613","35603.95386198","1","35295.43253321",False,False
"714","AVENIDA CAPITAO SILVIO CRISTO REI","898",NULL,"CRISTO REI","273258","1637791","AVENIDA CAPITAO SILVIO CRISTO REI","0","SALA 7","CRISTO REI","100","14.49","100","45.86","-11.77177","-63.033635","110150005000003","-11.691743","-62.715404","110032005000006","-11.691791","-62.7153865","5.66732169","35771.02804305","1","35339.59552331",False,False
"715","RUA NOVA ESPERANCA CENTRO",NULL,"PREDIO","CENTRO","662734","1690003","RUA  NOVA ESPERANCA CENTRO","5526",NULL,"CENTRO","100","11.13","100","38.51","-10.93716594","-62.25816546","110155905000002","-11.198942","-61.513986","110120305000015","-11.198942","-61.513986","0","86268.92560901","1","85814.81571294",False,False
"716","RODOVIA BR 429 KM 16 ZONA RURAL",NULL,NULL,"ZONA RURAL","595887","110649504","RODOVIA  BR 429 GLEBA BOM PRINCIPIO B","1","CASA VERDE","GLEBA BOM PRINCIPIO B","30.44","16.07","11.28","22.57","-11.8428608","-63.1649833","110150005000011","-11.7636","-63.050337","110150005000008","-11.7636","-63.051795","158.71738637","15277.12541307","1","70.13165698",False,True
"717","RD BR 429 KM 32 ZONA RURAL",NULL,NULL,"ZONA RURAL","521126","1488465","TRAVESSAO  DO KM 9 DA 184 TRAVESSAO KM 9 LADO ESQUERDO","1","CHACARA","TRAVESSAO KM 9 LADO ESQUERDO","22.38","16.07","12.02","19.21","-11.9402027","-63.2505563","110150005000011","-11.804843","-61.791088","110028805000055","-11.804843","-61.791088","0","159525.45501703","1","134653.07976057",False,False
"718","LINHA 12 KM 08 ZONA RURAL",NULL,NULL,"ZONA RURAL","792503","109873290","LINHA  08 ZONA RURAL","1",NULL,"ZONA RURAL","22.73","16.07","100","22.6","-11.824524","-62.922832","110150005000021","-13.05262","-61.084612","110007205000015","-13.05262","-61.084612","0","241842.2791068","1","241243.08591501",False,False
"719","LINHA 14 KM 12 ZONA RURAL",NULL,NULL,"ZONA RURAL","604849","92294860","LINHA  KM 14 BANDEIRA BRANCA","2",NULL,"BANDEIRA BRANCA","36.2","14.9","10.67","23.73","-11.9018156","-63.0968093","110150005000022","-10.998064","-61.876505","110025425000002","-10.998064","-61.876505","0","166688.49455419","1","165798.0512177",False,False
"720","RUA PRINCIPE CENTRO",NULL,NULL,"CENTRO","225028","180450500","RUA  PRINCIPE CENTRO","191",NULL,"CENTRO","100","12.07","100","40.71","-10.9329031","-62.2600861","110155905000005","-10.93281","-62.259699","110155905000002","-10.93281","-62.259699","0","43.5118142","1","3.41979983",False,True
"721","LINHA 28, ESQUINA COM 31, LOTE 26, GLEBA 12 E ZONA RURAL",NULL,NULL,"ZONA RURAL","43771","1292572","LINHA  628 LINHA 628","1",NULL,"LINHA 628","26.21","16.07","10.77","20.64","-10.9799744","-62.2765681","110155905000006","-10.473589","-62.456884","110011405000052","-10.473431999999999","-62.456433000000004","52.31238155","59654.20665483","1","50923.01081328",False,False
"722","LINHA 605 KM 45 TV 10 RURAL",NULL,"RURAL","RURAL","622089","98173106","LINHA  145 RURAL","12","LADO DIREITO","RURAL","24.45","13.4","100","22.45","-10.099264","-62.2222261","110160905000004","-12.881969","-60.456834","110030405000069","-12.8801525","-60.45986","385.21176409","364335.00824981","1","360415.47927166",False,False
"723","AVENIDA DOS PIONEIROS 01","1468","CENTRO","01","763375","1261642","AVENIDA  DOS PIONEIROS DEZ DE ABRIL","1462",NULL,"DEZ DE ABRIL","100","19.34","10.97","37.8","-10.2453513","-62.3477813","110160905000001","-10.772991","-65.321242","110010605000001","-10.772991","-65.321242","0","330337.564341","1","330445.27191841",False,False
"724","RUA ULISSES GUIMARAES CENTRO","2302",NULL,"CENTRO","930324","215221253","AVENIDA  ULISSES GUIMARAES CENTRO","2309",NULL,"CENTRO","100","18.97","100","53.93","-10.2498115","-62.3449945","110160905000001","-10.249422","-62.34523","110160905000001","-10.249422","-62.34523","0","50.39659134","1","0",True,NULL
"725","AV. 13 DE FEVEREIRO CENTRO","1460","PREDIO","CENTRO","136833","92578090","AVENIDA  TREZE DE FEVEREIRO CENTRO","1460",NULL,"CENTRO","26.86","23.29","100","28.05","-10.2463446","-62.3497562","110160905000002","-10.246319","-62.349524","110160905000002","-10.246319","-62.349524","0","25.56669442","1","0",True,NULL
"726","AVENIDA BRASIL Nº 2443 ZONA RURAL",NULL,"AREA ASSENTAMENTO","ZONA RURAL","333145","110619298","RODOVIA  RO 485 ZONA RURAL","33",NULL,"ZONA RURAL","16.57","12.05","100","16.71","-10.029652","-62.3490987","110160905000016","-12.998843","-61.237375","110007205000022","-12.998843","-61.237375","0","351673.30331877","1","349544.15902328",False,False
"727","ESTRADA LINHA 599 KM 12 ZONA RURAL",NULL,"SITIO","ZONA RURAL","193563","110650193","LINHA  L 599 RURAL","1",NULL,"RURAL","24.8","16.07","11.48","20.25","-10.2807129","-62.4936319","110160905000009","-10.346503","-62.558349","110160905000009","-10.346503","-62.558349","0","10180.50835542","1","0",True,NULL
"728","RUA CARLOS DE LIMA NOVO HORIZONTE","1729","ESCOLA","NOVO HORIZONTE","824853","1729076","RUA  CARLOS DE LIMA NOVO HORIZONTE","1728",NULL,"NOVO HORIZONTE","100","15.44","100","47.73","-11.12539","-62.3713217","110170805000001","-11.125555","-62.370859","110170805000001","-11.125555","-62.370859","0","53.71367574","1","0",True,NULL
"729","LH C-50 ASSENTAMENTO ANTONIO CONSELHEIRO I ZONA RURAL",NULL,"AREA DE ASSENTAMENTO","ZONA RURAL","332960","91964523","LINHA  155 ZONA RURAL","1","FAZENDA","ZONA RURAL","16.35","16.07","100","17.77","-10.0468843","-62.471394","110160905000012","-12.765282","-61.406342","110007205000022","-12.765282","-61.406241","10.9531185","323794.03420916","1","297655.05610867",False,False
"730","AVENIDA MOACIR DE PAULA VIEIRA ALTO ALEGRE","4343",NULL,"ALTO ALEGRE","75197","215401063","AVENIDA  MOACIR DE PAULA VIEIRA ALTO ALEGRE","4365","FRENTE 1","ALTO ALEGRE","100","15.87","100","48.54","-11.12473236","-62.37205112","110170805000008","-11.124431","-62.37161","110170805000008","-11.124416","-62.37158599999999","3.10462927","58.6453458","1","0",True,NULL
"731","RUA OTAVIO PEDRO DE OLIVEIRA ALTO ALEGRE","5127",NULL,"ALTO ALEGRE","809561","98113746","RUA  OTAVIO PEDRO DE OLIVEIRA ALTO ALEGRE","5102",NULL,"ALTO ALEGRE","100","13.58","100","44","-11.12144935","-62.37479567","110170805000008","-11.121999","-62.374412","110170805000008","-11.121999","-62.374412","0","74.0796826","1","0",True,NULL
"732","RUA GETULIO VARGAS ALTO ALEGRE","4840","PREDIO ESCOLAR","ALTO ALEGRE","809630","92580756","RUA  GETULIO VARGAS ALTO ALEGRE","0","EDIFICIO ESCOLA","ALTO ALEGRE","100","14.47","100","45.83","-11.12061984","-62.37465112","110170805000008","-11.120981","-62.374941","110170805000008","-11.120981","-62.374941","0","51.1184064","1","0",True,NULL
"733","RO 133 KM 15 TV 04 ZONA RURAL",NULL,"ZONA RURAL","ZONA RURAL","617652","180312695","TRAVESSAO  DA RO 133 PRA MP 47 LINHA MP 23","1",NULL,"LINHA MP 23","24.44","16.07","11.04","19.94","-10.1919149","-62.2807672","110160905000021","-9.521999","-62.073572","110013005000055","-9.521815499999999","-62.0793405","632.92046816","77872.96819481","1","73670.46019043",False,NULL
"734","RUA MARACATIARA SUMAUMA","3320","EM FRENTE AO DETRAN","SUMAUMA","577235","92580479","RUA  MARACATIARA SUMAUMA","3320",NULL,"SUMAUMA","100","23.95","100","61.16","-11.1338907","-62.3650673","110170805000027","-11.133997","-62.365159","110170805000005","-11.133997","-62.365159","0","15.48569524","1","0",False,NULL
"735","RUA SERINGUEIRAS SUMAUMA","3275","ZONA RUBANA","SUMAUMA","577332","92580507","RUA  SERINGUEIRA SUMAUMA","3275",NULL,"SUMAUMA","44.64","23.09","100","39.46","-11.13527625","-62.36541661","110170805000027","-11.134963","-62.365194","110170805000005","-11.134963","-62.365194","0","42.46320567","1","0",False,NULL
"736","LINHA TN-10 ZONA RURAL",NULL,NULL,"ZONA RURAL","577744","110650475","LINHA  TN 10 GLEBA D JARU UARU","880","CASA","GLEBA D JARU UARU","54.53","14.57","11.79","28.53","-11.0385653","-62.2206779","110170805000012","-11.035453","-62.277692","110170805000012","-11.035453","-62.277692","0","6232.04312753","1","0",True,NULL
"737","LINHA C 03 NUCLEO PRIMAVERA",NULL,"NUCLEO PRIMAVERA",NULL,"97786","180225411","LINHA  PRIMAVERA CANELINHA","12",NULL,"CANELINHA","21.51","13.4","10.66","17.59","-11.0860011","-62.3029756","110170805000015","-11.4459","-60.981399","110009812000002","-11.445553499999999","-60.9814475","38.88997203","149573.79387292","1","149229.99978715",False,False
"738","RUA VILHENA 07","2360","BNH","07","1048","1213513","RUA  VILHENA BNH","2360","QUADRA","BNH","100","27.65","10.63","42.3","-9.9031992","-63.0438952","110002305000051","-9.902783","-63.043755","110002305000051","-9.902783","-63.043755","0","48.7609262","1","0",True,NULL
"739","AREA RURAL LINHA E LOTE 95 GLEBA 04 SETOR PROSPERIDADE AREA RURAL DE CACOAL",NULL,"ESCOLA","AREA RURAL DE CACOAL","181320","109896913","LINHA  B 94 GLEBA CUJUBIM","1","LOTE GLEBA 6","GLEBA CUJUBIM","21.08","16.07","11.53","18.4","-11.5207992","-61.5974503","110004905000072","-9.458833","-62.641623","110094005000007","-9.458833","-62.641623","0","256128.7772857","1","248185.02411779",False,NULL
"740","RUA PROFESSOR IRIS JOSE DUARTE JOSINO BRITO","3513",NULL,"JOSINO BRITO","334928","91958249","RUA PROFESSORA IRIS JOSE DUARTE JOSINO BRITO","3358","CASA","JOSINO BRITO","45.65","15.38","100","34.08","-11.4147622","-61.4717101","110004905000131","-11.41618","-61.471583","110004905000082","-11.41618","-61.471583","0","158.25987652","1","3.01935601",False,True
"741","BR 364 KM 228 LOTE 2A ZONA RURAL",NULL,NULL,"ZONA RURAL","419930","110252886","RODOVIA  BR 364 BR 364 SAIDA PARA JARU","1","CASA","BR 364 SAIDA PARA JARU","29.56","16.07","11.77","22.41","-11.4795691","-61.3798145","110004905000084","-10.699034","-62.26201","110015505000049","-10.698143","-62.2631775","161.51873251","129612.59480569","1","127583.87357933",False,False
"742","RUA LUIZ ALVES DE ARAUJO RESIDENCIAL PARQUE ALVORADA","3873",NULL,"RESIDENCIAL PARQUE ALVORADA","100487","1168078","RUA  OLIVIO FREIRE DE ARAUJO RESIDENCIAL PARQUE BRIZON","983",NULL,"RESIDENCIAL PARQUE BRIZON","19.66","15.33","20.14","18.65","-11.4185413","-61.4678974","110004905000112","-11.417538","-61.461063","110004905000037","-11.417538","-61.461063","0","753.21911309","1","254.88353471",False,NULL
"743","RUA PROFESSORA MARIA LUCIA DA SILVA MILLER RESIDENCIAL PARQUE BRIZON","2640",NULL,"RESIDENCIAL PARQUE BRIZON","100404","1168190","RUA PROFESSORA MARIA LUCIA DA SILVA MILER RESIDENCIAL PARQUE BRIZON","2640",NULL,"RESIDENCIAL PARQUE BRIZON","20.86","28.67","100","24.08","-11.417605","-61.4568287","110004905000125","-11.417774","-61.456764","110004905000037","-11.417774","-61.456764","0","20.07157275","1","0",False,NULL
"744","RUA SALGADO FILHO SAO CRISTOVAO","2286",NULL,"SAO CRISTOVAO","679251","92240181","RUA  SALGADO FILHO SAO CRISTOVAO","2285",NULL,"SAO CRISTOVAO","100","21.27","100","57.46","-8.757676200000002","-63.8943074","110020505060020","-8.7577","-63.894725","110020505060020","-8.7577","-63.894725","0","45.96992278","1","0",True,NULL
"745","RUA GETULIO VARGAS SAO JOAO BOSCO","2308",NULL,"SAO JOAO BOSCO","561520","1345899","RUA  GETULIO VARGAS SAO JOAO BOSCO","3408","SOBRADO","SAO JOAO BOSCO","100","15.45","100","47.75","-8.759059000000002","-63.895603","110020505060020","-8.749317","-63.897807","110020505060039","-8.749317","-63.897807","0","1110.01242622","1","941.27606191",False,False
"746","RUA PIONEIRO JOAQUIM DIAS PEREIRA ALPHA PARQUE","4957",NULL,"ALPHA PARQUE","60288","100093069","RUA PIONEIRO JOAQUIM DIAS PEREIRA ALPHA PARQUE","4605",NULL,"ALPHA PARQUE","100","14.33","100","45.54","-11.42721405","-61.41987709","110004905000147","-11.427415","-61.424535","110004905000101","-11.427415","-61.424535","0","508.16103204","1","240.87149262",False,True
"747","RUA JOSE DO PATROCINIO JARDIM ELDORADO","4352",NULL,"JARDIM ELDORADO","60885","100091311","RUA  JOSE DO PATROCINIO JARDIM ELDORADO","4352",NULL,"JARDIM ELDORADO","100","27.32","100","65.27","-11.4377961","-61.4264237","110004905000150","-11.437578","-61.426377","110004905000106","-11.437578","-61.426377","0","24.7799774","1","0",False,NULL
"748","RUA JOSE DO PATROCINIO JARDIM ELDORADO","4352","PREDIO","JARDIM ELDORADO","60885","100091311","RUA  JOSE DO PATROCINIO JARDIM ELDORADO","4352",NULL,"JARDIM ELDORADO","100","27.32","100","65.27","-11.4378763","-61.4263963","110004905000150","-11.437578","-61.426377","110004905000106","-11.437578","-61.426377","0","33.23612046","1","0",False,NULL
"749","RUA ANISIO SERRAO FLORESTA","3637",NULL,"FLORESTA","60814","1174225","RUA  ANISIO SERRAO FLORESTA","3637",NULL,"FLORESTA","100","25.98","100","63.7","-11.4354617","-61.4323297","110004905000150","-11.435514","-61.43232","110004905000106","-11.435514","-61.43232","0","5.91081232","1","0",False,NULL
"750","AVENIDA GERALDA SIMAO DE SOUZA ELDORADO","2166",NULL,"ELDORADO","50931","100091974","AVENIDA  GERALDA SIMAO DE SOUZA JARDIM ELDORADO","2185","BARRACAO","JARDIM ELDORADO","100","14.69","18.94","38.61","-11.4456522","-61.4307357","110004905000153","-11.445405","-61.430458","110004905000104","-11.445405","-61.430458","0","40.88419256","1","0",False,NULL
"751","AVENIDA GUAPORE CENTRO","4216",NULL,"CENTRO","771430","1331472","AVENIDA  GUAPORE CENTRO","4216",NULL,"CENTRO","100","23.79","100","60.95","-13.1167906","-60.5435926","110006405000008","-13.116621","-60.543693","110006405000008","-13.116621","-60.543693","0","21.76846272","1","0",True,NULL
"752","AVENIDA PORTO VELHO JARDIM CLODOALDO","4121",NULL,"JARDIM CLODOALDO","335554","1169385","AVENIDA  PORTO VELHO JARDIM CLODOALDO","4121",NULL,"JARDIM CLODOALDO","100","27.21","100","65.15","-11.42452237","-61.44682475","110004905000174","-11.424507","-61.446671","110004905000040","-11.424507","-61.446671","0","16.8444343","1","0",False,NULL
"753","RUA PRESIDENTE MEDICI JARDIM CLODOALDO","1930","PREDIO","JARDIM CLODOALDO","335862","1169355","RUA PRESIDENTE MEDICI JARDIM CLODOALDO","1930",NULL,"JARDIM CLODOALDO","100","19.2","100","54.3","-11.4244761","-61.4493514","110004905000174","-11.424838","-61.449774","110004905000040","-11.424838","-61.449774","0","61.16288338","1","0",False,NULL
"754","RUA PIONEIRA MARIA NANCI SANTANA GOIS GREENVILLE","530",NULL,"GREENVILLE","724432","220401764","RUA  MARIA NACI SANTANA GOIS GREEN VILLE","0",NULL,"GREEN VILLE","22.73","13.11","9.18","17.56","-11.429721","-61.483802","110004905000178","-11.429704","-61.48484","110004905000092","-11.4297005","-61.484881","4.48550238","113.14732761","1","0",False,NULL
"755","AVENIDA JUCELINO KUBSTCHEK RIOZINHO",NULL,NULL,"RIOZINHO","231323","1656320","AVENIDA PRESIDENTE JUCELINO KUBSTCHEK CIDADE ALTA","3834",NULL,"CIDADE ALTA","24.84","13.48","10.24","18.95","-11.5118658","-61.3598317","110004910000001","-11.35321","-62.297582","110034605000012","-11.35321","-62.297582","0","103715.6474471","1","103259.93065868",False,NULL
"756","AVENIDA AGLAIR NOGUEIRA RIOZINHO","1881",NULL,"RIOZINHO","10724","1183311","AVENIDA  AGUIAR NOGUEIRA RIOZINHO","0",NULL,"RIOZINHO","19.07","13.36","100","18.98","-11.5060285","-61.3604399","110004910000004","-11.505539","-61.359656","110004910000005","-11.505539","-61.359656","0","101.28281003","1","0",False,True
"757","ALDEIA NAPDJAN SURUI LINHA 09 TERRA INDIGENA SETE DE SETEMBRO ZONA RURAL",NULL,"CRE/CACOAL","ZONA RURAL","795821","110618997","LINHA  09 ZONA RURAL","1",NULL,"ZONA RURAL","16.29","16.07","100","17.73","-11.258797","-61.37139","110004910000007","-13.059072","-61.092489","110007205000015","-13.058328","-61.0905125","229.52148362","202464.16771811","1","191446.81770743",False,False
"758","LINHA 9 GLEBA 9 LOTE 52 ZONA RURAL",NULL,NULL,"ZONA RURAL","795821","110618997","LINHA  09 ZONA RURAL","1",NULL,"ZONA RURAL","18.96","16.07","100","19.85","-11.2642516","-61.3709013","110004910000007","-13.059072","-61.092489","110007205000015","-13.058328","-61.0905125","229.52148362","201856.48528887","1","191446.81770743",False,False
"759","AREA RURAL AREA RURAL DE CACOAL",NULL,"LH07 GL06 KM17 LT56","AREA RURAL DE CACOAL","76429","1177770","RUA  RURAL TEIXEIRAO","1434",NULL,"TEIXEIRAO","22.56","12.36","10.96","17.75","-11.2892349","-61.4435889","110004910000009","-11.42308","-61.432757","110004905000095","-11.42308","-61.432757","0","14929.69077631","1","11095.21732279",False,False
"760","LINHA 10 GLEBA 10 LOTE 58 AREA RURAL DE CACOAL",NULL,NULL,"AREA RURAL DE CACOAL","275777","1194817","LINHA  158 TUCANOS","1","CASA","TUCANOS","24.33","16.07","11.15","19.93","-11.1747587","-61.333465","110004910000012","-11.942681","-62.019571","110001505000031","-11.942681","-62.019571","0","113481.02008326","1","105744.67317102",False,False
"761","AREA RURAL AREA RURAL DE CACOAL",NULL,NULL,"AREA RURAL DE CACOAL","76429","1177770","RUA  RURAL TEIXEIRAO","1434",NULL,"TEIXEIRAO","22.56","12.36","10.96","17.75","-11.2770043","-61.29671247","110004910000016","-11.42308","-61.432757","110004905000095","-11.42308","-61.432757","0","21995.66029285","1","16345.67115325",False,False
"762","AREA RURAL LINHA 12, LOTE 72 AREA RURAL DE CACOAL",NULL,"GLEBA 11","AREA RURAL DE CACOAL","609736","110630847","TRAVESSAO  DO KM 9 DA LINHA 172 LADO DIREITO LINHA 184 SENTIDO LINHA 182","1",NULL,"LADO DIREITO LINHA 184 SENTIDO LINHA 182","22.5","16.07","11.89","19.24","-11.4907662","-61.2615463","110004910000018","-11.807208","-61.878703","110028805000064","-11.807208","-61.878703","0","75864.72118361","1","73418.64186149",False,False
"763","TERRA INDIGENA SETE DE SETEMBRO, LINHA 014, ALDEIA GAPGIR AREA RURAL DE CACOAL",NULL,"END. DA CRE CACOAL","AREA RURAL DE CACOAL","218004","110645884","LINHA  C 10 DO 77 KM 77","1",NULL,"KM 77","19.4","16.07","11.46","17.47","-11.2214516666667","-61.1855583333333","110004910000027","-10.410803","-63.480612","110140105000008","-10.410803","-63.480612","0","266376.9816686","1","263766.3792867",False,False
"764","AREA RURAL AREA RURAL DE CACOAL",NULL,"SEDUC/CRE CACOAL","AREA RURAL DE CACOAL","76429","1177770","RUA  RURAL TEIXEIRAO","1434",NULL,"TEIXEIRAO","22.56","12.36","10.96","17.75","-11.2369616666667","-61.26270166666671","110004910000029","-11.42308","-61.432757","110004905000095","-11.42308","-61.432757","0","27786.01450781","1","26805.39310682",False,False
"765","TERRA INDIGENA SETE DE SETEMBRO, LINHA 11, ALDEIA AMARAL AREA RURAL DE CACOAL",NULL,"SEDUC/CRE - CACOAL","AREA RURAL DE CACOAL","218004","110645884","LINHA  C 10 DO 77 KM 77","1",NULL,"KM 77","20.43","16.07","11.46","18.04","-11.1960966666667","-61.3014916666667","110004910000030","-10.410803","-63.480612","110140105000008","-10.410803","-63.480612","0","253522.75435281","1","252203.14669211",False,False
"766","AREA RURAL LINHA 21, GLEBA 13, LOTE 48 AREA RURAL DE CACOAL",NULL,NULL,"AREA RURAL DE CACOAL","127643","113562535","LINHA  24 DA 37 GLEBA DOZE","2","LOTE 22D","GLEBA DOZE","25.25","14.9","10.62","19.78","-11.3744165","-61.1445372","110004910000024","-10.94485","-62.275973","110155905000005","-10.937208","-62.306762","3467.10067114","132350.80116153","1","126926.34108003",False,False
"767","TERRA INDIGENA SETE DE SETEMBRO, ALDEIA CENTRAL, LINHA 10 AREA RURAL DE CACOAL",NULL,"CRE - CACOAL","AREA RURAL DE CACOAL","218004","110645884","LINHA  C 10 DO 77 KM 77","1",NULL,"KM 77","21.49","16.07","11.46","18.6","-11.1140433333333","-61.3335533333333","110004910000032","-10.410803","-63.480612","110140105000008","-10.410803","-63.480612","0","247232.91712907","1","245573.61519959",False,False
"768","TERRA INDIGENA SETE DE SETEMBRO, LINHA 09, ALDEIA PAITER, AREA RURAL DE CACOAL",NULL,"CRE CACOAL","AREA RURAL DE CACOAL","282668","1322792","ALDEIA  PAITER LINHA 09 ALDEIA INDIGENA PAITER","5",NULL,"ALDEIA INDIGENA PAITER","22.09","12.3","13.28","18.02","-11.1037816666667","-61.3627583333333","110004910000033","-11.105127","-61.363549","110004910000033","-11.105127","-61.363549","0","172.68871708","1","0",True,NULL
"769","TERRA INDIGENA SETE DE SETEMBRO, LINHA 11 ALDEIA JOAQUIM AREA RURAL DE CACOAL",NULL,"CRE-CACOAL","AREA RURAL DE CACOAL","795306","180229564","ALDEIA  JOAQUIM LINHA 11 ALDEIA INDIGENA JOAQUIM","1",NULL,"ALDEIA INDIGENA JOAQUIM","22.7","16.07","12.83","19.58","-11.20364","-61.2990483333333","110004910000037","-11.204188","-61.299465","110004910000037","-11.204188","-61.299465","0","76.01716992","1","0",True,NULL
"770","TERRA INDIGENA SETE DE SETEMBRO, LINHA 11, ALDEIA LAPETANHA AREA RURAL DE CACOAL",NULL,"CRE CACOAL","AREA RURAL DE CACOAL","282773","180209189","ALDEIA  LAPETANHA LINHA 11 ALDEIA INDIGENA LAPETANHA","172",NULL,"ALDEIA INDIGENA LAPETANHA","23.17","11.53","12.3","17.96","-11.2212216666667","-61.29748","110004910000038","-11.22159","-61.298204","110004910000038","-11.22159","-61.298204","0","88.95572821","1","0",True,NULL
"771","TERRA INDIGENA SETE DE SETEMBRO, ALDEIA LOBO, LINHA 11 AREA RURAL DE CACOAL",NULL,"CRE - CACOAL","AREA RURAL DE CACOAL","218004","110645884","LINHA  C 10 DO 77 KM 77","1",NULL,"KM 77","20.55","16.07","11.46","18.1","-11.24224","-61.29768","110004910000039","-10.410803","-63.480612","110140105000008","-10.410803","-63.480612","0","255706.21417318","1","254411.57691186",False,False
"772","AVENIDA ESTADOS ELDORADO","955",NULL,"ELDORADO","320824","1326588","AVENIDA  DOS ESTADOS CENTRO","955",NULL,"CENTRO","17.1","24.98","9.84","16.92","-13.1882223","-60.8289412","110005605000013","-13.188322","-60.829113","110005605000013","-13.188322","-60.829113","0","21.65278833","1","0",True,NULL
"773","RUA BAHIA ELDORADO","638",NULL,"ELDORADO","739006","215020132","RUA  BAHIA ELDORADO","932",NULL,"ELDORADO","100","12.97","100","42.71","-13.1865826","-60.8297259","110005605000013","-13.18453","-60.829795","110005605000013","-13.18453","-60.829795","0","228.36159072","1","0",True,NULL
"774","RUA JOSE DE SOUZA NEIVA MARANATA","835",NULL,"MARANATA","850050","91961787","RUA  JOSE DE SOUZA NEIVA CENTRO","835",NULL,"CENTRO","100","24.12","9.79","39.21","-13.1884849","-60.8065413","110005605000015","-13.188642","-60.806573","110005605000015","-13.188642","-60.806573","0","17.8026726","1","0",True,NULL
"775","AVENIDA DAS NACOES MARANATA","3327",NULL,"MARANATA","844603","215391650","AVENIDA  DAS NACOES CIDADE VERDE","3327",NULL,"CIDADE VERDE","100","24.39","10.41","40.31","-13.1887964","-60.8077517","110005605000015","-12.710451","-60.125681","110030405000104","-12.710451","-60.125681","0","91062.52288812","1","90420.74682343",False,NULL
"776","UNIDADE OPERACIONAL AVENIDA DOIS DE JUNHO, 2093 CENTRO",NULL,NULL,"CENTRO","86070","1159188","AVENIDA  DOIS DE JUNHO CENTRO","2447",NULL,"CENTRO","20.04","12.35","100","19.18","-11.4667485","-61.3331852","110004910000054","-11.438656","-61.447916","110004905000011","-11.438656","-61.447916","0","12887.78247484","1","10329.12343878",False,False
"777","LINHA 10, LOTE 17, GLEBA 10 AREA RURAL DE CACOAL",NULL,"ZONA RURAL","AREA RURAL DE CACOAL","480098","180349005","LINHA  17 PROJETO DE ASSENTAMENTO JOANA DARC","1",NULL,"PROJETO DE ASSENTAMENTO JOANA DARC","22.55","16.07","12.86","19.51","-11.4250282","-61.3342931","110004910000054","-9.059315","-64.487316","110020520000007","-9.059315","-64.487316","0","433835.56299347","1","425751.78268077",False,False
"778","RUA ANTONIO CARLOS ZANCAN MARANATA","1995",NULL,"MARANATA","904482","1324104","RUA  ANTONIO CARLOS ZANCAN CENTRO","1995",NULL,"CENTRO","100","19.88","9.79","36.67","-13.1873538","-60.8200533","110005605000006","-13.185769","-60.8195","110005605000006","-13.185769","-60.8195","0","186.12476681","1","0",True,NULL
"779","RUA PANAMA LIBERDADE","2558",NULL,"LIBERDADE","742942","1364771","RUA  PANAMA EMBRATEL","2557",NULL,"EMBRATEL","100","22.57","11.2","40.34","-13.1930815","-60.8147198","110005605000007","-8.754028","-63.876746","110020505070008","-8.754028","-63.876746","0","596075.62464996","1","593611.86867291",False,False
"780","RUA PANAMA LIBERDADE","2489","PREDIO ESCOLAR","LIBERDADE","863135","1324489","RUA  PANAMA CENTRO","2489",NULL,"CENTRO","100","26.15","9.35","39.45","-13.1926491","-60.8152411","110005605000007","-13.192769","-60.81517","110005605000007","-13.192769","-60.81517","0","15.3947596","1","0",True,NULL
"781","RUA ROBSON FERREIRA TREVISAN JOSE DE ANCHIETA","2936","ESCOLA","JOSE DE ANCHIETA","800094","1325247","RUA  ROBSON FERREIRA CENTRO","2933",NULL,"CENTRO","20.41","19.35","10.36","18.42","-13.1997583","-60.8113417","110005605000009","-13.199768","-60.810734","110005605000009","-13.199768","-60.810734","0","65.7967955","1","0",True,NULL
"782","RUA RIO DE JANEIRO JARDIM SAO PAULO","2440",NULL,"JARDIM SAO PAULO","690104","1325678","RUA  RIO DE JANEIRO CENTRO","2440",NULL,"CENTRO","100","25.75","10.14","40.61","-13.2020978","-60.8193435","110005605000010","-13.201947","-60.81925","110005605000010","-13.201947","-60.81925","0","19.58640519","1","0",True,NULL
"783","RUA MINAS GERAIS FLORESTA","1776",NULL,"FLORESTA","901838","215112975","RUA  MINAS GERAIS NOVA FLORESTA","1781","CASA 1781","NOVA FLORESTA","100","13.92","17.93","37.1","-13.1967835","-60.82561","110005605000011","-8.786879","-63.886111","110020505080031","-8.786879","-63.886111","0","593289.70935794","1","590935.31316663",False,False
"784","AREA RURAL AREA RURAL DE JI-PARANA",NULL,"TI IGARAPE LOURDES","AREA RURAL DE JI-PARANA","76429","1177770","RUA  RURAL TEIXEIRAO","1434",NULL,"TEIXEIRAO","22.56","12.36","12.47","18.11","-10.433321885472","-61.6522392396182","110012205000246","-11.42308","-61.432757","110004905000095","-11.42308","-61.432757","0","112634.68649014","1","111474.85499096",False,False
"785","AREA RURAL AREA RURAL DE CACOAL",NULL,"LOTE 33, GLEBA 13","AREA RURAL DE CACOAL","76429","1177770","RUA  RURAL TEIXEIRAO","1434",NULL,"TEIXEIRAO","22.56","12.36","10.96","17.75","-11.3083245","-61.18714235","110004915000004","-11.42308","-61.432757","110004905000095","-11.42308","-61.432757","0","29660.64221238","1","29373.02107797",False,False
"786","AVENIDA DAS NACOES CENTRO","1661",NULL,"CENTRO","909222","1327809","AVENIDA  DAS NACOES CENTRO","1640",NULL,"CENTRO","100","13.39","100","43.59","-13.18867341","-60.8228482","110005605000005","-13.189062","-60.823136","110005605000018","-13.189062","-60.823136","0","53.27151259","1","10.15805974",False,True
"787","RUA ANTONIO CARLOS ZANCAN ELDORADO","1772","ESCOLA","ELDORADO","268461","1323848","RUA  ANTONIO CARLOS ZANCAN CENTRO","1772",NULL,"CENTRO","100","19.6","9.84","36.54","-13.1859584","-60.8214695","110005605000005","-13.185841","-60.821509","110005605000005","-13.185841","-60.821509","0","13.73690117","1","0",True,NULL
"788","RUA TIRADENTES CENTRO","4210",NULL,"CENTRO","284545","1331939","RUA  TIRADENTES CENTRO","4210",NULL,"CENTRO","100","22.94","100","59.81","-13.11946527","-60.54693895","110006405000011","-13.119538","-60.547263","110006405000011","-11.4896925","-61.3596465","201577.43757356","36.01208445","1","0",True,NULL
"789","AVENIDA PAULO DE ASSIS RIBEIRO CENTRO","3843","PREDIO","CENTRO","771474","1331231","AVENIDA  PAULO DE ASSIS RIBEIRO CENTRO","4443",NULL,"CENTRO","100","21.1","100","57.21","-13.120861","-60.5463154","110006405000011","-13.120243","-60.540941","110006405000008","-13.120243","-60.540941","0","586.04889762","1","449.02349879",False,True
"790","AVENIDA TAPAJOS CENTRO","3891",NULL,"CENTRO","284492","215179040","AVENIDA  TAPAJOS CENTRO","3899",NULL,"CENTRO","100","20.35","100","56.09","-13.11923901","-60.5463668","110006405000011","-13.118869","-60.546127","110006405000011","-13.118869","-60.546127","0","48.65327492","1","0",True,NULL
"791","RUA RORAIMA CENTRO","998",NULL,"CENTRO","667770","1328167","RUA  RORAIMA CENTRO","998",NULL,"CENTRO","100","25.71","100","63.37","-13.1893374","-60.8187433","110005605000019","-13.189231","-60.818591","110005605000019","-13.189231","-60.818591","0","20.29384238","1","0",True,NULL
"792","LINHA 4 EIXO, LOTE 08, GLEBA 21, ESQUINA COM LINHA 2. ZONA RURAL",NULL,NULL,"ZONA RURAL","516903","110626330","LINHA  124 TRAVESSAO PARA A LINHA 13 NORTE","1",NULL,"TRAVESSAO PARA A LINHA 13 NORTE","24.76","16.07","12.45","20.51","-13.15576389","-60.94992236","110005605000023","-11.716296","-62.326073","110014805000015","-11.714017","-62.326856","267.36934228","218970.19574056","1","216686.94595365",False,False
"793","RUA CAMBARA MINAS GERAIS","3131","PREDIO","MINAS GERAIS","375506","1330274","RUA  CAMBARA MINAS GERAIS","2698",NULL,"MINAS GERAIS","100","14.07","100","45.02","-13.12949734","-60.54919658","110006405000004","-13.133201","-60.548155","110006405000002","-13.133201","-60.548155","0","426.99478605","1","361.1948279",False,True
"794","RUA BARTOLOMEU BUENO SANTA LUZIA","4665","PREDIO ESCOLAR","SANTA LUZIA","699097","91963280","RUA  BARTOLOMEU BUENO SANTA LUZIA","4365",NULL,"SANTA LUZIA","100","21.26","100","57.45","-13.11624057","-60.55453857","110006405000017","-13.118839","-60.553985","110006405000016","-13.118839","-60.553985","0","295.08615615","1","86.08024481",False,NULL
"795","RUA MATO GROSSO SAO JOSE","4298",NULL,"SAO JOSE","950687","215137548","RUA  MATO GROSSO SAO JOSE","4898",NULL,"SAO JOSE","100","19.1","100","54.13","-13.1177082","-60.539029","110006405000022","-13.112195","-60.540257","110006405000022","-13.112195","-60.540257","0","627.2991167","1","0",True,NULL
"796","RUA GOIAS SAO JOSE","4267","PREDIO","SAO JOSE","950513","1218138","RUA  GOIAS SAO JOSE","4267",NULL,"SAO JOSE","100","26.36","100","64.16","-13.11749675","-60.53791576","110006405000022","-13.117504","-60.537799","110006405000022","-13.117504","-60.537799","0","12.67003769","1","0",True,NULL
"797","RUA CEARA SAO JOSE","5303","SETOR B","SAO JOSE","723210","1218891","RUA  CEARA SAO JOSE","5303",NULL,"SAO JOSE","100","27.58","100","65.57","-13.10797448","-60.53666831","110006405000026","-13.108047","-60.536411","110006405000026","-13.108047","-60.536411","0","29.00941263","1","0",True,NULL
"798","AVENIDA RIO MADEIRA CRUZEIRO","4870","PREDIO","CRUZEIRO","627934","1219234","AVENIDA  RIO MADEIRA CRUZEIRO","4865",NULL,"CRUZEIRO","100","19.32","100","54.49","-13.12849749","-60.53584219","110006405000028","-13.128134","-60.535968","110006405000028","-13.128134","-60.535968","0","42.65263735","1","0",True,NULL
"799","RUA SURUI CENTRO","2845",NULL,"CENTRO","85748","1234099","RUA  SURUI CENTRO","2845",NULL,"CENTRO","100","24.12","100","61.38","-11.5261133","-61.01342","110009805000009","-11.526319","-61.013533","110009805000009","-11.526319","-61.013533","0","25.97581511","1","0",True,NULL
"800","RUA ACRE SAO JOSE","2212","CASA","SAO JOSE","777506","1237319","RUA  ACRE SAO JOSE","2252",NULL,"SAO JOSE","100","15.74","100","48.3","-11.5320433","-61.0214","110009805000017","-11.532276","-61.021026","110009805000017","-11.532276","-61.021026","0","48.26876348","1","0",True,NULL
"801","LINHA 1 KM 13 RUMO COLORADO ZONA RURAL",NULL,"BR 435","ZONA RURAL","391692","110616569","LINHA  8 RUMO COLORADO KM 7 3 LINHA SETE","7",NULL,"LINHA SETE","23.41","13.76","10.51","18.54","-13.10987618","-60.46919303","110006405000037","-13.373763","-60.478402","110003105000007","-13.373763","-60.478402","0","29359.84093447","1","27481.78750934",False,False
"802","BR 435 KM 63 ZONA RURAL",NULL,"CAIXA POSTAL 51","ZONA RURAL","333145","110619298","RODOVIA  RO 485 ZONA RURAL","33",NULL,"ZONA RURAL","23.35","12.05","100","21.02","-13.1142503","-60.4862046","110006405000037","-12.998843","-61.237375","110007205000022","-12.998843","-61.237375","0","82372.78047725","1","77915.08650698",False,False
"803","LINHA 4 ESQUINA COM 1ª EIXO ZONA RURAL",NULL,"SEMED","ZONA RURAL","554872","110619208","LINHA  QUATRO ZONA RURAL","1",NULL,"ZONA RURAL","20.2","16.07","100","20.79","-13.22860667","-60.54512833","110006405000043","-13.030235","-61.131108","110007205000016","-13.02778","-61.129433","327.79083064","67179.29060361","1","62981.75169249",False,False
"804","LINHA 6 ESQUINA COM 2 EIXO ZONA RURAL",NULL,"NOVO COLORADO","ZONA RURAL","795538","1225000","LINHA  2 B ZONA RURAL","1","SITIO","ZONA RURAL","19.13","16.07","100","19.98","-13.29696717","-60.70217543","110006405000046","-13.116186","-61.073602","110007205000015","-13.116186","-61.073602","0","44953.44273353","1","37198.56875379",False,False
"805","LINHA 2 ESQUINA COM 2ª EIXO ZONA RURAL","0","ZONA RURAL",NULL,"193546","110638202","LINHA  C100 TB 10 LT 72 PROJETO DE ASSENTAMENTO DIRIGIDO MARECHAL DUTRA","0",NULL,"PROJETO DE ASSENTAMENTO DIRIGIDO MARECHAL DUTRA","20.39","28.7","11.63","20.04","-13.0437826","-60.68749705","110006405000048","-9.57661","-63.451997","110040305000011","-9.57661","-63.451997","0","489349.63306195","1","482599.76944044",False,False
"806","AVENIDA ANTONIO NOVAES CENTRO","2516","ESCOLA","CENTRO","39663","1222545","AVENIDA  ANTONIO NOVAES CENTRO","2516",NULL,"CENTRO","100","26.02","100","63.75","-12.9962093","-60.949484","110007205000001","-12.996404","-60.949137","110007205000001","-12.996404","-60.949137","0","43.3842446","1","0",True,NULL
"807","AVENIDA GOVERNADOR JORGE TEIXEIRA DE OLIVEIRA CENTRO","1800","ESCOLA","CENTRO","163512","218166543","RUA GOVERNADOR JORGE TEIXEIRA DE OLIVEIRA CENTRO","0",NULL,"CENTRO","100","14.14","100","45.16","-12.9972386","-60.9419839","110007205000002","-13.205145","-60.809419","110005605000017","-13.205356","-60.809419","23.46216182","27213.40917054","1","27080.64880829",False,False
"808","AV. DR LEWERGER LIBERDADE","4564",NULL,"LIBERDADE","862396","1266025","AVENIDA DOUTOR LEWERGER LIBERDADE","4865","LADO A","LIBERDADE","17.64","15.25","100","18.59","-10.76803751","-65.31458933","110010605000020","-10.766093","-65.312776","110010605000015","-10.766093","-65.312776","0","293.23739223","1","109.2554977",False,True
"809","AV. SENADOR OLAVO PIRES CENTRO","1315",NULL,"CENTRO","789330","1724621","AVENIDA SENADOR OLAVO PIRES CENTRO","2305",NULL,"CENTRO","31.03","13.65","100","26.17","-12.9998197","-60.9383359","110007205000003","-10.242992","-62.352107","110160905000003","-10.242992","-62.352107","0","343038.50258374","1","340867.93823028",False,NULL
"810","AVENIDA BRASIL CENTRO","2274","PREDIO PROPRIO","CENTRO","23873","180242455","AVENIDA  BRASIL CENTRO","2274",NULL,"CENTRO","100","24.08","100","61.33","-13.0002298","-60.9463012","110007205000004","-13.000425","-60.946368","110007205000004","-13.000425","-60.946368","0","22.88011799","1","0",True,NULL
"811","RUA SENADOR OLAVO PIRES NO DISTRITO DE ALTO GUARAJUS CENTRO","769","PREDIO","CENTRO","789236","98618757","AVENIDA SENADOR OLAVO PIRES CENTRO","0","FUNDOS","CENTRO","22.62","14","100","21.63","-12.962632","-60.8842582","110007205000006","-10.243685","-62.352609","110160905000003","-10.2437165","-62.352304000000004","33.55721156","342023.19204979","1","340145.05646264",False,NULL
"812","3º EIXO, KM 20 ZONA RURAL",NULL,"DISTRITO RONDOLANDIA","ZONA RURAL","557434","1544507","TRAVESSAO  128 ESTRELA DE RONDONIA","1",NULL,"ESTRELA DE RONDONIA","18.9","16.07","11.23","17.13","-13.01196318","-60.82131581","110007205000012","-11.311924","-61.820663","110025415000007","-11.311924","-61.820663","0","218022.35996789","1","205719.15672992",False,False
"813","RUA BOM JESUS CIDADE ALTA","3715","CASA","CIDADE ALTA","5369","215165086","RUA  BOM JESUS CIDADE ALTA","3716",NULL,"CIDADE ALTA","100","19.56","100","54.86","-11.5171102","-61.0120139","110009805000021","-11.517398","-61.011579","110009805000021","-11.517418","-61.011573999999996","2.28965585","57.1792306","1","0",True,NULL
"814","RUA PIAUI JORGE TEIXEIRA DE OLIVEIRA","4026","PREDIO","JORGE TEIXEIRA DE OLIVEIRA","803230","91968330","RUA  PIAUI JORGE TEIXEIRA","3668",NULL,"JORGE TEIXEIRA","100","18.7","21.18","44.61","-11.5171999","-61.0119566","110009805000021","-11.536877","-61.008004","110009805000012","-11.5368815","-61.008001","0.59766714","2229.97414269","1","1928.16730846",False,False
"815","PROF ANA COELHO RODRIGUES","2034","SETOR 03",NULL,"557075","180237735","AVENIDA PROFESSORA ANA C RODRIGUES SETOR 0003","2034",NULL,"SETOR 0003","20.01","24.9","10.26","18.95","-12.43034561","-64.23211552","110008005000003","-12.43051","-64.231855","110008005000003","-12.43051","-64.231855","0","33.68128229","1","0",True,NULL
"816","AV LIMOEIRO SETOR 03","2345","PREDIO ESCOLAR","SETOR 03","556945","180237733","AVENIDA  LIMOEIRO SETOR 0003","2345",NULL,"SETOR 0003","100","27.01","17.46","49.68","-12.43030333","-64.23143167","110008005000003","-12.43028","-64.231469","110008005000003","-12.43028","-64.231469","0","4.81264206","1","0",True,NULL
"817","AV PROFESSORA ANA COELHO CENTRO","1912","CENTRO","CENTRO","793234","91967107","AVENIDA  PROFESSORA ANA COELHO OU MACHADO DE ASSIS SAO DOMINGOS DO GUAPORE","0",NULL,"SAO DOMINGOS DO GUAPORE","21.19","12.36","10.19","16.94","-12.4299579","-64.2308691","110008005000003","-12.072193","-64.03091","110008035000005","-12.072131","-64.030945","7.87479228","45328.72200335","1","44512.87494061",False,False
"818","TRAVESSA 25 SETOR 04","1858",NULL,"SETOR 04","945788","1227381","TRAVESSA  VINTE E CINCO SETOR 0005","1858",NULL,"SETOR 0005","100","20.94","15.98","43.84","-12.4335585","-64.2240838","110008005000005","-12.433627","-64.224431","110008005000005","-12.433627","-64.224431","0","38.4631791","1","0",True,NULL
"819","AVENIDA ANTONIO PSURIADAKIS SETOR 01","2171","PREDIO PUBLICO","SETOR 01","731289","1228399","AVENIDA  ANTONIO PSURIADAKIS SETOR 0009","2171",NULL,"SETOR 0009","100","26.55","17.29","49.22","-12.4386335","-64.2320157","110008005000009","-12.438371","-64.231914","110008005000009","-12.438371","-64.231914","0","31.20786471","1","0",True,NULL
"820","RUA ALAGOAS MORADA DO SOL","2082","PREDIO","MORADA DO SOL","721141","1231409","RUA  ALAGOAS MORADA DO SOL","2082",NULL,"MORADA DO SOL","100","27.08","100","65","-11.5295967","-61.02088","110009805000001","-11.529434","-61.020725","110009805000001","-11.529434","-61.020725","0","24.74846608","1","0",True,NULL
"821","AVENIDA SENADOR OLAVO PIRES NO DISTRITO DE VITORIA DA UNIAO CENTRO","1586","PREDIO","CENTRO","789243","98618719","AVENIDA SENADOR OLAVO PIRES CENTRO","2638","FUNDOS","CENTRO","20.89","15.39","100","21.05","-13.0044929","-61.1273306","110007205000017","-10.242214","-62.351048","110160905000003","-10.2422085","-62.3510515","0.72159267","334816.5963898","1","332975.03702375",False,NULL
"822","RUA PEDRO ALVARES CABRAL CENTRO","2225","DIST.VIT. DA UNIAO","CENTRO","232550","1661482","RUA  PEDRO ALVARES CABRAL CENTRO","4196","CASA","CENTRO","100","14.58","100","46.04","-13.00979575","-61.12582012","110007205000017","-12.131039","-61.859368","110037905000003","-12.131039","-61.859368","0","126038.8394067","1","124572.61864082",False,NULL
"823","LINHA 05, LOTE 23, GLEBA 05, KM 45, PA CACHOEIRA ZONA RURAL",NULL,NULL,"ZONA RURAL","332960","91964523","LINHA  155 ZONA RURAL","1","FAZENDA","ZONA RURAL","21.51","16.07","100","21.74","-11.53737127","-60.71833058","110009805000022","-12.765282","-61.406342","110007205000022","-12.765282","-61.406241","10.9531185","155678.31151648","1","142088.3767873",False,False
"824","RUA ESPIRITO SANTO CAIXA DAGUA","1927",NULL,"CAIXA DAGUA","24804","1232113","RUA  ESPIRITO SANTO CAIXA D AGUA","1927",NULL,"CAIXA D AGUA","100","20.05","16.5","43.41","-11.5210933","-61.0154795","110009805000003","-11.52105","-61.015616","110009805000003","-11.52105","-61.015616","0","15.63225402","1","0",True,NULL
"825","RUA ROMIPORA CIDADE ALTA","3571",NULL,"CIDADE ALTA","3737","1237923","RUA  ROMIPORA CIDADE ALTA","3663",NULL,"CIDADE ALTA","100","14.45","100","45.78","-11.5192798","-61.0111322","110009805000004","-11.518551","-61.010418","110009805000021","-11.518551","-61.010418","0","112.35054913","1","68.11118978",False,True
"826","BR 429 KM 15",NULL,"ZONA RURAL",NULL,"595887","110649504","RODOVIA  BR 429 GLEBA BOM PRINCIPIO B","1","CASA VERDE","GLEBA BOM PRINCIPIO B","29.94","16.07","11.01","22.27","-12.437114","-64.228512","110008005000033","-11.7636","-63.050337","110150005000008","-11.7636","-63.051795","158.71738637","148381.97327129","1","147118.09332619",False,False
"827","AV. SANTA CRUZ SETOR 03","1541",NULL,"SETOR 03","903607","1226285","AVENIDA SANTA CRUZ SETOR 0001","1681",NULL,"SETOR 0001","21.35","15.97","18.58","19.73","-12.4377437","-64.2318243","110008005000001","-12.436391","-64.231557","110008005000001","-12.436391","-64.231557","0","153.18842723","1","0",True,NULL
"828","AV GUAJARA MIRIM CENTRO","317",NULL,"CENTRO","254360","98306604","RUA  GUAJARA MIRIM CENTRO","0",NULL,"CENTRO","100","13.65","100","44.15","-12.426075","-64.42410667","110008015000001","-10.365667","-64.812482","110033815000009","-10.365667","-64.812469","1.42194412","232985.14532079","1","231284.08959674",False,False
"829","AV. AIRTON SENNA CENTRO","8746","SAO DOMINGOS","CENTRO","59301","1671790","RUA  AIRTON SENNA CENTRO","3466","CASA","CENTRO","24.1","14.08","100","22.6","-12.07522781","-64.02939529","110008035000004","-9.726784","-63.315341","110040305000031","-9.726784","-63.315341","0","272524.37802157","1","271056.8851104",False,False
"830","AVENIDA SENADOR OLAVO PIRES CENTRO",NULL,"PREDIO","CENTRO","789281","1724587","AVENIDA SENADOR OLAVO PIRES CENTRO","1845",NULL,"CENTRO","100","15.44","100","47.72","-12.07430667","-64.02967","110008035000004","-10.246015","-62.35477","110160905000003","-10.246015","-62.35477","0","273336.05935668","1","272555.54941264",False,NULL
"831","RUA 16 DE JULHO SETOR 07","2063","BAIRRO DA MANGUEIRA","SETOR 07","829896","1400196","RUA  16 DE JUNHO JARDIM AEROPORTO","205",NULL,"JARDIM AEROPORTO","28.36","13.36","11.7","20.75","-12.4422566","-64.2267384","110008005000030","-10.733784","-62.248575","110015505000023","-10.733784","-62.248575","0","287257.71612925","1","286498.88146325",False,False
"832","AVENIDA CHIANCA SETOR 02","722","CENTRO","SETOR 02","820489","1228341","AVENIDA  CHIANCA SETOR 0008","722",NULL,"SETOR 0008","100","26.19","16.07","47.94","-12.44489521","-64.22737455","110008005000030","-12.444562","-64.22781","110008005000008","-12.444562","-64.22781","0","60.07004249","1","0",False,NULL
"833","AV. GUAPORE SETOR 02","1224","PREDIO","SETOR 02","58945","1227853","AVENIDA  GUAPORE 0006","1224",NULL,"0006","21.29","23.89","11.45","20.01","-12.43782845","-64.22346703","110008005000032","-12.437853","-64.223033","110008005000006","-12.437853","-64.223033","0","47.20829623","1","0",False,NULL
"834","AV. 1º DE MAIO - DISTRITO SAO DOMINGOS DO GUAPORE KM 58 SAO DOMINGOS DO GUAPORE","9170","DIST. SAO DOMINGOS","SAO DOMINGOS DO GUAPORE","36054","1230867","AVENIDA SENADOR OLAVO PIRES SAO DOMINGOS DO GUAPORE","8170",NULL,"SAO DOMINGOS DO GUAPORE","16.21","20.35","100","18.51","-12.0740846","-64.0332968","110008035000005","-12.071966","-64.025983","110008035000006","-12.071966","-64.025983","0","829.42904764","1","291.46843797",False,True
"835","LINHA PACARANA KM 38 - TERRA INDIGENA SETE DE SETEMBRO ZONA RURAL",NULL,"ALDEIA BETHEL","ZONA RURAL","24505","109873170","LINHA  TERCEIRA EIXO ZONA RURAL","1","CASA 1","ZONA RURAL","16.62","16.07","100","18","-11.5303946","-61.009722","110009805000010","-12.917681","-60.820552","110007205000012","-12.916825","-60.822271","209.21325197","155623.17006789","1","154309.65968207",False,False
"836","RUA SAO PAULO LIBERDADE","3435","ESCOLA","LIBERDADE","5354","1234796","RUA SAO PAULO LIBERDADE","3593","CASA","LIBERDADE","100","15.44","100","47.72","-11.5310638","-61.0066181","110009805000011","-11.532521","-61.005903","110009805000011","-11.532521","-61.005903","0","179.79124149","1","0",True,NULL
"837","RUA MARTINHO LUTERO LIBERDADE","2322",NULL,"LIBERDADE","3632","1234690","RUA  MARTINHO LUTERO LIBERDADE","2322",NULL,"LIBERDADE","100","26.5","100","64.32","-11.5342911","-61.0104313","110009805000011","-11.534194","-61.010687","110009805000011","-11.534194","-61.010687","0","29.87752308","1","0",True,NULL
"838","ALDEIA ROOSEVELT KM 102 ZONA RURAL","0","ZONA RURAL","ZONA RURAL","421367","180294186","ALDEIA  ROOSEVELT ALDEIA INDIGENA ATJAMAAJ","0","CASA 2","ALDEIA INDIGENA ATJAMAAJ","19.46","28.7","11.88","19.47","-11.534299","-61.010819","110009805000011","-11.502077","-60.485085","110018915000015","-11.502077","-60.485075","1.08962002","57393.68547704","1","56751.83430636",False,NULL
"839","AV. PIAUI LIBERDADE","3447",NULL,"LIBERDADE","5178","1234676","RUA  PIAUI LIBERDADE","3447",NULL,"LIBERDADE","18.89","24.47","100","21.63","-11.5353343","-61.0095357","110009805000011","-11.535494","-61.009489","110009805000011","-11.535494","-61.009489","0","18.4723669","1","0",True,NULL
"840","RUA ROSA PEDRO AGOSTINHO JORGE TEIXEIRA DE OLIVEIRA","2188",NULL,"JORGE TEIXEIRA DE OLIVEIRA","803432","91968233","RUA  ROSA PEDRO AGOSTINHO JORGE TEIXEIRA","2181",NULL,"JORGE TEIXEIRA","100","20.23","21.18","46.28","-11.5392452","-61.0063471","110009805000012","-11.539166","-61.006518","110009805000012","-11.539166","-61.006518","0","20.59683746","1","0",True,NULL
"841","RUA GOIAS VISTA ALEGRE","1904",NULL,"VISTA ALEGRE","789626","91969263","RUA  GOIAS VISTA ALEGRE","1905",NULL,"VISTA ALEGRE","100","14.84","100","46.57","-11.5366472","-61.0144552","110009805000014","-11.536518","-61.0146","110009805000014","-11.536518","-61.0146","0","21.33701532","1","0",True,NULL
"842","RUA BANDEIRANTES SAO JOSE","1011",NULL,"SAO JOSE","695209","1240096","RUA  BANDEIRANTES SAO JOSE","1011",NULL,"SAO JOSE","100","24.46","100","61.82","-11.537421","-61.0254268","110009805000034","-11.537942","-61.025362","110009805000034","-11.537942","-61.025362","0","58.36121801","1","0",True,NULL
"843","ALDEIA 14 DE ABRIL KM 70 ZONA RURAL",NULL,NULL,"ZONA RURAL","42883","1239539","ALDEIA  14 DE ABRIL 14 DE ABRIL","439",NULL,"14 DE ABRIL","26.76","13.65","10.69","19.94","-11.3568509","-60.6729934","110009805000051","-11.356948","-60.67136","110009805000051","-11.356948","-60.67136","0","178.39676229","1","0",True,NULL
"844","ALDEIA CAPITAO CARDOSO KM 99 ZONA RURAL",NULL,NULL,"ZONA RURAL","521126","1488465","TRAVESSAO  DO KM 9 DA 184 TRAVESSAO KM 9 LADO ESQUERDO","1","CHACARA","TRAVESSAO KM 9 LADO ESQUERDO","17.42","16.07","12.02","16.41","-11.1006264","-60.7526009","110009805000071","-11.804843","-61.791088","110028805000055","-11.804843","-61.791088","0","137623.47177751","1","137270.85807786",False,False
"845","AVENIDA NOSSA SENHORA DA CONCEICAO DISTRITO BOA VISTA DO PACAR","2693","ZONA RURAL","DISTRITO BOA VISTA DO PACAR","42987","1240797","AVENIDA  NOSSA SENHORA DA CONCEICAO PACARANA","2693",NULL,"PACARANA","100","25.42","13.93","45.36","-11.0024021","-60.8466724","110009810000001","-11.002257","-60.846753","110009810000001","-11.002257","-60.846753","0","18.37706893","1","0",True,NULL
"846","ESTRADA ZE BAIANO, KM 18 ZONA RURAL","2126","LINHA/SETOR","ZONA RURAL","158831","180390346","ESTRADA  118 TERRA BOA","0",NULL,"TERRA BOA","19.69","13.31","10.7","16.69","-11.4618702","-60.9237112","110009812000001","-11.512947","-62.389785","110034630000002","-11.514094","-62.3897365","127.65018561","159855.39925236","1","159605.15146827",False,False
"847","LINHA 14 DE ABRIL, GLEBA 24, KM 45, SETOR 14 DE ABRIL ZONA RURAL",NULL,"ZONA RURAL","ZONA RURAL","127643","113562535","LINHA  24 DA 37 GLEBA DOZE","2","LOTE 22D","GLEBA DOZE","22.18","14.9","11.2","18.55","-11.4076198","-60.7536207","110009815000001","-10.94485","-62.275973","110155905000005","-10.937208","-62.306762","3467.10067114","173856.82184687","1","173673.74357196",False,False
"848","AV. MARECHAL DEODORO SERRARIA","1820","PREDIO","SERRARIA","689602","1263208","AVENIDA MARECHAL DEODORO SERRARIA","1820",NULL,"SERRARIA","26.18","18.4","100","25.9","-10.7822685","-65.3336866","110010605000005","-10.782284","-65.333896","110010605000005","-10.782284","-65.333896","0","22.93801317","1","0",True,NULL
"849","AV.DR.LEWERGER SERRARIA","1469",NULL,"SERRARIA","70094","91972776","AVENIDA DOUTOR LEWERGER SERRARIA","1248",NULL,"SERRARIA","17.36","15.8","100","18.52","-10.78599238","-65.33503857","110010605000005","-10.787474","-65.336531","110010605000028","-10.787474","-65.336531","0","231.76983455","1","41.7776962",False,True
"850","AV MARECHAL DEODORO SERRARIA","2302",NULL,"SERRARIA","36556","1263308","AVENIDA MARECHAL DEODORO SERRARIA","2301",NULL,"SERRARIA","100","19.56","100","54.88","-10.779577","-65.3303144","110010605000006","-10.779277","-65.330767","110010605000006","-10.779277","-65.330767","0","59.64051347","1","0",True,NULL
"851","ALDEIA SANTO ANDRE RIO PACAAS NOVOS",NULL,"TERRA INDIGENA","RIO PACAAS NOVOS","304360","1399715","RUA SANTO ANDRE JARDIM AEROPORTO","26",NULL,"JARDIM AEROPORTO","19.6","12.86","12.02","16.78","-10.789318","-65.330111","110010605000007","-10.73881","-62.245049","110015505000022","-10.73881","-62.245049","0","337053.07978543","1","336197.94313249",False,False
"852","ALDEIA BAIA DAS ONCAS - RIO GUAPORE ALDEIA BAIA DAS ONCAS",NULL,"TI RIO GUAPORE","ALDEIA BAIA DAS ONCAS","787919","180231769","BAIA  DAS ONCAS ALDEIA INDIGENA BAIA DAS ONCAS","2",NULL,"ALDEIA INDIGENA BAIA DAS ONCAS","19.12","14.9","29.2","18.7","-10.789318","-65.330111","110010605000007","-12.074978","-64.713621","110010622000013","-12.074978","-64.713621","0","157960.94246467","1","156470.22952213",False,False
"853","ALDEIA RIO NEGRO OCAIA ALDEIA RIO NEGRO OCAIA",NULL,"RIO PACAAS NOVOS","ALDEIA RIO NEGRO OCAIA","212334","1596977","ALDEIA  RIO DO OURO ALDEIA INDIGENA RIO DO OURO","2","CASA","ALDEIA INDIGENA RIO DO OURO","19.86","14.9","18.33","18.48","-10.789318","-65.330111","110010605000007","-12.466593","-60.799109","110092405000028","-12.466593","-60.799109","0","527528.98699571","1","526468.11579239",False,False
"854","ALDEIA LAJE NOVO - BOM SOSSEGO ALDEIA LAJE NOVO",NULL,"TERRA INDIGENA","ALDEIA LAJE NOVO","262699","91990994","ALDEIA  BOA ESPERANCA ALDEIA INDIGENA DO JOAO","1",NULL,"ALDEIA INDIGENA DO JOAO","18.19","16.07","16.97","17.6","-10.789318","-65.330111","110010605000007","-10.731567","-61.592851","110012205000181","-10.731567","-61.592851","0","408305.74876061","1","407537.91585032",False,NULL
"855","ALDEIA BOM FUTURO ALDEIA BOM FUTURO",NULL,"RIO PACAAS NOVOS","ALDEIA BOM FUTURO","678879","1671564","RUA  BOM FUTURO ALVORADA","3834",NULL,"ALVORADA","24.03","13.48","12.14","19.15","-10.789318","-65.330111","110010605000007","-9.724005","-63.311189","110040305000036","-9.724005","-63.311189","0","250659.71767911","1","249622.40933482",False,False
"856","ALDEIA CRISTO REI - RIO NEGRO OCAIA ALDEIA CRISTO REI",NULL,"RIO PACAAS NOVOS","ALDEIA CRISTO REI","262699","91990994","ALDEIA  BOA ESPERANCA ALDEIA INDIGENA DO JOAO","1",NULL,"ALDEIA INDIGENA DO JOAO","18.78","16.07","14.75","17.7","-10.789318","-65.330111","110010605000007","-10.731567","-61.592851","110012205000181","-10.731567","-61.592851","0","408305.74876061","1","407537.91585032",False,NULL
"857","ALDEIA SEMAPE - ESTRADA DO BOM SOSSEGO BOM SOSSEGO",NULL,NULL,"BOM SOSSEGO","65914","91948567","ESTRADA  SEM DENOMINACAO 6 GARIMPO BOM FUTURO","2",NULL,"GARIMPO BOM FUTURO","20.43","14.9","16.84","18.65","-10.789318","-65.330111","110010605000007","-9.796933","-63.532602","110002305000082","-9.796892","-63.5328065","22.86686193","225498.89988366","1","224461.0818424",False,NULL
"858","ALDEIA OROSSARI TUPARI ALDEIA OROSSARI",NULL,"RIO GUAPORE","ALDEIA OROSSARI","262699","91990994","ALDEIA  BOA ESPERANCA ALDEIA INDIGENA DO JOAO","1",NULL,"ALDEIA INDIGENA DO JOAO","15.7","16.07","14.99","15.7","-10.789318","-65.330111","110010605000007","-10.731567","-61.592851","110012205000181","-10.731567","-61.592851","0","408305.74876061","1","407537.91585032",False,NULL
"859","ALDEIA PITOP - TERRA INDIGENA ALDEIA PITOP",NULL,"PACAAS NOVOS","ALDEIA PITOP","581022","110643949","ALDEIA  ALDEIA INDIGENA ALDEIA INDIGENA JAMARI","0",NULL,"ALDEIA INDIGENA JAMARI","20.62","11.1","14.58","17","-10.789318","-65.330111","110010605000007","-10.552564","-63.186472","110100515000013","-10.552564","-63.186472","0","235714.14582022","1","234751.99442824",False,False
"860","ALDEIA COMI WA WAN - RIO NEGRO OCAIA ALDEIA  COMI WA WAN",NULL,"TERRA INDIGENA","ALDEIA  COMI WA WAN","262699","91990994","ALDEIA  BOA ESPERANCA ALDEIA INDIGENA DO JOAO","1",NULL,"ALDEIA INDIGENA DO JOAO","19.01","16.07","14.39","17.79","-10.789318","-65.330111","110010605000007","-10.731567","-61.592851","110012205000181","-10.731567","-61.592851","0","408305.74876061","1","407537.91585032",False,NULL
"861","ALDEIA PANTXIROP - RIO PACAAS NOVOS ALDEIA PANTXIROP",NULL,"RIO PACAAS NOVOS","ALDEIA PANTXIROP","29238","180264339","RIO  PACAAS NOVOS ALDEIA INDIGENA CAPOEIRINHA","1",NULL,"ALDEIA INDIGENA CAPOEIRINHA","20.97","16.07","15.2","19.08","-10.789318","-65.330111","110010605000007","-11.016902","-65.204381","110010605000078","-11.016902","-65.204381","0","28790.0616885","1","27785.72832657",False,False
"862","ALDEIA PEDREIRAS ALDEIA PEDREIRA",NULL,"RIO PACAAS NOVOS","ALDEIA PEDREIRA","406509","180266755","ALDEIA  PELADO ALDEIA INDIGENA PELADO","1",NULL,"ALDEIA INDIGENA PELADO","17.12","16.07","15.96","16.78","-10.789318","-65.330111","110010605000007","-10.644431","-61.769168","110012205000184","-10.644431","-61.769168","0","389384.19803605","1","388597.66585994",False,NULL
"863","ALDEIA PIRANHA  ,RIO PACAAS NOVOS ALDEIA PIRANHA",NULL,"RIO PACAAS NOVOS","ALDEIA PIRANHA","332076","180223779","RIO  PACAAS NOVOS ALDEIA INDIGENA TANAJURA","1",NULL,"ALDEIA INDIGENA TANAJURA","22.08","16.07","15.37","19.74","-10.789318","-65.330111","110010605000007","-11.041356","-65.179267","110010605000068","-11.041356","-65.179267","0","32506.47926871","1","31463.63641179",False,False
"864","ALDEIA TRES BOCAS ALDEIA TRES BOCAS",NULL,"RIO PACAAS NOVOS","ALDEIA TRES BOCAS","26785","180259199","ALDEIA  TRES CACHOEIRAS ALDEIA INDIGENA TRES CACHOEIRAS","84",NULL,"ALDEIA INDIGENA TRES CACHOEIRAS","17.53","11.35","16.79","15.75","-10.789318","-65.330111","110010605000007","-11.120145","-60.750367","110009805000057","-11.1200475","-60.7503605","10.86469161","501311.28406679","1","500620.10317535",False,False
"865","AV ROCHA LEAL SANTO ANTONIO","2214",NULL,"SANTO ANTONIO","386475","91971465","AVENIDA  ROCHA LEAL SANTO ANTONIO","2245",NULL,"SANTO ANTONIO","100","15.5","100","47.85","-10.78741667","-65.32917333","110010605000007","-10.787706","-65.328324","110010605000007","-10.787706","-65.328324","0","98.19241093","1","0",True,NULL
"866","RUA RONDONIA - 15 KM","2371","15 KM",NULL,"84816","1404167","RUA  FLOR DE RONDONIA INDUSTRIAL","237",NULL,"INDUSTRIAL","19.58","20.13","11.76","18.45","-11.5043028","-61.1301683","110009818000001","-10.70713","-62.250699","110015505000035","-10.70713","-62.250699","0","151015.23890617","1","150050.79474004",False,NULL
"867","AV. 1º DE MAIO 10 DE ABRIL","3520","PREDIO","10 DE ABRIL","664220","97905819","RUA  TREZE DE MAIO JARDIM DOS ESTADOS","3525",NULL,"JARDIM DOS ESTADOS","18.01","22.44","11.1","17.61","-10.77571167","-65.32105167","110010605000002","-10.41649","-62.478877","110011405000068","-10.41649","-62.478877","0","313202.62539158","1","313024.92216505",False,False
"868","AVENIDA 12 DE OUTUBRO CAETANO","3216","BNH","CAETANO","730519","1264013","AVENIDA  12 DE OUTUBRO CAETANO","3096",NULL,"CAETANO","100","16.97","100","50.55","-10.7683064","-65.3263942","110010605000008","-10.768738","-65.327392","110010605000008","-10.768738","-65.327392","0","119.09439685","1","0",True,NULL
"869","AVENIDA DR. MENDONCA LIMA CAETANO","2888",NULL,"CAETANO","719864","1264193","AVENIDA DOUTOR MENDONCA LIMA CAETANO","2868",NULL,"CAETANO","22.96","15.41","100","22.49","-10.773384","-65.327112","110010605000009","-10.773551","-65.327391","110010605000009","-10.773551","-65.327391","0","35.68827172","1","0",True,NULL
"870","AVENIDA CANDIDO RONDON SAO JOSE","1379","ESTABELECIMENTO","SAO JOSE","243704","1264607","AVENIDA  CANDIDO RONDON SAO JOSE","1379",NULL,"SAO JOSE","100","26.05","100","63.79","-10.7874418","-65.334004","110010605000010","-10.787693","-65.334282","110010605000010","-10.787693","-65.334282","0","41.25892392","1","0",True,NULL
"871","DR. LEWERGER SAO JOSE","1194",NULL,"SAO JOSE","716203","1264950","AVENIDA DOUTOR LEWERGER SAO JOSE","1194",NULL,"SAO JOSE","20.27","24.62","100","22.9","-10.7879665","-65.3363849","110010605000011","-10.787727","-65.336677","110010605000011","-10.787727","-65.336677","0","41.55982101","1","0",True,NULL
"872","AVENIDA ALMERINDO RIBEIRO DOS SANTOS PROSPERO","4484",NULL,"PROSPERO","255210","1265441","AVENIDA  ALMERINDO RIBEIRO DOS SANTOS PROSPERO","4483",NULL,"PROSPERO","100","22.1","100","58.65","-10.7673046","-65.3103162","110010605000013","-10.767362","-65.309949","110010605000013","-10.767362","-65.309949","0","40.61658642","1","0",True,NULL
"873","AV. ANTONIO LUIZ DE MACEDO PROSPERO","4508",NULL,"PROSPERO","903310","1265878","AVENIDA  ANTONIO LUIS DE MACEDO PROSPERO","4509",NULL,"PROSPERO","19.18","20.88","100","21.24","-10.7693979","-65.3058236","110010605000014","-10.768867","-65.306194","110010605000014","-10.768867","-65.306194","0","71.56860726","1","0",True,NULL
"874","AV. ANTONIO LUIZ DE MACEDO NOSSA SENHORA DE FATIMA","3680",NULL,"NOSSA SENHORA DE FATIMA","349655","91971682","AVENIDA  ANTONIO LUIS DE MACEDO FATIMA","3580",NULL,"FATIMA","19.18","21.28","13.53","18.76","-10.774278","-65.311976","110010605000016","-10.774611","-65.312361","110010605000016","-10.774611","-65.312361","0","56.03325948","1","0",True,NULL
"875","AVENIDA DUQUE DE CAXIAS SANTA LUZIA","2140",NULL,"SANTA LUZIA","671175","1268166","AVENIDA DUQUE DE CAXIAS SANTA LUZIA","2510",NULL,"SANTA LUZIA","100","14.95","100","46.77","-10.78094137","-65.32030382","110010605000023","-10.783808","-65.317163","110010605000021","-10.783808","-65.317163","0","468.30247568","1","285.92180345",False,True
"876","BOUCINHA DE MENEZES CENTRO","897",NULL,"CENTRO","728913","1269740","AVENIDA  BOUCINHAS DE MENEZES CENTRO","897",NULL,"CENTRO","31.54","23.6","100","31.58","-10.79128265","-65.34265732","110010605000026","-10.791405","-65.342724","110010605000026","-10.791405","-65.342724","0","15.43164876","1","0",True,NULL
"877","AV. 15 DE NOVEMBRO CENTRO","338",NULL,"CENTRO","625671","1384987","RUA  QUINZE DE NOVEMBRO CENTRO","3380",NULL,"CENTRO","26.96","24.03","100","28.34","-10.7906862","-65.3441371","110010605000026","-9.690367","-62.214408","110013020000001","-9.690367","-62.214408","0","363659.32945177","1","363557.81533163",False,NULL
"878","AV. DOM PEDRO II CENTRO","269",NULL,"CENTRO","950994","1334535","RUA DOM PEDRO II CENTRO","2591",NULL,"CENTRO","21.42","14.3","100","20.98","-10.78633853","-65.34266121","110010605000027","-8.762178","-63.902117","110020505060002","-8.762178","-63.902117","0","274909.55090079","1","273567.07442689",False,False
"879","AV TANCREDO FARIAS DE MATOS CENTRO/DISTRITO DE SURPRESA","248",NULL,"CENTRO/DISTRITO DE SURPRESA","831460","1276459","AVENIDA  TANCREDO FARIAS DE MATOS SURPRESA","248",NULL,"SURPRESA","100","22.61","14.4","43.88","-10.787084","-65.340869","110010605000027","-11.881831","-65.020047","110010622000001","-11.881831","-65.020047","0","126655.96387122","1","125901.81003225",False,False
"880","AV. GETULIO VARGAS CENTRO","430",NULL,"CENTRO","692769","216163083","AVENIDA  GETULIO VARGAS CENTRO","4258",NULL,"CENTRO","24.39","14.82","100","23.15","-10.7878076","-65.3406941","110010605000028","-12.138369","-61.856351","110037905000020","-12.138369","-61.856351","0","408320.75591924","1","408045.30659865",False,NULL
"881","AV.DR.MENDONCA LIMA TAMANDARE","1498",NULL,"TAMANDARE","718550","215135855","AVENIDA DOUTOR MENDONCA LIMA TAMANDARE","1497",NULL,"TAMANDARE","18.42","18.45","100","20.06","-10.7824229","-65.3368269","110010605000029","-10.782102","-65.336977","110010605000029","-10.782102","-65.336977","0","39.26907687","1","0",True,NULL
"882","AV. 12 DE OUTUBRO TAMANDARE","1219","PREDIO PROPRIO","TAMANDARE","823896","1271191","AVENIDA  12 DE OUTUBRO TAMANDARE","1218",NULL,"TAMANDARE","22.08","19.94","100","23.4","-10.77945972","-65.33946613","110010605000029","-10.779844","-65.339285","110010605000029","-10.779844","-65.339285","0","47.08839623","1","0",True,NULL
"883","AV. LEOPOLDO DE MATOS TAMANDARE","2102","PREDIO","TAMANDARE","914826","1272159","AVENIDA  LEOPOLDO DE MATOS TAMANDARE","2101",NULL,"TAMANDARE","26.1","21.68","100","27","-10.7788027","-65.3345631","110010605000032","-10.778523","-65.334798","110010605000032","-10.778523","-65.334798","0","40.31956597","1","0",True,NULL
"884","AV 15 DE NOVEMBRO SERRARIA","2559","-","SERRARIA","36641","1263366","AVENIDA  15 DE NOVEMBRO SERRARIA","2678",NULL,"SERRARIA","100","15.47","100","47.78","-10.7774002","-65.3302824","110010605000032","-10.776728","-65.329276","110010605000006","-10.776728","-65.329276","0","132.93650946","1","15.07420615",False,True
"885","AV. JOSE BONIFACIO SERRARIA","187",NULL,"SERRARIA","36683","1263318","AVENIDA  JOSE BONIFACIO SERRARIA","171",NULL,"SERRARIA","27.23","14.29","100","24.56","-10.7774907","-65.3311319","110010605000032","-10.778414","-65.330874","110010605000006","-10.778414","-65.330874","0","106.46133913","1","32.56003115",False,True
"886","AV. QUINTINO BOCAIUVA TAMANDARE","2041","ESCOLA","TAMANDARE","914849","1272172","AVENIDA  QUINTINO BOCAIUVA TAMANDARE","2040",NULL,"TAMANDARE","31.83","21.89","100","31.12","-10.77764295","-65.33574817","110010605000032","-10.777892","-65.335551","110010605000032","-10.777892","-65.335551","0","35.08243607","1","0",True,NULL
"887","AV TENENTE HENRIQUE LOPES JARDIM DA ESMERALDA","3515",NULL,"JARDIM DA ESMERALDA","914607","92317308","AVENIDA  DEZIDERIO DOMINGOS LOPES CENTRO","3513",NULL,"CENTRO","17.25","21.95","9.93","16.73","-10.76039866","-65.30395113","110010605000033","-10.413063","-65.331862","110033805000002","-10.413063","-65.331862","0","38742.31572706","1","38376.83624685",False,False
"888","AVENIDA 15 DE NOVEMBRO PLANALTO","4849",NULL,"PLANALTO","700433","98737349","AVENIDA  15 DE NOVEMBRO PLANALTO","4475",NULL,"PLANALTO","100","15.34","100","47.53","-10.76153277","-65.31563194","110010605000038","-10.402498","-65.335877","110033805000005","-10.402483","-65.3358485","3.53517916","39984.18052319","1","38743.04341656",False,False
"889","ALDEIA CAJUEIRO RIO PACAAS NOVOS","42","TERRA INDIGENA","RIO PACAAS NOVOS","472193","1477963","TRAVESSA  CAJUEIRO CENTENARIO","4689",NULL,"CENTENARIO","21.08","15.06","11.39","18.09","-11.00070112","-65.22143813","110010605000100","-11.722889","-61.766746","110028805000022","-11.722889","-61.766746","0","385077.8762131","1","383369.61351015",False,False
"890","ALDEIA GRACAS A DEUS ALDEIA GRACAS A DEUS","76","RIO PACAAS NOVOS","ALDEIA GRACAS A DEUS","49724","180232702","ALDEIA  DA PLACA ALDEIA INDIGENA PLACA","0",NULL,"ALDEIA INDIGENA PLACA","19.55","13.97","18.31","17.99","-11.08436354","-65.15243545","110010605000077","-11.248119","-61.186177","110004910000041","-11.248119","-61.186177","0","433059.07977653","1","432333.5933577",False,False
"891","ALDEIA CAPOEIRINHA ALDEIA CAPOEIRINHA",NULL,"RIO PACAAS NOVOS","ALDEIA CAPOEIRINHA","516100","180265398","ALDEIA  IKOLEN 1 ALDEIA INDIGENA IKOLEN 1","1",NULL,"ALDEIA INDIGENA IKOLEN 1","17.64","16.07","16.89","17.23","-11.01924776","-65.20359473","110010605000078","-10.751546","-61.588986","110012205000179","-10.751546","-61.588986","0","395812.96033231","1","395481.60728004",False,False
"892","ALDEIA SAO LUIS - RIO PACAAS NOVOS ALDEIA SAO LUIS",NULL,"TERRA INDIGENA","ALDEIA SAO LUIS","109129","1274951","RIO  PACAAS NOVOS ALDEIA INDIGENA SAO LUIS","7",NULL,"ALDEIA INDIGENA SAO LUIS","25.74","13.76","22.77","21.68","-11.01916972","-65.20363145","110010605000078","-11.086734","-64.080429","110010605000084","-11.086734","-64.080429","0","122807.77917653","1","122121.24618311",False,False
"893","ALDEIA BARRANQUILHA, RIO MAMORE ALDEIA BARRANQUILHA",NULL,"RIO MAMORE","ALDEIA BARRANQUILHA","212334","1596977","ALDEIA  RIO DO OURO ALDEIA INDIGENA RIO DO OURO","2","CASA","ALDEIA INDIGENA RIO DO OURO","19.36","14.9","16.21","17.94","-11.333560324274","-65.2910039015114","110010605000112","-12.466593","-60.799109","110092405000028","-12.466593","-60.799109","0","504705.67135935","1","504766.48952892",False,False
"894","ALDEIA BOM JESUS ALDEIA BOM JESUS",NULL,"RIO SOTERIO,","ALDEIA BOM JESUS","329406","180225088","ALDEIA AGRICULTOR BOM JESUS 2 ALDEIA INDIGENA BOM JESUS 2","0","CASA 10","ALDEIA INDIGENA BOM JESUS 2","24.49","11.1","24.28","19.72","-11.614549588412","-65.0838700588793","110010605000094","-11.614601","-65.083293","110010605000094","-11.6146985","-65.08313100000001","20.70931833","63.1116931","1","0",True,NULL
"895","ALDEIA DEOLINDA ALDEIA DEOLINDA",NULL,"RIO MAMORE","ALDEIA DEOLINDA","621039","91991001","ALDEIA  UHY ALDEIA INDIGENA UHY","1",NULL,"ALDEIA INDIGENA UHY","18.87","16.07","16.36","17.97","-11.2075884500518","-65.3187647648156","110010605000114","-10.763117","-61.499835","110012205000174","-10.763117","-61.499835","0","419780.56016309","1","419039.23861119",False,False
"896","ALDEIA TANAJURA ALDEIA TANAJURA",NULL,"RIO PACAAS NOVOS","ALDEIA TANAJURA","26633","180259105","ALDEIA  TANAI ALDEIA INDIGENA TANAI","70",NULL,"ALDEIA INDIGENA TANAI","20.74","11.48","17.9","17.62","-11.04450997","-65.17689016","110010605000068","-11.41229","-60.597964","110009805000050","-11.412276","-60.5979985","4.06987644","501073.84958356","1","499725.69059378",False,NULL
"897","AVENIDA GIACOMO CASARA NOSSA SENHORA DE FATIMA","2560",NULL,"NOSSA SENHORA DE FATIMA","867238","1266647","AVENIDA  GIACOMO CASARA FATIMA","2563",NULL,"FATIMA","100","22.6","13.53","43.03","-10.7764083","-65.3123371","110010605000105","-10.776476","-65.311922","110010605000105","-10.776476","-65.311922","0","45.96370935","1","0",True,NULL
"898","ALDEIA SOTERIO - RIO MAMORE ALDEIA SOTERIO",NULL,"TERRA INDIGENA","ALDEIA SOTERIO","212334","1596977","ALDEIA  RIO DO OURO ALDEIA INDIGENA RIO DO OURO","2","CASA","ALDEIA INDIGENA RIO DO OURO","20.07","14.9","17.23","18.48","-11.6156632499769","-65.1345333829522","110010605000140","-12.466593","-60.799109","110092405000028","-12.466593","-60.799109","0","480862.40784914","1","480877.62598573",False,False
"899","ALDEIA SAO JOAO - PACAAS NOVOS ALDEIA SAO JOAO",NULL,"RIO MAMORE","ALDEIA SAO JOAO","115904","180246310","RIO  PACAAS NOVOS ALDEIA INDIGENA SANTO ANDRE","1",NULL,"ALDEIA INDIGENA SANTO ANDRE","22.13","16.07","15.56","19.8","-11.6190220462158","-65.1451565232128","110010605000141","-11.161028","-65.017082","110010605000091","-11.161028","-65.017082","0","52805.58207898","1","52051.94919403",False,NULL
"900","AVENIDA RORAIMA CENTRO","3154","DISTRITO DO IATA","CENTRO","847254","1377964","RUA  RORAIMA CENTRO","3694",NULL,"CENTRO","100","14.7","100","46.28","-10.58778443","-65.38555982","110010612000001","-9.430358","-61.997567","110013005000013","-9.430358","-61.997567","0","392675.76162466","1","391980.20885079",False,NULL
"901","ALDEIA BAIA DA COCA - RIO GUAPORE ALDEIA BAIA DA COCA","315","TERRA  INDIGENA","ALDEIA BAIA DA COCA","262706","180241360","ALDEIA  BOA ESPERANCA ALDEIA INDIGENA DO JOAO","3","CASA MADEIRA","ALDEIA INDIGENA DO JOAO","18.01","12.49","14.04","16.13","-11.9618224818259","-64.8974589630961","110010622000008","-10.731704","-61.592785","110012205000181","-10.731704","-61.592785","0","385363.69628762","1","384917.77695772",False,NULL
"902","ALDEIA RICARDO FRANCO, RIO GUAPORE ALDEIA RICARDO FRANCO",NULL,"TERRA INDIGENA","ALDEIA RICARDO FRANCO","26252","180258059","RIO  GUAPORE ALDEIA INDIGENA RICARDO FRANCO","43",NULL,"ALDEIA INDIGENA RICARDO FRANCO","17.77","13.95","25.88","17.37","-12.0162163395435","-64.8278906755149","110010622000010","-12.017524","-64.827019","110010622000010","-12.017524","-64.827019","0","173.5804042","1","0",True,NULL
"903","ALDEIA LAJE VELHO - BOM SOSSEGO ALDEIA LAJE VELHO",NULL,"6ª LINHA RAMAL IATA","ALDEIA LAJE VELHO","125929","214185631","RUA  ALDEIA DO LAGO ALDEIA DO LAGO","112",NULL,"ALDEIA DO LAGO","21.77","11.21","20.77","18.24","-10.55653259","-65.27549436","110010612000005","-10.909457","-61.959486","110012205000131","-10.909457","-61.959486","0","364390.21534051","1","364103.58035951",False,NULL
"904","ALDEIA LINHA 10 - BOM SOSSEGO ALDEIA LINHA 10",NULL,"TERRA INDIGENA","ALDEIA LINHA 10","398220","1322757","ALDEIA  LINHA 10 CENTRAL ALDEIA INDIGENA CENTRAL","747",NULL,"ALDEIA INDIGENA CENTRAL","24.04","15.34","14.95","20.47","-10.6029766704887","-65.0854693260044","110010612000007","-11.108742","-61.335441","110004910000032","-11.108742","-61.335441","0","413361.86314409","1","413316.24080152",False,False
"905","RUA ANTONIO ELIAS TEIXEIRA CENTRO",NULL,NULL,"CENTRO","594293","180502808","AVENIDA  JORGE TEIXEIRA CENTRO","1",NULL,"CENTRO","18.81","16.07","100","19.74","-11.8815875","-65.0168051","110010622000001","-11.768968","-63.038241","110150005000001","-11.768968","-63.038241","0","215700.73770811","1","215436.35042051",False,False
"906","ALDEIA PEDRAL ALDEIA PEDRAL",NULL,"RIO GUAPORE","ALDEIA PEDRAL","263646","110620350","ALDEIA  PEDRAL ALDEIA INDIGENA PEDRAL","2",NULL,"ALDEIA INDIGENA PEDRAL","100","14.9","22.37","40.17","-11.9803848769516","-64.8867195658386","110010622000012","-11.97672","-64.889722","110010622000012","-11.97672","-64.889722","0","522.23380082","1","0",True,NULL
"907","ALDEIA SAGARANA - RIO GUAPORE ALDEIA SAGARANA",NULL,"TERRA INDIGENA","ALDEIA SAGARANA","263678","110620363","ALDEIA  SAGARANA ALDEIA INDIGENA SAGARANA","1",NULL,"ALDEIA INDIGENA SAGARANA","21.21","16.07","24.14","20.17","-11.9111753348261","-64.9941349122673","110010622000016","-11.909468","-64.984912","110010622000016","-11.909468","-64.984912","0","1021.26528492","1","0",True,NULL
"908","RUA MARECHAL RONDON SETOR 04","2579","UNIDADE DE ENSINO","SETOR 04","263988","1277488","RUA MARECHAL RONDON SETOR 04","2579",NULL,"SETOR 04","100","24.06","100","61.3","-10.4389666","-62.472313","110011405000002","-10.439122","-62.471949","110011405000002","-10.439122","-62.471949","0","43.39392388","1","0",True,NULL
"909","AVENIDA RIO BRANCO SETOR 1","2017","PREDIO","SETOR 1","264510","91975736","AVENIDA  RIO BRANCO SETOR 01","2017","CASA ALTOS","SETOR 01","100","18.77","20.77","44.51","-10.433601","-62.470524","110011405000009","-10.433595","-62.47031","110011405000009","-10.433524","-62.470322499999995","8.01231786","23.41180317","1","0",True,NULL
"910","AVENIDA BRASIL SETOR 01","1676",NULL,"SETOR 01","264374","91975900","AVENIDA  BRASIL SETOR 01","1676",NULL,"SETOR 01","100","23","100","59.89","-10.4372541","-62.470491","110011405000009","-10.437134","-62.470041","110011405000009","-10.437134","-62.470041","0","50.98974621","1","0",True,NULL
"911","RUA FLORIANOPOLIS SETOR 02","2945","ESCOLA","SETOR 02","578716","1199836","RUA  FLORIANOPOLIS SETOR 03","2940","CASA FUNDO","SETOR 03","100","22.07","26.5","50.42","-10.4390444","-62.4681732","110011405000010","-9.905046","-63.045702","110002305000007","-9.905063","-63.0456985","1.92880207","86724.20273988","1","86308.62413478",False,False
"912","RUA ONOFRE DUARTE DE OLIVEIRA SETOR 06","3398",NULL,"SETOR 06","763898","91977814","RUA  ONOFRE DUARTE DE OLIVEIRA SETOR 06","3398",NULL,"SETOR 06","100","25.02","100","62.53","-10.4420224","-62.4656802","110011405000011","-10.419968","-62.475945","110011405000031","-10.419968","-62.475945","0","2697.045368","1","2239.52486806",False,False
"913","RUA MARECHAL RONDON SETOR 03","2258",NULL,"SETOR 03","263974","1277399","RUA MARECHAL RONDON SETOR 04","2257","CASA","SETOR 04","100","19.35","28.02","47.83","-10.4419633","-62.4656555","110011405000011","-10.440876","-62.474594","110011405000002","-10.440876","-62.474594","0","984.90752243","1","617.75753546",False,False
"914","RUA JEAN CARLOS JARDIM NOVO ESTADO","4029",NULL,"JARDIM NOVO ESTADO","664305","1290491","RUA  JEAN CARLOS MUNIZ JARDIM DOS ESTADOS","4029",NULL,"JARDIM DOS ESTADOS","21.42","23.09","19.56","21.53","-10.4419758","-62.4656569","110011405000011","-10.416592","-62.478128","110011405000068","-10.416592","-62.478128","0","3134.77279431","1","2682.64882904",False,False
"915","RUA MAMORE SETOR 01-A","1502",NULL,"SETOR 01-A","820508","215429640","AVENIDA  MAMORE SETOR 0008","1502",NULL,"SETOR 0008","100","22.93","16.14","45.63","-10.4420123","-62.465627","110011405000011","-12.443499","-64.224829","110008005000008","-12.443499","-64.224829","0","293744.20940005","1","292860.24892818",False,NULL
"916","RUA RAIMUNDO BARRETO JARDIM ESPERANCA","863","ESCOLA","JARDIM ESPERANCA","951507","1283531","RUA  RAIMUNDO BARRETO SETOR 07","783","CASA A","SETOR 07","100","16.65","12.3","36.84","-10.4420087","-62.4656314","110011405000011","-10.451321","-62.476527","110011405000019","-10.451274999999999","-62.4765055","5.62941416","1578.53965014","1","1408.56159564",False,False
"917","RUA LUZIA LOPES CENTRO","2699","PERIMETRO URBANO","CENTRO","45285","180274574","RUA  LUZIA LOPES CENTRO","2445","APARTAMENTO 2","CENTRO","100","14.42","100","45.73","-10.4420051","-62.4656291","110011405000011","-10.854776","-62.797694","110011425000001","-10.854776","-62.797694","0","58510.31992012","1","58182.90886944",False,False
"918","LINHA 130 KM 12 LADO NORTE ZONA RURAL",NULL,NULL,"ZONA RURAL","489388","180263875","LINHA  130 NORTE LINHA 130 SUL","2",NULL,"LINHA 130 SUL","28.82","14.9","10.94","21.34","-11.61629574","-62.27442728","110014805000018","-11.737066","-62.27519","110014805000024","-11.737066","-62.27519","0","13429.31552733","1","1228.09415279",False,True
"919","RUA JUSCELINO KUBISTHEK LIBERDADE","882","AO LADO DA IGREJA","LIBERDADE","788402","1724690","AVENIDA  JUSCELINO KUBISCHEK CENTRO","1025",NULL,"CENTRO","32.51","14.5","9.35","21.73","-10.7132988","-62.2564194","110015505000016","-10.2429","-62.35153","110160905000003","-10.2429","-62.35153","0","53329.81687406","1","52549.01992096",False,NULL
"920","RUA OSVALDO CRUZ LIBERDADE","416","ESCOLA","LIBERDADE","490088","180265448","RUA  OSVALDO CRUZ LIBERDADE","445",NULL,"LIBERDADE","100","16.66","100","49.99","-10.7155486","-62.2592044","110015505000018","-10.715222","-62.260066","110015505000014","-10.715222","-62.260066","0","100.89743873","1","39.81683091",False,True
"921","RO 481 KM 08 ESQUINA COM A LINHA 118 SUL ZONA RURAL",NULL,NULL,"ZONA RURAL","342518","1488524","LINHA  184 SUL AVENIDA NORTE SUL","1","CASA AZUL","AVENIDA NORTE SUL","26.74","16.07","11.46","21.12","-11.72635349","-62.38337056","110014805000025","-11.748544","-61.780083","110028805000080","-11.7486905","-61.7796975","45.0183643","65726.23489014","1","61965.12428284",False,False
"922","LINHA 134, KM 12, LADO NORTE ZONA RURAL",NULL,NULL,"ZONA RURAL","646257","180468579","LINHA  144 LADO NORTE MIGRANTINOPOLIS","1","CASA 2","MIGRANTINOPOLIS","32.12","16.07","10.55","22.87","-11.6188831","-62.2377868","110014805000027","-11.711605","-62.143947","110050210000002","-11.711659000000001","-62.143992499999996","7.7844091","14516.49637487","1","8352.4953359",False,False
"923","RUA JUSCELINO KUBITSCHEK JARDIM TROPICAL","113",NULL,"JARDIM TROPICAL","630698","1388307","AVENIDA  JUSCELINO KUBITSCHEK SETOR 15","1130",NULL,"SETOR 15","100","22.14","10.83","39.57","-10.7196725","-62.2521859","110015505000020","-11.725863","-62.331059","110014805000007","-11.725863","-62.331059","0","112213.65803272","1","111371.1627712",False,False
"924","RUA JUSCELINO KUBITSCHECK JARDIM TROPICAL","125","CENTRO","JARDIM TROPICAL","425393","180264070","RUA  JUSCELINO KUBITSCHECK JARDIM TROPICAL","0","RUA INTERNA","JARDIM TROPICAL","100","13.72","100","44.29","-10.71923","-62.25233","110015505000020","-10.716988","-62.254045","110015505000019","-10.716939","-62.254045","5.44855891","311.86323542","1","138.86194326",False,True
"925","RUA ANA NERI JARDIM TROPICAL","342","CENTRO","JARDIM TROPICAL","413350","1399221","RUA  ANA NERI JARDIM TROPICAL","431",NULL,"JARDIM TROPICAL","100","15.28","100","47.41","-10.7194818","-62.2495909","110015505000021","-10.718853","-62.250495","110015505000020","-10.718814","-62.2504815","4.58057004","121.01933308","1","63.70771418",False,True
"926","AVENIDA CAPITAO SILVIO GONCALVES DE FARIAS INCRA","368","CENTRO","INCRA","86791","1399472","AVENIDA CAPITAO SILVIO GONCALVES DE FARIAS INCRA","368",NULL,"INCRA","100","21.77","100","58.18","-10.7215093","-62.2497865","110015505000021","-10.721576","-62.249753","110015505000021","-10.721576","-62.249753","0","8.27062663","1","0",True,NULL
"927","RUA SIRLEY LEMES BOA ESPERANCA","141","ESCOLA","BOA ESPERANCA","304287","1399842","RUA  SIRLEY LENES JARDIM AEROPORTO","146",NULL,"JARDIM AEROPORTO","15.49","14.35","12.67","14.92","-10.7368379","-62.2438406","110015505000022","-10.736662","-62.243826","110015505000022","-10.736662","-62.243826","0","19.62414291","1","0",True,NULL
"928","AV. TANCREDO NEVES BOA ESPERANCA","233","ESCOLA","BOA ESPERANCA","574238","214956749","AVENIDA  TANCREDO NEVES BOA ESPERANCA","0",NULL,"BOA ESPERANCA","23.19","13.45","100","21.71","-10.7374693","-62.2434791","110015505000022","-12.294235","-61.04766","110092405000017","-12.2944235","-61.047664999999995","20.9673107","216656.77854506","1","216009.29848058",False,False
"929","RUA MARIO ANDREAZZA JARDIM AEROPORTO","426",NULL,"JARDIM AEROPORTO","883725","215076628","RUA  MARIO ANDREAZZA JUSCELINO KUBITSCHEK","8296","SALA 3","JUSCELINO KUBITSCHEK","100","17.03","11.86","36.8","-10.728076","-62.25095611","110015505000025","-8.772707","-63.833911","110020505090033","-8.772707","-63.833911","0","278145.19274893","1","277049.66743006",False,False
"930","LINHA 08/31 GLEBA 08 A LOTE 15 ZONA RURAL","0","ESCOLA","ZONA RURAL","85080","99412672","LINHA  28 DO 37 GLEBA DOZE","0",NULL,"GLEBA DOZE","25.72","28.7","11.2","23.2","-10.8070615","-62.2034347","110015505000042","-10.967366","-62.319864","110155905000006","-10.967366","-62.316849500000004","329.07542007","21894.34015048","1","17787.93618201",False,False
"931","LINHA 115 GLEBA 17 LOTE 59 ZONA RURAL",NULL,"ZONA RURAL","ZONA RURAL","332960","91964523","LINHA  155 ZONA RURAL","1","FAZENDA","ZONA RURAL","20.48","16.07","100","21","-10.6734778","-62.2034353","110015505000052","-12.765282","-61.406342","110007205000022","-12.765282","-61.406241","10.9531185","248259.36309798","1","235852.77979844",False,False
"932","RUA MAIRA ALVORADA",NULL,"PREDIO ESCOLAR","ALVORADA","35897","1230794","RUA  1 MAIO SAO DOMINGOS DO GUAPORE","8391",NULL,"SAO DOMINGOS DO GUAPORE","18.57","12.27","11.94","16.03","-10.7166035","-62.2482864","110015505000060","-12.07243","-64.02786","110008035000006","-12.07243","-64.02786","0","245672.46616698","1","245261.83259296",False,False
"933","RUA ALTO ALEGRE NOVO HORIZONTE","494","COOAB","NOVO HORIZONTE","304660","92000605","RUA  ALTO ALEGRE NOVO HORIZONTE","493",NULL,"NOVO HORIZONTE","100","18.96","100","53.92","-10.7125621","-62.2717928","110015505000062","-10.713484","-62.271437","110015505000054","-10.713484","-62.271437","0","109.63399531","1","0",False,NULL
"934","RUA. JUSCELINO KUBITSCHEK JARDIM NOVO ESTADO","1421","ESCOLA","JARDIM NOVO ESTADO","519338","1402908","RUA  JUSCELINO KUBITSCHECK JARDIM NOVO ESTADO","1487","FUNDOS","JARDIM NOVO ESTADO","28.93","15.61","100","26.31","-10.7100474537686","-62.2598274228317","110015505000068","-10.709246","-62.26019","110015505000031","-10.709246","-62.26019","0","97.52578646","1","0",False,NULL
"935","RUA DEZ SETOR 33 SOCIALISTA","35","ORGULHO DO MADEIRA","SOCIALISTA","573940","1709072","TRAVESSA  37 A 33 TRAVESSAO DA 33 PARA 37","0",NULL,"TRAVESSAO DA 33 PARA 37","24.44","15","11.17","19.64","-8.760745","-63.81298167","110020505000115","-11.811732","-61.445027","110148405000003","-11.813276","-61.445046","171.69765708","426842.94253553","1","425421.1591845",False,False
"936","RUA URUPA SETOR INDUSTRIAL",NULL,"ESCOLA","SETOR INDUSTRIAL","686759","91942316","AVENIDA  URUPA SETOR 02","1","APARTAMENTO 1","SETOR 02","100","16.07","14.9","38.23","-10.7114899","-62.2461769","110015505000082","-9.918796","-63.028346","110002305000156","-9.918796","-63.028346","0","122845.42794898","1","121893.44739775",False,False
"937","RUA BURAREIRO SETOR INDUSTRIAL",NULL,"ESCOLA","SETOR INDUSTRIAL","84674","1404200","RUA  BURAREIRO INDUSTRIAL","0",NULL,"INDUSTRIAL","100","11.1","15.17","31.64","-10.7122152","-62.2478372","110015505000082","-10.711732","-62.247727","110015505000035","-10.711846","-62.2476975","13.0795787","55.0619715","1","0",False,NULL
"938","RUA OSWALDO RIBEIRO SOCIALISTA",NULL,"QUADRA 536 LOTE 231","SOCIALISTA","654910","180337166","RUA  OSWALDO RIBEIRO SOCIALISTA","9147",NULL,"SOCIALISTA","100","12.84","100","42.42","-8.761733208000004","-63.81309177","110020505000116","-8.763752","-63.826604","110020505000179","-8.763752","-63.826604","0","1501.82724762","1","1265.88097294",False,False
"939","RUA RAPOSO TAVARES CTG","698","PROXIMO ATACAREJO","CTG","524645","1415965","RUA  RAPOSO TAVARES CTG","698",NULL,"CTG","100","24.94","100","62.43","-11.6895017","-61.1727867","110018905000019","-11.689603","-61.173433","110018905000019","-11.689432","-61.17314450000001","36.72074388","71.27062653","1","0",True,NULL
"940","AVENIDA CRISTOVAO COLOMBO CTG","275",NULL,"CTG","524332","1415964","RUA  CRISTOVAO COLOMBO CTG","275",NULL,"CTG","100","20.56","100","56.41","-11.6900332","-61.1732813","110018905000019","-11.690085","-61.173435","110018905000019","-11.690085","-61.173435","0","17.69961895","1","0",True,NULL
"941","AVENIDA BELEM NOVA PIMENTA","1205",NULL,"NOVA PIMENTA","708405","92001832","AVENIDA  BELEM NOVA PIMENTA","1206",NULL,"NOVA PIMENTA","100","18.07","100","52.45","-11.6854976","-61.1570827","110018905000011","-11.685533","-61.157326","110018905000011","-11.685533","-61.157326","0","26.78387737","1","0",True,NULL
"942","RUA 21 ABRIL APEDIA","808","PROXIMO AO POSTO","APEDIA","754516","1415531","RUA  VINTE E UM DE ABRIL APEDIA","808",NULL,"APEDIA","41.7","22.33","100","37.39","-11.68077","-61.1777133","110018905000017","-11.680313","-61.178124","110018905000017","-11.680313","-61.178124","0","67.6930471","1","0",True,NULL
"943","RUA DOS EXTENSIONISTAS CENTRO","3490","RONDOMINAS","CENTRO","746817","215033640","RUA  DOS IMIGRANTES CENTRO","4290",NULL,"CENTRO","15.11","18.39","100","17.19","-10.5121522","-61.998686","110015525000009","-9.691411","-62.210553","110013020000001","-9.691411","-62.210553","0","94163.39139908","1","93227.89561039",False,NULL
"944","RUA BARROCAS DISTRITO DE RONDOMINAS","3314","CENTRO","DISTRITO DE RONDOMINAS","106982","1408074","RUA  BARROCAS RONDOMINAS","3136",NULL,"RONDOMINAS","100","14.33","20.2","38.6","-10.5109447","-61.9980197","110015525000009","-10.510222","-61.999739","110015525000008","-10.510222","-61.999739","0","204.42737242","1","45.01469606",False,True
"945","AV TURIBIO ODILON RIBEIRO ALVORADA","781","PREDIO","ALVORADA","964125","1409381","AVENIDA  TURIBIO ODILON RIBEIRO ALVORADA","841",NULL,"ALVORADA","100","17.05","100","50.69","-11.6775267","-61.1802867","110018905000001","-11.677689","-61.179438","110018905000001","-11.677689","-61.179438","0","94.16354591","1","0",True,NULL
"946","AVENIDA COSTA E SILVA ALVORADA","321",NULL,"ALVORADA","964202","1409663","AVENIDA  COSTA E SILVA ALVORADA","322",NULL,"ALVORADA","100","14.89","100","46.66","-11.6764934","-61.1837965","110018905000001","-11.676","-61.183428","110018905000001","-11.676","-61.183428","0","67.97230751","1","0",True,NULL
"947","RUA FLORIANO PEIXOTO PIONEIROS","310",NULL,"PIONEIROS","428600","1410358","RUA  FLORIANO PEIXOTO PIONEIROS","310",NULL,"PIONEIROS","100","20.14","100","55.78","-11.6702794","-61.1875958","110018905000003","-11.670141","-61.187861","110018905000003","-11.670141","-61.187861","0","32.72384555","1","0",True,NULL
"948","RUA FERNAO DIAS PIONEIROS","275",NULL,"PIONEIROS","88091","220955636","RUA  FERNAO DIAS PIONEIROS","0",NULL,"PIONEIROS","100","12.44","100","41.52","-11.67084485","-61.19427382","110018905000025","-11.669594","-61.192453","110018905000025","-11.669594","-61.192453","0","242.20006754","1","0",True,NULL
"949","RUA PRINCESA ISABEL JARDIM DAS OLIVEIRAS","355",NULL,"JARDIM DAS OLIVEIRAS","421134","1418752","RUA PRINCESA ISABEL JARDIM DAS OLIVEIRAS","362","FRENTE","JARDIM DAS OLIVEIRAS","100","14.26","100","45.4","-11.6750216","-61.193732","110018905000027","-11.674668","-61.193634","110018905000027","-11.674668","-61.193634","0","40.74107763","1","0",True,NULL
"950","AVENIDA DOS BANDEIRANTES PIONEIROS","1152",NULL,"PIONEIROS","504302","1419415","AVENIDA  DOS BANDEIRANTES PIONEIROS","1153",NULL,"PIONEIROS","100","18.87","100","53.76","-11.6777217","-61.191075","110018905000028","-11.678739","-61.190201","110018905000028","-11.678739","-61.190201","0","147.82999326","1","0",True,NULL
"951","RUA RIACHUELO, BNH I","835",NULL,"BNH I","540395","221138677","AVENIDA  RIACHUELO BNH","732",NULL,"BNH","51.67","14.87","26.59","32.51","-11.6851322","-61.1783503","110018905000031","-11.684667","-61.179045","110018905000020","-11.684667","-61.179045","0","91.64144178","1","9.81437511",False,True
"952","RO 010 KM 32 CX. POSTAL 014 RURAL","14",NULL,"RURAL","617448","101446473","RODOVIA  RO 133 RURAL","0",NULL,"RURAL","17.48","18.19","100","19.22","-11.7239411","-61.4760069","110018905000035","-9.516425","-62.065493","110013005000055","-9.516235","-62.065493","21.12706515","253777.58426282","1","248898.45681878",False,NULL
"953","RO 010, KM 32 SETOR ABAITARA, ZONA RURAL ZONA RURAL",NULL,"SETOR ABAITARA","ZONA RURAL","617652","180312695","TRAVESSAO  DA RO 133 PRA MP 47 LINHA MP 23","1",NULL,"LINHA MP 23","20.82","16.07","11.04","18.14","-11.723628","-61.4767069","110018905000035","-9.521999","-62.073572","110013005000055","-9.521815499999999","-62.0793405","632.92046816","253350.74025193","1","248501.12332724",False,NULL
"954","RUA TUPA BELA VISTA","35",NULL,"BELA VISTA","680853","1410894","RUA  TUPA BELA VISTA","35",NULL,"BELA VISTA","100","17.28","100","51.09","-11.655336","-61.1952115","110018905000043","-11.655311","-61.195017","110018905000004","-11.655311","-61.195017","0","21.36313675","1","0",False,NULL
"955","RODOVIA BR 364 KM 155 ZONA RURAL",NULL,"CAIXA POSTAL 052","ZONA RURAL","419930","110252886","RODOVIA  BR 364 BR 364 SAIDA PARA JARU","1","CASA","BR 364 SAIDA PARA JARU","24.91","16.07","11.77","20.39","-11.9637633","-60.9566822","110018905000040","-10.699034","-62.26201","110015505000049","-10.698143","-62.2631775","161.51873251","200075.88693085","1","157876.82995677",False,False
"956","RUA PADRE FEIJO VILA NOVA","1522",NULL,"VILA NOVA","407099","1413982","AVENIDA PADRE FEIJO VILA NOVA","1135","FUNDOS","VILA NOVA","100","14.89","100","46.66","-11.6855899","-61.1650636","110018905000050","-11.687992","-61.167601","110018905000013","-11.6879825","-61.1676025","1.06890611","384.29618143","1","1.76610871",False,True
"957","AV CURITIBA VILA NOVA","1316","ZONA URBANA","VILA NOVA","432317","214951426","AVENIDA  CURITIBA VILA NOVA","896",NULL,"VILA NOVA","100","13.79","100","44.44","-11.6871879","-61.1642089","110018905000050","-11.683609","-61.165565","110018905000007","-11.683609","-61.165565","0","424.46955448","1","163.19699864",False,NULL
"958","AV DOS IMIGRANTES CTG","1845",NULL,"CTG","524417","180272506","AVENIDA  DOS IMIGRANTES CTG","0","FUNDOS","CTG","100","14.98","100","46.83","-11.691843","-61.170365","110018905000050","-11.690934","-61.171222","110018905000019","-11.690934","-61.17121","1.3066599","137.56639437","1","99.86673294",False,True
"959","AVENIDA ODEGAR MAXIMIANO RAMOS VIEIRA ESQUINA C/ PADRE FEIJO VILA NOVA","1706",NULL,"VILA NOVA","44845","1316247","RUA GOVERNADOR JORGE TEIXEIRA NOVA BRASILIA","1706",NULL,"NOVA BRASILIA","16.03","23.47","14.55","16.93","-11.6899405326803","-61.1688223109219","110018905000050","-10.881349","-61.914426","110012205000053","-10.881349","-61.914426","0","121220.16799329","1","120817.99735436",False,False
"960","RUA PARA NOVA PIMENTA","1202","ESQ/ COM AV. SAO LUI","NOVA PIMENTA","506117","1413722","RUA  PARA NOVA PIMENTA","1202",NULL,"NOVA PIMENTA","100","24.71","100","62.13","-11.686895","-61.1615983","110018905000052","-11.686638","-61.161509","110018905000012","-11.686638","-61.161509","0","30.18619542","1","0",False,NULL
"961","AVENIDA ANTONIO RICARDO DE LIMA SERINGAL","541","ESCOLA","SERINGAL","846391","1414835","AVENIDA  ANTONIO RICARDO DE LIMA SERINGAL","541",NULL,"SERINGAL","100","23.57","100","60.66","-11.679574","-61.1711921","110018905000053","-11.679562","-61.171388","110018905000015","-11.679562","-61.171388","0","21.37378943","1","0",False,NULL
"962","AV. PIMENTA BUENO JARDIM DAS OLIVEIRAS","263",NULL,"JARDIM DAS OLIVEIRAS","769561","1598325","RUA  PIMENTA BUENO VILA GUAPORE","0",NULL,"VILA GUAPORE","24.7","14.25","12.21","19.77","-11.668568","-61.1990401","110018905000061","-12.231835","-60.686795","110092405000013","-12.2318085","-60.6868445","6.13340756","83833.44674225","1","83358.74856134",False,False
"963","ESTRADA DO AEROPORTO BELA VISTA","337","AEROPORTO","BELA VISTA","899333","1410782","ESTRADA  DO AEROPORTO BELA VISTA","2468",NULL,"BELA VISTA","100","13.83","100","44.53","-11.6552497","-61.1893782","110018905000062","-11.643706","-61.174299","110018905000004","-11.643706","-61.174299","0","2084.33145988","1","1688.30700851",False,NULL
"964","RUA ESPORTES",NULL,"SETOR URUCUMACUA",NULL,"714798","214193825","RUA  DO ESPORTE URUCUMACUA","93353",NULL,"URUCUMACUA","32.03","11.2","10.2","20.19","-12.2283222","-60.6841427","110018915000026","-12.22794","-60.682708","110018915000009","-12.22794","-60.682708","0","161.60054869","1","0",False,NULL
"965","FAZENDA DIMBA",NULL,NULL,NULL,"181521","180411428","FAZENDA  MODELO FAZENDA","2",NULL,"FAZENDA","17.87","14.9","10.73","16.15","-11.8807451","-60.8474091","110018915000003","-12.057339","-61.443051","110148405000009","-12.057339","-61.443051","0","67702.69708105","1","59595.73973535",False,False
"966","ESTRADA DO CALCARIO - KM 100",NULL,NULL,NULL,"684931","1239358","ESTRADA  DO CALCARIO ESPIGAO DO OESTE","1","CASA 48","ESPIGAO DO OESTE","23.33","16.07","10.78","19.34","-11.69243272","-60.64710752","110018915000004","-11.68166","-60.671141","110009805000028","-11.6128805","-60.830397500000004","18955.26159802","2878.12454491","1","587.23403485",False,False
"967","LINHA 108 SETOR CALCARIO",NULL,NULL,NULL,"595818","180504226","LINHA  108 GLEBA BOM PRINCIPIO B","1",NULL,"GLEBA BOM PRINCIPIO B","24.83","16.07","11.01","20.11","-11.6931574","-60.5480736","110018915000006","-11.798555","-63.047902","110150005000008","-11.7985445","-63.048029","13.87263713","272399.30291457","1","268598.40937738",False,False
"968","AVENIDA PRIMO FAVALECA ITAPORANGA","131","SETOR ITAPORANGA","ITAPORANGA","580629","180475757","RUA  PRIMOROSA AVENIDA PEDRAS BRANCAS","0",NULL,"AVENIDA PEDRAS BRANCAS","17.81","12.26","11.92","15.62","-11.6284017","-61.1976642","110018920000001","-10.608471","-62.729044","110100505000002","-10.608471","-62.729044","0","201937.8728424","1","200845.72603622",False,NULL
"969","RUA MARIA RIGO FERREIRA DISTRITO ITAPORANGA","140","ROD. 387KM 01","DISTRITO ITAPORANGA","332868","100092276","RUA PIONEIRO MARIA FERREIRA DA SILVA ALPHAVILLE","0",NULL,"ALPHAVILLE","16.28","13.74","10.84","14.97","-11.629586","-61.1985628","110018920000001","-11.422404","-61.421875","110004905000102","-11.422404","-61.421875","0","33506.76293083","1","32590.97465545",False,NULL
"970","RUA RAIMUNDO CANTUARIA JARDIM SANTANA","9589","ENTRE","JARDIM SANTANA","421541","92006229","AVENIDA  RAIMUNDO CANTUARIA JARDIM SANTANA","9588",NULL,"JARDIM SANTANA","100","23.55","100","60.63","-8.7540217","-63.8250817","110020505000007","-8.754272","-63.825028","110020505000006","-8.754272","-63.825007","2.30789318","28.45094777","1","8.87056234",False,True
"971","RUA TURMALINA JARDIM SANTANA","10015","ZONA LESTE","JARDIM SANTANA","855522","92007709","RUA  TURMALINA JARDIM SANTANA","10008",NULL,"JARDIM SANTANA","100","14.6","100","46.09","-8.7526983","-63.8166564","110020505000009","-8.753364","-63.816538","110020505000009","-8.753364","-63.816538","0","75.15754456","1","0",True,NULL
"972","RUA 13 DE MAIO MOCAMBO","2170",NULL,"MOCAMBO","936304","1340855","RUA  TREZE DE MAIO MOCAMBO","2170",NULL,"MOCAMBO","100","25.33","100","62.91","-8.76738832","-63.90276734","110020505060024","-8.767491","-63.902776","110020505060024","-8.767491","-63.902776","0","11.45710612","1","0",True,NULL
"973","RUA ESCORPIAO ULISSES GUIMARAES","11511",NULL,"ULISSES GUIMARAES","271347","1427879","RUA  ESCORPIAO ULISSES GUIMARAES","11593","FUNDOS","ULISSES GUIMARAES","100","18.15","100","52.58","-8.775279687","-63.80330074","110020505000018","-8.775257","-63.802857","110020505000018","-8.775257","-63.802857","0","48.8293353","1","0",True,NULL
"974","RUA ORION ULISSES GUIMARAES","102",NULL,"ULISSES GUIMARAES","271161","1427913","RUA  ORION ULISSES GUIMARAES","2851","FRENTE","ULISSES GUIMARAES","100","14.38","100","45.65","-8.773481200000004","-63.8029877","110020505000018","-8.774247","-63.802704","110020505000018","-8.774247","-63.802704","0","90.68111633","1","0",True,NULL
"975","RUA ORION ULISSES GUIMARAES","2701","ZONA LESTE","ULISSES GUIMARAES","343189","1428764","RUA  ORION ULISSES GUIMARAES","2708",NULL,"ULISSES GUIMARAES","100","17.97","100","52.28","-8.775641","-63.802998","110020505000018","-8.775492","-63.802579","110020505000022","-8.775492","-63.802579","0","48.93539447","1","10.17861687",False,True
"976","RUA RIO LAJE RONALDO ARAGAO","11927","ZONA LESTE","RONALDO ARAGAO","370008","92010433","RUA  RIO LAJE RONALDO ARAGAO","11927",NULL,"RONALDO ARAGAO","100","26.59","100","64.42","-8.7835264","-63.7999749","110020505000025","-8.783817","-63.799921","110020505000025","-8.783817","-63.799921","0","32.85166838","1","0",True,NULL
"977","ALAMEDA ROQUETE PINTO NOVA ESPERANCA","4483","ALPHAVILLE 1","NOVA ESPERANCA","867618","108839353","ALAMEDA  ROQUETE PINTO NOVA ESPERANCA","4482","BLOCO A","NOVA ESPERANCA","100","21.98","100","58.48","-8.723516667","-63.876745","110020505000036","-8.72392","-63.87684","110020505000036","-8.72392","-63.87684","0","46.04804269","1","0",True,NULL
"978","ESTRADA SANTO ANTONIO TRIANGULO","633",NULL,"TRIANGULO","658972","97856590","ESTRADA SANTO ANTONIO TRIANGULO","633",NULL,"TRIANGULO","100","24.25","100","61.55","-8.810249535000002","-63.93908087","110020505000043","-8.81036","-63.938902","110020505060106","-8.81036","-63.938902","0","23.17728865","1","0",False,True
"979","ESTRADA 28 DE NOVEMBRO, KM 42 ZONA RURAL",NULL,"ALIANCA","ZONA RURAL","643287","110252543","ESTRADA  28 DE NOVEMBRO PROJETO DE ASSENTAMENTO ALIANCA","1",NULL,"PROJETO DE ASSENTAMENTO ALIANCA","27.57","16.07","11.28","21.41","-8.640371200000002","-63.6138749","110020505000047","-8.620714","-63.742731","110020505000047","-8.620714","-63.742731","0","14333.55955688","1","0",True,NULL
"980","AREA RURAL AREA RURAL DE PORTO VELHO",NULL,NULL,"AREA RURAL DE PORTO VELHO","76429","1177770","RUA  RURAL TEIXEIRAO","1434",NULL,"TEIXEIRAO","22.56","12.36","11.55","17.9","-8.560994000000004","-63.853535","110020505000063","-11.42308","-61.432757","110004905000095","-11.42308","-61.432757","0","414176.78602105","1","402560.98779014",False,False
"981","RODOVIA BR-364 ZONA RURAL",NULL,"REASSENT. SANTA RITA","ZONA RURAL","419930","110252886","RODOVIA  BR 364 BR 364 SAIDA PARA JARU","1","CASA","BR 364 SAIDA PARA JARU","66.8","16.07","11.77","31.83","-9.1119536","-64.1679947","110020505000090","-10.699034","-62.26201","110015505000049","-10.698143","-62.2631775","161.51873251","273364.56488876","1","268311.17514737",False,False
"982","RUA 06 VILA NOVA DE TEOTONIO","38","ZONA RURAL","VILA NOVA DE TEOTONIO","291872","99705914","RUA  SEIS NOVA TEOTONIO","0",NULL,"NOVA TEOTONIO","100","16.51","23.19","42.69","-8.871868490000002","-64.05470945","110020505000091","-8.871956","-64.054674","110020505000091","-8.871768","-64.054486","29.38735308","10.48116769","1","0",True,NULL
"983","AREA RURAL AREA RURAL DE PORTO VELHO",NULL,"CUJUBIM GRANDE","AREA RURAL DE PORTO VELHO","76429","1177770","RUA  RURAL TEIXEIRAO","1434",NULL,"TEIXEIRAO","22.56","12.36","11.55","17.9","-8.585968236379404","-63.7301647683912","110020505000092","-11.42308","-61.432757","110004905000095","-11.42308","-61.432757","0","403483.80038762","1","401282.41619885",False,False
"984","AREA RURAL AREA RURAL DE PORTO VELHO",NULL,"CUJUBIM GRANDE","AREA RURAL DE PORTO VELHO","76429","1177770","RUA  RURAL TEIXEIRAO","1434",NULL,"TEIXEIRAO","22.56","12.36","11.55","17.9","-8.58491613","-63.72936353","110020505000092","-11.42308","-61.432757","110004905000095","-11.42308","-61.432757","0","403520.84329833","1","401282.41619885",False,False
"985","RAMAL DO JACU, POSTE 63 AREA RURAL DE PORTO VELHO",NULL,"BAIXO-MADEIRA","AREA RURAL DE PORTO VELHO","99124","1146343","RAMAL  C 65 PROJETO DE ASSENTAMENTO DIRIGIDO MARECHAL DUTRA","7","CHACARA","PROJETO DE ASSENTAMENTO DIRIGIDO MARECHAL DUTRA","21.5","13.76","13.32","18.32","-8.763143","-63.903756","110020505060001","-9.910362","-63.093845","110002305000100","-9.910362","-63.093845","0","155465.62004836","1","154768.12499713",False,NULL
"986","RUA GONCALVES DIAS CENTRO","131",NULL,"CENTRO","899966","1334124","RUA  GONCALVES DIAS CENTRO","131",NULL,"CENTRO","100","21.64","100","57.99","-8.763937800000004","-63.9033229","110020505060001","-8.763963","-63.903163","110020505060001","-8.763963","-63.903163","0","17.79451141","1","0",True,NULL
"987","AREA RURAL AREA RURAL DE PORTO VELHO",NULL,"AGROVILA NOVA ALIANC","AREA RURAL DE PORTO VELHO","76429","1177770","RUA  RURAL TEIXEIRAO","1434",NULL,"TEIXEIRAO","22.56","12.36","11.55","17.9","-8.6100703","-63.5422957","110020505000096","-11.42308","-61.432757","110004905000095","-11.42308","-61.432757","0","388826.55465092","1","387387.30859503",False,False
"988","ALDEIA CENTRAL KARITIANA",NULL,"RAMAL MARIA CONGA",NULL,"141283","110634776","ALDEIA  KARIPUNA PROJETO SIDNEY GIRAO","0",NULL,"PROJETO SIDNEY GIRAO","23.42","11.1","10.79","17.49","-9.295542184","-64.00373795","110020505000152","-10.271167","-64.72502","110033815000016","-10.271167","-64.72502","0","134222.01916226","1","131232.53379447",False,False
"989","LINHA 67, BR 364, SENT ACRE - ALDEIA BYJYTY AKOT PYTIM ADNA - RURAL",NULL,"TERRA IND KARITIANA","RURAL","193563","110650193","LINHA  L 599 RURAL","1",NULL,"RURAL","19.29","16.07","100","20.11","-9.3623171","-64.2210814","110020505000165","-10.346503","-62.558349","110160905000009","-10.346503","-62.558349","0","212503.19762755","1","211936.3407309",False,False
"990","ALDEIA BOM SAMARITANO -TERRA INDIGENA KARITIANA RURAL",NULL,"ALDEIA","RURAL","193563","110650193","LINHA  L 599 RURAL","1",NULL,"RURAL","15.96","16.07","100","17.45","-9.32021176","-64.06292827","110020505000166","-10.346503","-62.558349","110160905000009","-10.346503","-62.558349","0","200488.70473604","1","199947.201432",False,False
"991","RODOVIA BR 364",NULL,"KM 32 LINHA 32",NULL,"419930","110252886","RODOVIA  BR 364 BR 364 SAIDA PARA JARU","1","CASA","BR 364 SAIDA PARA JARU","100","16.07","11.64","35.66","-9.155448","-64.17686","110020505000169","-10.699034","-62.26201","110015505000049","-10.698143","-62.2631775","161.51873251","271007.9227201","1","242932.03704195",False,False
"992","RODOVIA BR-364 CIDADE JARDIM",NULL,"KM - 5,5","CIDADE JARDIM","426300","180303266","RODOVIA  BR 364 CIDADE JARDIM","0",NULL,"CIDADE JARDIM","66.8","11.1","100","33.9","-8.7966847","-63.8405209","110020505000171","-8.7997","-63.815142","110020505000031","-8.8","-63.815142","33.35852392","2808.88557998","1","2434.2946859",False,NULL
"993","AVENIDA AMAZONAS JARDIM SANTANA",NULL,NULL,"JARDIM SANTANA","817801","215424795","AVENIDA  AMAZONAS JARDIM SANTANA","10147","CASA","JARDIM SANTANA","100","13.57","100","43.98","-8.75100743","-63.81986673","110020505000173","-8.750848","-63.821447","110020505000173","-8.750848","-63.821447","0","174.57516996","1","0",True,NULL
"994","RUA ALTO DA BRONZE SOCIALISTA","9422",NULL,"SOCIALISTA","654724","97948375","RUA  ALTO DO BRONZE SOCIALISTA","9459",NULL,"SOCIALISTA","27.13","17.09","100","25.97","-8.760343410000004","-63.82682948","110020505000179","-8.759732","-63.825765","110020505000179","-8.759732","-63.825765","0","135.30472356","1","0",True,NULL
"995","RUA OSVALDO RIBEIRO SOCIALISTA","2186",NULL,"SOCIALISTA","470874","98582276","RUA  OSVALDO RIBEIRO1 JARDIM SANTANA","367",NULL,"JARDIM SANTANA","42.61","14.05","9.73","24.43","-8.76499617","-63.82728665","110020505000179","-8.762508","-63.820062","110020505000182","-8.762508","-63.820062","0","840.79145013","1","449.78847746",False,True
"996","RUA MANE GARRINCHA SOCIALISTA","3154",NULL,"SOCIALISTA","654693","180337140","RUA  MANE GARRINCHA SOCIALISTA","3154",NULL,"SOCIALISTA","100","24.53","100","61.91","-8.762128677","-63.82732831","110020505000179","-8.762677","-63.827366","110020505000179","-8.762654999999999","-63.82737","2.48547413","61.11135126","1","0",True,NULL
"997","ESTRADA TREZE DE SETEMBRO AEROCLUBE",NULL,"KM 11","AEROCLUBE","711086","214269890","ESTRADA  TREZE DE SETEMBRO AEROCLUBE","29",NULL,"AEROCLUBE","100","12.57","100","41.82","-8.86277938","-63.89081909","110020505000189","-8.811604","-63.863109","110020505000170","-8.811604","-63.863109","0","6453.76691449","1","1176.43198965",False,NULL
"998","RODOVIA BR-364 ZONA RURAL",NULL,"CAIXA POSTAL 313","ZONA RURAL","419930","110252886","RODOVIA  BR 364 BR 364 SAIDA PARA JARU","1","CASA","BR 364 SAIDA PARA JARU","66.8","16.07","11.77","31.83","-8.7930722","-63.7372782","110020505000193","-10.699034","-62.26201","110015505000049","-10.698143","-62.2631775","161.51873251","266555.80818531","1","263897.62874248",False,False
"999","BR 364 -FLONA BOM FUTURO LINHA CARACOL KM 90 ZONA RURAL",NULL,"RIO PARDO","ZONA RURAL","419930","110252886","RODOVIA  BR 364 BR 364 SAIDA PARA JARU","1","CASA","BR 364 SAIDA PARA JARU","24.1","16.07","11.77","20","-9.6264249","-63.9668782","110020505000204","-10.699034","-62.26201","110015505000049","-10.698143","-62.2631775","161.51873251","221456.37857734","1","220403.14583479",False,False
"1000","AREA RURAL AREA RURAL DE PORTO VELHO",NULL,"AVENIDA TIRADENTES","AREA RURAL DE PORTO VELHO","76429","1177770","RUA  RURAL TEIXEIRAO","1434",NULL,"TEIXEIRAO","22.56","12.36","11.55","17.9","-9.644033333","-63.96163333","110020505000205","-11.42308","-61.432757","110004905000095","-11.42308","-61.432757","0","339935.43000295","1","339547.58301494",False,False
"1001","RUA DUQUE DE CAXIAS SAO CRISTOVAO","2622",NULL,"SAO CRISTOVAO","652699","1339542","RUA DUQUE DE CAXIAS SAO CRISTOVAO","2622",NULL,"SAO CRISTOVAO","100","25.23","100","62.79","-8.7574963","-63.8890166","110020505060018","-8.757273","-63.889204","110020505060018","-8.757273","-63.889204","0","32.25952795","1","0",True,NULL
"1002","AREA RURAL AREA RURAL DE PORTO VELHO",NULL,NULL,"AREA RURAL DE PORTO VELHO","76429","1177770","RUA  RURAL TEIXEIRAO","1434",NULL,"TEIXEIRAO","22.56","12.36","11.55","17.9","-8.809553","-64.028956","110020505000211","-11.42308","-61.432757","110004905000095","-11.42308","-61.432757","0","406456.3888974","1","399160.70410227",False,False
"1003","AREA RURAL AREA RURAL DE PORTO VELHO",NULL,"AGROVILA NOVOENGENHO","AREA RURAL DE PORTO VELHO","76429","1177770","RUA  RURAL TEIXEIRAO","1434",NULL,"TEIXEIRAO","22.56","12.36","11.55","17.9","-8.77184104","-63.93115518","110020505000211","-11.42308","-61.432757","110004905000095","-11.42308","-61.432757","0","402120.24664283","1","399160.70410227",False,False
"1004","ESTRADA DO JATUARANA KM 25 BR 319 AREA RURAL DE PORTO VELHO",NULL,"VILA FRANCISCANA","AREA RURAL DE PORTO VELHO","483074","92562960","ESTRADA  C 25 GLEBA AMIR LANDO","1",NULL,"GLEBA AMIR LANDO","21.48","16.07","11.86","18.7","-8.709294","-63.987441","110020505000211","-10.278312","-63.540729","110070005000017","-10.278312","-63.540729","0","181214.78948794","1","166307.74356313",False,False
"1005","AREA RURAL AREA RURAL DE PORTO VELHO",NULL,"PROJETO ASSENTAMENTO","AREA RURAL DE PORTO VELHO","76429","1177770","RUA  RURAL TEIXEIRAO","1434",NULL,"TEIXEIRAO","22.56","12.36","11.55","17.9","-8.709324000000002","-63.987365","110020505000211","-11.42308","-61.432757","110004905000095","-11.42308","-61.432757","0","411418.73197267","1","399160.70410227",False,False
"1006","RUA JOSE CAMACHO SAO JOAO BOSCO","1375",NULL,"SAO JOAO BOSCO","759572","1344412","RUA  JOSE CAMACHO SAO JOAO BOSCO","1375",NULL,"SAO JOAO BOSCO","100","26.37","100","64.17","-8.706706000000002","-63.844458","110020505000213","-8.751167","-63.903217","110020505060103","-8.751157500000001","-63.9031975","2.38926665","8133.12978804","1","8071.57373533",False,False
"1007","CAIXA POSTAL COMUNITARIA BR-364, KM 13 SENTIDO CUIABA ZONA RURAL",NULL,NULL,"ZONA RURAL","790696","91965176","RODOVIA  RO 370 ZONA RURAL","2",NULL,"ZONA RURAL","18.53","14.9","100","19.15","-8.818270583","-63.78553446","110020505000233","-13.032877","-60.937138","110007205000019","-13.032877","-60.937138","0","562396.89508136","1","505421.30833882",False,False
"1008","AREA RURAL AREA RURAL DE PORTO VELHO",NULL,NULL,"AREA RURAL DE PORTO VELHO","76429","1177770","RUA  RURAL TEIXEIRAO","1434",NULL,"TEIXEIRAO","22.56","12.36","11.55","17.9","-8.801038800000002","-63.7704426","110020505000233","-11.42308","-61.432757","110004905000095","-11.42308","-61.432757","0","387915.96067495","1","338358.85579561",False,False
"1009","AV. ORESTE FLORIANO BONATO DISTRITO INDUSTRIAL","1","QUADRA 03","DISTRITO INDUSTRIAL","388936","100134306","RUA  ORESTES MATANA DISTRITO INDUSTRIAL","0",NULL,"DISTRITO INDUSTRIAL","14.2","24.45","100","17.1","-8.803427900000004","-63.7366122","110020505000233","-10.842747","-61.992528","110012205000193","-10.842725999999999","-61.9925375","2.55520471","296533.91408764","1","250255.0524463",False,NULL
"1010","RUA COTIA RONALDO ARAGAO",NULL,NULL,"RONALDO ARAGAO","749050","1430070","RUA  COTIA RONALDO ARAGAO","1891",NULL,"RONALDO ARAGAO","100","13.62","100","44.09","-8.78238666666667","-63.7958183333333","110020505000244","-8.78296","-63.795961","110020505000027","-8.78296","-63.795961","0","65.65129033","1","5.57072829",False,True
"1011","RUA CUTIA RONALDO ARAGAO","1996",NULL,"RONALDO ARAGAO","646012","110628862","RUA  UNIAO RONALDO ARAGAO","0",NULL,"RONALDO ARAGAO","12.2","11.67","100","13.24","-8.78176060505211","-63.7957991939038","110020505000245","-8.781635","-63.785006","110020505000163","-8.781635","-63.785006","0","1186.1631666","1","797.58533165",False,NULL
"1012","RUA LINHA PROGRESSO RONALDO ARAGAO","14195","ZONA RURAL","RONALDO ARAGAO","645987","110628799","LINHA  PROGRESSO RONALDO ARAGAO","14875",NULL,"RONALDO ARAGAO","100","15.37","100","47.59","-8.77251528","-63.78159607","110020505000247","-8.771225","-63.774096","110020505000163","-8.771225","-63.774096","0","836.61032865","1","0",False,NULL
"1013","KM 32 -SENTIDO ACRE",NULL,"ALDEIA JUARI",NULL,"521127","1488466","TRAVESSAO  DO KM 9 DA 184 TRAVESSAO KM 9 LADO ESQUERDO","1","CASA","TRAVESSAO KM 9 LADO ESQUERDO","18.62","16.07","12.04","17.14","-8.7606389","-63.9026389","110020505060002","-11.804843","-61.791088","110028805000055","-11.804843","-61.791088","0","409805.12696875","1","408069.24602279",False,False
"1014","RUA FRANCISCO FONTINELE VILA PRINCESA","200",NULL,"VILA PRINCESA","242518","105459869","RUA  FRANCISCO FONTENELE VILA PRINCESA","0",NULL,"VILA PRINCESA","21.02","13.44","100","20.33","-8.761862000000002","-63.90215","110020505060002","-8.849605","-63.940835","110020505000049","-8.8496095","-63.940858000000006","2.57610483","10642.41590695","1","10269.54152914",False,False
"1015","RUA GASPAR ALEIXO SAO JORGE","11",NULL,"SAO JORGE","288748","216018470","RUA  GASPAR DE ALEIXO SILVA PLANALTO","0",NULL,"PLANALTO","23.31","16.19","10.3","19.2","-8.761815","-63.902241","110020505060002","-8.739013","-63.827684","110020505000081","-8.738949","-63.8276455","8.2793934","8577.19046357","1","8536.82491077",False,False
"1016","AVENIDA CARLOS GOMES CENTRO","1135",NULL,"CENTRO","439844","92239324","AVENIDA  CARLOS GOMES CENTRO","1135",NULL,"CENTRO","100","24.49","100","61.85","-8.7607343","-63.9019859","110020505060003","-8.761064","-63.901891","110020505060003","-8.761064","-63.901891","0","38.11561865","1","0",True,NULL
"1017","RUA IDALINO KRUGER CENTRO","82","NOVA MUTUM PARANA","CENTRO","648468","180474868","RUA  DAS MANGUEIRAS CENTRO","821",NULL,"CENTRO","12.8","20.55","100","15.28","-8.761534","-63.901745","110020505060003","-11.429274","-61.947522","110090805000001","-11.429257","-61.947509","2.3623759","365724.30899469","1","364391.46230631",False,False
"1018","AREA RURAL AREA RURAL DE PORTO VELHO",NULL,"EST. DOS PERIQUITOS","AREA RURAL DE PORTO VELHO","76429","1177770","RUA  RURAL TEIXEIRAO","1434",NULL,"TEIXEIRAO","22.56","12.36","11.55","17.9","-8.761158","-63.900436","110020505060003","-11.42308","-61.432757","110004905000095","-11.42308","-61.432757","0","400720.5215225","1","399605.09154773",False,False
"1019","MEDIO MADEIRA AREA RURAL DE PORTO VELHO",NULL,"RAMAL N S DO ROSARIO","AREA RURAL DE PORTO VELHO","601173","180391042","RIO  MADEIRA COLONIA DE PESCADORES BOA VITORIA","1",NULL,"COLONIA DE PESCADORES BOA VITORIA","15.02","16.07","12.83","14.96","-8.761158","-63.900436","110020505060003","-8.175882","-63.346377","110020530000002","-8.175882","-63.346377","0","89155.2238249","1","88605.72294366",False,False
"1020","AREA RURAL AREA RURAL DE PORTO VELHO",NULL,NULL,"AREA RURAL DE PORTO VELHO","76429","1177770","RUA  RURAL TEIXEIRAO","1434",NULL,"TEIXEIRAO","22.56","12.36","11.55","17.9","-8.761158","-63.900436","110020505060003","-11.42308","-61.432757","110004905000095","-11.42308","-61.432757","0","400720.5215225","1","399605.09154773",False,False
"1021","GLEBA RIO PRETO KM 17",NULL,"LINHA ELETRONICA KM",NULL,"521126","1488465","TRAVESSAO  DO KM 9 DA 184 TRAVESSAO KM 9 LADO ESQUERDO","1","CHACARA","TRAVESSAO KM 9 LADO ESQUERDO","16.86","16.07","12.04","16.06","-8.761158","-63.900436","110020505060003","-11.804843","-61.791088","110028805000055","-11.804843","-61.791088","0","409621.54681581","1","408147.94810468",False,False
"1022","LOCALIDADE BRASILEIRA",NULL,"BAIXO MADEIRA",NULL,"934462","217684812","AVENIDA  BRASILIA SANTA LETICIA 2","1",NULL,"SANTA LETICIA 2","17.71","16.07","10.47","16.26","-8.761158","-63.900436","110020505060003","-8.786589","-63.692313","110080905000040","-8.786589","-63.692313","0","23045.59361653","1","22828.55853734",False,False
"1023","AREA RURAL AREA RURAL DE PORTO VELHO",NULL,"ESTRADA DA PENAL","AREA RURAL DE PORTO VELHO","76429","1177770","RUA  RURAL TEIXEIRAO","1434",NULL,"TEIXEIRAO","22.56","12.36","11.55","17.9","-8.761158","-63.900436","110020505060003","-11.42308","-61.432757","110004905000095","-11.42308","-61.432757","0","400720.5215225","1","399605.09154773",False,False
"1024","RAMAL DO PIONEIRO KM 23 DISTRITO DE NOVA CALIFORNIA",NULL,NULL,"DISTRITO DE NOVA CALIFORNIA","601458","180391696","RAMAL  PIONEIRO NOVA CALIFORNIA","1",NULL,"NOVA CALIFORNIA","21.28","16.07","15.22","19.27","-8.761158","-63.900436","110020505060003","-9.865053","-66.647384","110020535000009","-9.865053","-66.647384","0","325450.57050838","1","325349.32213265",False,False
"1025","AGROVILA RIO VERDE - RIO JAMARI",NULL,"DIST. SAO CARLOS",NULL,"652037","180351676","RIO  JAMARI VILA CALDEIRITA","43",NULL,"VILA CALDEIRITA","20.11","13.95","10.95","17.16","-8.761158","-63.900436","110020505060003","-8.623113","-63.525382","110020505000186","-8.623113","-63.525382","0","43990.15788178","1","43743.73818081",False,False
"1026","ALDEIA PEDREIRA",NULL,"TERRA IND. KAXARARI",NULL,"406509","180266755","ALDEIA  PELADO ALDEIA INDIGENA PELADO","1",NULL,"ALDEIA INDIGENA PELADO","17.21","16.07","11.56","16.19","-8.761158","-63.900436","110020505060003","-10.644431","-61.769168","110012205000184","-10.644431","-61.769168","0","313711.06373913","1","312981.80063633",False,NULL
"1027","ALDEIA MARMELINHO",NULL,"TERRA IND KAXARARI",NULL,"193905","1467487","RUA  RIO MARMELO CUNIA","5854",NULL,"CUNIA","16.98","12.49","10.64","15.01","-8.761158","-63.900436","110020505060003","-8.757004","-63.860309","110020505090006","-8.757004","-63.860309","0","4434.01187199","1","4204.2442977",False,False
"1028","ALDEIA PAXIUBA",NULL,NULL,NULL,"621039","91991001","ALDEIA  UHY ALDEIA INDIGENA UHY","1",NULL,"ALDEIA INDIGENA UHY","15.24","16.07","12.29","15.04","-8.761158","-63.900436","110020505060003","-10.763117","-61.499835","110012205000174","-10.763117","-61.499835","0","344604.26942252","1","343883.54755592",False,False
"1029","ALDEIA BARRRINHA",NULL,"TERRA IND. KAXARARI",NULL,"179114","1596949","ALDEIA  BARROSO ALDEIA INDIGENA BARROSO","2","CASA","ALDEIA INDIGENA BARROSO","17.07","14.9","11.25","15.8","-8.761158","-63.900436","110020505060003","-12.572136","-60.80563","110092405000027","-12.572136","-60.80563","0","542118.95539708","1","540471.13215683",False,False
"1030","KM 13 ZONA RURAL",NULL,"VILA CODARON","ZONA RURAL","15185","98972080","TRAVESSAO  KM 13 LINHA ZERO UM","1","LADO DIR","LINHA ZERO UM","100","16.07","10.72","34.75","-8.761158","-63.900436","110020505060003","-13.106279","-60.469803","110006405000037","-13.098084","-60.467412499999995","947.30677919","611266.97265135","1","609387.81130517",False,False
"1031","ALDEIA NOVA",NULL,"TERRA IND. KAXARARI",NULL,"950114","92555072","RUA  NOVA UNIAO SETOR 02","1845",NULL,"SETOR 02","19.77","15.44","11.49","17.53","-8.761158","-63.900436","110020505060003","-10.205787","-63.822806","110045205000005","-10.205787","-63.822806","0","160861.10025891","1","159900.87943233",False,False
"1032","ALDEIA BURITI",NULL,"TERRA IND. KAXARARI",NULL,"865875","99661084","RUA  BURITI NOVA MUTUM","1","CASA 1","NOVA MUTUM","20.68","16.07","10.41","17.89","-8.761158","-63.900436","110020505060003","-9.29906","-64.542736","110020520000025","-9.29906","-64.542736","0","92480.73236062","1","92141.29840583",False,False
"1033","LC 95 TB 20",NULL,NULL,NULL,"196923","110638298","LINHA  LC 105 TB 20 PROJETO DE ASSENTAMENTO DIRIGIDO MARECHAL DUTRA","43","LOTE A","PROJETO DE ASSENTAMENTO DIRIGIDO MARECHAL DUTRA","22.21","13.95","11.63","18.37","-9.722209","-63.31236","110040305000036","-9.529476","-63.40677","110040305000012","-9.529476","-63.40677","0","23799.39206811","1","22848.494273",False,False
"1034","ALDEIA KAWAPU",NULL,"TERRA IND KAXARARI",NULL,"208400","180372071","ALDEIA  KAWARY ALDEIA INDIGENA PARQUE ARIPUANA","0",NULL,"ALDEIA INDIGENA PARQUE ARIPUANA","21.37","11.1","11.66","16.85","-8.761158","-63.900436","110020505060003","-11.884047","-60.377074","110030405000060","-11.884076","-60.377074","3.22465731","518752.36128772","1","517682.92412167",False,False
"1035","ALDEIA TSHAKUBY",NULL,"TERRA IND. KAXARARI",NULL,"621039","91991001","ALDEIA  UHY ALDEIA INDIGENA UHY","1",NULL,"ALDEIA INDIGENA UHY","18.8","16.07","12.29","17.29","-8.761158","-63.900436","110020505060003","-10.763117","-61.499835","110012205000174","-10.763117","-61.499835","0","344604.26942252","1","343883.54755592",False,False
"1036","ALDEIA INDIGENA CENTRAL",NULL,NULL,NULL,"581022","110643949","ALDEIA  ALDEIA INDIGENA ALDEIA INDIGENA JAMARI","0",NULL,"ALDEIA INDIGENA JAMARI","29.52","11.1","12.04","19.98","-8.761158","-63.900436","110020505060003","-10.552564","-63.186472","110100515000013","-10.552564","-63.186472","0","214017.80991497","1","212950.57721878",False,False
"1037","RUA MARECHAL DEODORO CENTRO","1856",NULL,"CENTRO","815871","1335453","RUA MARECHAL DEODORO CENTRO","1856",NULL,"CENTRO","100","19.35","100","54.53","-8.765252","-63.8982436","110020505060005","-8.765364","-63.898465","110020505060005","-8.765364","-63.898465","0","27.33311408","1","0",True,NULL
"1038","RUA IRMA CAPELLI CENTRO","41",NULL,"CENTRO","444885","1335658","RUA IRMA CAPELLI CENTRO","41",NULL,"CENTRO","100","18.02","100","52.36","-8.765575200000002","-63.9025366","110020505060006","-8.765469","-63.902206","110020505060006","-8.765469","-63.902206","0","38.2026882","1","0",True,NULL
"1039","RUA MAJOR AMARANTE CENTRO","391","FRENTE A ASSEMBLEIA","CENTRO","866585","1604754","AVENIDA MAJOR AMARANTE CENTRO","3991","ANDAR 1","CENTRO","100","22.31","100","58.95","-8.7614278","-63.9115921","110020505060007","-12.741168","-60.137488","110030405000001","-12.741168","-60.137488","0","604764.41827858","1","602402.21386615",False,False
"1040","RESERVA EXTRATIVISTA DO LAGO DO CUNIA",NULL,"BAIXO MADEIRA",NULL,"942323","1432108","RUA  DO EXTRATIVISTA INDUSTRIAL","2",NULL,"INDUSTRIAL","16.59","14.9","11.76","15.6","-8.76149","-63.90731","110020505060008","-8.730944","-63.889802","110020505000038","-8.730944","-63.889802","0","3903.72445275","1","3514.65842446",False,NULL
"1041","RUA JOSE BONIFACIO CAIARI","351",NULL,"CAIARI","739328","1336394","RUA  JOSE BONIFACIO CAIARI","429",NULL,"CAIARI","100","13.39","100","43.6","-8.7623191","-63.904776","110020505060008","-8.761383","-63.904734","110020505060008","-8.761383","-63.904734","0","104.19200164","1","0",True,NULL
"1042","RUA JOSE DE ALENCAR OLARIA","3622",NULL,"OLARIA","300349","1336698","RUA  JOSE DE ALENCAR OLARIA","3492",NULL,"OLARIA","100","17.25","100","51.04","-8.75691477","-63.90671462","110020505060009","-8.758322","-63.906761","110020505060009","-8.758322","-63.906761","0","156.56004682","1","0",True,NULL
"1043","RUA DUQUE DE CAXIAS SAO CRISTOVAO","2454",NULL,"SAO CRISTOVAO","578902","1339682","RUA  DUQUE DE CAXIAS SAO CRISTOVAO","2454",NULL,"SAO CRISTOVAO","100","25.35","100","62.94","-8.757077000000002","-63.890191","110020505060019","-8.757605","-63.890566","110020505060019","-8.7575565","-63.890572500000005","5.44006582","71.73154026","1","0",True,NULL
"1044","RUA TABAJARA PANAIR","539","AO LADO DO TJ","PANAIR","297147","1342438","RUA  TABAJARA PANAIR","433","FUNDOS","PANAIR","100","15.74","100","48.29","-8.751444","-63.910695","110020505060010","-8.75201","-63.911857","110020505060029","-8.751982","-63.911718","15.59020059","142.37057149","1","91.06560834",False,True
"1045","RUA MATRINCHA LAGOA","915",NULL,"LAGOA","736871","215076512","RUA  MATRINCHA LAGOA","816",NULL,"LAGOA","100","15.24","100","47.34","-8.750924100000002","-63.9092231","110020505060010","-8.771309","-63.869377","110020505070054","-8.771309","-63.869377","0","4930.87313195","1","4385.77322367",False,NULL
"1046","RUA TABAJARA OLARIA","865","PROXIMO AO SESC","OLARIA","709243","1337289","RUA  TABAJARA OLARIA","865",NULL,"OLARIA","100","24.21","100","61.49","-8.750906000000002","-63.907699","110020505060010","-8.751022","-63.907685","110020505060010","-8.751022","-63.907685","0","12.99007138","1","0",True,NULL
"1047","AVENIDA CALAMA OLARIA","937",NULL,"OLARIA","709115","1337194","AVENIDA  CALAMA OLARIA","937",NULL,"OLARIA","100","22.54","100","59.27","-8.7527783","-63.9076933","110020505060010","-8.753119","-63.906547","110020505060010","-8.753119","-63.906547","0","131.55142991","1","0",True,NULL
"1048","AVENIDA CALAMA OLARIA","937","937 B","OLARIA","709115","1337194","AVENIDA  CALAMA OLARIA","937",NULL,"OLARIA","100","22.54","100","59.27","-8.753046","-63.906939","110020505060010","-8.753119","-63.906547","110020505060010","-8.753119","-63.906547","0","43.83886211","1","0",True,NULL
"1049","RUA BENJAMIN CONSTANT OLARIA","1531",NULL,"OLARIA","931354","1337781","RUA  BENJAMIN CONSTANT OLARIA","1531",NULL,"OLARIA","100","22.73","100","59.52","-8.7555528","-63.9001412","110020505060012","-8.756091","-63.899967","110020505060012","-8.756091","-63.899967","0","62.83276788","1","0",True,NULL
"1050","AVENIDA CAMPOS SALES OLARIA","3174",NULL,"OLARIA","445917","1338182","AVENIDA  CAMPOS SALES OLARIA","3174",NULL,"OLARIA","100","22.87","100","59.72","-8.7572172","-63.9027595","110020505060013","-8.75724","-63.902922","110020505060013","-8.75724","-63.902922","0","18.03761292","1","0",True,NULL
"1051","RUA JOAO GOULART C/ BENJAMIM CONSTAT SAO CRISTOVAO","2263",NULL,"SAO CRISTOVAO","679194","92239966","RUA  JOAO GOULART SAO CRISTOVAO","2133",NULL,"SAO CRISTOVAO","19.86","16.17","100","20.57","-8.7547769","-63.8932095","110020505060014","-8.758187","-63.893014","110020505060020","-8.758187","-63.893014","0","379.7945469","1","368.61061819",False,False
"1052","RUA HERBERT DE AZEVEDO SAO CRISTOVAO","1649",NULL,"SAO CRISTOVAO","655649","1342290","RUA  HERBERT DE AZEVEDO ARIGOLANDIA","0",NULL,"ARIGOLANDIA","100","12.5","10.6","30.83","-8.7555356","-63.8992061","110020505060014","-8.757679","-63.911748","110020505060028","-8.757642","-63.911962","23.87546841","1398.79617361","1","1358.62783097",False,False
"1053","AV FARQUAR ARIGOLANDIA","1913",NULL,"ARIGOLANDIA","655279","109757406","AVENIDA  FARQUAR ARIGOLANDIA","0","APARTAMENTO 1","ARIGOLANDIA","100","12.88","100","42.51","-8.7598182","-63.9098175","110020505060028","-8.758414","-63.909817","110020505060028","-8.758414","-63.909808","0.98908607","156.14014063","1","0",True,NULL
"1054","AVENIDA FARQUAR ARIGOLANDIA","1969",NULL,"ARIGOLANDIA","655279","109757406","AVENIDA  FARQUAR ARIGOLANDIA","0","APARTAMENTO 1","ARIGOLANDIA","100","13.31","100","43.43","-8.7591584","-63.9097013","110020505060028","-8.758414","-63.909817","110020505060028","-8.758414","-63.909808","0.98908607","83.74454616","1","0",True,NULL
"1055","RUA JOSE DE ALENCAR PEDRINHAS","5033",NULL,"PEDRINHAS","70338","1342932","RUA  JOSE DE ALENCAR PEDRINHAS","4833",NULL,"PEDRINHAS","100","19.88","100","55.37","-8.7431581","-63.9100622","110020505060031","-8.746347","-63.909354","110020505060031","-8.746347","-63.909354","0","363.03171686","1","0",True,NULL
"1056","AVENIDA TIRADENTES INDUSTRIAL","3009",NULL,"INDUSTRIAL","930134","1570832","AVENIDA  TIRADENTES INDUSTRIAL","3009",NULL,"INDUSTRIAL","100","21.01","100","57.08","-8.749180880000004","-63.91100709","110020505060031","-8.743952","-63.886347","110020505070060","-8.743952","-63.886347","0","2771.85794887","1","2520.49995713",False,False
"1057","RUA MARIO QUINTANA RIO MADEIRA","4725",NULL,"RIO MADEIRA","704050","1569502","RUA  MARIO QUINTANA RIO MADEIRA","4725",NULL,"RIO MADEIRA","100","23.86","100","61.04","-8.748698","-63.9108801","110020505060031","-8.735794","-63.874422","110020505070055","-8.735794","-63.874422","0","4256.02821589","1","3994.13890205",False,False
"1058","LC- 110 TB -10",NULL,NULL,NULL,"196898","110638256","LINHA  LC 105 TB 10 PROJETO DE ASSENTAMENTO DIRIGIDO MARECHAL DUTRA","48","LOTE A","PROJETO DE ASSENTAMENTO DIRIGIDO MARECHAL DUTRA","22.25","12.91","11.63","18","-9.766467","-63.220378","110040305000020","-9.530549","-63.43836","110040305000012","-9.530549","-63.43836","0","35484.75430869","1","28555.32706099",False,False
"1059","RUA PIO XII PEDRINHAS","875",NULL,"PEDRINHAS","353503","1343501","RUA  PIO XII PEDRINHAS","915",NULL,"PEDRINHAS","100","13.81","100","44.49","-8.74996475","-63.90849547","110020505060032","-8.749913","-63.90771","110020505060032","-8.749913","-63.90771","0","86.51548268","1","0",True,NULL
"1060","RUA DINAMARCA PEDRINHAS","2294","CONJUNTO IPASE NOVO","PEDRINHAS","293280","98709756","RUA  DINAMARCA PEDRINHAS","2294",NULL,"PEDRINHAS","100","25.49","100","63.11","-8.74429092","-63.9044684","110020505060033","-8.744294","-63.904285","110020505060033","-8.744294","-63.904285","0","20.15905018","1","0",True,NULL
"1061","RUA EMIL GORAYEB SAO JOAO BOSCO","3505",NULL,"SAO JOAO BOSCO","725667","1344750","RUA  EMIL GORAYEB SAO JOAO BOSCO","3505",NULL,"SAO JOAO BOSCO","100","24.64","100","62.04","-8.7508011","-63.9009256","110020505060035","-8.750537","-63.900736","110020505060035","-8.750537","-63.900736","0","36.00814466","1","0",True,NULL
"1062","RUA GETULIO VARGAS SAO JOAO BOSCO","3740",NULL,"SAO JOAO BOSCO","81963","1344966","RUA  GETULIO VARGAS SAO JOAO BOSCO","3740",NULL,"SAO JOAO BOSCO","100","23.79","100","60.96","-8.7463856","-63.8984275","110020505060036","-8.746423","-63.898423","110020505060036","-8.746423","-63.898423","0","4.18799963","1","0",True,NULL
"1063","RUA PADRE CHIQUINHO SAO JOAO BOSCO","2375",NULL,"SAO JOAO BOSCO","667444","1345229","RUA PADRE CHIQUINHO SAO JOAO BOSCO","2084",NULL,"SAO JOAO BOSCO","100","15.24","100","47.34","-8.7444809","-63.8954055","110020505060037","-8.745374","-63.896833","110020505060037","-8.745374","-63.896833","0","185.67518456","1","0",True,NULL
"1064","RUA RAFAEL VAZ E SILVA LIBERDADE","2812",NULL,"LIBERDADE","653116","1346509","RUA  RAFAEL VAZ E SILVA LIBERDADE","3692","CASA","LIBERDADE","100","17.56","100","51.57","-8.7505586","-63.8908812","110020505060044","-8.741693","-63.892873","110020505060041","-8.741693","-63.892873","0","1009.82277168","1","795.92740544",False,False
"1065","RUA RAFAEL VAZ E SILVA NOSSA SENHORA DAS GRACAS","1250",NULL,"NOSSA SENHORA DAS GRACAS","724548","92242400","RUA  RAFAEL VAZ E SILVA NOSSA SENHORA DAS GRACAS","1250",NULL,"NOSSA SENHORA DAS GRACAS","100","23.11","100","60.04","-8.764223100000002","-63.8878509","110020505060047","-8.764505","-63.888147","110020505060047","-8.764505","-63.888147","0","45.18233436","1","0",True,NULL
"1066","RUA JACY PARANA NOSSA SENHORA DAS GRACAS","1881",NULL,"NOSSA SENHORA DAS GRACAS","379249","1349235","RUA  JACY PARANA NOSSA SENHORA DAS GRACAS","0",NULL,"NOSSA SENHORA DAS GRACAS","100","13.36","100","43.55","-8.767707","-63.8933608","110020505060048","-8.767716","-63.892586","110020505060048","-8.767716","-63.892586","0","85.15307136","1","0",True,NULL
"1067","RUA SALGADO FILHO MATO GROSSO","404","PREDIO","MATO GROSSO","260383","1359073","RUA  SALGADO FILHO MATO GROSSO","1135",NULL,"MATO GROSSO","100","12.74","100","42.2","-8.7749996","-63.8903261","110020505060052","-8.768482","-63.8924","110020505060086","-8.768482","-63.8924","0","759.71670464","1","691.73594744",False,False
"1068","RUA CAPITAO ESRON DE MENEZES AREAL","1227",NULL,"AREAL","80761","92243834","RUA CAPITAO ESRON DE MENEZES AREAL","1228","FRENTE","AREAL","100","21.76","100","58.17","-8.776059498","-63.90106337","110020505060054","-8.776079","-63.900881","110020505060060","-8.776079","-63.900881","0","20.15820763","1","2.69735465",False,True
"1069","AVENIDA CAMPOS SALES AREAL","881",NULL,"AREAL","710017","1351316","AVENIDA  CAMPOS SALES AREAL","882","CASA","AREAL","100","19.58","100","54.91","-8.77181325573474","-63.9017337094992","110020505060055","-8.777063","-63.898646","110020505060056","-8.777060500000001","-63.8986285","1.94311404","675.20148573","1","83.23485562",False,True
"1070","RUA ALMIRANTE BARROSO SANTA BARBARA","986",NULL,"SANTA BARBARA","880561","1358655","RUA ALMIRANTE BARROSO SANTA BARBARA","1246","FRENTE","SANTA BARBARA","100","14.8","100","46.49","-8.771382","-63.9027829","110020505060055","-8.765955","-63.898144","110020505060084","-8.765955","-63.898144","0","789.9674429","1","476.02285374",False,True
"1071","RUA ALEXANDRE GUIMARAES AREAL","1340",NULL,"AREAL","932611","1351083","RUA  ALEXANDRE GUIMARAES AREAL","1341","FUNDOS","AREAL","100","20.27","100","55.97","-8.7735567","-63.9005132","110020505060060","-8.773289","-63.900623","110020505060055","-8.773284","-63.900635","1.43113726","32.11957039","1","15.42959995",False,True
"1072","RUA RIO MACHADO TRIANGULO","888",NULL,"TRIANGULO","316357","1353056","RUA  RIO MACHADO TRIANGULO","888",NULL,"TRIANGULO","100","22.76","100","59.58","-8.775318800000004","-63.9091088","110020505060061","-8.777758","-63.910048","110020505060061","-8.777758","-63.910048","0","290.20120399","1","0",True,NULL
"1073","RUA BAHIA TUCUMANZAL","2310",NULL,"TUCUMANZAL","450433","180315512","RUA  BAHIA TUCUMANZAL","2312",NULL,"TUCUMANZAL","100","20.66","100","56.56","-8.779849593","-63.89342712","110020505060082","-8.779944","-63.893654","110020505060082","-8.779944","-63.893654","0","27.05217165","1","0",True,NULL
"1074","RUA ALMIRANTE TAMANDARE SAO SEBASTIAO II","5770","ESC0LA","SAO SEBASTIAO II","475329","92244472","RUA ALMIRANTE TAMANDARE SAO SEBASTIAO","5710",NULL,"SAO SEBASTIAO","100","19.21","32.5","48.81","-8.738787468","-63.90945017","110020505060068","-8.739105","-63.909275","110020505060071","-8.739032","-63.90933","10.12068902","40.21555605","1","12.51051982",False,True
"1075","RUA CASTRO ALVES SAO SEBASTIAO I","5899",NULL,"SAO SEBASTIAO I","732759","1354507","RUA  CASTRO ALVES SAO SEBASTIAO","5879",NULL,"SAO SEBASTIAO","100","23.43","37.29","54.9","-8.7384867","-63.9081709","110020505060068","-8.738759","-63.908148","110020505060068","-8.7387195","-63.9081505","4.40079128","30.38284145","1","0",True,NULL
"1076","RUA CASTRO ALVES SAO SEBASTIAO","5965",NULL,"SAO SEBASTIAO","732756","1354504","RUA  CASTRO ALVES SAO SEBASTIAO","5965",NULL,"SAO SEBASTIAO","100","23.24","100","60.21","-8.7379219","-63.9083219","110020505060068","-8.738022","-63.908148","110020505060068","-8.738022","-63.908148","0","22.11728557","1","0",True,NULL
"1077","RUA MONTES CLAROS NACIONAL","6614",NULL,"NACIONAL","319587","216564063","RUA  MONTES CLAROS SETOR 09 DE BAIXO","5282",NULL,"SETOR 09 DE BAIXO","100","16.21","11.32","35.49","-8.7275472","-63.9090556","110020505060073","-9.93007","-63.020994","110002305000024","-9.93007","-63.020994","0","165451.42726146","1","164708.54150978",False,False
"1078","RUA ACACIA SETOR 01","1571",NULL,"SETOR 01","77246","1332561","RUA  ACACIA JO SATO","3791",NULL,"JO SATO","100","15.83","10.52","34.32","-9.91719355","-63.0413573","110002305000004","-13.123295","-60.547715","110006405000015","-13.123295","-60.547715","0","448207.61580827","1","446733.6384289",False,False
"1079","TRAVESSA GODOFREDO SETOR 01","2714",NULL,"SETOR 01","755053","92273109","RUA  ENREDO CUNIA","3628",NULL,"CUNIA","17.63","14.71","10.26","15.86","-9.916152","-63.04161","110002305000004","-8.754034","-63.84885","110020505090005","-8.754034","-63.84885","0","156662.20026601","1","155790.27560299",False,False
"1080","LINHA 148 COM A 65 KM 38",NULL,NULL,NULL,"931","1196621","AVENIDA  LINHA 148 SANTO ANTONIO","1",NULL,"SANTO ANTONIO","29.8","16.07","9.83","21.69","-12.08884367","-62.10503397","110001535000001","-12.087763","-62.104102","110001535000001","-12.087763","-62.104102","0","157.1876691","1","0",True,NULL
"1081","RUA SALVADOR SETOR 03","2463","AVENIDA TABAPUA","SETOR 03","288113","1199620","RUA  SALVADOR SETOR 03","2438","CASA","SETOR 03","100","16.74","100","50.14","-9.909787159","-63.0414554","110002305000006","-9.909649","-63.040958","110002305000006","-9.909649","-63.040958","0","56.60771027","1","0",True,NULL
"1082","ALAMEDA VITORIA SETOR 03","2924",NULL,"SETOR 03","904166","215143928","RUA  VITORIA SETOR 03","2923","BOX CASA B","SETOR 03","100","20.5","100","56.32","-9.9052441","-63.0417119","110002305000008","-9.905466","-63.042186","110002305000008","-9.905466","-63.042185","0.10953748","57.495401","1","0",True,NULL
"1083","RUA SALVADOR SETOR 03","2867",NULL,"SETOR 03","904222","1200154","RUA  SALVADOR SETOR 03","2860",NULL,"SETOR 03","100","24.07","100","61.31","-9.905960821","-63.04133177","110002305000008","-9.905885","-63.041075","110002305000008","-9.905885","-63.041075","0","29.3623357","1","0",True,NULL
"1084","RUA SAO JORGE SITIO BOA VISTA","2040",NULL,"SITIO BOA VISTA","693735","220945976","RUA SAO JORGE SAO FRANCISCO","1020",NULL,"SAO FRANCISCO","100","13.27","11.95","32.86","-9.903959","-63.034621","110002305000009","-10.874281","-61.927713","110012205000107","-10.874281","-61.927713","0","162165.47347535","1","161527.64589307",False,NULL
"1085","RUA PAPOULAS SETOR 04","2710",NULL,"SETOR 04","943359","216169028","RUA  PAPOULAS SETOR 04","2715","APARTAMENTO 8 ANDAR","SETOR 04","100","20.41","100","56.18","-9.9068607","-63.0284784","110002305000011","-9.906954","-63.028805","110002305000011","-9.906954","-63.028805","0","37.24869877","1","0",True,NULL
"1086","AVENIDA TANCREDO NEVES SETOR INSTITUCIONAL","3822",NULL,"SETOR INSTITUCIONAL","235997","1197485","AVENIDA  TANCREDO NEVES SETOR INSTITUCIONAL","3998",NULL,"SETOR INSTITUCIONAL","100","15.5","100","47.85","-9.906865","-63.0296935","110002305000011","-9.895383","-63.03452","110002305000001","-9.895383","-63.03452","0","1381.87649927","1","981.17048731",False,True
"1087","RUA DAS ORQUIDEAS SETOR 4","2720",NULL,"SETOR 4","943228","91941507","RUA  DAS ORQUIDEAS SETOR 04","2720",NULL,"SETOR 04","100","24.19","23.31","51.13","-9.9068763","-63.0296813","110002305000011","-9.906885","-63.029746","110002305000011","-9.906885","-63.029746","0","7.15276596","1","0",True,NULL
"1088","AV JUSCELINO KUBITSCHEK SETOR 4","2490","PREDIO","SETOR 4","785090","91941206","AVENIDA  JUSCELINO KUBITSCHEK SETOR 04","2530",NULL,"SETOR 04","100","15.73","23.31","41.66","-9.908539","-63.031452","110002305000011","-9.908621","-63.031611","110002305000011","-9.908621","-63.031611","0","19.6587179","1","0",True,NULL
"1089","AVENIDA TABAPUA SETOR 04","4124",NULL,"SETOR 04","387340","91941763","AVENIDA  TABAPOA SETOR 04","4124",NULL,"SETOR 04","19.98","25.04","100","22.71","-9.909002949","-63.02853763","110002305000014","-9.908952","-63.028644","110002305000014","-9.908952","-63.028644","0","12.95569284","1","0",True,NULL
"1090","RUA CARDEAL SETOR 02","1394",NULL,"SETOR 02","7724","1204758","RUA  CARDEAL SETOR 02","1394",NULL,"SETOR 02","100","24.01","100","61.23","-9.9186845","-63.0246794","110002305000018","-9.918827","-63.024911","110002305000018","-9.918827","-63.024911","0","29.90988942","1","0",True,NULL
"1091","RUA CARDEAL SETOR 02","1778",NULL,"SETOR 02","7727","1204766","RUA  CARDEAL SETOR 02","1778",NULL,"SETOR 02","100","20.13","100","55.75","-9.91520271","-63.02462328","110002305000018","-9.9153","-63.02495","110002305000018","-9.9153","-63.02495","0","37.38640864","1","0",True,NULL
"1092","RUA CARDEAL SETOR 02","1862",NULL,"SETOR 02","7727","1204766","RUA  CARDEAL SETOR 02","1778",NULL,"SETOR 02","100","14.14","100","45.15","-9.9141444","-63.0249776","110002305000018","-9.9153","-63.02495","110002305000018","-9.9153","-63.02495","0","128.53259203","1","0",True,NULL
"1093","LINHA 60 COM A 156 ZONA RURAL",NULL,"KM 18","ZONA RURAL","416522","1407575","LINHA  166 GLEBA CINCO","2","SEDE FILHO DONO","GLEBA CINCO","34.87","14.9","10.96","23.46","-12.04266138","-62.03112723","110001535000006","-10.667964","-62.192266","110015505000052","-10.667964","-62.192266","0","153865.65232476","1","147835.41582377",False,False
"1094","AVENIDA JUSCELINO KUBITSCHEK SETOR INSTITUCIONAL","1903",NULL,"SETOR INSTITUCIONAL","957341","1203073","AVENIDA  JUSCELINO KUBITSCHEK SETOR 02","1894","SALA 1","SETOR 02","100","13.18","17.14","35.7","-9.9142181","-63.0323238","110002305000001","-9.914362","-63.031593","110002305000015","-9.914315","-63.031573","5.66674196","81.63141501","1","12.87652073",False,NULL
"1095","TRAVESSA AQUARIQUARA SETOR INSTITUCIONAL","3683",NULL,"SETOR INSTITUCIONAL","732059","1197460","TRAVESSA  AQUARIQUARA SETOR INSTITUCIONAL","3683",NULL,"SETOR INSTITUCIONAL","100","26.77","100","64.63","-9.9081102","-63.0326769","110002305000001","-9.908347","-63.03268","110002305000001","-9.908347","-63.03268","0","26.33318429","1","0",True,NULL
"1096","TRAVESSA AQUARIQUARA SETOR INSTITUCIONAL","3710",NULL,"SETOR INSTITUCIONAL","732058","1197457","TRAVESSA  AQUARIQUARA SETOR INSTITUCIONAL","3716",NULL,"SETOR INSTITUCIONAL","100","15.95","100","48.69","-9.908690597","-63.03232541","110002305000001","-9.909011","-63.033455","110002305000001","-9.909011","-63.033455","0","128.75831203","1","0",True,NULL
"1097","AVENIDA JUSCELINO KUBITSCHEK SETOR INSTITUCIONAL","3349",NULL,"SETOR INSTITUCIONAL","350472","1386384","AVENIDA  JUSCELINO KUBITSCHEK SETOR 13","3342",NULL,"SETOR 13","100","21.79","16.46","44.94","-9.901016713","-63.03225501","110002305000001","-11.725819","-62.310625","110014805000001","-11.725819","-62.310625","0","217677.72557391","1","214456.88987989",False,False
"1098","AVENIDA TANCREDO NEVES SETOR INSTITUCIONAL","3998","INSTITUICAO","SETOR INSTITUCIONAL","235997","1197485","AVENIDA  TANCREDO NEVES SETOR INSTITUCIONAL","3998",NULL,"SETOR INSTITUCIONAL","100","22.65","100","59.42","-9.8956067","-63.0344029","110002305000001","-9.895383","-63.03452","110002305000001","-9.895383","-63.03452","0","27.98697137","1","0",True,NULL
"1099","RUA PARANAVAI SETOR 09","4678","7ª RUA","SETOR 09","299095","91943854","RUA  PARANAVAI SETOR 09","4687",NULL,"SETOR 09","100","24.97","100","62.47","-9.9344283","-63.0281239","110002305000031","-9.934079","-63.02785","110002305000031","-9.934079","-63.02785","0","49.07708992","1","0",True,NULL
"1100","RUA RIO NEGRO JARDIM JORGE TEIXEIRA","2396",NULL,"JARDIM JORGE TEIXEIRA","886291","1209491","RUA  RIO NEGRO JARDIM JORGE TEIXEIRA","2396",NULL,"JARDIM JORGE TEIXEIRA","100","25.12","100","62.64","-9.920515","-63.045055","110002305000035","-9.920488","-63.04502","110002305000035","-9.920488","-63.04502","0","4.86932998","1","0",True,NULL
"1101","RUA IARA JARDIM JORGE TEIXEIRA","2416",NULL,"JARDIM JORGE TEIXEIRA","254580","1210173","RUA  IARA JARDIM JORGE TEIXEIRA","2416",NULL,"JARDIM JORGE TEIXEIRA","100","25.53","100","63.16","-9.923518333","-63.04594167","110002305000036","-9.923319","-63.045842","110002305000036","-9.923319","-63.045842","0","24.70751879","1","0",True,NULL
"1102","AVENIDA ARTHUR MANGABEIRA MARECHAL RONDON 01","2520",NULL,"MARECHAL RONDON 01","373648","180197575","AVENIDA  ARTHUR MANGABEIRA MARECHAL RONDON 01","2520",NULL,"MARECHAL RONDON 01","100","26.86","100","64.74","-9.925813333","-63.055775","110002305000042","-9.92565","-63.055953","110002305000042","-9.92565","-63.055953","0","26.64515239","1","0",True,NULL
"1103","RODOVIA BR-364 MARECHAL RONDON 02","941",NULL,"MARECHAL RONDON 02","706496","215107296","RODOVIA  BR 364 MARECHAL RONDON 02","946",NULL,"MARECHAL RONDON 02","66.8","16.49","100","42.37","-9.922672659","-63.05574571","110002305000042","-9.922919","-63.054815","110002305000038","-9.922919","-63.054815","0","105.55821946","1","26.83438627",False,True
"1104","AVENIDA GUAPORE SETOR 05","3087",NULL,"SETOR 05","290806","1214420","AVENIDA  GUAPORE SETOR 05","3088","BLOCO 1","SETOR 05","100","22.66","100","59.43","-9.8989292","-63.0380071","110002305000054","-9.89936","-63.037447","110002305000054","-9.8993325","-63.037455","3.18095373","77.83886149","1","0",True,NULL
"1105","RUA GOIAS SETOR 05","3791",NULL,"SETOR 05","399960","1215106","RUA  GOIAS SETOR 05","3791",NULL,"SETOR 05","100","26.98","100","64.88","-9.8975633","-63.0403266","110002305000056","-9.897574","-63.040275","110002305000056","-9.897574","-63.040275","0","5.77613651","1","0",True,NULL
"1106","RUA MONTEIRO LOBATO, 3348 SETOR 06","3348",NULL,"SETOR 06","844664","101496713","RUA  8231 BARAO DO MELGACO 2","3348",NULL,"BARAO DO MELGACO 2","22.47","26.54","11.52","21.11","-9.90095230333874","-63.0268276658131","110002305000060","-12.710795","-60.121986","110030405000104","-12.710795","-60.121986","0","444879.2755498","1","443711.42102364",False,NULL
"1107","RUA ALBINO SODE SETOR 11","3926",NULL,"SETOR 11","677713","214440673","ALDEIA  ALBINO ROOSEVELT","0",NULL,"ROOSEVELT","26.98","14.54","9.9","20.08","-9.89597497","-63.02063503","110002305000065","-11.512118","-60.57966","110009805000060","-11.512118","-60.57966","0","321587.90425929","1","321002.69947338",False,NULL
"1108","RUA RAQUEL DE QUEIROZ COLONIAL","4825",NULL,"COLONIAL","736541","1137285","RUA  RAQUEL DE QUEIROZ COLONIAL","0",NULL,"COLONIAL","100","14.61","100","46.11","-9.9026163","-63.0225496","110002305000066","-9.902494","-63.021045","110002305000066","-9.902494","-63.021045","0","165.37166747","1","0",True,NULL
"1109","RUA DO ZOOLOGICO SETOR 08","4947",NULL,"SETOR 08","38779","91945345","RUA  DO ZOOLOGICO SETOR 08","4947",NULL,"SETOR 08","100","24.31","100","61.62","-9.906463333","-63.02090167","110002305000068","-9.906634","-63.020785","110002305000068","-9.906634","-63.020785","0","22.87924205","1","0",True,NULL
"1110","RUA MEXICO SETOR 10","932",NULL,"SETOR 10","807204","91946869","RUA  MEXICO SETOR 10","931",NULL,"SETOR 10","100","19.03","100","54.03","-9.935204609","-63.01606916","110002305000079","-9.935385","-63.015782","110002305000079","-9.935368","-63.015761","2.97718844","37.30375856","1","0",True,NULL
"1111","BR-364, LC-70, GL 17, LT 64, KM 16 AREA RURAL DE ARIQUEMES",NULL,NULL,"AREA RURAL DE ARIQUEMES","197736","1669767","RODOVIA  BR 364 PROJETO DE ASSENTAMENTO DIRIGIDO MARECHAL DUTRA","1","SITIO","PROJETO DE ASSENTAMENTO DIRIGIDO MARECHAL DUTRA","28.73","16.07","13.51","22.62","-9.840642242","-62.90160595","110002305000084","-9.666126","-63.096366","110040305000034","-9.666219","-63.085845500000005","1153.26589027","28846.23463719","1","17238.15892184",False,False
"1112","RO 257, KM 42, TRAV B 90, LINHA C 60, ASSENTAMENTO ASSENTAMENTO MIGRANTES",NULL,NULL,"ASSENTAMENTO MIGRANTES","511138","180267164","RODOVIA  RO 257 MACHADINHO DO OESTE","1",NULL,"MACHADINHO DO OESTE","23.79","16.07","11.72","19.84","-9.9328275","-62.6639232","110002305000086","-9.707585","-62.255883","110013015000002","-9.707585","-62.255883","0","51244.81690187","1","27799.9448941",False,False
"1113","AREA RURAL AREA RURAL DE ARIQUEMES",NULL,NULL,"AREA RURAL DE ARIQUEMES","76429","1177770","RUA  RURAL TEIXEIRAO","1434",NULL,"TEIXEIRAO","22.56","12.36","11.75","17.95","-10.2451781","-62.72721159","110002305000087","-11.42308","-61.432757","110004905000095","-11.42308","-61.432757","0","192717.41075773","1","189844.9013357",False,False
"1114","BR 364 KM 491 - CAJAZEIRAS ZONA RURAL",NULL,NULL,"ZONA RURAL","419930","110252886","RODOVIA  BR 364 BR 364 SAIDA PARA JARU","1","CASA","BR 364 SAIDA PARA JARU","28.27","16.07","11.77","21.88","-10.09759956","-62.95986512","110002305000097","-10.699034","-62.26201","110015505000049","-10.698143","-62.2631775","161.51873251","101477.6359461","1","95665.95678816",False,False
"1115","RUA URSA MAIOR ROTA DO SOL","4563",NULL,"ROTA DO SOL","924384","108773181","RUA  URSA MAIOR ROTA DO SOL","4869",NULL,"ROTA DO SOL","100","17.8","100","51.99","-9.8905074","-63.0224938","110002305000117","-9.891158","-63.021871","110002305000117","-9.891158","-63.021871","0","99.43822508","1","0",True,NULL
"1116","LINHA C 65 TB 40 BR 421",NULL,NULL,"BR 421","390845","110615636","LINHA  C 65 BR 421","1",NULL,"BR 421","24.01","16.07","100","23.47","-9.8912332","-63.1332832","110002305000106","-9.896235","-63.491407","110002305000092","-9.896235","-63.491407","0","39233.32297277","1","13471.6027038",False,True
"1117","RUA FRANCA JARDIM EUROPA","3187",NULL,"JARDIM EUROPA","761190","108744817","RUA  FRANCA JARDIM EUROPA","3186",NULL,"JARDIM EUROPA","100","18.76","100","53.6","-9.88859800940354","-63.0366003452661","110002305000120","-9.888854","-63.036502","110002305000120","-9.888854","-63.036502","0","30.43531955","1","0",True,NULL
"1118","AREA RURAL AREA RURAL DE ARIQUEMES",NULL,"JOELANDIA","AREA RURAL DE ARIQUEMES","76429","1177770","RUA  RURAL TEIXEIRAO","1434",NULL,"TEIXEIRAO","22.56","12.36","11.75","17.95","-10.1183021","-63.1278998","110002305000129","-11.42308","-61.432757","110004905000095","-11.42308","-61.432757","0","235236.36490932","1","234517.79699131",False,False
"1119","AREA RURAL AREA RURAL DE ARIQUEMES",NULL,"RO 257 KM 13","AREA RURAL DE ARIQUEMES","76429","1177770","RUA  RURAL TEIXEIRAO","1434",NULL,"TEIXEIRAO","22.56","12.36","11.75","17.95","-9.949976667","-62.96257667","110002305000110","-11.42308","-61.432757","110004905000095","-11.42308","-61.432757","0","234032.31384184","1","228263.46755973",False,False
"1120","RUA UMUARAMA JARDIM DAS PALMEIRAS","4913",NULL,"JARDIM DAS PALMEIRAS","481600","1148856","RUA  UMUARAMA JARDIM DAS PALMEIRAS","4697",NULL,"JARDIM DAS PALMEIRAS","100","15.65","100","48.13","-9.9316703","-63.0246516","110002305000111","-9.931082","-63.026546","110002305000111","-9.931082","-63.026546","0","217.55906049","1","0",True,NULL
"1121","RUA UMUARAMA JARDIM DAS PALMEIRAS","4847",NULL,"JARDIM DAS PALMEIRAS","729567","1206238","RUA  UMUARAMA JARDIM DAS PALMEIRAS","4247",NULL,"JARDIM DAS PALMEIRAS","100","19.34","100","54.53","-9.93119310706324","-63.0253486163825","110002305000111","-9.929611","-63.030657","110002305000023","-9.929611","-63.030657","0","607.45464481","1","78.84895294",False,True
"1122","RUA MOEMA JARDIM JORGE TEIXEIRA","3208",NULL,"JARDIM JORGE TEIXEIRA","953584","1149311","RUA  MOEMA JARDIM JORGE TEIXEIRA","3201","CASA","JARDIM JORGE TEIXEIRA","100","18.76","100","53.59","-9.92691","-63.039415","110002305000112","-9.926554","-63.03912","110002305000112","-9.926554","-63.03912","0","51.09831974","1","0",True,NULL
"1123","AREA RURAL AREA RURAL DE ARIQUEMES","4090","GARIMPO BOM FUTURO","AREA RURAL DE ARIQUEMES","76423","100166742","RUA  RURAL TEIXEIRAO","0",NULL,"TEIXEIRAO","22.56","13.31","11.75","18.33","-9.80844022948807","-63.5339007165763","110002305000158","-11.422969","-61.433174","110004905000095","-11.422969","-61.433165","0.98093261","291442.72357305","1","290170.08394366",False,False
"1124","BR 421 LINHA C 75 TB 0 RUA TOPAZIO VILA EBESA","4268",NULL,"VILA EBESA","374201","91944070","RODOVIA  BR 421 VILA DO SOSSEGO","368","LADO","VILA DO SOSSEGO","21.68","18.25","17.86","20.47","-9.810131947","-63.53005565","110002305000158","-9.917232","-63.0585","110002305000044","-9.917219","-63.058484","2.27177466","53014.48519997","1","52529.46334602",False,NULL
"1125","RUA UMUARAMA SETOR 09","5131",NULL,"SETOR 09","8079","1206984","RUA  UMUARAMA SETOR 09","5131",NULL,"SETOR 09","100","23.13","100","60.07","-9.9320635","-63.0230196","110002305000155","-9.932355","-63.023122","110002305000155","-9.932355","-63.023122","0","34.29896096","1","0",True,NULL
"1126","AVENIDA CAPITAO SILVIO SETOR 02","4199",NULL,"SETOR 02","323061","97879494","AVENIDA CAPITAO SILVIO SETOR 02","4997",NULL,"SETOR 02","100","16.64","100","49.96","-9.9232609","-63.0279508","110002305000156","-9.925689","-63.021593","110002305000074","-9.9256695","-63.0216045","2.50761704","746.8849182","1","508.39021722",False,True
"1127","AVENIDA DOS DIAMANTES PARQUE DAS GEMAS","1224",NULL,"PARQUE DAS GEMAS","933211","91946323","AVENIDA  DOS DIAMANTES PARQUE DAS GEMAS","1224",NULL,"PARQUE DAS GEMAS","100","23.89","100","61.09","-9.92007","-63.016978","110002305000163","-9.920096","-63.017138","110002305000163","-9.920096","-63.017138","0","17.76208058","1","0",True,NULL
"1128","RUA FORTALEZA SETOR 03","2237",NULL,"SETOR 03","699629","1201547","RUA  FORTALEZA SETOR 03","2236","SALA 2","SETOR 03","100","19.74","100","55.15","-9.9110905","-63.0358343","110002305000170","-9.9113","-63.035473","110002305000010","-9.911287000000002","-63.035488","2.18840859","45.92244404","1","0",False,NULL
"1129","RUA DOS INOCENTES SETOR GRANDES AREAS","131",NULL,"SETOR GRANDES AREAS","860531","215140097","RUA  DOS INOCENTES GRANDES AREAS","131",NULL,"GRANDES AREAS","100","21.64","22.85","48.5","-9.9236798","-63.032139","110002305000176","-9.923589","-63.032386","110002305000022","-9.923589","-63.032386","0","28.87685117","1","0",False,NULL
"1130","AVENIDA HUGO WALDEMAR FREY JARDIM ALVORADA","5454",NULL,"JARDIM ALVORADA","924447","108773355","AVENIDA  HUGO WALDEMAR FREY ROTA DO SOL","4794","FUNDOS","ROTA DO SOL","100","15.87","11.71","35.53","-9.888461667","-63.01607167","110002305000182","-9.888247","-63.022499","110002305000117","-9.888231999999999","-63.0225085","1.96594824","704.47476594","1","597.35286775",False,False
"1131","RUA DOM PEDRO II MONTE CRISTO","872",NULL,"MONTE CRISTO","339967","91944515","RUA DOM PEDRO II JAMARI","872","CASA","JAMARI","100","26.57","10.29","41.25","-9.911822914","-63.0634346","110002305000184","-9.912226","-63.06342","110002305000161","-9.912226","-63.06342","0","44.84970076","1","0",False,NULL
"1132","AVENIDA JUSCELINO KUBITSCHEK BOM JESUS","4192",NULL,"BOM JESUS","270827","109017852","AVENIDA  JUSCELINO KUBITSCHEK BOM JESUS","4192",NULL,"BOM JESUS","100","26.6","100","64.44","-9.8928947","-63.0317548","110002305000192","-9.892872","-63.031988","110002305000119","-9.892872","-63.031988","0","25.66952305","1","0",False,NULL
"1133","AVENIDA TUPINIQUINS CENTRO","4040",NULL,"CENTRO","821884","91950688","RUA  TUPINIQUINS CENTRO","2845","CASA","CENTRO","100","12.87","100","42.48","-13.4943629","-60.5411714","110003105000002","-13.488227","-60.541357","110003105000004","-13.488227","-60.541357","0","682.57696585","1","520.15311801",False,True
"1134","AVENIDA GUARANI CENTRO","4125",NULL,"CENTRO","667569","91950150","AVENIDA  GUARANI CENTRO","4125",NULL,"CENTRO","100","25.87","100","63.57","-13.4934475","-60.5453881","110003105000002","-13.493619","-60.545273","110003105000002","-13.493619","-60.545273","0","22.77164615","1","0",True,NULL
"1135","AVENIDA TAPAJOS CENTRO","4635","PREDIO PROPRIO","CENTRO","859860","1152928","AVENIDA  TAPAJOS CENTRO","4635",NULL,"CENTRO","100","23.93","100","61.14","-13.4890951","-60.5443113","110003105000003","-13.488978","-60.544052","110003105000003","-13.488978","-60.544052","0","30.91354594","1","0",True,NULL
"1136","AVENIDA TAPAJOS CENTRO","4800","PREDIO","CENTRO","821621","91950558","AVENIDA  TAPAJOS CENTRO","4801",NULL,"CENTRO","100","22.18","100","58.76","-13.4876067","-60.5438167","110003105000004","-13.486912","-60.54449","110003105000004","-13.486912","-60.54449","0","106.14801131","1","0",True,NULL
"1137","RUA ANTNIO DE PAULA NUNES CENTRO","1395",NULL,"CENTRO","86245","1159173","RUA  ANTONIO DE PAULA NUNES CENTRO","1395",NULL,"CENTRO","21.62","24.58","100","24.09","-11.4384699","-61.4486283","110004905000011","-11.43845","-61.448823","110004905000011","-11.43845","-61.448823","0","21.33474418","1","0",True,NULL
"1138","LINHA 8 RUMO COLORADO RURAL",NULL,"PREDIO CEDIDO","RURAL","391709","110616581","LINHA  8 RUMO COLORADO KM 9 8 LINHA NOVE","10","CASA CASA LARANJA","LINHA NOVE","30.41","12.89","9.98","20.6","-13.3747071","-60.4170421","110003105000008","-13.373958","-60.458108","110003105000007","-13.373958","-60.458108","0","4443.26625868","1","4237.3424628",False,True
"1139","LINHA 8 KM 14 , ESQUINA COM ZERO EIXO ZONA RURAL",NULL,"PLANALTO SAO LUIZ","ZONA RURAL","24505","109873170","LINHA  TERCEIRA EIXO ZONA RURAL","1","CASA 1","ZONA RURAL","18.42","16.07","100","19.43","-13.3747568","-60.41686325","110003105000008","-12.917681","-60.820552","110007205000012","-12.916825","-60.822271","209.21325197","67036.16946114","1","66417.63472911",False,False
"1140","AV. TAPAJOS CENTRO","3659","ESCOLA","CENTRO","947646","1152446","AVENIDA  TAPAJOS CENTRO","3659","PAVILHAO","CENTRO","21.9","24.23","100","24.26","-13.4978287","-60.5440282","110003105000021","-13.501773","-60.542432","110003105000001","-13.501773","-60.542432","0","471.32171226","1","141.2396238",False,NULL
"1141","AVENIDA SAO PAULO CENTRO","3070",NULL,"CENTRO","59921","1158461","AVENIDA SAO PAULO CENTRO","3070",NULL,"CENTRO","100","25.56","100","63.19","-11.4325173","-61.449046","110004905000009","-11.432654","-61.449175","110004905000009","-11.432654","-61.449175","0","20.70561065","1","0",True,NULL
"1142","AVENIDA SAO PAULO CENTRO","2666",NULL,"CENTRO","59962","1158819","AVENIDA SAO PAULO CENTRO","2666",NULL,"CENTRO","100","25.85","100","63.55","-11.435967","-61.4489704","110004905000009","-11.436066","-61.449118","110004905000009","-11.436066","-61.449118","0","19.49256721","1","0",True,NULL
"1143","RUA DOS PIONEIROS CENTRO","1632",NULL,"CENTRO","60024","215027048","RUA  DOS PIONEIROS CENTRO","1632",NULL,"CENTRO","100","20.91","100","56.93","-11.4348166666667","-61.4462933333333","110004905000009","-11.43474","-61.446346","110004905000009","-11.43474","-61.446346","0","10.27729814","1","0",True,NULL
"1144","LINHA 9 KM 16 2ª EIXO RUMO ESCONDIDO ZONA RURAL",NULL,"PREDIO CEDIDO","ZONA RURAL","24505","109873170","LINHA  TERCEIRA EIXO ZONA RURAL","1","CASA 1","ZONA RURAL","17.84","16.07","100","18.98","-13.4066442","-60.6932089","110003105000023","-12.917681","-60.820552","110007205000012","-12.916825","-60.822271","209.21325197","56091.31500736","1","55456.98712628",False,False
"1145","LINHA 09 KM 16 RUMO ESCONDIDO ZONA RURAL",NULL,"ESTRELA DO OESTE","ZONA RURAL","16395","110616413","ENTRADA  LINHA 8 RUMO ESCONDIDO KM 9 8 LINHA SETE","9",NULL,"LINHA SETE","24.87","12.68","10.51","18.71","-13.40677737","-60.69314178","110003105000023","-13.369836","-60.621913","110003105000014","-13.369836","-60.621913","0","8731.60051049","1","8385.29943566",False,False
"1146","RUA ANTONIO DE PAULA NUNES PRINCESA ISABEL","737","PREDIO","PRINCESA ISABEL","687316","1155866","RUA  ANTONIO DE PAULA NUNES PRINCESA ISABEL","637",NULL,"PRINCESA ISABEL","100","12.13","100","40.84","-11.4390726","-61.4429794","110004905000003","-11.438473","-61.441842","110004905000003","-11.438473","-61.441842","0","140.75369639","1","0",True,NULL
"1147","RUA JOSE DO PATROCINIO CENTRO","2159",NULL,"CENTRO","108817","1157540","RUA  JOSE DO PATROCINIO CENTRO","2159",NULL,"CENTRO","100","23.56","100","60.65","-11.4378717","-61.4511333","110004905000006","-11.437546","-61.451212","110004905000006","-11.437546","-61.451212","0","37.21807791","1","0",True,NULL
"1148","AVENIDA GUAPORE CENTRO","2620",NULL,"CENTRO","251706","1636069","RUA  GUAPORE CENTRO","2621",NULL,"CENTRO","100","19.54","100","54.83","-11.43544436","-61.4504395","110004905000008","-11.696677","-62.721143","110032005000002","-11.696677","-62.721143","0","141441.49631067","1","141380.23294297",False,False
"1149","AVENIDA SAO PAULO CENTRO","2745",NULL,"CENTRO","394876","1158406","AVENIDA SAO PAULO CENTRO","2745",NULL,"CENTRO","100","27.46","100","65.43","-11.4354802","-61.4496041","110004905000008","-11.435424","-61.449372","110004905000008","-11.435424","-61.449372","0","26.05651698","1","0",True,NULL
"1150","AVENIDA DOIS DE JUNHO CENTRO","2563",NULL,"CENTRO","46656","1159126","AVENIDA  DOIS DE JUNHO CENTRO","2563",NULL,"CENTRO","100","28.45","100","66.54","-11.4377447","-61.4480205","110004905000010","-11.437702","-61.447949","110004905000010","-11.437702","-61.447949","0","9.12511707","1","0",True,NULL
"1151","RUA ARACAJU LIBERDADE","1458",NULL,"LIBERDADE","55258","1322888","RUA  ARACAJU CENTRO","1458",NULL,"CENTRO","100","22.07","9.35","37.37","-13.1948768","-60.8173657","110005605000001","-13.195042","-60.816998","110005605000001","-13.195042","-60.816998","0","43.84098679","1","0",True,NULL
"1152","AVENIDA CASTELO BRANCO SANTO ANTONIO","16999",NULL,"SANTO ANTONIO","391986","102037018","AVENIDA  CASTELO BRANCO SANTO ANTONIO","15809",NULL,"SANTO ANTONIO","100","13.83","100","44.52","-11.4411399","-61.4525179","110004905000015","-11.452016","-61.429003","110004905000089","-11.452016","-61.429003","0","2833.75732426","1","2616.11004931",False,NULL
"1153","TRAVESSA ANCHIETA LIBERDADE","1145",NULL,"LIBERDADE","102611","91952965","TRAVESSA  ANCHIETA LIBERDADE","1145",NULL,"LIBERDADE","100","23.69","100","60.82","-11.443131","-61.4523179","110004905000015","-11.442876","-61.452158","110004905000015","-11.442876","-61.452158","0","33.28183317","1","0",True,NULL
"1154","AVENIDA PARANA NOVO HORIZONTE","401",NULL,"NOVO HORIZONTE","10057","91953672","AVENIDA  PARANA NOVO HORIZONTE","401",NULL,"NOVO HORIZONTE","100","18.57","100","53.27","-11.4341985","-61.4572278","110004905000017","-11.434161","-61.457104","110004905000017","-11.434161","-61.457104","0","14.12237139","1","0",True,NULL
"1155","AVENIDA RECIFE NOVO CACOAL","1147",NULL,"NOVO CACOAL","885345","91954267","AVENIDA  RECIFE NOVO CACOAL","1147",NULL,"NOVO CACOAL","100","23.6","100","60.7","-11.4252512","-61.463256","110004905000020","-11.425244","-61.462985","110004905000020","-11.425244","-61.462985","0","29.54758169","1","0",True,NULL
"1156","AVENIDA GETULIO VARGAS NOVO CACOAL","807",NULL,"NOVO CACOAL","885180","91954325","AVENIDA  GETULIO VARGAS NOVO CACOAL","807",NULL,"NOVO CACOAL","100","22.69","100","59.48","-11.42751711","-61.46085369","110004905000020","-11.427627","-61.46092","110004905000020","-11.427627","-61.46092","0","14.19653446","1","0",True,NULL
"1157","AVENIDA BELO HORIZONTE JARDIM CLODOALDO","3196","ESCOLA","JARDIM CLODOALDO","104473","1170260","AVENIDA  BELO HORIZONTE JARDIM CLODOALDO","2966","LOJA A","JARDIM CLODOALDO","100","17.68","100","51.77","-11.4272939","-61.4541895","110004905000044","-11.429199","-61.454669","110004905000043","-11.429199","-61.454669","0","218.18899214","1","78.05209262",False,True
"1158","AVENIDA BELO HORIZONTE JARDIM CLODOALDO","3196","ESCOLA","JARDIM CLODOALDO","104473","1170260","AVENIDA  BELO HORIZONTE JARDIM CLODOALDO","2966","LOJA A","JARDIM CLODOALDO","100","17.68","100","51.77","-11.4272753","-61.4542986","110004905000044","-11.429199","-61.454669","110004905000043","-11.429199","-61.454669","0","217.68212867","1","78.05209262",False,True
"1159","AVENIDA RECIFE NOVO CACOAL","335",NULL,"NOVO CACOAL","756601","214992374","AVENIDA  RECIFE NOVO CACOAL","335",NULL,"NOVO CACOAL","100","21.49","100","57.78","-11.4288378","-61.4568083","110004905000024","-11.428768","-61.456822","110004905000024","-11.428768","-61.456822","0","7.90374176","1","0",True,NULL
"1160","AVENIDA PRIMAVERA VISTA ALEGRE","2293",NULL,"VISTA ALEGRE","948401","91955343","AVENIDA  PRIMAVERA JARDIM VISTA ALEGRE","2293",NULL,"JARDIM VISTA ALEGRE","100","27.02","19.75","51.37","-11.42451806","-61.47272665","110004905000029","-11.424352","-61.472538","110004905000029","-11.424352","-61.472538","0","27.63560364","1","0",True,NULL
"1161","RUA BASILIO DA GAMA VISTA ALEGRE","1078",NULL,"VISTA ALEGRE","834927","1165488","RUA  BASILIO DA GAMA JARDIM VISTA ALEGRE","1078",NULL,"JARDIM VISTA ALEGRE","100","25.39","19.75","50.15","-11.4288277","-61.4737447","110004905000030","-11.428852","-61.473475","110004905000030","-11.428852","-61.473475","0","29.51860001","1","0",True,NULL
"1162","RUA BASILIO DA GAMA VISTA ALEGRE","1272","PREDIO ESCOLAR","VISTA ALEGRE","834914","1165783","RUA  BASILIO DA GAMA JARDIM VISTA ALEGRE","1272",NULL,"JARDIM VISTA ALEGRE","100","28.05","19.75","52.1","-11.4285834","-61.4744069","110004905000030","-11.428862","-61.474541","110004905000030","-11.428862","-61.474541","0","34.25362805","1","0",True,NULL
"1163","RUA PROFESSORA ALZIRA SELLERI BARBOSA HABITAR BRASIL","1501",NULL,"HABITAR BRASIL","47179","91955951","RUA PROFESSORA ALZIRA S BARBOSA HABITAR BRASIL","1501",NULL,"HABITAR BRASIL","28.79","22.37","100","29.19","-11.4224019","-61.4795461","110004905000033","-11.422215","-61.480242","110004905000033","-11.422215","-61.480242","0","78.64372554","1","0",True,NULL
"1164","TRAVESSA OURO CRISTAL DO ARCO-IRIS","160",NULL,"CRISTAL DO ARCO-IRIS","254175","1167364","TRAVESSA  OURO BALNEARIO ARCO IRIS","160",NULL,"BALNEARIO ARCO IRIS","100","18.04","19.39","43.02","-11.4320983","-61.46435","110004905000035","-11.431995","-61.464094","110004905000035","-11.431995","-61.464094","0","30.17308316","1","0",True,NULL
"1165","RUA PADRE MANOEL DA NOBREGA NOVA ESPERANCA","535",NULL,"NOVA ESPERANCA","108088","1175576","RUA PADRE MANOEL DA NOBREGA NOVA ESPERANCA","536","COMODO","NOVA ESPERANCA","100","17.55","100","51.56","-11.4230879","-61.4646104","110004905000056","-11.422982","-61.464225","110004905000056","-11.422982","-61.464225","0","43.625027","1","0",True,NULL
"1166","RUA PERIMETRAL LESTE VILLAGE DO SOL","3401","ESCOLA","VILLAGE DO SOL","706263","1139063","AVENIDA  PERIMETRAL LESTE COLONIAL","3407","CASA FUNDOS","COLONIAL","100","18.89","9.99","36.24","-11.422219","-61.435362","110004905000047","-9.900569","-63.018976","110002305000073","-9.900569","-63.018976","0","242018.70272348","1","241021.7719336",False,False
"1167","RUA ROSINEIA DE SOUZA VILAGE DO SOL","4072",NULL,"VILAGE DO SOL","49904","1171776","RUA  ROSINEIA DE SOUZA VILLAGE DO SOL","4073",NULL,"VILLAGE DO SOL","100","20.81","15.42","43.3","-11.4220988","-61.4358752","110004905000047","-11.42198","-61.436271","110004905000047","-11.42198","-61.436271","0","45.11661945","1","0",True,NULL
"1168","RUA EITOR OZIAS SCHUNDT VILLAGE DO SOL II","3844",NULL,"VILLAGE DO SOL II","276733","98496196","RUA  EITOR OZIAS SCHUINDT VILLAGE DO SOL II","3734","APARTAMENTO","VILLAGE DO SOL II","21.14","15.09","100","21.11","-11.4192485","-61.4332164","110004905000049","-11.420106","-61.433492","110004905000049","-11.420106","-61.433492","0","99.96951187","1","0",True,NULL
"1169","RUA UIRAPURU FLORESTA","2560","ESCOLA","FLORESTA","60702","100091146","RUA  UIRAPURU FLORESTA","2165","CASA 02","FLORESTA","100","13.43","100","43.68","-11.4331223","-61.4310214","110004905000149","-11.436941","-61.431504","110004905000106","-11.436931","-61.431504","1.1119508","427.86586595","1","337.01646928",False,NULL
"1170","RUA PADRE EZEQUIEL RAMIM TEIXEIRAO","1308",NULL,"TEIXEIRAO","707430","1177523","RUA PADRE EZEQUIEL RAMIN TEIXEIRAO","1307",NULL,"TEIXEIRAO","33.68","17.7","100","30.22","-11.4266733","-61.4350361","110004905000060","-11.426772","-61.435474","110004905000060","-11.426772","-61.435474","0","48.97279037","1","0",True,NULL
"1171","RUA MARIA AURORA DO NASCIMENTO TEIXEIRAO","1373",NULL,"TEIXEIRAO","707227","1177529","RUA  MARIA AURORA DO NASCIMENTO TEIXEIRAO","1373",NULL,"TEIXEIRAO","100","27.22","100","65.16","-11.4257276","-61.433399","110004905000060","-11.425868","-61.433268","110004905000060","-11.425868","-61.433268","0","21.15622183","1","0",True,NULL
"1172","RUA MONTEIRO LOBATO TEIXEIRAO","1787","PREDIO PROPRIO","TEIXEIRAO","105172","91959218","RUA  MONTEIRO LOBATO TEIXEIRAO","1787",NULL,"TEIXEIRAO","100","20.46","100","56.26","-11.433","-61.43605","110004905000064","-11.43311","-61.435668","110004905000064","-11.43311","-61.435668","0","43.39320293","1","0",True,NULL
"1173","RUA DOS SURUIS TEIXEIRAO","3500",NULL,"TEIXEIRAO","105133","91959219","RUA  DOS SURUIS TEIXEIRAO","3500",NULL,"TEIXEIRAO","100","25.18","100","62.72","-11.4324933","-61.4360371","110004905000064","-11.432115","-61.435854","110004905000064","-11.432115","-61.435854","0","46.55866557","1","0",True,NULL
"1174","RUA SANTO ANTONIO SANTO ANTONIO","1245","ESCOLAR","SANTO ANTONIO","743890","1179192","RUA SANTO ANTONIO SANTO ANTONIO","1246","LADO 2","SANTO ANTONIO","100","17.36","100","51.24","-11.452412","-61.4415052","110004905000065","-11.452683","-61.441302","110004905000065","-11.452683","-61.441302","0","37.39584743","1","0",True,NULL
"1175","RODOVIA 383 KM 05 LOTE 26 GLEBA 05 ZONA RURAL",NULL,"ESCOLA","ZONA RURAL","333145","110619298","RODOVIA  RO 485 ZONA RURAL","33",NULL,"ZONA RURAL","21.45","12.05","100","19.91","-11.4810478","-61.4739314","110004905000067","-12.998843","-61.237375","110007205000022","-12.998843","-61.237375","0","170717.67463387","1","166684.10511975",False,False
"1176","RESERVA BIOLOGICA VALE DO GUAPORE RURAL",NULL,"ALDEIA PALHAL","RURAL","958858","92305101","RUA  VALE DO GUAPORE SETOR 26 OU EMBRATEL","670",NULL,"SETOR 26 OU EMBRATEL","19.75","16.45","9.95","17.35","-11.928726","-61.995871","110001505000016","-12.741438","-60.106522","110030405000126","-12.741438","-60.106522","0","224249.15404958","1","223783.37821225",False,False
"1177","RUA VANDERLEI DANTAS NACIONAL","3298",NULL,"NACIONAL","782139","215334213","RUA  VANDERLEI PONTES NACIONAL","3398",NULL,"NACIONAL","14.93","16.16","100","16.6","-8.73168460093439","-63.91078666783869","110020505060078","-8.731189","-63.909895","110020505060078","-8.731189","-63.909895","0","112.4319198","1","0",True,NULL
"1178","RUA DAS ASSOCIACOES, ESQUINA COM RUA 28 DE SETEMBRO COSTA E SILVA","2899",NULL,"COSTA E SILVA","850554","1360068","RUA  VINTE E OITO DE SETEMBRO COSTA E SILVA","2970",NULL,"COSTA E SILVA","23.82","15.54","100","23.12","-8.7379722","-63.8982589","110020505060089","-8.737393","-63.897693","110020505060089","-8.737393","-63.897693","0","89.53277234","1","0",True,NULL
"1179","RUA ANTONIO DA FONSECA COSTA E SILVA","3047",NULL,"COSTA E SILVA","19616","92246971","RUA  ANTONIO DA FONSECA COSTA E SILVA","3048","CASA","COSTA E SILVA","100","23.02","100","59.92","-8.73749","-63.8957467","110020505060091","-8.737962","-63.895596","110020505060091","-8.737826","-63.895594","15.12412824","55.03543117","1","0",True,NULL
"1180","RUA JARDIM COSTA E SILVA","3418",NULL,"COSTA E SILVA","913600","1360463","RUA  JARDIM COSTA E SILVA","3238","APARTAMENTO 2","COSTA E SILVA","100","15.68","100","48.19","-8.7370779","-63.89204","110020505060092","-8.737175","-63.893824","110020505060104","-8.737175","-63.893824","0","196.36710374","1","128.58024974",False,True
"1181","RUA LIBERO BADARO COSTA E SILVA","3429",NULL,"COSTA E SILVA","858804","92247336","RUA  LIBERO BADARO COSTA E SILVA","3428",NULL,"COSTA E SILVA","100","16.95","100","50.5","-8.7381852","-63.8923458","110020505060092","-8.73848","-63.89225","110020505060092","-8.73848","-63.89225","0","34.42971323","1","0",True,NULL
"1182","AVENIDA DOS IMIGRANTES COSTA E SILVA","3239",NULL,"COSTA E SILVA","858578","92247099","AVENIDA  DOS IMIGRANTES COSTA E SILVA","3239",NULL,"COSTA E SILVA","100","24.99","100","62.49","-8.7405141","-63.8939621","110020505060092","-8.740611","-63.893988","110020505060092","-8.740611","-63.893988","0","11.14445975","1","0",True,NULL
"1183","RUA JURUNA VILA TUPY","191","PREDIO","VILA TUPY","658163","1362076","RUA  JURUNA TUPI","191",NULL,"TUPI","100","22.33","12.53","41.77","-8.7837093","-63.8984789","110020505060095","-8.7836","-63.898225","110020505060095","-8.7836","-63.898225","0","30.43343904","1","0",True,NULL
"1184","AVENIDA CAMPOS SALES TUPY","395",NULL,"TUPY","657934","1361951","AVENIDA  CAMPOS SALES TUPI","395",NULL,"TUPI","100","20.08","14.03","41.51","-8.7812793","-63.8985491","110020505060095","-8.781124","-63.898218","110020505060095","-8.781124","-63.898218","0","40.27509367","1","0",True,NULL
"1185","RUA JOSE CAMACHO SAO JOAO BOSCO","1340",NULL,"SAO JOAO BOSCO","759566","1344380","RUA  JOSE CAMACHO SAO JOAO BOSCO","1340",NULL,"SAO JOAO BOSCO","100","23.96","100","61.17","-8.7514705","-63.9035676","110020505060103","-8.751391","-63.903578","110020505060103","-8.751391","-63.903578","0","8.91359221","1","0",True,NULL
"1186","AVENIDA CALAMA EMBRATEL","3239",NULL,"EMBRATEL","775035","1363147","AVENIDA  CALAMA EMBRATEL","3239",NULL,"EMBRATEL","100","24.99","100","62.49","-8.7487288","-63.8869958","110020505070002","-8.748975","-63.886921","110020505070002","-8.748975","-63.886921","0","28.5838488","1","0",True,NULL
"1187","AVENIDA TIRADENTES CENTRO",NULL,"DISTRITO ABUNA","CENTRO","528219","92293195","AVENIDA  TIRADENTES CENTRO","1845",NULL,"CENTRO","100","15.44","100","47.72","-8.743938","-63.883447","110020505070004","-11.167403","-61.900441","110025405000010","-11.167403","-61.900441","0","346088.80937854","1","344679.081304",False,NULL
"1188","RUA BELO HORIZONTE EMBRATEL","331",NULL,"EMBRATEL","579422","1363685","RUA  BELO HORIZONTE EMBRATEL","331","FUNDOS","EMBRATEL","100","18.21","100","52.68","-8.7453922","-63.882359","110020505070004","-8.745113","-63.881397","110020505070005","-8.745113","-63.881397","0","110.18997638","1","71.45744906",False,True
"1189","RUA SALVADOR EMBRATEL","421",NULL,"EMBRATEL","579517","1363716","RUA  SALVADOR EMBRATEL","421",NULL,"EMBRATEL","100","19.5","100","54.77","-8.744236900000002","-63.8806848","110020505070005","-8.744249","-63.880933","110020505070005","-8.744249","-63.880933","0","27.31099607","1","0",True,NULL
"1190","RUA DA PENHA EMBRATEL","3968","PREDIO","EMBRATEL","107715","92248165","RUA  DA PENHA EMBRATEL","330",NULL,"EMBRATEL","100","10.75","100","37.6","-8.7450978","-63.8801291","110020505070005","-8.744726","-63.87992","110020505070006","-8.744726","-63.87992","0","47.30006635","1","1.59897757",False,True
"1191","AVENIDA JOSE VIEIRA CAULA AGENOR DE CARVALHO","4942",NULL,"AGENOR DE CARVALHO","745717","92253360","AVENIDA  JOSE VIEIRA CAULA AGENOR M DE CARVALHO","4192",NULL,"AGENOR M DE CARVALHO","100","17.25","43.92","47.91","-8.754025","-63.883638","110020505070012","-8.755245","-63.87187","110020505070047","-8.755245","-63.87187","0","1300.39344664","1","1205.43180472",False,False
"1192","URUGUAI EMBRATEL","1834",NULL,"EMBRATEL","389184","1366150","RUA  URUGUAI EMBRATEL","1834",NULL,"EMBRATEL","100","19.99","100","55.54","-8.756839190000004","-63.8831673","110020505070013","-8.756568","-63.883273","110020505070013","-8.756568","-63.883273","0","32.31505111","1","0",True,NULL
"1193","RUA BUENOS AIRES NOVA PORTO VELHO","1504",NULL,"NOVA PORTO VELHO","324700","1366728","RUA  BUENOS AIRES NOVA PORTO VELHO","1504",NULL,"NOVA PORTO VELHO","100","21.53","100","57.84","-8.7605659","-63.8812689","110020505070016","-8.760398","-63.881417","110020505070016","-8.760398","-63.881417","0","24.76812319","1","0",True,NULL
"1194","AVENIDA SETE DE SETEMBRO NOVA PORTO VELHO","3697","CENTRO NORTE","NOVA PORTO VELHO","293711","1556406","AVENIDA  SETE DE SETEMBRO NOVA PORTO VELHO","3874","CASA","NOVA PORTO VELHO","100","17.24","100","51.01","-8.7587267","-63.877475","110020505070018","-8.758923","-63.875435","110020505070019","-8.758867500000001","-63.8754075","6.87160753","225.25266479","1","149.38880229",False,True
"1195","RUA ROSALINA GOMES MARIANA","9851",NULL,"MARIANA","900600","1515433","RUA  ROSALINA GOMES MARIANA","9851",NULL,"MARIANA","100","27.55","100","65.53","-8.7709675","-63.8194326","110020505100015","-8.771069","-63.819338","110020505100015","-8.771069","-63.819338","0","15.34464884","1","0",True,NULL
"1196","RUA ROSALINA GOMES MARIANA","9991","ZONA LESTE","MARIANA","900598","1515431","RUA  ROSALINA GOMES MARIANA","9901",NULL,"MARIANA","100","14.54","100","45.96","-8.7706343","-63.8182842","110020505100015","-8.771046","-63.818873","110020505100015","-8.771046","-63.818873","0","79.26279316","1","0",True,NULL
"1197","RUA EQUADOR NOVA PORTO VELHO","2188",NULL,"NOVA PORTO VELHO","844877","1367461","RUA  EQUADOR NOVA PORTO VELHO","2191","APARTAMENTO 301","NOVA PORTO VELHO","100","14.62","100","46.12","-8.757458700000004","-63.8768706","110020505070019","-8.757655","-63.877375","110020505070018","-8.757655","-63.877375","0","59.57559083","1","27.59630035",False,True
"1198","RODOVIA BR-364 ZONA RURAL",NULL,"KM 24","ZONA RURAL","419930","110252886","RODOVIA  BR 364 BR 364 SAIDA PARA JARU","1","CASA","BR 364 SAIDA PARA JARU","66.8","16.07","11.77","31.83","-8.7639731","-63.8742916","110020505070020","-10.699034","-62.26201","110015505000049","-10.698143","-62.2631775","161.51873251","278418.27326026","1","277523.06429766",False,False
"1199","RUA RAIMUNDO CANTUARIA NOVA PORTO VELHO","3862","PREDIO ANEXO IGREJA","NOVA PORTO VELHO","580112","180357942","AVENIDA  RAIMUNDO CANTUARIA NOVA PORTO VELHO","3962","PREDIO FRENTE","NOVA PORTO VELHO","100","22.25","100","58.86","-8.76598847","-63.8755085","110020505070021","-8.765821","-63.874838","110020505070021","-8.765821","-63.874838","0","76.00207289","1","0",True,NULL
"1200","RUA MANOEL LAURENTINO DE SOUZA NOVA PORTO VELHO","1299","ESCOLA","NOVA PORTO VELHO","776120","1557704","RUA  MANOEL LAURENTINO DE SOUZA NOVA PORTO VELHO","1295",NULL,"NOVA PORTO VELHO","100","20.1","100","55.71","-8.764006266000004","-63.8782668","110020505070022","-8.763945","-63.877689","110020505070022","-8.763945","-63.877689","0","63.86277117","1","0",True,NULL
"1201","RUA MEXICO NOVA PORTO VELHO","1056",NULL,"NOVA PORTO VELHO","74282","92251377","RUA  MEXICO NOVA PORTO VELHO","1056",NULL,"NOVA PORTO VELHO","100","25.77","100","63.45","-8.768632500000002","-63.8754712","110020505070023","-8.76834","-63.87574","110020505070023","-8.76834","-63.87574","0","43.93692005","1","0",True,NULL
"1202","RUA ALEXANDRE GUIMARAES NOVA PORTO VELHO","3862",NULL,"NOVA PORTO VELHO","73954","99515252","RUA  ALEXANDRE GUIMARAES NOVA PORTO VELHO","3862",NULL,"NOVA PORTO VELHO","100","28.47","100","66.55","-8.768688300000004","-63.87812","110020505070023","-8.768294","-63.878286","110020505070023","-8.768294","-63.878286","0","47.48799682","1","0",True,NULL
"1203","AVENIDA CALAMA FLODOALDO PONTES PINTO","4985","LOTE 994, QUADRA 169","FLODOALDO PONTES PINTO","840180","1560673","AVENIDA  CALAMA FLODOALDO PONTES PINTO","4985",NULL,"FLODOALDO PONTES PINTO","100","24.93","100","62.41","-8.745097100000002","-63.8715495","110020505070030","-8.74542","-63.871395","110020505070030","-8.74542","-63.871395","0","39.71748472","1","0",True,NULL
"1204","RUA MESTRE GABRIEL FLODOALDO PONTES PINTO","5145",NULL,"FLODOALDO PONTES PINTO","840602","1560454","RUA MESTRE GABRIEL FLODOALDO PONTES PINTO","5145",NULL,"FLODOALDO PONTES PINTO","100","24.22","100","61.51","-8.742805000000002","-63.869931","110020505070030","-8.743007","-63.869841","110020505070030","-8.743007","-63.869841","0","24.5428613","1","0",True,NULL
"1205","RUA DA CASSITERITA FLODOALDO PONTES PINTO","4608","CONJ MARECHAL RONDON","FLODOALDO PONTES PINTO","814463","1560886","RUA  DA CASSITERITA FLODOALDO PONTES PINTO","4608",NULL,"FLODOALDO PONTES PINTO","100","23.32","100","60.33","-8.742152300000004","-63.8753613","110020505070031","-8.742041","-63.875926","110020505070031","-8.742041","-63.875926","0","63.28431253","1","0",True,NULL
"1206","ALDEIA DO TONHAO KM 130 ZONA RURAL",NULL,NULL,"ZONA RURAL","489816","1392658","LINHA  134 05 NORTE","1",NULL,"05 NORTE","20.72","16.07","11.86","18.29","-10.9878534","-60.8009754","510757805000054","-11.710998","-62.237437","110014805000027","-11.710998","-62.237066","40.39463886","176040.32575853","1","175398.09667503",False,False
"1207","RUA NEREU RAMOS REDONDO","4581",NULL,"REDONDO","371688","1187815","RUA  NEREU RAMOS REDONDO","4581",NULL,"REDONDO","100","25.98","100","63.7","-11.934471","-62.0028328","110001505000002","-11.934376","-62.003306","110001505000002","-11.934376","-62.003306","0","52.5528035","1","0",True,NULL
"1208","AVENIDA ALTA FLORESTA PRINCESA IZABEL","2973",NULL,"PRINCESA IZABEL","544595","1678454","RUA  ALTA FLORESTA SETOR 02","1471","CASA","SETOR 02","100","14.55","11.35","33.84","-11.9239175","-62.0032528","110001505000006","-10.209205","-63.823435","110045205000015","-10.209205","-63.823435","0","275327.60865836","1","274098.54986495",False,False
"1209","RUA TERESINA REDONDO",NULL,"PREDIO","REDONDO","842257","1616268","RUA  TERESINA QUINTO BEC","439",NULL,"QUINTO BEC","100","13.65","12.54","33.76","-11.92321819","-62.00246545","110001505000007","-12.747472","-60.126007","110030405000027","-12.747472","-60.126007","0","223491.35134816","1","223102.89956935",False,NULL
"1210","AVENIDA AMAPA SANTA FELICIDADE","4503",NULL,"SANTA FELICIDADE","788712","1190037","AVENIDA  AMAPA SANTA FELICIDADE","4506","FUNDOS","SANTA FELICIDADE","100","18.31","100","52.85","-11.9246006","-61.9893275","110001505000011","-11.924974","-61.989176","110001505000011","-11.924959000000001","-61.9892255","5.6377481","44.67218086","1","0",True,NULL
"1211","RUA TANCREDO NEVES SANTA FELICIDADE","4849",NULL,"SANTA FELICIDADE","68672","180201853","RUA  TANCREDO NEVES SANTA FELICIDADE","4849",NULL,"SANTA FELICIDADE","100","25.73","100","63.39","-11.924405","-61.985317","110001505000012","-11.9245","-61.985317","110001505000012","-11.9245","-61.985317","0","10.56353257","1","0",True,NULL
"1212","AVENIDA MATO GROSSO CENTRO","3861",NULL,"CENTRO","333361","1191563","AVENIDA  MATO GROSSO CENTRO","3861",NULL,"CENTRO","100","27.41","100","65.37","-11.9273293","-61.995058","110001505000016","-11.92751","-61.995092","110001505000016","-11.92751","-61.995092","0","20.43059833","1","0",True,NULL
"1213","TERRA INDIGENA RIO BRANCO RURAL",NULL,"ALDEIA COLORADO","RURAL","620062","1640337","RIO  BRANCO ALDEIA INDIGENA NAZARE","1",NULL,"ALDEIA INDIGENA NAZARE","18.9","16.07","10.27","16.88","-11.928726","-61.995871","110001505000016","-12.119354","-62.615901","110032005000041","-12.119354","-62.615901","0","70684.73245304","1","70639.45160565",False,False
"1214","TERRA INDIGENA RIO BRANCO RURAL",NULL,"ALDEIA CAJUI","RURAL","620062","1640337","RIO  BRANCO ALDEIA INDIGENA NAZARE","1",NULL,"ALDEIA INDIGENA NAZARE","18.9","16.07","10.27","16.88","-11.928726","-61.995871","110001505000016","-12.119354","-62.615901","110032005000041","-12.119354","-62.615901","0","70684.73245304","1","70639.45160565",False,False
"1215","LINHA 16 DISTRITO DE NOVA ALINCA",NULL,"DISTRITO NOVAALIANCA",NULL,"516926","180267543","LINHA  16 TRAVESSAO PARA A LINHA 13 NORTE","1",NULL,"TRAVESSAO PARA A LINHA 13 NORTE","21.26","16.07","11.29","18.44","-11.1899956","-62.4877038","110170805000020","-11.703987","-62.336378","110014805000015","-11.7019945","-62.3363195","221.64774101","59485.16406458","1","59055.92208754",False,False
"1216","LINHA T- 10, LOTE 01, GLEBA 16",NULL,"ESQUINA COM A C 40",NULL,"490516","180349390","LINHA  M 16 GLEBA RIO PRETO","1",NULL,"GLEBA RIO PRETO","25.79","16.07","10.19","20.24","-11.0335265","-62.5009848","110170805000022","-8.103614","-62.890838","110020516000014","-8.103614","-62.890838","0","328583.59024001","1","326175.23248961",False,False
"1217","LINHA MA 04 KM 10 ZONA RURAL",NULL,"SAO MARCOS","ZONA RURAL","554872","110619208","LINHA  QUATRO ZONA RURAL","1",NULL,"ZONA RURAL","21.29","16.07","100","21.59","-9.6695137","-62.1013727","110175705000020","-13.030235","-61.131108","110007205000016","-13.02778","-61.129433","327.79083064","388373.52585528","1","386003.84955321",False,False
"1218","AVENIDA PRESIDENTE DUTRA CENTRO","3603",NULL,"CENTRO","934879","1735408","AVENIDA PRESIDENTE DUTRA CENTRO","3602",NULL,"CENTRO","100","20.7","100","56.62","-9.8565403","-62.1780536","110175705000027","-9.864549","-62.177359","110175705000003","-9.864549","-62.177359","0","893.77326555","1","335.97503007",False,NULL
"1219","AV. TANCREDO NEVES SETOR 02","331","ATRAS DA PREFEITURA","SETOR 02","689267","1214053","AVENIDA  TANCREDO NEVES SETOR 05","3315",NULL,"SETOR 05","23.19","18.51","25.91","22.29","-9.8555488","-62.1771266","110175705000027","-9.901579","-63.034676","110002305000053","-9.901579","-63.034676","0","94080.79905663","1","93606.92280826",False,False
"1220","AVENIDA 23 DE AGOSTO CENTRO","4492","PREDIO","CENTRO","907692","1734701","AVENIDA  23 DE AGOSTO CENTRO","4372",NULL,"CENTRO","100","18.47","100","53.12","-9.8570736","-62.173646","110175705000028","-9.858299","-62.173701","110175705000002","-9.858299","-62.173701","0","136.39161","1","0",False,NULL
"1221","RUA PALMAS CENTRO","1037",NULL,"CENTRO","621957","215082268","RUA  PALMAS CENTRO","1038",NULL,"CENTRO","100","21.58","100","57.92","-9.863662","-62.1753376","110175705000029","-9.863398","-62.173265","110175705000003","-9.863398","-62.173265","0","228.94613148","1","0",False,NULL
"1222","RUA XV DE NOVEMBRO COM/ RUA DAS ORQUIDEAS SETOR 01","2663","PROXIMA A PREFEITURA","SETOR 01","224624","180379738","RUA  XV DE NOVEMBRO SETOR QUATRO","0",NULL,"SETOR QUATRO","24.74","13.03","15.26","19.92","-10.427779","-62.1331797","110180705000001","-11.689393","-62.723447","110032005000036","-11.689274000000001","-62.7234135","13.72580777","154367.09621576","1","152857.90497323",False,False
"1223","LINHA PA 13 ASSENTAMENTO PALMA ARRUDA ZONA RURAL",NULL,NULL,"ZONA RURAL","554872","110619208","LINHA  QUATRO ZONA RURAL","1",NULL,"ZONA RURAL","16.06","16.07","100","17.53","-9.7274288","-61.9162651","110175705000015","-13.030235","-61.131108","110007205000016","-13.02778","-61.129433","327.79083064","377094.30019361","1","352467.39477613",False,False
"1224","LH 614 DISTRITO DE SANTA ROSA ZONA RURAL",NULL,"AVENIDA PRINCIPAL","ZONA RURAL","43558","110621932","TRAVESSAO  DA 614 TRAVESSAO DA LINHA 614 PARA LINHA 210","1","CASA 1","TRAVESSAO DA LINHA 614 PARA LINHA 210","21.42","16.07","11.61","18.61","-10.1974052","-62.0191485","110180705000006","-10.516395","-62.36218","110011405000049","-10.516395","-62.362530500000005","38.3192204","51633.5148466","1","50691.51972761",False,False
"1225","LINHA 200 LOTE 04 GLEBA 26 KM 14 ZONA RURAL",NULL,NULL,"ZONA RURAL","221828","1490688","LINHA  204 SUL LINHA 204 NORTE","1",NULL,"LINHA 204 NORTE","22.47","16.07","12.58","19.4","-10.617233","-62.1815689","110180705000011","-11.730338","-61.594665","110028805000071","-11.728918","-61.594665","157.89701322","139349.74620098","1","136312.07651721",False,False
"1226","TERRA INDIGENA VALE DO GUAPORE - ALDEIA MAMAINDE CABIXI ZONA RURAL",NULL,"ALDEIA INDIGENA","ZONA RURAL","24723","110618908","TRAVESSAO  DA 3 EIXO EM DIRECAO A 01 ZONA RURAL","1","LOTE 15","ZONA RURAL","15.88","16.07","100","17.38","-13.2099978","-60.3133243","510330420000025","-13.106636","-60.816212","110007205000012","-13.106636","-60.816212","0","55650.24241566","1","55577.85071424",False,False
"1227","TERRA INDIGENA RIO BRANCO RURAL",NULL,"ALDEIA SAO LUIZ","RURAL","620062","1640337","RIO  BRANCO ALDEIA INDIGENA NAZARE","1",NULL,"ALDEIA INDIGENA NAZARE","18.9","16.07","10.27","16.88","-11.928726","-61.995871","110001505000016","-12.119354","-62.615901","110032005000041","-12.119354","-62.615901","0","70684.73245304","1","70639.45160565",False,False
"1228","TERRA INDIGENA RIO BRANCO RURAL",NULL,"ALDEIA POCAO","RURAL","620062","1640337","RIO  BRANCO ALDEIA INDIGENA NAZARE","1",NULL,"ALDEIA INDIGENA NAZARE","18.9","16.07","10.27","16.88","-11.928726","-61.995871","110001505000016","-12.119354","-62.615901","110032005000041","-12.119354","-62.615901","0","70684.73245304","1","70639.45160565",False,False
"1229","TERRA INDIGENA RIO BRANCO RURAL",NULL,"ALDEIA FIGUEIRA","RURAL","620062","1640337","RIO  BRANCO ALDEIA INDIGENA NAZARE","1",NULL,"ALDEIA INDIGENA NAZARE","18.9","16.07","10.27","16.88","-11.928726","-61.995871","110001505000016","-12.119354","-62.615901","110032005000041","-12.119354","-62.615901","0","70684.73245304","1","70639.45160565",False,False
"1230","TERRA INDIGENA RIO BRANCO RURAL",NULL,"ALDEIA SERRINHA","RURAL","620062","1640337","RIO  BRANCO ALDEIA INDIGENA NAZARE","1",NULL,"ALDEIA INDIGENA NAZARE","18.9","16.07","10.27","16.88","-11.928726","-61.995871","110001505000016","-12.119354","-62.615901","110032005000041","-12.119354","-62.615901","0","70684.73245304","1","70639.45160565",False,False
"1231","LINHA P 50 KM 22 LINHA P.50",NULL,"ZONA RURAL","LINHA P.50","482589","1603924","LINHA  P 22 RIO BRANCO","1",NULL,"RIO BRANCO","28.72","16.07","10.57","21.61","-12.12982012","-61.99334879","110001505000020","-12.097609","-61.746488","110029605000017","-12.097609","-61.747688","130.47078908","27076.42578891","1","26803.43371967",False,False
"1232","AV MINAS GERAIS ESQUINA COM A FORTALEZA CIDADE ALTA","4405",NULL,"CIDADE ALTA","372218","91939168","RUA  FORTALEZA CIDADE ALTA","4405",NULL,"CIDADE ALTA","15.95","23.63","100","18.75","-11.9326001","-61.983286","110001505000056","-11.932678","-61.983492","110001505000013","-11.932678","-61.983492","0","24.02695304","1","8.59979268",False,NULL
"1233","RUA FORTALEZA CIDADE ALTA","4321",NULL,"CIDADE ALTA","381019","218984646","RUA  FORTALEZA CIDADE ALTA","4421","CASA","CIDADE ALTA","100","21.1","100","57.22","-11.93184753","-61.9831682","110001505000056","-11.932888","-61.983404","110001505000019","-11.932888","-61.983404","0","118.5050876","1","0",False,NULL
"1234","AVENIDA BRASIL REDONDO","2934",NULL,"REDONDO","286321","102289235","AVENIDA  BRASIL REDONDO","2714",NULL,"REDONDO","100","15.39","100","47.64","-11.9297843","-62.0035214","110001505000057","-11.929424","-62.004563","110001505000003","-11.929424","-62.004563","0","120.19302131","1","85.96334701",False,True
"1235","RUA ACRE ESQUINA COM AVENIDA NILO PECANHA REDONDO","4357",NULL,"REDONDO","286118","108648538","AVENIDA  NILO PECANHA REDONDO","2677",NULL,"REDONDO","18.08","14.3","100","18.62","-11.93256197","-61.99928624","110001505000057","-11.933016","-62.0063","110001505000003","-11.933016","-62.0063","0","764.71104628","1","226.21075275",False,True
"1236","AVENIDA RIO DE JANEIRO CIDADE ALTA","4776","ESCOLA","CIDADE ALTA","372092","91939418","AVENIDA  RIO DE JANEIRO CIDADE ALTA","4776",NULL,"CIDADE ALTA","100","24.79","100","62.24","-11.9309573","-61.9865132","110001505000059","-11.930747","-61.9865","110001505000013","-11.930747","-61.9865","0","23.42837936","1","0",False,NULL
"1237","AV. BAHIA CIDADE ALTA","4598",NULL,"CIDADE ALTA","372405","91939370","AVENIDA  BAHIA CIDADE ALTA","4798",NULL,"CIDADE ALTA","17.12","17.31","100","18.72","-11.9318066","-61.9882186","110001505000059","-11.931566","-61.986315","110001505000013","-11.931566","-61.986315","0","208.81866284","1","0",False,NULL
"1238","LINHA 138 KM 100 IZIDOLANDIA",NULL,"DISTRITO","IZIDOLANDIA","376011","1195727","LINHA  138 IZIDOLANDIA","1",NULL,"IZIDOLANDIA","30.44","16.07","100","27.44","-12.60328476","-62.17533345","110001520000001","-12.615213","-62.17543","110001520000004","-12.614540000000002","-62.175854","87.84623895","1326.40297606","1","706.91410708",False,True
"1239","LINHA 42,5 KM 17",NULL,NULL,NULL,"67722","1145795","LINHA  C 42 PROJETO DE ASSENTAMENTO DIRIGIDO MARECHAL DUTRA","1",NULL,"PROJETO DE ASSENTAMENTO DIRIGIDO MARECHAL DUTRA","26.1","16.07","11.63","20.89","-11.88567737","-62.06721101","110001505000069","-10.096415","-63.033947","110002305000097","-10.096907","-63.033947","54.70797923","225207.36031723","1","212141.3063531",False,False
"1240","LINHA 47,5",NULL,NULL,NULL,"218512","180413944","LINHA  45 PRESIDENTE TANDREDO NEVES","1",NULL,"PRESIDENTE TANDREDO NEVES","36.15","16.07","11.42","24.65","-11.91801765","-62.32095124","110001525000001","-11.906465","-61.500218","110148405000010","-11.9057955","-61.5011195","123.13775297","89305.38002612","1","88742.6654167",False,False
"1241","LINHA 105 COM A 152 ZONA RURAL",NULL,"DISTR. DE FILADELFIA","ZONA RURAL","332960","91964523","LINHA  155 ZONA RURAL","1","FAZENDA","ZONA RURAL","32.86","16.07","100","28.78","-12.43655517","-62.0426595","110001515000001","-12.765282","-61.406342","110007205000022","-12.765282","-61.406241","10.9531185","78129.03386515","1","77864.14981258",False,False
"1242","LINHA 50 COM A 134",NULL,NULL,NULL,"489816","1392658","LINHA  134 05 NORTE","1",NULL,"05 NORTE","37.23","16.07","10.24","24.38","-11.94904005","-62.22953537","110001525000007","-11.710998","-62.237437","110014805000027","-11.710998","-62.237066","40.39463886","26483.0707458","1","21094.16704441",False,False
