"idx_df1","endereco_df1","numero_df1","complemento_df1","bairro_df1","idx_df2","cod_unico_df2","endereco_df2","numero_df2","complemento_df2","bairro_df2","similaridade_logradouro","similaridade_numero","similaridade_bairro","similaridade_final","latitude_verdadeira","longitude_verdadeira","cd_setor_verdadeiro","latitude_resultante","longitude_resultante","cd_setor_resultante","med_lat","med_lon","dist_mediana","desvio_metros","rn","distancia_metros_setor","setor_correspondente","setor_vizinho_verdadeiro"
0,"ROLIM DE MOURA DO GUAPORE",NULL,"ZONA RURAL",NULL,101104,"92554483","RUA  ROLIM DE MOURA","2066",NULL,"SETOR 03","100.0",NULL,"0.0","100.0","-13.08366621","-62.27693003","110001530000001","-10.202797","-63.829863","110045205000003","-10.202714","-63.829769999999996","13.73906488","362233.70750895","1","359960.98243615",False,False
1,"RUA AIRTON SENNA","4193.0","ESCOLA","JARDIM DOS ESTADOS",843457,"1291127","RUA  AIRTON SENNA","4129",NULL,"JARDIM NOVO ESTADO","100.0","98.47","72.22","89.69","-10.4420037","-62.4656261","110011405000011","-10.417882","-62.481055","110011405000043","-10.417882","-62.481055","0","3168.77829827","1","2741.97416434",False,False
2,"BR 364 LINHA 619 KM 01",NULL,"ZONA RURAL","ZONA RURAL",425579,"180301907","RODOVIA  BR 319","0",NULL,"RODOVIA BR 319","100.0",NULL,"33.33","100.0","-10.442004","-62.4656275","110011405000011","-8.352231","-63.871549","110020505000064","-8.3518405","-63.871509","43.64410303","278894.42112646","1","277550.01444033",False,False
3,"RUA RAIMUNDO BARRETO","890.0",NULL,"SETOR 07",951523,"1283574","RUA  RAIMUNDO BARRETO","890",NULL,"SETOR 07","100.0","100.0","100.0","90.0","-10.4420014","-62.4656282","110011405000011","-10.450638","-62.477101","110011405000019","-10.450638","-62.477101","0","1579.9441282","1","1410.5494351",False,False
4,"RUA PIAUI",NULL,NULL,"DISTRITO DE BOM JESUS",308468,"215041889","RUA  PIAUI","0","CASA SEM ROBOCO","BOM JESUS","100.0",NULL,"100.0","100.0","-10.4420038","-62.4656369","110011405000011","-10.315699","-62.242014","110011410000001","-10.315697","-62.2419595","5.9663221","28204.34995988","1","27721.39226144",False,False
5,"AVENIDA BRASIL","2633.0","EM FRENTE A IGREJA","SETOR 05",924487,"1287027","AVENIDA  BRASIL","2633",NULL,"SETOR 05","100.0","100.0","100.0","90.0","-10.4420004","-62.4656477","110011405000011","-10.429914","-62.474921","110011405000029","-10.429914","-62.474921","0","1683.61857208","1","1259.60033867",False,False
6,"RUA OSVALDO CRUZ","2675.0","BAIRRO NOVO HORIZONT","SETOR 04",367560,"91975305","RUA  OSVALDO CRUZ","2403","CASA","SETOR 04","100.0","89.83","100.0","87.97","-10.4420068","-62.465645","110011405000011","-10.436692","-62.483341","110011405000004","-10.4366845","-62.483347","1.06113356","2023.36669463","1","1597.77800396",False,False
7,"RUA MARGARETE FERREIRA COSTA","1254.0","SETOR 08","JARDIM BELA VISTA",548983,"180232590","RUA  MARGARETE FERREIRA COSTA","1955",NULL,"LINHA 608","100.0","64.14","23.08","82.83","-10.4420132","-62.4656624","110011405000011","-10.457704","-62.453769","110011405000046","-10.457704","-62.453769","0","2176.13289743","1","2139.53021734",False,False
8,"LINHA 627 KM 90 JARU UARU",NULL,"JARU UARU","ZONA RURAL",76257,"109017421","AVENIDA  JARU","0",NULL,"SETOR 06","100.0",NULL,"22.22","100.0","-10.4420036","-62.465758","110011405000011","-9.903652","-63.029522","110002305000059","-9.9036545","-63.029480500000005","4.55432262","85968.63883798","1","85367.20046575",False,False
9,"LINHA 617",NULL,NULL,"ZONA RURAL",118852,"110620932","LINHA  617","19","LADO DIREITO","LINHA 619","100.0",NULL,"31.58","100.0","-10.4418868","-62.4657928","110011405000011","-10.479208","-62.694341","110011405000055","-10.466616","-62.705212","1836.68024255","25333.28602092","1","25046.44903965",False,False
10,"AVENIDA RIO BRANCO","1253.0","SETOR 02","CENTRO",355434,"1324866","RUA  RIO BRANCO","1245",NULL,"CENTRO","100.0","99.36","100.0","89.87","-10.4418784","-62.4656997","110011405000011","-13.192098","-60.807246","110005605000008","-13.192098","-60.807246","0","355098.1194814","1","353800.87038779",False,NULL
11,"RUA GOIAS","3143.0",NULL,"SETOR 02",378139,"1280830","RUA  GOIAS","3143",NULL,"SETOR 02","100.0","100.0","100.0","90.0","-10.441434","-62.4649284","110011405000011","-10.441486","-62.464715","110011405000011","-10.441486","-62.464715","0","24.0417625","1","0",True,NULL
12,"AVENIDA PADRE ADOLPHO RHOL","1260.0","CENTRO","SETOR 02",400943,"180340638","RUA PADRE ADOLPHO RHOL","1062",NULL,"BANDEIRA BRANCA","100.0","84.29","17.39","86.86","-10.4395948","-62.4670841","110011405000011","-11.078255","-61.920645","110025425000001","-11.078255","-61.920645","0","92771.19503441","1","92157.26401187",False,False
13,"RUA RIO DEJANEIRO","2436.0",NULL,"SETOR 03",89390,"1282485","RUA  RIO DE JANEIRO","2430",NULL,"SETOR 03","100.0","99.75","100.0","89.95","-10.4431285","-62.4706698","110011405000016","-10.443412","-62.471268","110011405000016","-10.443412","-62.471268","0","72.6145791","1","0",True,NULL
14,"RUA RIO DE JANEIRO","2315.0","ESCOLA","LIBERDADE",3758,"1234791","RUA  RIO DE JANEIRO","2875","CASA","LIBERDADE","100.0","80.52","100.0","86.1","-10.4451256","-62.4731878","110011405000016","-11.532095","-61.005214","110009805000011","-11.532095","-61.005214","0","200708.78285744","1","200071.03170509",False,False
15,"RUA FLORIANOPOLIS","3045.0","ENFRENTE CEF","SETOR 2",445732,"215173975","RUA  FLORIANOPOLIS","3045",NULL,"SETOR 02","96.78","100.0","93.33","87.75","-10.4419201","-62.4701933","110011405000017","-10.438738","-62.467621","110011405000010","-10.438738","-62.467621","0","452.02147657","1","191.76234627",False,True
16,"RUA FLORIANOPOLIS","1175.0","ESCOLA","JARDIM ESPERANCA - SETOR 07",322235,"91976418","RUA  FLORIANOPOLIS","1175",NULL,"SETOR 07","100.0","100.0","100.0","90.0","-10.4497374","-62.4816736","110011405000019","-10.449599","-62.481634","110011405000020","-10.449599","-62.481634","0","15.9870276","1","4.02344777",False,True
17,"AVENIDA DOM PEDRO I","1625.0","PREDIO","JARDIM NOVO HORIZONTE",749746,"215002955","RUA DOM PEDRO I","1723",NULL,"JARDIM CLODOALDO","100.0","94.31","54.55","88.86","-10.4361996","-62.4843056","110011405000024","-11.426757","-61.447432","110004905000041","-11.426757","-61.447432","0","157944.72433385","1","157571.84102773",False,False
18,"RUA MINAS GERAIS","1640.0","PREDIO","JARDIM NOVO HORIZONTE",805375,"99456437","RUA  MINAS GERAIS","929",NULL,"JARDIM NOVO ESTADO","100.0","56.65","75.86","81.33","-10.43545","-62.48526","110011405000024","-10.710144","-62.265878","110015505000032","-10.710144","-62.265878","0","38833.17348048","1","38513.30873702",False,False
19,"AVENIDA PADRE ADOLPHO ROHL","2600.0",NULL,"CENTRO",924704,"1287167","AVENIDA PADRE ADOLPHO ROHL","2600","TERREO","SETOR 05","100.0","100.0","42.86","90.0","-10.42975845","-62.47397966666671","110011405000029","-10.429746","-62.473865","110011405000029","-10.429746","-62.473865","0","12.61588846","1","0",True,NULL
20,"LINHA 625 KM 95",NULL,"AREA INDIGENA","ZONA RURAL",856582,"100196802","RUA  VINTE E CINCO","6270",NULL,"JARDIM ZONA SUL","100.0",NULL,"64.0","100.0","-10.43222","-62.479298","110011405000029","-9.952826","-63.012658","110002305000131","-9.952852","-63.012658","2.89107207","79048.81756604","1","78866.01378087",False,False
21,"RUA PLACIDO DE CASTRO","2648.0","ZONA URBANA","SETOR 05",924935,"1287347","RUA  PLACIDO DE CASTRO","2648",NULL,"SETOR 05","100.0","100.0","100.0","90.0","-10.4284942","-62.4703373","110011405000029","-10.427424","-62.470974","110011405000029","-10.427424","-62.470974","0","137.87446404","1","0",True,NULL
22,"RUA PLACIDO DE CASTRO","2526.0",NULL,"SETOR 5",924934,"1287346","RUA  PLACIDO DE CASTRO","2526",NULL,"SETOR 05","100.0","100.0","93.33","90.0","-10.4282432","-62.4702714","110011405000029","-10.428302","-62.470374","110011405000029","-10.428302","-62.470374","0","12.9861933","1","0",True,NULL
23,"RUA ONOFRE DUARTE DE OLIVEIRA","3290.0","SETOR 06","JARDIM ELDORADO",763897,"91977813","RUA  ONOFRE DUARTE DE OLIVEIRA","3290",NULL,"SETOR 06","100.0","100.0","26.09","90.0","-10.4208145","-62.4764248","110011405000031","-10.420735","-62.476669","110011405000031","-10.420735","-62.476669","0","28.13101757","1","0",True,NULL
24,"RUA RIO GRANDE DO NORTE","3267.0",NULL,"SETOR 5",378334,"1280942","RUA  RIO GRANDE DO NORTE","3270",NULL,"SETOR 02","100.0","99.91","83.33","89.98","-10.4317737","-62.4615126","110011405000034","-10.439172","-62.464667","110011405000011","-10.433156499999999","-62.4685275","790.97690495","892.04960065","1","649.58510671",False,False
25,"RUA OSEIAS FEITOSA DOS SANTOS","3044.0",NULL,"JARDIM BELA VISTA",81368,"91978005","RUA  OZEIAS FEITOSA SANTOS","3014","APARTAMENTO 04","SETOR 08","100.0","99.01","24.0","89.8","-10.4519516","-62.4589882","110011405000036","-10.452026","-62.459435","110011405000036","-10.451987500000001","-62.4593795","7.4269059","49.5530664","1","0",True,NULL
26,"AVENIDA SETE DE SETEMBRO","1561.0",NULL,"CENTRO",52389,"1751102","RUA  SETE DE SETEMBRO","1555",NULL,"CENTRO","100.0","99.62","100.0","89.92","-8.7630207","-63.8965597","110020505060022","-9.188815","-63.185053","110110405000005","-9.188815","-63.185053","0","91370.76510214","1","91157.96547705",False,NULL
27,"RUA GOVERNADOR JORGE TEIXEIRA","827.0","ENTRE T- 7 E T- 8","NOVA BRASILIA",864503,"1313231","RUA GOVERNADOR JORGE TEIXEIRA","827",NULL,"NOVA BRASILIA","100.0","100.0","100.0","90.0","-10.8818652","-61.9226544","110012205000044","-10.882036","-61.923118","110012205000044","-10.882036","-61.923118","0","54.06844414","1","0",True,NULL
28,"RUA GOIAS","3875.0","PROXIMO AO BB","SETOR 2",889664,"219117738","RUA  GOIAS","3875",NULL,"SETOR 02","96.79","100.0","93.33","87.75","-10.43778785","-62.4591394166667","110011405000074","-10.437907","-62.45913","110011405000012","-10.437907","-62.45913","0","13.28885213","1","0",False,NULL
29,"RUA TAPAJOS","3647.0",NULL,"SETOR 2",890043,"1281391","RUA  TAPAJOS","3647",NULL,"SETOR 02","100.0","100.0","93.33","90.0","-10.4403951","-62.4598012","110011405000074","-10.44048","-62.459667","110011405000012","-10.44048","-62.459667","0","17.44956753","1","0",False,NULL
30,"RUA JOSE ZUPELLI",NULL,"LINHA 610 KM 30","DISTRITO DE BOM JESUS",244646,"1294481","RUA  JOSE ZUPPELLI","970",NULL,"BOM JESUS","100.0",NULL,"100.0","100.0","-10.31709988","-62.24033631","110011410000001","-10.317346","-62.239936","110011410000001","-10.3173645","-62.2399695","4.20267641","51.64086978","1","0",True,NULL
31,"AREA RURAL",NULL,"TI IGARAPE LOURDES","AREA RURAL DE JI-PARANA",61985,"100166781","RUA  RURAL","1332","CASA VERDE","TEIXEIRAO","100.0",NULL,"31.25","100.0","-10.7124098442755","-61.5988298380451","110012205000182","-11.423637","-61.431678","110004905000096","-11.423649","-61.431728","5.6105921","81161.2668786","1","80330.63261071",False,NULL
32,"RUA MAGNOLIA","2536.0","LT 01 QUADRA 04","PRIMAVERA",555018,"108647633","RUA  MAGNOLIA","2561",NULL,"JARDIM PRIMAVERA","100.0","99.02","100.0","89.8","-10.4612318","-62.4507881","110011405000060","-10.461198","-62.450661","110011405000060","-10.461099","-62.45081","19.66301771","14.39719844","1","0",True,NULL
33,"LINHA 623 KM 2",NULL,NULL,"ZONA RURAL",531081,"92295088","LINHA  KM 23","0","LADO ESQ","BANDEIRA BRANCA","100.0",NULL,"40.0","100.0","-10.4309926","-62.52225449","110011405000070","-11.096827","-61.891076","110025425000003","-11.0969975","-61.890822","33.57949592","101170.47470554","1","94240.2474508",False,False
34,"AVENIDA VEREADOR OTAVIANO PEREIRA NETO","874.0",NULL,"SETOR 2",894880,"215176300","AVENIDA VEREADOR OTAVIANO PEREIRA NETO","855","FRENTE","SETOR 02","100.0","97.83","93.33","89.57","-10.4358767","-62.4524526","110011405000072","-10.435695","-62.454093","110011405000035","-10.435674","-62.454119500000004","3.72164815","180.52136968","1","0",False,NULL
35,"LINHA 630 KM 25",NULL,"ZONA URBANA",NULL,581025,"110644472","LINHA  635","15",NULL,"TRIUNFO","100.0",NULL,"0.0","100.0","-10.6523084","-62.5851363","110011420000001","-9.10703","-63.47392","110110405000015","-9.10703","-63.472511","154.69889828","197493.08245135","1","195981.2097371",False,False
36,"AV MARECHAL RONDON","761.0",NULL,"CENTRO",250178,"1298848","AVENIDA MARECHAL RONDON","761",NULL,"CENTRO","100.0","100.0","100.0","90.0","-10.8804866666667","-61.9480166666667","110012205000002","-10.880205","-61.947983","110012205000002","-10.880205","-61.947983","0","31.53496601","1","0",True,NULL
37,"RUA ALMIRANTE BARROSO","1422.0",NULL,"CENTRO",250506,"1299100","RUA ALMIRANTE BARROSO","1422",NULL,"CENTRO","100.0","100.0","100.0","90.0","-10.8786152","-61.9482849","110012205000002","-10.878341","-61.948782","110012205000002","-10.878341","-61.948782","0","62.25858207","1","0",True,NULL
38,"AVENIDA DOIS DE ABRIL","2030.0",NULL,"DOIS DE ABRIL",725921,"1300078","AVENIDA  DOIS DE ABRIL","2030",NULL,"DOIS DE ABRIL","100.0","100.0","100.0","90.0","-10.8745367","-61.958715","110012205000004","-10.874684","-61.960124","110012205000004","-10.874684","-61.960124","0","154.72973232","1","0",True,NULL
39,"AVENIDA DOIS DE ABRIL","2004.0",NULL,"DOIS DE ABRIL",725920,"1300077","AVENIDA  DOIS DE ABRIL","2004",NULL,"DOIS DE ABRIL","100.0","100.0","100.0","90.0","-10.87414","-61.9587633","110012205000004","-10.87511","-61.959435","110012205000004","-10.87511","-61.959435","0","130.43624116","1","0",True,NULL
40,"RUA DAS FLORES","481.0",NULL,"DOIS DE ABRIL",726111,"1300092","RUA  DAS FLORES","481",NULL,"DOIS DE ABRIL","100.0","100.0","100.0","90.0","-10.8733617","-61.9605317","110012205000004","-10.873381","-61.961005","110012205000004","-10.873381","-61.961005","0","51.72829893","1","0",True,NULL
41,"RUA DA PAZ","4037.0",NULL,"HABITAR BRASIL",803658,"1245119","RUA  DA PAZ","4037",NULL,"HABITAR BRASIL","100.0","100.0","100.0","90.0","-10.8834227","-61.8937225","110012205000272","-10.884101","-61.893882","110012205000081","-10.884101","-61.893882","0","77.40840076","1","0",False,NULL
42,"RUA FRANCISCO BENITES LOPES","435.0","SENAI","JARDIM AURELIO BERNARDI",365136,"91981092","RUA  FRANCISCO BENITES LOPES","435",NULL,"JARDIM AURELIO BERNARDI","100.0","100.0","100.0","90.0","-10.8625411","-61.965967","110012205000006","-10.862541","-61.96577","110012205000006","-10.862541","-61.96577","0","21.51293492","1","0",True,NULL
43,"RUA MONTE CASTELO","395.0",NULL,"JARDIM DOS MIGRANTES",456464,"91982304","RUA  MONTE CASTELO","395",NULL,"JARDIM DOS MIGRANTES","100.0","100.0","100.0","90.0","-10.8746089","-61.9623471","110012205000020","-10.874365","-61.96248","110012205000020","-10.874365","-61.96248","0","30.75925664","1","0",True,NULL
44,"RUA TRES IRMAOS","407.0",NULL,"PARQUE SAO PEDRO",291933,"1301567","RUA  TRES IRMAOS","407",NULL,"PARQUE SAO PEDRO","100.0","100.0","100.0","90.0","-10.8626196","-61.936342","110012205000007","-10.862257","-61.93632","110012205000007","-10.862257","-61.93632","0","40.39084876","1","0",True,NULL
45,"RUA TRES IRMAOS","471.0","CRECHE","PARQUE SAO PEDRO",291995,"215023014","RUA  TRES IRMAOS","470",NULL,"PARQUE SAO PEDRO","100.0","99.79","100.0","89.96","-10.8620961","-61.9368039","110012205000007","-10.861979","-61.936592","110012205000007","-10.861979","-61.936592","0","26.55200189","1","0",True,NULL
46,"AVENIDA SAO PAULO","1627.0",NULL,"NOVA BRASILIA",780340,"91985005","RUA SAO PAULO","1628",NULL,"NOVA BRASILIA","100.0","99.94","100.0","89.99","-10.8832026","-61.9146324","110012205000046","-10.883462","-61.91487","110012205000050","-10.883462","-61.91487","0","38.79570556","1","6.04341503",False,True
47,"RUA ALMIRANTE BARROSO","1483.0",NULL,"SANTA BARBARA",824326,"1359058","RUA ALMIRANTE BARROSO","1486",NULL,"SANTA BARBARA","100.0","99.8","100.0","89.96","-8.765205","-63.8961767","110020505060023","-8.765418","-63.89598","110020505060085","-8.765418","-63.89598","0","32.06612623","1","0",False,True
48,"RUA JAMIL VILAS BOAS","106.0",NULL,"DUQUE DE CAXIAS",378666,"1302544","RUA  JAMIL VILAS BOAS","97",NULL,"DUQUE DE CAXIAS","100.0","91.51","100.0","88.3","-10.8822011","-61.9379811","110012205000010","-10.88183","-61.938941","110012205000010","-10.88183","-61.938941","0","112.64690949","1","0",True,NULL
49,"RODOVIA PASTOR SEVERO ANTONIO DE ARAUJO","1601.0",NULL,"ECOVILLE",61703,"1195353","RODOVIA PASTOR SEVERO ANTONIO DE ARAUJO","80",NULL,"FILADELFIA","100.0","5.0","33.33","71.0","-10.873238","-61.950265","110012205000013","-12.454248","-62.131469","110001515000002","-12.454248","-62.131469","0","176904.46084949","1","175818.24544767",False,False
50,"RUA ABILIO FREIRE DOS SANTOS","611.0",NULL,"CASA PRETA",38002,"1303940","RUA  ABILIO FREIRE DOS SANTOS","611",NULL,"CASA PRETA","100.0","100.0","100.0","90.0","-10.8684583022701","-61.95548378596511","110012205000014","-10.868601","-61.9553","110012205000014","-10.868601","-61.9553","0","25.58430036","1","0",True,NULL
51,"RUA SEIS DE MAIO","1701.0",NULL,"CASA PRETA",796176,"215247779","RUA  SEIS DE MAIO","1701",NULL,"CASA PRETA","100.0","100.0","100.0","90.0","-10.87702","-61.9471917","110012205000016","-10.877016","-61.946681","110012205000016","-10.877016","-61.946681","0","55.76888716","1","0",True,NULL
52,"AVENIDA TRANSCONTINENTAL","710.0",NULL,"CASA PRETA",764723,"1303287","AVENIDA  TRANSCONTINENTAL","938",NULL,"CASA PRETA","100.0","75.69","100.0","85.14","-10.8778621","-61.9460896","110012205000016","-10.87669","-61.947987","110012205000012","-10.87669","-61.947987","0","244.77431404","1","18.00303324",False,True
53,"RUA BELGICA","500.0",NULL,"JARDIM SAO CRISTOVAO",78914,"217440413","RUA  BELGICA","541",NULL,"JARDIM SAO CRISTOVAO","100.0","92.42","100.0","88.48","-10.90603357","-61.92843394","110012205000017","-10.905586","-61.928024","110012205000017","-10.905586","-61.928024","0","66.93485442","1","0",True,NULL
54,"RUA MIGUEL LUIS DOS SANTOS","2146.0","ESCOLA","JARDIM DAS SERINGUEIRAS",550268,"1305118","AVENIDA  MIGUEL LUIS DOS SANTOS","2206",NULL,"JARDIM DAS SERINGUEIRAS","100.0","97.28","100.0","89.46","-10.9111367","-61.915655","110012205000018","-10.911842","-61.915225","110012205000018","-10.911842","-61.9152175","0.81888472","91.40498174","1","0",True,NULL
55,"RUA LEOMAR JOSE BARATELA","456.0","ZONA URBANA","CENTRO",45163,"180274992","RUA  LEOMAR JOSE BARATELA","1594",NULL,"CENTRO","100.0","28.61","100.0","75.72","-10.8585565","-62.8000017","110011425000020","-10.85675","-62.801096","110011425000001","-10.85675","-62.801096","0","233.73311482","1","155.46196046",False,True
56,"RUA DAS PEDRAS","491.0",NULL,"JARDIM DOS MIGRANTES",956369,"215181334","RUA  DAS PEDRAS","491",NULL,"JARDIM DOS MIGRANTES","100.0","100.0","100.0","90.0","-10.8788969","-61.96891287","110012205000021","-10.878629","-61.968937","110012205000021","-10.878629","-61.968937","0","29.905467","1","0",True,NULL
57,"RUA RIO AMAZONAS","151.0",NULL,"JARDIM DOS MIGRANTES",120511,"1307026","RUA  RIO AMAZONAS","151",NULL,"JARDIM DOS MIGRANTES","100.0","100.0","100.0","90.0","-10.88192352","-61.9681325","110012205000024","-10.880924","-61.969158","110012205000024","-10.880924","-61.969158","0","157.77218465","1","0",True,NULL
58,"RUA SANTA IZABEL","81.0",NULL,"JARDIM DOS MIGRANTES",802799,"92285823","RUA SANTA IZABEL","80",NULL,"SAO LUIS","100.0","98.77","21.43","89.75","-10.8804544","-61.9676614","110012205000024","-9.778301","-66.352721","110020517000002","-9.778301","-66.352721","0","495090.96070873","1","494829.32633551",False,False
59,"RUA RIO BRANCO","1365.0",NULL,"JARDIM DOS MIGRANTES",120555,"1307037","RUA  RIO BRANCO","1364",NULL,"JARDIM DOS MIGRANTES","100.0","99.93","100.0","89.99","-10.87990364","-61.97023545","110012205000024","-10.879655","-61.970226","110012205000024","-10.879655","-61.970226","0","27.66679514","1","0",True,NULL
60,"RUA JAMIL PONTES","1228.0",NULL,"JARDIM DOS MIGRANTES",120598,"1307018","RUA  JAMIL PONTES","1228",NULL,"JARDIM DOS MIGRANTES","100.0","100.0","100.0","90.0","-10.8803266","-61.9692283","110012205000024","-10.880573","-61.968987","110012205000024","-10.880573","-61.968987","0","38.01246384","1","0",True,NULL
61,"RUA CURITIBA","2227.0",NULL,"NOVA BRASILIA",732408,"1314875","RUA  CURITIBA","2228",NULL,"NOVA BRASILIA","100.0","99.96","100.0","89.99","-10.8837046","-61.9098948","110012205000049","-10.883982","-61.909558","110012205000049","-10.883982","-61.909558","0","47.99981238","1","0",True,NULL
62,"RUA DOUTOR FIEL","257.0",NULL,"JOTAO",556402,"1307901","RUA DOUTOR FIEL","257",NULL,"VILA JOTAO","98.69","100.0","100.0","89.08","-10.8845527","-61.9324294","110012205000027","-10.884854","-61.932104","110012205000027","-10.884854","-61.932104","0","48.83618991","1","0",True,NULL
63,"RUA CASTELO BRANCO","1523.0","T 1","NOVA BRASILIA",556312,"1307741","RUA  CASTELO BRANCO","1513",NULL,"NOVA BRASILIA","100.0","99.34","100.0","89.87","-10.8890409","-61.929867","110012205000027","-10.889188","-61.929574","110012205000027","-10.889188","-61.929574","0","35.93231695","1","0",True,NULL
64,"RUA JASMIM","2247.0",NULL,"SANTIAGO",239035,"220186984","AVENIDA  JASMIM","2250",NULL,"JARDIM PRIMAVERA","100.0","99.87","25.0","89.97","-10.8646554","-61.9767345","110012205000028","-12.717045","-60.140851","110030405000088","-12.717045","-60.140851","0","286977.09139204","1","285496.5955673",False,False
65,"RUA DA AVENCA","2024.0",NULL,"SANTIAGO",39762,"1308419","RUA  DA AVENCA","2019",NULL,"SANTIAGO","100.0","99.75","100.0","89.95","-10.8654617","-61.9770133","110012205000028","-10.866238","-61.976551","110012205000028","-10.8662215","-61.976548","1.86373752","99.99944617","1","0",True,NULL
66,"RUA DO CRAVO","2624.0",NULL,"SANTIAGO",87286,"1308434","RUA  DO CRAVO","2479",NULL,"SANTIAGO","100.0","94.47","100.0","88.89","-10.8617866","-61.9783694","110012205000030","-10.862914","-61.977399","110012205000029","-10.862914","-61.977399","0","164.14987903","1","19.10700625",False,True
67,"RUA VITORIA REGIA","821.0",NULL,"SAO BERNARDO",30421,"91983736","RUA  VITORIA REGIA","821",NULL,"SAO BERNARDO","100.0","100.0","100.0","90.0","-10.8572002","-61.9694184","110012205000031","-10.857645","-61.969064","110012205000031","-10.857645","-61.969064","0","62.80208426","1","0",True,NULL
68,"RUA PLACIDO DE CASTRO","259.0",NULL,"PRIMAVERA",117445,"1310913","RUA  PLACIDO DE CASTRO","260","APARTAMENTO 1","PRIMAVERA","100.0","99.62","100.0","89.92","-10.89746","-61.9358045","110012205000036","-10.898082","-61.935764","110012205000036","-10.898082","-61.935764","0","69.30456896","1","0",True,NULL
69,"RUA MANOEL FRANCO","326.0","PREDIO","NOVA BRASILIA",810171,"215507010","RUA  MANOEL FRANCO","326",NULL,"NOVA BRASILIA","100.0","100.0","100.0","90.0","-10.8843507","-61.9274354","110012205000042","-10.889195","-61.926531","110012205000061","-10.889195","-61.926531","0","547.64005523","1","126.87846644",False,True
70,"AVENIDA RAIMUNDO JOSE DA SILVA","1449.0",NULL,"PRIMAVERA",772692,"104585978","RUA  JOSE DA SILVA","936","CASA","UNIAO BANDEIRANTES","100.0","64.6","29.63","82.92","-10.8980217","-61.9373705","110012205000037","-9.708782","-64.528014","110020525000018","-9.708782","-64.528014","0","312747.43808731","1","311704.26764032",False,False
71,"AVENIDA ARACAJU","3780.0","PROXIMO DA T 28","JORGE TEIXEIRA",336414,"91984328","AVENIDA  ARACAJU","3618","FRENTE","JORGE TEIXEIRA","100.0","95.71","100.0","89.14","-10.891131539839","-61.90061149193149","110012205000038","-10.8909","-61.901824","110012205000038","-10.8909","-61.901824","0","134.87660142","1","0",True,NULL
72,"AREA RURAL",NULL,NULL,"AREA RURAL DE JI-PARANA",61985,"100166781","RUA  RURAL","1332","CASA VERDE","TEIXEIRAO","100.0",NULL,"31.25","100.0","-10.713306741615","-61.6561034672915","110012205000183","-11.423637","-61.431678","110004905000096","-11.423649","-61.431728","5.6105921","82694.96659633","1","82021.35834478",False,NULL
73,"AVENIDA SAO PAULO","646.0","ESCOLA","NOVA BRASILIA",44319,"91984743","RUA SAO PAULO","386",NULL,"NOVA BRASILIA","100.0","59.75","100.0","81.95","-10.8841017","-61.91912","110012205000051","-10.884793","-61.926595","110012205000042","-10.884793","-61.926595","0","819.8418575","1","620.48412247",False,False
74,"AVENIDA SAO PAULO","1176.0","ENTRE T10 E T11","NOVA BRASILIA",539438,"1315544","RUA SAO PAULO","1176",NULL,"NOVA BRASILIA","100.0","100.0","100.0","90.0","-10.8840270939684","-61.9191584850602","110012205000051","-10.88395","-61.919112","110012205000051","-10.8839235","-61.9191165","2.98735888","9.96254475","1","0",True,NULL
75,"AVENIDA ARACAJU",NULL,NULL,"JORGE TEIXEIRA",336387,"91984272","AVENIDA  ARACAJU","3340","FRENTE","JORGE TEIXEIRA","100.0",NULL,"100.0","100.0","-10.8905766666667","-61.90039833333329","110012205000054","-10.891195","-61.904354","110012205000038","-10.891185","-61.904410999999996","6.3225044","437.36654958","1","14.11041811",False,True
76,"RUA IPE","1694.0",NULL,"NOVA BRASILIA",222791,"1317370","RUA  IPE","1483",NULL,"NOVA BRASILIA","100.0","87.54","100.0","87.51","-10.888035","-61.911595","110012205000056","-10.890445","-61.911461","110012205000056","-10.890445","-61.911461","0","268.37929816","1","0",True,NULL
77,"RUA BARAO DO RIO BRANCO - ENTRE AV. BRASIL E MANOEL FRANCO","1751.0","T-16","NOVA BRASILIA",888471,"1317756","RUA BARAO DO RIO BRANCO","1751",NULL,"NOVA BRASILIA","100.0","100.0","100.0","90.0","-10.8871117","-61.9136617","110012205000057","-10.886999","-61.91292","110012205000057","-10.886999","-61.91292","0","81.952785","1","0",True,NULL
78,"RUA SAO LUIZ","1831.0","ENTRE T 15 E T 16","NOVA BRASILIA",888530,"1317719","RUA SAO LUIZ","1831",NULL,"NOVA BRASILIA","100.0","100.0","100.0","90.0","-10.8889683","-61.91309","110012205000057","-10.889391","-61.9129","110012205000057","-10.889391","-61.9129","0","51.37730001","1","0",True,NULL
79,"RUA JOAO BATISTA NETO","1371.0","T- 12","NOVA BRASILIA",602693,"1318343","RUA  JOAO BATISTA NETO","1371","SOBRADO","NOVA BRASILIA","100.0","100.0","100.0","90.0","-10.8899347","-61.9174076","110012205000058","-10.889873","-61.917133","110012205000058","-10.889873","-61.917133","0","30.75920283","1","0",True,NULL
80,"RUA SAO LUIZ","215.0",NULL,"NOVA BRASILIA",810339,"91985631","RUA SAO LUIZ","215",NULL,"NOVA BRASILIA","100.0","100.0","100.0","90.0","-10.8904448","-61.9269277","110012205000061","-10.890242","-61.927649","110012205000061","-10.890242","-61.927649","0","81.92524236","1","0",True,NULL
81,"RUA IDELFONSO DA SILVA","1248.0",NULL,"NOVA BRASILIA",44126,"91984829","RUA  IDELFONSO DA SILVA","1867",NULL,"NOVA BRASILIA","100.0","66.85","100.0","83.37","-10.8923717","-61.92654","110012205000061","-10.886688","-61.927367","110012205000042","-10.886688","-61.927367","0","638.41825659","1","158.8475767",False,True
82,"RUA MATO GROSSO","534.0",NULL,"URUPA",684121,"1319614","RUA  MATO GROSSO","534",NULL,"URUPA","100.0","100.0","100.0","90.0","-10.8843262","-61.9540514","110012205000062","-10.883936","-61.954272","110012205000062","-10.883936","-61.954272","0","49.62656542","1","0",True,NULL
83,"RUA PACAAS NOVOS","219.0","CRECHE/PREESCOLA","URUPA",684077,"1319832","RUA  DOS PACAAS NOVOS","221",NULL,"URUPA","100.0","99.1","100.0","89.82","-10.8848484","-61.9540853","110012205000062","-10.884923","-61.954404","110012205000062","-10.884923","-61.954404","0","35.77527074","1","0",True,NULL
84,"RUA ANISIO SERRA","48.0",NULL,"URUPA",426470,"180261740","RUA  ANISIO SERRA","48",NULL,"URUPA","100.0","100.0","100.0","90.0","-10.8848081","-61.9558249","110012205000064","-10.884932","-61.955971","110012205000064","-10.884932","-61.955971","0","21.07880677","1","0",True,NULL
85,"RUA DR. ANTONIO LAZARO DE MOURA","1123.0",NULL,"JARDIM PRESIDENCIAL",713020,"1321539","RUA DOUTOR ANTONIO LAZARO DE MOURA","1123",NULL,"JARDIM PRESIDENCIAL","98.59","100.0","100.0","89.01","-10.8714705","-61.9692851","110012205000069","-10.871465","-61.96902","110012205000069","-10.871465","-61.96902","0","28.95522945","1","0",True,NULL
86,"RUA ANTONIO FERREIRA DE FREITAS","211.0",NULL,"JARDIM PRESIDENCIAL",713251,"215028431","RUA  ANTONIO F DE FREITAS","212",NULL,"JARDIM PRESIDENCIAL","100.0","99.53","100.0","89.91","-10.86823503","-61.9685878","110012205000069","-10.867956","-61.969107","110012205000069","-10.867956","-61.969107","0","64.63132668","1","0",True,NULL
87,"RUA SAO MANOEL","1601.0",NULL,"JARDIM PRESIDENCIAL",814885,"91986309","RUA SAO MANOEL","1601",NULL,"JARDIM PRESIDENCIAL","100.0","100.0","100.0","90.0","-10.8704171","-61.9769328","110012205000073","-10.870609","-61.976569","110012205000073","-10.870609","-61.976569","0","45.09489643","1","0",True,NULL
88,"RUA RIO AMAZONAS","1518.0",NULL,"JARDIM PRESIDENCIAL",244308,"1243126","RUA  RIO AMAZONAS","1518",NULL,"JARDIM PRESIDENCIAL 3","98.29","100.0","100.0","88.8","-10.87365611","-61.97922855","110012205000074","-10.874011","-61.979204","110012205000074","-10.874011","-61.979204","0","39.55297701","1","0",True,NULL
89,"RUA S","179.0",NULL,"BNH MARIO ANDREAZZA",903752,"215141206","RUA  S","176",NULL,"MARIO ANDREAZZA","100.0","98.32","100.0","89.66","-10.8980706","-61.9083203","110012205000080","-10.897874","-61.908698","110012205000080","-10.897874","-61.908688","1.09189758","46.67673779","1","0",True,NULL
90,"RUA G","69.0",NULL,"MARIO ANDREAZZA",903624,"1244792","RUA  G","69",NULL,"MARIO ANDREAZZA","100.0","100.0","100.0","90.0","-10.8974466","-61.9101387","110012205000080","-10.89778","-61.909974","110012205000080","-10.89778","-61.909974","0","41.20405956","1","0",True,NULL
91,"RUA XAPURI","1920.0","T7","SAO PEDRO",606477,"1250774","RUA  XAPURI","1950",NULL,"SAO PEDRO","100.0","98.46","100.0","89.69","-10.8979804","-61.9227258","110012205000084","-10.897776","-61.922529","110012205000097","-10.897776","-61.922529","0","31.27829878","1","5.68254133",False,True
92,"RUA XAPURI","1866.0",NULL,"RIACHUELO",662643,"91986519","RUA  XAPURI","1866",NULL,"RIACHUELO","100.0","100.0","100.0","90.0","-10.89806735","-61.92330078","110012205000084","-10.897734","-61.923686","110012205000084","-10.897734","-61.923686","0","56.06399647","1","0",True,NULL
93,"RUA PORTO VELHO","2336.0","ESCOLA","DOM BOSCO",461305,"1247568","RUA  PORTO VELHO","2336",NULL,"DOM BOSCO","100.0","100.0","100.0","90.0","-10.869594","-61.946807","110012205000088","-10.869241","-61.947406","110012205000088","-10.869241","-61.947406","0","76.28431041","1","0",True,NULL
94,"RUA RIO SOLIMOES","989.0",NULL,"DOM BOSCO",461463,"1247818","RUA  RIO SOLIMOES","988",NULL,"DOM BOSCO","100.0","99.9","100.0","89.98","-10.87038407","-61.94567805","110012205000088","-10.870063","-61.945581","110012205000088","-10.870063","-61.945581","0","37.2411691","1","0",True,NULL
95,"MANOEL PINHEIRO MACHADO","3570.0","T 26","ALTO ALEGRE",80205,"1250328","RUA  MANOEL PINHEIRO MACHADO","3205",NULL,"ALTO ALEGRE","100.0","89.78","100.0","87.96","-10.8679405","-61.9036783","110012205000090","-10.872785","-61.9035","110012205000095","-10.872785","-61.9035","0","539.03631886","1","275.05870435",False,False
96,"AVENIDA GUANABARA","2763.0","T 23 COM K3","JK",613781,"1249237","AVENIDA  GUANABARA","2763",NULL,"J K","100.0","100.0","80.0","90.0","-10.8777996","-61.9058796","110012205000092","-10.877984","-61.905907","110012205000092","-10.877984","-61.905907","0","20.72151935","1","0",True,NULL
97,"RUA JOAQUIM FRANCISCO DE OLIVEIRA","2809.0","T 24","JK",614081,"1248974","RUA  JOAQUIM FRANCISCO DE OLIVEIRA","2810",NULL,"J K","100.0","99.96","80.0","89.99","-10.876664","-61.9056781","110012205000092","-10.876484","-61.905154","110012205000092","-10.876484","-61.905154","0","60.629436","1","0",True,NULL
98,"RUA CEDRO","3981.0",NULL,"PARQUE DOS PARECIS",677041,"1248527","RUA  CEDRO","3980",NULL,"J K","100.0","99.97","9.52","89.99","-10.8664845","-61.9077843","110012205000093","-10.866529","-61.907357","110012205000090","-10.866529","-61.907357","0","46.92332254","1","8.776085",False,True
99,"RUA GUARULHOS","2610.0","T23","JK",731856,"1248729","RUA  GUARULHOS","2828","FRENTE","ALTO ALEGRE","100.0","92.29","0.0","88.46","-10.8715673","-61.9066287","110012205000094","-10.871073","-61.904438","110012205000091","-10.871051000000001","-61.9044465","2.61646556","245.45632628","1","141.90800948",False,True
100,"RUA VINICIUS DE MORAES","1147.0","T-10","SAO PEDRO",426963,"1250565","RUA  VINICIUS DE MORAES","1147",NULL,"SAO PEDRO","100.0","100.0","100.0","90.0","-10.8938767","-61.9213917","110012205000096","-10.892467","-61.919599","110012205000096","-10.892467","-61.919599","0","250.77521412","1","0",True,NULL
101,"LINHA 153",NULL,NULL,"AREA RURAL DE JIPARANA",109443,"91990886","LINHA  153","0","LOTE 6","GLEBA PIRYNEOS","100.0",NULL,"33.33","100.0","-10.6997169","-61.9754217","110012205000137","-10.697889","-61.984125","110012205000134","-10.6971885","-61.984125","77.89215335","972.42023116","1","92.37111709",False,True
102,"AREA RURAL",NULL,NULL,"AREA RURAL DE JIPARANA",61985,"100166781","RUA  RURAL","1332","CASA VERDE","TEIXEIRAO","100.0",NULL,"32.26","100.0","-10.5425731","-61.9331835","110012205000137","-11.423637","-61.431678","110004905000096","-11.423649","-61.431728","5.6105921","112227.00976075","1","98346.61357808",False,NULL
103,"LINHA 08 ITAPIREMA",NULL,NULL,"AREA RURAL",115663,"1367776","LINHA  8 DO ITAPIREMA","0","LOTE O5","JI PARANA","100.0",NULL,"42.11","100.0","-10.89732365","-62.00314793","110012205000153","-10.861414","-62.05014","110012205000154","-10.865497000000001","-62.047904","515.5063476","6501.90996496","1","5790.23577424",False,True
104,"LINHA 98, LOTE 29, GLEBA 02, KM 47 - SETOR RIACHUELO",NULL,NULL,"AREA RURAL",553592,"110618775","TRAVESSAO  399 KM 08","1","LADO DIREITO","LINHA 2","100.0",NULL,"23.53","100.0","-10.93610925","-61.59814473","110012205000129","-13.122587","-60.449689","110006405000038","-13.122587","-60.449689","0","273326.68836568","1","266891.65628828",False,False
105,"AREA RURAL",NULL,NULL,"AREA RURAL DE JI-PARANA",61985,"100166781","RUA  RURAL","1332","CASA VERDE","TEIXEIRAO","100.0",NULL,"31.25","100.0","-10.9630635","-62.1060991","110012205000132","-11.423637","-61.431678","110004905000096","-11.423649","-61.431728","5.6105921","89636.5580818","1","82586.7470532",False,NULL
106,"LINHA 04 KM 09 SAIDA PARA PORTO VELHO",NULL,NULL,"AREA RURAL DE JI-PARANA",716180,"214212310","ESTRADA  SAIDA PARA PORTO VELHO","0",NULL,"JACINOPOLIS","100.0",NULL,"23.53","100.0","-10.8410207","-62.0299164","110012205000154","-10.008222","-64.291297","110033812000010","-10.008222","-64.291471","19.05352281","264070.22026402","1","257104.2300189",False,False
107,"AVENIDA EDSON LIMA DO NASCIMENTO","6280.0","ZONA URBANA","JARDIM CAPELASSO",430124,"91989146","AVENIDA  EDSON LIMA DO NASCIMENTO","6280",NULL,"RESIDENCIAL RONDON","92.85","100.0","35.29","84.99","-10.901835","-61.882565","110012205000170","-10.901509","-61.882597","110012205000170","-10.901509","-61.882597","0","36.41759793","1","0",True,NULL
108,"RUA JOSE FERNANDES","301.0",NULL,"CAPELASSO",857020,"99245269","RUA  JOSE FERNANDES GOBIRA","1287",NULL,"SETOR 2","100.0","23.39","25.0","74.68","-10.9033889","-61.8823039","110012205000170","-9.701624","-62.902235","110026205000001","-9.701624","-62.902235","0","174089.8643666","1","173351.86709525",False,NULL
109,"RUA IZILDA CORREIA AMARO","200.0",NULL,"JARDIM CAPELASSO",430154,"100168795","RUA  IZILDA CORREIA AMARO","78",NULL,"RESIDENCIAL CAPELASSO","100.0","39.0","72.0","77.8","-10.9027201","-61.8829027","110012205000170","-10.902595","-61.8833","110012205000170","-10.902595","-61.8833","0","45.55612634","1","0",True,NULL
110,"AREA RURAL",NULL,NULL,"AREA RURAL DE JI-PARANA",61985,"100166781","RUA  RURAL","1332","CASA VERDE","TEIXEIRAO","100.0",NULL,"31.25","100.0","-10.7630529523318","-61.4996260818738","110012205000174","-11.423637","-61.431678","110004905000096","-11.423649","-61.431728","5.6105921","73826.93863726","1","72986.25587793",False,NULL
111,"AREA RURAL",NULL,NULL,"AREA RURAL DE JI-PARANA",61985,"100166781","RUA  RURAL","1332","CASA VERDE","TEIXEIRAO","100.0",NULL,"31.25","100.0","-10.7599311056232","-61.5333691229764","110012205000176","-11.423637","-61.431678","110004905000096","-11.423649","-61.431728","5.6105921","74630.35238637","1","74135.9411898",False,NULL
112,"AREA RURAL",NULL,"ZONA RURAL","AREA RURAL DE JI-PARANA",61985,"100166781","RUA  RURAL","1332","CASA VERDE","TEIXEIRAO","100.0",NULL,"31.25","100.0","-10.7472718867451","-61.5679810654766","110012205000178","-11.423637","-61.431678","110004905000096","-11.423649","-61.431728","5.6105921","76665.05494455","1","75686.62513476",False,NULL
113,"AREA RURAL",NULL,NULL,"AREA RURAL DE JI-PARANA",61985,"100166781","RUA  RURAL","1332","CASA VERDE","TEIXEIRAO","100.0",NULL,"31.25","100.0","-10.7475162861988","-61.5891406179775","110012205000180","-11.423637","-61.431678","110004905000096","-11.423649","-61.431728","5.6105921","77119.75963214","1","76305.38087333",False,NULL
114,"RUA VALMAR MEIRA","2569.0",NULL,"NOVO JI-PARANA",610697,"91991478","RUA  VALMAR MEIRA","2569",NULL,"NOVO JI PARANA","100.0","100.0","92.86","90.0","-10.88999923","-61.97335744","110012205000201","-10.889852","-61.973445","110012205000201","-10.889852","-61.973445","0","18.95860983","1","0",True,NULL
115,"AREA RURAL",NULL,"ZONA RURAL","AREA RURAL DE JI-PARANA",61985,"100166781","RUA  RURAL","1332","CASA VERDE","TEIXEIRAO","100.0",NULL,"31.25","100.0","-10.6320374070629","-61.6476941961143","110012205000207","-11.423637","-61.431678","110004905000096","-11.423649","-61.431728","5.6105921","91124.66982502","1","87919.13609605",False,NULL
116,"AREA RURAL",NULL,NULL,"AREA RURAL DE JI-PARANA",61985,"100166781","RUA  RURAL","1332","CASA VERDE","TEIXEIRAO","100.0",NULL,"31.25","100.0","-10.6535355312074","-61.7780807057108","110012205000228","-11.423637","-61.431678","110004905000096","-11.423649","-61.431728","5.6105921","93605.52470511","1","93024.48958142",False,NULL
117,"LINHA 128 LOTES 37 E 38",NULL,NULL,"AREA RURAL DE JIPARANA",264217,"180242478","AVENIDA  TRINTA E OITO","0","CASA","PLANALTO OU NOSSA SENHORA DA APARECIDA","100.0",NULL,"46.67","100.0","-10.96846776","-61.82129555","110012205000217","-10.755495","-65.310367","110010605000041","-10.755106000000001","-64.22606400000001","118451.08310596","381749.64454711","1","373416.72886213",False,NULL
118,"RUA JOSE JORGE DE MELO",NULL,NULL,"BOSQUE DOS IPES",462525,"91990382","RUA  JOSE JORGE DE MELO","1372",NULL,"BOSQUE DOS IPES","100.0",NULL,"100.0","100.0","-10.8704032","-61.98396333","110012205000232","-10.871151","-61.984586","110012205000161","-10.871151","-61.984586","0","107.41309159","1","0",False,NULL
119,"RUA DAS FLORES","618.0","T-5","SAO FRANCISCO",693626,"1254174","RUA  DAS FLORES","617",NULL,"SAO FRANCISCO","100.0","99.84","100.0","89.97","-10.8729595","-61.9285442","110012205000241","-10.872806","-61.928561","110012205000107","-10.872806","-61.928561","0","17.16675128","1","0",False,NULL
120,"RODOVIA RO 135 TERCEIRA LINHA KM18",NULL,NULL,"AREA RURAL",617327,"91994342","RODOVIA  RO 133","40",NULL,"RURAL","100.0",NULL,"100.0","100.0","-11.00157699","-62.00912462","110012205000264","-9.456657","-62.026038","110013005000055","-9.4563115","-62.027311999999995","144.9223417","171797.47048593","1","160807.66358026",False,NULL
121,"RUA PADRE FRANCO","2315.0","T 30","HABITAR BRASIL",797392,"91991982","RUA PADRE FRANCO","1730","CASA 1","NOVA COLINA","100.0","74.73","24.0","84.95","-10.88106865","-61.8984845","110012205000271","-10.789966","-61.691679","110012220000001","-10.789966","-61.691679","0","24753.51923213","1","24306.69371554",False,False
122,"RUA JERUSALEM","70.0",NULL,"PARQUE DOS PIONEIROS",427550,"1257757","RUA  JERUSALEM","70",NULL,"PARQUE DOS PIONEIROS","100.0","100.0","100.0","90.0","-10.9062506","-61.9124367","110012205000273","-10.905984","-61.912566","110012205000120","-10.905984","-61.912566","0","32.83468181","1","0",False,NULL
123,"AVENIDA TRANSCONTINENTAL","5862.0","BR-364, KM 348","SANTIAGO",291717,"1251633","AVENIDA  TRANSCONTINENTAL","5557",NULL,"SANTIAGO","100.0","94.8","100.0","88.96","-10.85370457","-61.98459688","110012205000280","-10.85643","-61.982738","110012205000100","-10.85643","-61.982738","0","364.76141539","1","10.06534326",False,True
124,"RUA JABOTICABA","1060.0",NULL,"NOVO HORIZONTE",343459,"100134456","RUA  JABOTICABA","1041",NULL,"NOVO HORIZONTE","100.0","98.21","100.0","89.64","-10.8461018","-61.9710321","110012205000281","-10.84636","-61.970952","110012205000193","-10.84636","-61.970952","0","30.01362279","1","0",False,NULL
125,"RUA DO CIPO","1068.0",NULL,"SAO BERNARDO",30301,"91983524","RUA  DO CIPO","1065",NULL,"SAO BERNARDO","100.0","99.72","100.0","89.94","-10.8557534","-61.9671348","110012205000282","-10.856248","-61.967313","110012205000031","-10.856248","-61.967313","0","58.33853476","1","38.91318473",False,True
126,"AREA RURAL",NULL,"IGARAPE LOURDES","AREA RURAL DE JI-PARANA",61985,"100166781","RUA  RURAL","1332","CASA VERDE","TEIXEIRAO","100.0",NULL,"31.25","100.0","-10.7464269297574","-61.5537702827969","110012205000300","-11.423637","-61.431678","110004905000096","-11.423649","-61.431728","5.6105921","76471.88738819","1","64691.81972697",False,NULL
127,"RUA TIRADENTES","696.0","DIST. NOVA COLINA","NOVA COLINA",797495,"91991980","RUA  TIRADENTES","702",NULL,"NOVA COLINA","100.0","99.15","100.0","89.83","-10.7902211","-61.6931376","110012220000001","-10.789694","-61.691016","110012220000001","-10.789694","-61.691016","0","239.03752702","1","0",True,NULL
128,"LINHA 86, PROJETO VIDA NOVA, LOTE 28",NULL,NULL,"AREA RURAL",194938,"113560112","ESTRADA  C 85 LOTE 76","0","GLEBA 43","PROJETO DE ASSENTAMENTO DIRIGIDO MARECHAL DUTRA","100.0",NULL,"31.58","100.0","-10.82458472","-61.60665454","110012220000004","-9.708753","-63.27677","110040305000023","-9.708753","-63.27677","0","220874.46922269","1","200699.67535277",False,False
129,"RUA SAULO DE ALCANTARA","2070.0","ZONA URBANA","CENTRO",826053,"1371530","RUA  SAULO ALCANTARA","2070",NULL,"NOVA LONDRINA","100.0","100.0","31.58","90.0","-11.0626937","-62.0116535","110012225000001","-11.068779","-62.011395","110012225000001","-11.068779","-62.011395","0","677.24318537","1","0",True,NULL
130,"AVENIDA GOV. JORGE TEIXEIRA","1110.0","ZONA URBANA","NOVA LONDRINA",874400,"108779373","RUA  GOV JORGE TEIXEIRA","3373",NULL,"HABITAR BRASIL","100.0","32.91","29.63","76.58","-11.0674892","-62.0097333","110012225000001","-10.879487","-61.899941","110012205000116","-10.879487","-61.899941","0","24096.86816618","1","23098.39221412",False,NULL
131,"4ª LINHA DA GLEBA G, LOTE 6, SETOR 3",NULL,NULL,"AREA RURAL DE JIPARANA",402538,"110622618","SETOR  TRAVESSIA DA 4A B","38","CASA FRENTE","2 LINHA GL G","100.0",NULL,"29.41","100.0","-11.12073249","-62.04682784","110012225000003","-11.076103","-62.030147","110012225000003","-11.076103","-62.029058","118.83585652","5285.83962796","1","0",True,NULL
132,"AV DIOMERO MORAES BORBA","3305.0",NULL,"CENTRO",120198,"215032461","AVENIDA  DIOMERO MORAES BORBA","3296","CASA 01","CENTRO","100.0","99.73","100.0","89.95","-9.4248417","-61.998975","110013005000001","-9.425596","-61.998275","110013005000001","-9.425596","-61.998275","0","113.71446062","1","0",True,NULL
133,"AVENIDA BRASIL","3142.0",NULL,"CENTRO",340978,"220740783","AVENIDA  BRASIL","3140",NULL,"CENTRO","100.0","99.94","100.0","89.99","-9.424734657","-61.9979384","110013005000001","-13.196682","-60.808933","110005605000016","-12.1155245","-61.739360000000005","156978.54476393","438993.71131071","1","436658.42102402",False,False
134,"RUA CARLOS FERNANDES DE SOUZA",NULL,"DISTRITO DE 5º BEC",NULL,942517,"215354529","RUA  FERNANDO DUTRA DE SOUZA","3057",NULL,"SETOR 04","100.0",NULL,"0.0","100.0","-9.4252","-62.002465","110013005000001","-10.439642","-62.493452","110011405000039","-10.439642","-62.493452","0","124963.77566161","1","124103.49831834",False,False
135,"LINHA 81 KM 16 GLEBA 20B LOTE 02",NULL,"ZONA RURAL","ZONA RURAL",584902,"1692931","GLEBA  1","0","BARRACAO","ASSENTAMENTO PADRE EZEQUIEL RAMIN","100.0",NULL,"18.6","100.0","-10.7731526","-62.3924283","110015505000045","-11.048582","-62.595987","110130205000009","-11.050633000000001","-62.596851","246.78484495","37841.1177577","1","34888.3332701",False,False
136,"AVENIDA DIOMERO MORAES BORBA","3647.0",NULL,"CENTRO",741463,"1377348","AVENIDA  DIOMERO MORAES BORBA","3647",NULL,"CENTRO","100.0","100.0","100.0","90.0","-9.4242762","-61.9958936","110013005000012","-9.424317","-61.995371","110013005000012","-9.424317","-61.995371","0","57.50545763","1","0",True,NULL
137,"AV. PRESIDENTE MEDICI","3953.0",NULL,"CENTRO",195719,"92550933","AVENIDA PRESIDENTE MEDICI","3954",NULL,"CENTRO","100.0","99.97","100.0","89.99","-9.4248504","-61.9941751","110013005000012","-12.129507","-61.853531","110037905000001","-10.7773075","-61.92282","150547.41672675","301136.57031751","1","298885.38640659",False,False
138,"AVENIDA MARECHAL DEODORO DA FONSECA","2832.0","ZONA URBANA","CENTRO",103576,"1157847","RUA MARECHAL DEODORO DA FONSECA","2545",NULL,"CENTRO","100.0","89.87","100.0","87.97","-9.340672","-62.007694","110013005000018","-11.43215","-61.454527","110004905000007","-11.43215","-61.454527","0","240302.11157992","1","231006.95650126",False,False
139,"LINHA MA- 16 COM MA - 18,",NULL,NULL,"RURAL",118248,"180247170","LINHA  MA 16","348",NULL,"LINHA MA 16","100.0",NULL,"12.5","100.0","-9.6801233","-61.9801","110013005000024","-9.679789","-61.979052","110013005000024","-9.6798665","-61.977329","189.05792184","120.73802187","1","0",True,NULL
140,"RUA DAS PALMEIRAS","3741.0","SETOR 13","CENTRO",648263,"180474852","AVENIDA  DAS PALMEIRAS","2000",NULL,"CENTRO","100.0","53.46","100.0","80.69","-11.7285949","-62.3069271","110014805000035","-11.426863","-61.949035","110090805000001","-11.426844500000001","-61.9490265","2.25609355","51435.30412929","1","50990.86860103",False,False
141,"AVENIDA CASTELO BRANCO","2452.0",NULL,"CENTRO",765191,"1323055","AVENIDA  CASTELO BRANCO","2451",NULL,"CENTRO","100.0","99.96","100.0","89.99","-9.4281375","-62.0060294","110013005000067","-13.197264","-60.815361","110005605000001","-13.197264","-60.815361","0","438747.38372018","1","436357.79583882",False,False
142,"RUA PARANA","3406.0",NULL,"CENTRO",565760,"1374463","RUA  PARANA","3406",NULL,"CENTRO","100.0","100.0","100.0","90.0","-9.430666939","-62.00750068","110013005000067","-9.430787","-62.007188","110013005000004","-9.430787","-62.007188","0","36.80514878","1","0",False,NULL
143,"AVENIDA CALIFORNIA ESQ. COM NEGO LOPES",NULL,NULL,"SETOR 02",350734,"1386222","RUA  NEGO LOPES","3602",NULL,"SETOR 13","100.0",NULL,"76.92","100.0","-11.735852","-62.3084061","110014805000036","-11.724303","-62.308611","110014805000001","-11.724387","-62.308659","10.70298948","1284.38572101","1","688.38978668",False,False
144,"RUA OLAVO BILAC","887.0",NULL,"UNIAO",253607,"91997652","RUA  OLAVO BILAC","888","LADO DIREITO","UNIAO","100.0","99.89","100.0","89.98","-10.7216203","-62.2619246","110015505000001","-10.721022","-62.261158","110015505000002","-10.721022","-62.261158","0","106.96135414","1","10.63722079",False,True
145,"LINHA MC-07 - KM 30 - NUCLEO HELENOPOLIS",NULL,NULL,"HELENOPOLIS",212480,"1741921","LINHA  MC 07","0",NULL,"PA CUJUBIM","100.0",NULL,"9.52","100.0","-9.3744533","-62.2330967","110013005000039","-9.380903","-62.461526","110094005000017","-9.3795015","-62.461597499999996","156.03719516","25071.01787461","1","23163.11698179",False,False
146,"RUA DIEGO SARTORO","3771.0",NULL,"PORTO FELIZ II",858371,"217827501","RUA  DIEGO SARTORI","3585",NULL,"PORTO FELIZ","100.0","95.07","100.0","89.01","-9.418623","-62.015502","110013005000076","-9.420687","-62.015228","110013005000054","-9.420687","-62.015228","0","231.46641435","1","0",False,NULL
147,"LINHA MA 28, KM 40","28.0",NULL,"ZONA RURAL",147481,"113561190","RODOVIA  KM 28","28","GLEBA 53","PROJETO DE ASSENTAMENTO DIRIGIDO MARECHAL DUTRA","100.0","100.0","24.56","90.0","-9.2500521","-61.8227609","110013005000046","-10.101342","-63.227483","110140105000015","-10.101342","-63.227483","0","180744.42992316","1","167190.14293334",False,False
148,"RO 133 GLEBA 04",NULL,"RO 133 KM 30","RURAL",617327,"91994342","RODOVIA  RO 133","40",NULL,"RURAL","100.0",NULL,"100.0","100.0","-9.2212162","-62.0426382","110013005000051","-9.456657","-62.026038","110013005000055","-9.4563115","-62.027311999999995","144.9223417","26243.1413319","1","25286.83908732",False,NULL
149,"RO 133 RUA LUIZ BANDEIRA LEITE, GLEBA 03",NULL,"DISTRIT ESTRELA AZUL","ZONA RURAL",617327,"91994342","RODOVIA  RO 133","40",NULL,"RURAL","100.0",NULL,"100.0","100.0","-9.22147452","-62.04369748","110013005000051","-9.456657","-62.026038","110013005000055","-9.4563115","-62.027311999999995","144.9223417","26222.81842642","1","25286.83908732",False,NULL
150,"RUA GIRASSOL","3139.0",NULL,"PRIMAVERA",355470,"180248911","RUA  GIRASSOL","3140",NULL,"PRIMAVERA","100.0","99.97","100.0","89.99","-9.4151902","-62.0076645","110013005000053","-9.415303","-62.007547","110013005000053","-9.415303","-62.007547","0","17.98496399","1","0",True,NULL
151,"AV MARECHAL DEODORO DA FONSECA","2486.0",NULL,"CENTRO",103578,"1157849","RUA MARECHAL DEODORO DA FONSECA","2485",NULL,"CENTRO","100.0","99.96","100.0","89.99","-9.431900141","-62.00703621","110013005000080","-11.432181","-61.454099","110004905000007","-11.432181","-61.454099","0","230493.37092791","1","229180.7663954",False,False
152,"CASTELO BRANCO","4780.0",NULL,"BOM FUTURO",547936,"1376743","AVENIDA  CASTELO BRANCO","4521",NULL,"BOM FUTURO","100.0","94.58","100.0","88.92","-9.4207419","-61.9845888","110013005000063","-9.421252","-61.987795","110013005000010","-9.421263","-61.987795","1.22314588","356.24949289","1","6.78292943",False,True
153,"AV. CASTELO BRANCO","5106.0",NULL,"BOM FUTURO",770242,"97454518","AVENIDA  CASTELO BRANCO","5106",NULL,"BOM FUTURO","100.0","100.0","100.0","90.0","-9.420156","-61.982627","110013005000064","-9.420156","-61.982627","110013005000007","-9.420156","-61.982627","0","0","1","0",False,NULL
154,"LINHA MA 28 - NUCLEO SANTA MARIA II, KM 72 - DISTR",NULL,NULL,"ZONA RURAL",147481,"113561190","RODOVIA  KM 28","28","GLEBA 53","PROJETO DE ASSENTAMENTO DIRIGIDO MARECHAL DUTRA","100.0",NULL,"24.56","100.0","-9.174519","-61.7286711","110013005000066","-10.101342","-63.227483","110140105000015","-10.101342","-63.227483","0","193952.24724174","1","193372.88719801",False,False
155,"LH MP 115 ASSENTAMENTO AMIGOS DO CAMPO",NULL,NULL,"AREA RURAL",309547,"180257849","VILA  AMIGO DO CAMPO","40","CASA VILA AMIGOS","MACHADINHO DO OESTE","100.0",NULL,"20.69","100.0","-9.4656515","-62.2560466","110013005000070","-9.463422","-62.25624","110013005000033","-9.4638595","-62.2563895","51.33700804","248.81529527","1","0",False,NULL
156,"LINHA C-04,CEDRO JEQUITIBA",NULL,NULL,"RURAL",106465,"221004291","RUA  JEQUITIBA","0",NULL,"SETOR 3","100.0",NULL,"16.67","100.0","-9.5873311","-62.2806123","110013015000004","-10.426464","-62.127618","110180705000002","-10.4263735","-62.127283000000006","37.99224567","94799.53177612","1","93857.32812834",False,NULL
157,"RUA DAS PALMEIRAS","2271.0",NULL,"SETOR 14",346811,"221078616","RUA  DAS PALMEIRAS","2320",NULL,"SETOR 14","100.0","97.89","100.0","89.58","-11.7287696","-62.3203318","110014805000004","-11.728327","-62.320274","110014805000004","-11.728327","-62.320274","0","49.61563257","1","0",True,NULL
158,"LOTE 31 GLEBA 02 LINHA MP 03","2659.0","ESCOLA RURAL","DISTRITO 5º BEC",488620,"180261223","LINHA  MP 03","1104",NULL,"QUINTO BEC","89.5","41.52","56.0","70.96","-9.687484288","-62.20713836","110013020000007","-9.683955","-62.252333","110013020000004","-9.683955","-62.252333","0","4969.30661767","1","3818.83974632",False,False
159,"AVENIDA SENADOR OLAVO PIRES","2628.0","DISTRITO DE 5º BEC","CENTRO",789243,"98618719","AVENIDA SENADOR OLAVO PIRES","2638","FUNDOS","CENTRO","100.0","99.62","100.0","89.92","-9.685690478","-62.20993372","110013020000007","-10.242214","-62.351048","110160905000003","-10.242214","-62.351048","0","63783.27770936","1","63024.97764998",False,NULL
160,"AVENIDA JOAO BATISTA FIGUEIREDO","3540.0",NULL,"UNIAO",690984,"1377008","AVENIDA  JOAO BATISTA FIGUEIREDO","3540",NULL,"UNIAO","100.0","100.0","100.0","90.0","-9.6875167","-62.2071733","110013020000007","-9.430731","-61.994271","110013005000050","-9.430731","-61.994271","0","36881.94793939","1","36443.49692664",False,NULL
161,"RUA JORGE TEIXEIRA","2684.0","DISTRITO 5º BEC","CENTRO",625191,"1384829","RUA  JORGE TEIXEIRA","2681","CASA","CENTRO","100.0","99.89","100.0","89.98","-9.688814675","-62.20641911","110013020000007","-9.686823","-62.208906","110013020000001","-9.686823","-62.208906","0","351.21198661","1","0",False,NULL
162,"NUCLEO TABAJARA",NULL,NULL,"ZONA RURAL",100901,"1479209","RUA  TABAJARA","6093",NULL,"JARDIM TROPICAL","100.0",NULL,"32.0","100.0","-8.933887","-62.0557102","110013025000001","-11.735555","-61.764067","110028805000027","-11.735531","-61.7641275","7.1067729","313160.64138235","1","310869.1391294",False,False
163,"RUA RIACHUELO","1560.0",NULL,"SETOR 15",260150,"1388576","RUA  RIACHUELO","1495",NULL,"SETOR 15","100.0","95.83","100.0","89.17","-11.7196737","-62.326894","110014805000008","-11.720143","-62.327673","110014805000008","-11.720143","-62.327673","0","99.58292317","1","0",True,NULL
164,"RUA DOUTOR JOSE MARINHO DE OLIVEIRA","86.0","PREDIO","NOVO HORIZONTE",494835,"1402405","RUA DOUTOR JOSE MARINHO","86",NULL,"JARDIM NOVO HORIZONTE","100.0","100.0","100.0","90.0","-10.7140775","-62.2700307","110015505000030","-10.714171","-62.269897","110015505000030","-10.714171","-62.269897","0","17.92970879","1","0",True,NULL
165,"RUA DOUTOR JOSE MARINHO DE OLIVEIRA","86.0","PREDIO","NOVO HORIZONTE",494835,"1402405","RUA DOUTOR JOSE MARINHO","86",NULL,"JARDIM NOVO HORIZONTE","100.0","100.0","100.0","90.0","-10.7143147","-62.2707469","110015505000030","-10.714171","-62.269897","110015505000030","-10.714171","-62.269897","0","94.22193109","1","0",True,NULL
166,"RUA RIACHUELO","2591.0","SETOR 14","SETOR 14",90102,"91996284","RUA  RIACHUELO","2582",NULL,"SETOR 14","100.0","99.65","100.0","89.93","-11.7201646","-62.3171358","110014805000009","-11.719844","-62.318291","110014805000009","-11.719844","-62.318291","0","130.72912457","1","0",True,NULL
167,"RUA RECIFE ESQUINA COM GOVERNADOR JORGE TEIXEIRA","2314.0",NULL,"SETOR 005",760690,"218865770","RUA GOVERNADOR JORGE TEIXEIRA","2316",NULL,"SETOR 04","100.0","99.91","82.35","89.98","-11.7235344","-62.3197501","110014805000009","-10.198068","-63.832154","110045205000011","-10.198068","-63.832154","0","236706.36581801","1","235577.83038774",False,NULL
168,"RUA FLORIANO PEIXOTO","1650.0","PREDIO","SETOR 14",89931,"91996318","RUA  FLORIANO PEIXOTO","1642",NULL,"SETOR 14","100.0","99.52","100.0","89.9","-11.7233478","-62.320721","110014805000009","-11.718971","-62.320887","110014805000009","-11.718971","-62.320887","0","487.01410136","1","0",True,NULL
169,"AVENIDA TANCREDO DE ALMEIDA NEVES","1489.0","PROXIMO AO FORUM","SETOR 13",126232,"92575629","AVENIDA  TANCREDO DE ALMEIDA NEVES","2277",NULL,"CIDADE BAIXA","100.0","65.39","20.0","83.08","-11.7216524994001","-62.31418289244169","110014805000010","-12.060966","-63.573433","110149205000058","-12.060966","-63.573433","0","142117.10868645","1","141840.60032813",False,False
170,"RUA PADRE ADOLPHO ROHL","269.0",NULL,"JARDIM BANDEIRANTES",264432,"91975694","AVENIDA PADRE ADOLPHO ROHL","1853",NULL,"SETOR 01","100.0","14.52","22.22","72.9","-10.7278564","-62.2591082","110015505000004","-10.435405","-62.47032","110011405000009","-10.435405","-62.47032","0","39880.72830325","1","39458.35198558",False,False
171,"RUA PADRE ADOLPHO ROHL","60.0",NULL,"BELA FLORESTA",264432,"91975694","AVENIDA PADRE ADOLPHO ROHL","1853",NULL,"SETOR 01","100.0","3.24","28.57","70.65","-10.7281157","-62.2587262","110015505000004","-10.435405","-62.47032","110011405000009","-10.435405","-62.47032","0","39928.40778541","1","39458.35198558",False,False
172,"RUA MARINGA","436.0","ESCOLA","JARDIM BANDEIRANTES",885968,"91998448","RUA  MARINGA","433",NULL,"JARDIM BANDEIRANTE","100.0","99.31","97.3","89.86","-10.7262016","-62.2617253","110015505000005","-10.726469","-62.261898","110015505000005","-10.726469","-62.261898","0","35.21478163","1","0",True,NULL
173,"RUA DA CASSITERITA","4328.0",NULL,"FLODOALDO PONTES PINTO",814414,"1561037","RUA  DA CASSITERITA","4328",NULL,"FLODOALDO PONTES PINTO","100.0","100.0","100.0","90.0","-8.7426854","-63.8783514","110020505070031","-8.742571","-63.878359","110020505070031","-8.742571","-63.878359","0","12.74811003","1","0",True,NULL
174,"RUA LITORANEA","4898.0",NULL,"FLODOALDO PONTES PINTO",458706,"180317979","RUA  LITORANEA","2673",NULL,"FLODOALDO PONTES PINTO","100.0","54.57","100.0","80.91","-8.749828781","-63.86693012","110020505070034","-8.749898","-63.867458","110020505070034","-8.749898","-63.867458","0","58.52287045","1","0",True,NULL
175,"RUA COIMBRA","4994.0",NULL,"FLODOALDO PONTES PINTO",458469,"1561714","RUA  COIMBRA","4994",NULL,"FLODOALDO PONTES PINTO","100.0","100.0","100.0","90.0","-8.749138800000004","-63.8663855","110020505070034","-8.74892","-63.866464","110020505070034","-8.74892","-63.866464","0","25.81381682","1","0",True,NULL
176,"RUA PAULO FREIRE","4767.0",NULL,"FLODOALDO PONTES PINTO",816410,"1562281","RUA  PAULO FREIRE","4767",NULL,"FLODOALDO PONTES PINTO","100.0","100.0","100.0","90.0","-8.7523242","-63.8683903","110020505070035","-8.752831","-63.867897","110020505070035","-8.752831","-63.867897","0","78.19761594","1","0",True,NULL
177,"RUA PAULO FREIRE","4767.0",NULL,"FLODOALDO PONTES PINTO",816410,"1562281","RUA  PAULO FREIRE","4767",NULL,"FLODOALDO PONTES PINTO","100.0","100.0","100.0","90.0","-8.7524037","-63.868376","110020505070035","-8.752831","-63.867897","110020505070035","-8.752831","-63.867897","0","70.91365613","1","0",True,NULL
178,"RUA TRINDADE","3454.0",NULL,"FLODOALDO PONTES PINTO",328456,"1562521","RUA  TRINDADE","3454",NULL,"FLODOALDO PONTES PINTO","100.0","100.0","100.0","90.0","-8.742902939","-63.86586939","110020505070036","-8.742445","-63.866255","110020505070036","-8.742445","-63.866255","0","66.24911812","1","0",True,NULL
179,"AVENIDA CALAMA","5262.0",NULL,"FLODOALDO PONTES PINTO",321553,"215093663","AVENIDA  CALAMA","5252","SOBRADO 1","FLODOALDO PONTES PINTO","100.0","99.81","100.0","89.96","-8.7451584","-63.8687132","110020505070037","-8.745145","-63.868904","110020505070037","-8.745145","-63.868904","0","21.02224288","1","0",True,NULL
180,"RUA DELEGADO MAURO DOS SANTOS","893.0",NULL,"AGENOR DE CARVALHO",952575,"215217422","RUA DELEGADO MAURO DOS SANTOS","893","ANEXO CASA","AGENOR M DE CARVALHO","100.0","100.0","100.0","90.0","-8.76397","-63.861747","110020505070041","-8.763913","-63.86144","110020505070041","-8.763893","-63.8614745","4.39553867","34.32850422","1","0",True,NULL
181,"RUA GOVERNADOR ARI MARCOS","1050.0",NULL,"AGENOR DE CARVALHO",69749,"1564323","RUA GOVERNADOR ARI MARCOS","1050",NULL,"AGENOR MARTINS DE CARVALHO","100.0","100.0","100.0","90.0","-8.766503200000002","-63.8643473","110020505070042","-8.766471","-63.864812","110020505070042","-8.766471","-63.864812","0","51.19406322","1","0",True,NULL
182,"RUA ESTER SALES","1600.0","PREDIO DA IGREJA","AGENOR MARTINS DE CARVALHO",69705,"1564363","RUA  ESTHER SALES","1101",NULL,"AGENOR MARTINS DE CARVALHO","100.0","68.81","100.0","83.76","-8.7611984","-63.8651329","110020505070043","-8.765498","-63.864183","110020505070042","-8.765498","-63.864183","0","489.358493","1","44.64244538",False,True
183,"RUA EDUARDO LIMA E SILVA","1124.0",NULL,"AGENOR DE CARVALHO",544284,"1565641","RUA  EDUARDO LIMA E SILVA","1124",NULL,"AGENOR MARTINS DE CARVALHO","100.0","100.0","100.0","90.0","-8.76616","-63.871903","110020505070045","-8.7662","-63.872143","110020505070045","-8.7662","-63.872143","0","26.74747951","1","0",True,NULL
184,"AVENIDA PREFEITO CHIQUILITO ERSE","2166.0",NULL,"NOVA PORTO VELHO",293668,"1556494","AVENIDA PREFEITO CHIQUILITO ERSE","2165",NULL,"NOVA PORTO VELHO","100.0","99.95","100.0","89.99","-8.757678800000004","-63.8747718","110020505070047","-8.757577","-63.875168","110020505070019","-8.757577","-63.875168","0","44.98920019","1","8.64701571",False,True
185,"RUA ANARI","6199.0",NULL,"JD. ELDORADO",492820,"92271053","RUA  ANARI","6199",NULL,"ELDORADO","100.0","100.0","100.0","90.0","-8.75757982","-63.86834918","110020505070048","-8.787552","-63.869315","110020505080086","-8.787552","-63.869315","0","3334.44860161","1","3228.65681169",False,False
186,"RUA MARIO QUINTANA","4320.0",NULL,"RIO MADEIRA",704012,"1569139","RUA  MARIO QUINTANA","4320",NULL,"RIO MADEIRA","100.0","100.0","100.0","90.0","-8.7370657","-63.8778501","110020505070055","-8.736623","-63.878293","110020505070055","-8.736623","-63.878293","0","69.2288978","1","0",True,NULL
187,"RUA GUANABARA","1797.0",NULL,"SAO CRISTOVAO",578967,"1339738","RUA  GUANABARA","1797",NULL,"SAO CRISTOVAO","100.0","100.0","100.0","90.0","-8.79316","-63.87839167","110020505080061","-8.759288","-63.891069","110020505060019","-8.759288","-63.891069","0","4015.79878237","1","3843.70753724",False,False
188,"AVENIDA GOVERNADOR JORGE TEIXEIRA","3146.0",NULL,"INDUSTRIAL",379724,"1570826","AVENIDA GOVERNADOR JORGE TEIXEIRA","3146",NULL,"INDUSTRIAL","100.0","100.0","100.0","90.0","-8.741170736000004","-63.88906245","110020505070060","-8.741221","-63.889492","110020505070060","-8.741221","-63.889492","0","47.53876117","1","0",True,NULL
189,"AVENIDA DOS IMIGRANTES","4884.0",NULL,"INDUSTRIAL",951766,"215152249","AVENIDA  DOS IMIGRANTES","4839","FRENTE 1","INDUSTRIAL","100.0","99.08","100.0","89.82","-8.7382676","-63.8790881","110020505070060","-8.73705","-63.87925","110020505070059","-8.7370515","-63.879257499999994","0.84099147","136.55536715","1","52.13225916",False,True
190,"RUA THALES BENEVIDES",NULL,NULL,"RIO MADEIRA",865222,"218214959","RUA  THALES BENEVIDES","5355","ANDAR 4","RIO MADEIRA","100.0",NULL,"100.0","100.0","-8.73725","-63.873389","110020505070065","-8.737373","-63.874798","110020505070065","-8.737373","-63.874798","0","155.4585035","1","0",True,NULL
191,"RUA DOUTOR AGENOR DE CARVALHO","1029.0",NULL,"AGENOR DE CARVALHO",834122,"1565947","RUA DOUTOR AGENOR DE CARVALHO","1029",NULL,"AGENOR M DE CARVALHO","100.0","100.0","100.0","90.0","-8.7634787","-63.86991729","110020505070067","-8.764188","-63.870313","110020505070067","-8.764188","-63.870313","0","90.0651227","1","0",True,NULL
192,"RUA RAIMUNDO CANTUARIA","5129.0",NULL,"AGENOR DE CARVALHO",952773,"215217718","AVENIDA  RAIMUNDO CANTUARIA","5128","CASA 2","AGENOR M DE CARVALHO","100.0","99.98","100.0","90.0","-8.762710200000004","-63.8642262","110020505070068","-8.76334","-63.864144","110020505070041","-8.76334","-63.864144","0","70.61089412","1","31.23609463",False,True
193,"RUA CLEA MERCES","4914.0","COM A RUA REVERENDO","AGENOR DE CARVALHO",72835,"215105086","RUA  CLEA MERCES","4914","EDIFICIO 1","AGENOR M DE CARVALHO","100.0","100.0","100.0","90.0","-8.7573252","-63.8646209","110020505070068","-8.757043","-63.864638","110020505070051","-8.757043","-63.864638","0","31.43547486","1","2.05834078",False,NULL
194,"RUA RAIMUNDO MERCES","4951.0",NULL,"AGENOR DE CARVALHO",72839,"92253850","RUA  RAIMUNDO MERCES","4951",NULL,"AGENOR M DE CARVALHO","100.0","100.0","100.0","90.0","-8.757194712","-63.86313375","110020505070069","-8.75742","-63.863011","110020505070051","-8.75742","-63.863011","0","28.45225078","1","3.00480748",False,NULL
195,"RUA MATRINCHA","996.0","ANEXO DA UNOPAR","LAGOA",736833,"215074654","RUA  MATRINCHA","996",NULL,"LAGOA","100.0","100.0","100.0","90.0","-8.76955890097541","-63.86785766115771","110020505070074","-8.76878","-63.867974","110020505070054","-8.76878","-63.867974","0","87.54851787","1","0",False,NULL
196,"AV. RIO DE JANEIRO","4934.0",NULL,"LAGOA",736556,"1568653","AVENIDA  RIO DE JANEIRO","4934",NULL,"LAGOA","100.0","100.0","100.0","90.0","-8.768645","-63.869291","110020505070074","-8.76862","-63.869245","110020505070054","-8.76862","-63.869245","0","5.76911258","1","0",False,NULL
197,"AVENIDA RIO DE JANEIRO","4864.0","AO LADO DO SESI","AGENOR DE CARVALHO",338936,"92252743","AVENIDA  RIO DE JANEIRO","4865",NULL,"AGENOR M DE CARVALHO","100.0","99.98","100.0","90.0","-8.7691339","-63.8699439","110020505070074","-8.768592","-63.869734","110020505070044","-8.768592","-63.869734","0","64.52090877","1","5.2742845",False,True
198,"RUA MATRINCHA","895.0",NULL,"LAGOA",736834,"215074659","RUA  MATRINCHA","850",NULL,"LAGOA","100.0","94.97","100.0","88.99","-8.7691895","-63.8708039","110020505070074","-8.770012","-63.868695","110020505070054","-8.770012","-63.868695","0","249.15109258","1","0",False,NULL
199,"AVENIDA RIO DE JANEIRO","4734.0",NULL,"LAGOA",736554,"1568650","AVENIDA  RIO DE JANEIRO","4734",NULL,"LAGOA","100.0","100.0","100.0","90.0","-8.7693773","-63.8708239","110020505070074","-8.769134","-63.871276","110020505070054","-8.769134","-63.871276","0","56.57181488","1","0",False,NULL
200,"RUA VICOSA","1449.0","CASA","CONCEICAO",919073,"1572647","RUA  VICOSA","1449",NULL,"CONCEICAO","100.0","100.0","100.0","90.0","-8.796575000000002","-63.889669","110020505080004","-8.796608","-63.889754","110020505080004","-8.796608","-63.889754","0","10.03533668","1","0",True,NULL
201,"RUA GOVERNADOR VALADARES","3601.0",NULL,"CONCEICAO",139927,"97584580","RUA GOVERNADOR VALADARES","3601",NULL,"CONCEICAO","100.0","100.0","100.0","90.0","-8.798406","-63.8923997","110020505080006","-8.798713","-63.89266","110020505080006","-8.798713","-63.89266","0","44.53634279","1","0",True,NULL
202,"RUA QUINZE DE NOVEMBRO","3937.0",NULL,"CONCEICAO",545213,"92255679","RUA  QUINZE DE NOVEMBRO","3937",NULL,"CONCEICAO","100.0","100.0","100.0","90.0","-8.799154253","-63.88749414","110020505080007","-8.798825","-63.887002","110020505080007","-8.798825","-63.887002","0","65.30682679","1","0",True,NULL
203,"RUA SERRA DA COTIA","3274.0",NULL,"ELETRONORTE",859633,"92257539","RUA  SERRA DA COTIA","3274",NULL,"ELETRONORTE","100.0","100.0","100.0","90.0","-8.796474525000002","-63.8963628","110020505080011","-8.796469","-63.896472","110020505080011","-8.796469","-63.896472","0","12.01539652","1","0",True,NULL
204,"RUA ALGODOEIRO","3130.0",NULL,"ELETRONORTE",830902,"92257907","RUA  ALGODOEIRO","3130",NULL,"ELETRONORTE","100.0","100.0","100.0","90.0","-8.797301701","-63.89794894","110020505080012","-8.797205","-63.898065","110020505080012","-8.797205","-63.898065","0","16.68146465","1","0",True,NULL
205,"RUA ALGODOEIRO","3060.0",NULL,"ELETRONORTE",830900,"92257905","RUA  ALGODOEIRO","3060",NULL,"ELETRONORTE","100.0","100.0","100.0","90.0","-8.797314","-63.8985419","110020505080012","-8.797065","-63.898555","110020505080012","-8.797065","-63.898555","0","27.724971","1","0",True,NULL
206,"RUA DAS FAVEIRAS","3123.0",NULL,"ELETRONORTE",583489,"1438441","RUA  DAS FAVEIRAS","3122",NULL,"ELETRONORTE","100.0","99.97","100.0","89.99","-8.7939942","-63.8963341","110020505080018","-8.794027","-63.896103","110020505080018","-8.794027","-63.896103","0","25.65566164","1","0",True,NULL
207,"RUA ANARI","6039.0",NULL,"ELDORADO",492844,"92271070","RUA  ANARI","6039",NULL,"ELDORADO","100.0","100.0","100.0","90.0","-8.7917426","-63.8788494","110020505080062","-8.786919","-63.870731","110020505080086","-8.786919","-63.870731","0","1040.94678511","1","850.27029191",False,False
208,"RUA GAROPABA","2615.0",NULL,"COHAB FLORESTA",347550,"1454173","RUA  GAROPABA","2614","FRENTE","COHAB","100.0","99.96","100.0","89.99","-8.791269","-63.8808067","110020505080062","-8.791155","-63.881075","110020505080062","-8.791155","-63.881075","0","32.09272711","1","0",True,NULL
209,"RUA DAS MANGUEIRAS","1201.0",NULL,"ELETRONORTE",894551,"1438544","RUA  DAS MANGUEIRAS","1201",NULL,"ELETRONORTE","100.0","100.0","100.0","90.0","-8.7946007","-63.8957556","110020505080019","-8.794713","-63.895613","110020505080019","-8.794713","-63.895613","0","20.03693837","1","0",True,NULL
210,"BR 364 LINHA 101 KM 60",NULL,"UNIAO BANDEIRANTES",NULL,1509,"180194914","RODOVIA  BR 364","521","BARRACAO 1","PROJETO DE ASSENTAMENTO DIRIGIDO BURAREIRO","100.0",NULL,"0.0","100.0","-8.78927","-63.896513","110020505080020","-9.863406","-63.057612","110002305000084","-9.8633685","-63.057612","4.16981549","150792.11352312","1","150182.0432464",False,False
211,"RUA TUTOIA","3340.0","VILA DA ELETRONORTE","ELETRONORTE",512126,"1575764","RUA  TUTOIA","2819",NULL,"ELETRONORTE","100.0","84.4","100.0","86.88","-8.7871613","-63.8971534","110020505080020","-8.789918","-63.9006","110020505080114","-8.789918","-63.9006","0","487.24688208","1","5.49891388",False,True
212,"ESTRADA AREIA BRANCA","1104.0","ESQ DOMINGO ALEGRE","AREIA BRANCA",815104,"215667318","ESTRADA  AREIA BRANCA","1104",NULL,"AREIA BRANCA","100.0","100.0","100.0","90.0","-8.8004515","-63.9009988","110020505080021","-8.800137","-63.901188","110020505080088","-8.800137","-63.901188","0","40.68418518","1","6.22095045",False,True
213,"RUA JOAO PAULO I","2655.0",NULL,"NOVO HORIZONTE",402875,"92260844","RUA  JOAO PAULO I","2501","QUADRA 2","NOVO HORIZONTE","100.0","94.2","100.0","88.84","-8.801055","-63.8947589","110020505080022","-8.802285","-63.89747","110020505080099","-8.802308","-63.897435","4.61869941","327.8062757","1","42.2009157",False,True
214,"RUA ARCO VERDE","95.0",NULL,"NOVA FLORESTA",467940,"1443186","RUA  ARCO VERDE","94",NULL,"NOVA FLORESTA","100.0","98.95","100.0","89.79","-8.781723683","-63.8930452","110020505080030","-8.78165","-63.892663","110020505080030","-8.78165","-63.892663","0","42.79223107","1","0",True,NULL
215,"RUA BURITIS","4316.0",NULL,"NOVA FLORESTA",921421,"108673191","RUA  BURITIS","4652",NULL,"NOVA OURO PRETO","100.0","92.78","64.29","88.56","-8.790318360000002","-63.88754237","110020505080026","-10.721198","-62.274516","110015505000058","-10.721198","-62.274516","0","278102.84069721","1","277066.05789106",False,NULL
216,"AVENIDA JATUARANA","4046.0",NULL,"CONCEICAO",247619,"1572078","AVENIDA  JATUARANA","4046",NULL,"CONCEICAO","100.0","100.0","100.0","90.0","-8.79241609","-63.88970433","110020505080027","-8.79261","-63.889495","110020505080002","-8.792534499999999","-63.889664499999995","20.43062575","31.52852072","1","13.75356024",False,True
217,"RUA DANIEL NERY","1089.0","CASA","NOVA FLORESTA",798611,"1441812","RUA  DANIEL NERY","1070",NULL,"NOVA FLORESTA","100.0","98.26","100.0","89.65","-8.7927167","-63.8934542","110020505080027","-8.792257","-63.893453","110020505080027","-8.792254499999999","-63.8935","5.17223209","51.11654824","1","0",True,NULL
218,"RUA DAS MANGUEIRAS","831.0",NULL,"NOVA FLORESTA",268279,"98328566","RUA  DAS MANGUEIRAS","831",NULL,"NOVA FLORESTA","100.0","100.0","100.0","90.0","-8.7918218","-63.8946885","110020505080029","-8.791772","-63.894852","110020505080029","-8.791772","-63.894852","0","18.8007789","1","0",True,NULL
219,"RUA ABOBORA","5992.0",NULL,"COHAB FLORESTA",796506,"1454366","RUA  ABOBORA","5992",NULL,"COHAB","100.0","100.0","100.0","90.0","-8.788939","-63.872741","110020505080063","-8.78888","-63.872743","110020505080063","-8.78888","-63.872743","0","6.56419","1","0",True,NULL
220,"RUA SEPETIBA","100.0","ENTRE RUAS PARANA E","AREAL DA FLORESTA",746496,"215031455","RUA  SEPETIBA","214",NULL,"FLORESTA","100.0","46.73","100.0","79.35","-8.783422969","-63.88379649","110020505080035","-8.783221","-63.884607","110020505080035","-8.783221","-63.884607","0","91.85551949","1","0",True,NULL
221,"RUA DAS CRIANCAS","4686.0",NULL,"FLORESTA",785382,"1447466","RUA  DAS CRIANCAS","4685",NULL,"FLORESTA","100.0","99.98","100.0","90.0","-8.776910000000004","-63.8812717","110020505080043","-8.776163","-63.881026","110020505080043","-8.776163","-63.881026","0","87.34103138","1","0",True,NULL
222,"RUA ACAI","778.0",NULL,"AREAL DA FLORESTA",301510,"217600770","RUA  ACAI","1952",NULL,"FLORESTA","100.0","39.86","100.0","77.97","-8.777438500000002","-63.88171673","110020505080043","-8.780603","-63.876","110020505080119","-8.780603","-63.876","0","720.05823191","1","615.4827671",False,True
223,"RUA DO SOL","772.0",NULL,"FLORESTA",785562,"1447747","RUA  DO SOL","772",NULL,"FLORESTA","100.0","100.0","100.0","90.0","-8.7789171","-63.8848263","110020505080043","-8.778962","-63.884714","110020505080043","-8.778962","-63.884714","0","13.3125808","1","0",True,NULL
224,"RUA OITO DE JULHO","1960.0",NULL,"CASTANHEIRA",884586,"92266873","RUA  OITO DE JULHO","1959",NULL,"CASTANHEIRA","100.0","99.95","100.0","89.99","-8.797298394","-63.86612713","110020505080049","-8.79735","-63.865737","110020505080049","-8.79735","-63.865737","0","43.25253081","1","0",True,NULL
225,"RUA OITO DE JULHO","1730.0",NULL,"CASTANHEIRA",584733,"1450280","RUA  OITO DE JULHO","1729",NULL,"CASTANHEIRA","100.0","99.94","100.0","89.99","-8.795381600000002","-63.8662999","110020505080050","-8.795394","-63.865929","110020505080050","-8.795394","-63.865929","0","40.78059081","1","0",True,NULL
226,"RUA GRUTA AZUL","2124.0","CONJUNTO MAMORE","CASTANHEIRA",497877,"1451195","RUA  GRUTA AZUL","2124",NULL,"CASTANHEIRA","100.0","100.0","100.0","90.0","-8.801718985000004","-63.87354056","110020505080052","-8.801728","-63.873592","110020505080052","-8.801728","-63.873592","0","5.74071378","1","0",True,NULL
227,"RUA BANZO","2194.0","CONJUNTO RIO GUAPORE","CASTANHEIRA",743194,"1451428","RUA  BANZO","2195",NULL,"CASTANHEIRA","100.0","99.95","100.0","89.99","-8.804091700000004","-63.8667767","110020505080053","-8.804015","-63.86627","110020505080053","-8.804015","-63.86627","0","56.3281018","1","0",True,NULL
228,"RUA JERONIMO SANTANA","2940.0","ESCOLA","COHAB",581441,"92267660","RUA  JERONIMO SANTANA","2944",NULL,"COHAB","100.0","99.86","100.0","89.97","-8.793239700000004","-63.8747767","110020505080055","-8.793064","-63.874947","110020505080055","-8.793064","-63.874947","0","27.05375228","1","0",True,NULL
229,"RUA DAS ROSAS","5822.0",NULL,"COHAB",429555,"1453082","RUA  DAS ROSAS","5820","CASA","COHAB","100.0","99.97","100.0","89.99","-8.7942384","-63.8750075","110020505080058","-8.794691","-63.875164","110020505080058","-8.794691","-63.875164","0","53.18409545","1","0",True,NULL
230,"RUA PERCY HOLDER","3594.0",NULL,"CIDADE DO LOBO",509877,"99501473","RUA  PERCI HOLDER","3593",NULL,"CIDADE DO LOBO","100.0","99.97","100.0","89.99","-8.807147294","-63.88546016","110020505080070","-8.806985","-63.885534","110020505080070","-8.806985","-63.885534","0","19.78643702","1","0",True,NULL
231,"RUA JOAO ELIAS DE SOUZA","301.0",NULL,"CIDADE DO LOBO",509916,"180318023","RUA  JOAO ELIAS DE SOUZA","301",NULL,"CIDADE DO LOBO","100.0","100.0","100.0","90.0","-8.806943","-63.8848503","110020505080070","-8.806856","-63.884804","110020505080070","-8.806856","-63.884804","0","10.93022157","1","0",True,NULL
232,"RUA MATO GROSSO","696.0",NULL,"CALADINHO",114713,"91989599","RUA  MATO GROSSO","695",NULL,"SANTIAGO","89.26","99.86","35.29","82.45","-8.80523211","-63.87866563","110020505080074","-10.86689","-61.978466","110012205000158","-10.86689","-61.978466","0","309661.79123573","1","308659.50728854",False,False
233,"RUA TANCREDO NEVES","4718.0",NULL,"CALADINHO",398721,"92268995","RUA  TANCREDO NEVES","4718",NULL,"CALADINHO","100.0","100.0","100.0","90.0","-8.805075","-63.8779027","110020505080074","-8.804953","-63.877632","110020505080074","-8.804953","-63.877632","0","32.69314838","1","0",True,NULL
234,"RUA COLORADO","4588.0",NULL,"CALADINHO",398692,"92268957","RUA  COLORADO","4588",NULL,"CALADINHO","100.0","100.0","100.0","90.0","-8.804440401000004","-63.87859178","110020505080074","-8.804403","-63.87862","110020505080074","-8.804403","-63.87862","0","5.18763586","1","0",True,NULL
235,"RUA CARDEAL","4000.0","CONJUNTO TUCURUI","CALADINHO",258268,"1459314","RUA  CARDEAL","4000",NULL,"CALADINHO","100.0","100.0","100.0","90.0","-8.800037","-63.8822","110020505080078","-8.80003","-63.882146","110020505080078","-8.80003","-63.882146","0","5.98468352","1","0",True,NULL
236,"RUA NOVA ESPERANCA","3189.0",NULL,"CALADINHO",313110,"98489271","RUA  NOVA ESPERANCA","3025",NULL,"COPAS VERDES","100.0","94.86","28.57","88.97","-8.7973959","-63.8848153","110020505080079","-10.866392","-61.984903","110012205000190","-10.866392","-61.984903","0","310246.93351724","1","309259.23542568",False,False
237,"RUA CAETANO","3256.0","PREDIO","CALADINHO",929631,"1460606","RUA  CAETANO","3256",NULL,"CALADINHO","100.0","100.0","100.0","90.0","-8.793730160000004","-63.88391863","110020505080081","-8.793673","-63.88365","110020505080081","-8.793673","-63.88365","0","30.19572174","1","0",True,NULL
238,"RUA DAS CAMELIAS","5301.0",NULL,"ELDORADO",492641,"92270604","RUA  DAS CAMELIAS","5302",NULL,"ELDORADO","100.0","99.98","100.0","90.0","-8.7837572","-63.8739158","110020505080086","-8.783961","-63.874133","110020505080086","-8.783961","-63.874136","0.32967268","32.91264669","1","0",True,NULL
239,"RUA AQUARIQUARA","683.0",NULL,"JARDIM ELDORADO",58680,"92271336","RUA  AQUARIQUARA","683",NULL,"ELDORADO","100.0","100.0","100.0","90.0","-8.787924090000002","-63.86823389","110020505080087","-8.78767","-63.868558","110020505080087","-8.78767","-63.868558","0","45.46195351","1","0",True,NULL
240,"ESTRADA AREIA BRANCA",NULL,"KM 8","AREIA BRANCA",815051,"1463066","ESTRADA  AREIA BRANCA","1450",NULL,"AREIA BRANCA","100.0",NULL,"100.0","100.0","-8.806469","-63.904483","110020505080088","-8.803575","-63.901436","110020505080088","-8.803273","-63.9016395","40.34501081","464.38964763","1","0",True,NULL
241,"RUA HUMBERTO FLORENCIO","5473.0",NULL,"CIDADE NOVA",679954,"1464809","RUA  HUMBERTO FLORENCIO","5472",NULL,"CIDADE NOVA","100.0","99.98","100.0","90.0","-8.811987013","-63.88044405","110020505080094","-8.811458","-63.880835","110020505080094","-8.811458","-63.880835","0","72.83999025","1","0",True,NULL
242,"RUA SECUDARIA","1705.0",NULL,"NOVO HORIZONTE",403167,"180343321","RUA  SECUNDARIA","1706","QUADRA 2","NOVO HORIZONTE","100.0","99.94","100.0","89.99","-8.8052707","-63.8967199","110020505080100","-8.80671","-63.898856","110020505080099","-8.806711","-63.898856","0.11119508","284.0935213","1","6.67690899",False,True
243,"RUA CAMOMILA","2631.0","COMERCIAL","COHAB FLORESTA",796493,"1454365","RUA  CAMOMILA","2631",NULL,"COHAB","100.0","100.0","100.0","90.0","-8.783751000000002","-63.8800562","110020505080118","-8.789203","-63.873095","110020505080063","-8.789203","-63.873095","0","976.06173661","1","749.2874605",False,False
244,"RUA SANTAREM","2137.0","PREDIO","CASTANHEIRA",328797,"217625864","RUA  SANTAREM","1057",NULL,"CASTANHEIRA","100.0","49.46","100.0","79.89","-8.80148602","-63.86946581","110020505080122","-8.801812","-63.867951","110020505080122","-8.801812","-63.867951","0","170.35677108","1","0",True,NULL
245,"RUA RIO BONITO","1953.0",NULL,"AEROCLUBE",388037,"1461088","RUA  RIO BONITO","1953",NULL,"AEROCLUBE","100.0","100.0","100.0","90.0","-8.80377914","-63.86114587","110020505080128","-8.803738","-63.861183","110020505080112","-8.803738","-63.861183","0","6.12970642","1","0",False,NULL
246,"BR 364 SENTIDO ACRE KM 6 TERRA INDIGENA KARITIANA",NULL,"ZONA RURAL",NULL,1509,"180194914","RODOVIA  BR 364","521","BARRACAO 1","PROJETO DE ASSENTAMENTO DIRIGIDO BURAREIRO","100.0",NULL,"0.0","100.0","-8.789466","-63.851752","110020505080130","-9.863406","-63.057612","110002305000084","-9.8633685","-63.057612","4.16981549","147827.68757628","1","146478.20087318",False,False
247,"RUA BOM JESUS","6375.0",NULL,"CIDADE NOVA",337834,"1463938","RUA  BOM JESUS","6384",NULL,"CIDADE NOVA","100.0","99.86","100.0","89.97","-8.808777407","-63.8734012","110020505080135","-8.808968","-63.873519","110020505080090","-8.808968","-63.873519","0","24.83339877","1","0",False,NULL
248,"AVENIDA RIO DE JANEIRO","8069.0",NULL,"TANCREDO NEVES",247225,"1472641","AVENIDA  RIO DE JANEIRO","8069",NULL,"TANCREDO NEVES","100.0","100.0","100.0","90.0","-8.761497983","-63.838349","110020505090025","-8.761596","-63.838258","110020505090025","-8.761596","-63.838258","0","14.79195307","1","0",True,NULL
249,"AVENIDA AMAZONAS","6363.0",NULL,"CUNIA",600422,"92273501","AVENIDA  AMAZONAS","6491",NULL,"CUNIA","100.0","98.03","100.0","89.61","-8.75787191","-63.85537331","110020505090007","-8.758234","-63.854095","110020505090007","-8.758234","-63.854095","0","146.14018302","1","0",True,NULL
250,"RUA FABIA","6382.0",NULL,"IGARAPE",818958,"1468526","RUA  FABIA","6382",NULL,"IGARAPE","100.0","100.0","100.0","90.0","-8.74539445","-63.85684504","110020505090010","-8.745206","-63.856771","110020505090010","-8.745206","-63.856771","0","22.47917907","1","0",True,NULL
251,"RUA JULIA","6430.0","COM ANDREIA","IGARAPE",819091,"215323027","RUA  JULIA","6430",NULL,"IGARAPE","100.0","100.0","100.0","90.0","-8.7481372","-63.8550263","110020505090010","-8.74796","-63.855207","110020505090010","-8.74796","-63.855207","0","27.97546136","1","0",True,NULL
252,"RUA ANDREIA","4512.0",NULL,"IGARAPE",818969,"215322936","RUA  ANDREIA","4517",NULL,"IGARAPE","100.0","99.89","100.0","89.98","-8.746774709","-63.85535195","110020505090010","-8.745519","-63.855532","110020505090010","-8.7455765","-63.855532","6.39371708","141.02383875","1","0",True,NULL
253,"RUA JULIA","6530.0",NULL,"IGARAPE",911313,"1468845","RUA  JULIA","6530",NULL,"IGARAPE","100.0","100.0","100.0","90.0","-8.7479779","-63.8546004","110020505090011","-8.747816","-63.854755","110020505090011","-8.747816","-63.854755","0","24.75431361","1","0",True,NULL
254,"LINHA FRANCISCO BR 364 KM 150",NULL,NULL,"AREA RURAL DE PORTO VELHO",881588,"1559159","RODOVIA  BR 364","66",NULL,"NOVA PORTO VELHO","100.0",NULL,"81.48","100.0","-8.746159","-63.85412","110020505090011","-8.77164","-63.880902","110020505070026","-8.771643000000001","-63.8808545","5.23063872","4085.45386968","1","3830.07015527",False,False
255,"RUA CRISTINA","6386.0",NULL,"IGARAPE",940895,"215073678","RUA  CRISTINA","6386",NULL,"IGARAPE","100.0","100.0","100.0","90.0","-8.7510342","-63.8553698","110020505090015","-8.750748","-63.855583","110020505090015","-8.750748","-63.855583","0","39.51926744","1","0",True,NULL
256,"RUA ALBA","4328.0",NULL,"IGARAPE",940925,"1469822","RUA  ALBA","4328",NULL,"IGARAPE","100.0","100.0","100.0","90.0","-8.749798930000004","-63.8571952","110020505090015","-8.749919","-63.857551","110020505090015","-8.749919","-63.857551","0","41.31925508","1","0",True,NULL
257,"RUA OSVALDO LACERDA","5895.0","CONJUNTO NOVA CAIARI","IGARAPE",776919,"1470737","RUA  OSVALDO LACERDA","5895",NULL,"IGARAPE","100.0","100.0","100.0","90.0","-8.7446457","-63.8628153","110020505090018","-8.744868","-63.862735","110020505090018","-8.744868","-63.862735","0","26.24682984","1","0",True,NULL
258,"RUA PIRITA","8525.0","NOS FUNDO DA IGREJA","TANCREDO NEVES",704905,"217623121","RUA  PIRITA","8526","CASA 2","TANCREDO NEVES","100.0","99.99","100.0","90.0","-8.7636612","-63.8337877","110020505090023","-8.763896","-63.833498","110020505090023","-8.763854","-63.833507499999996","4.78546587","41.1735544","1","0",True,NULL
259,"RUA ENGENHEIRO PAULO PINHEIRO","1616.0",NULL,"TANCREDO NEVES",965155,"1472420","RUA ENGENHEIRO PAULO PINHEIRO","2616",NULL,"TANCREDO NEVES","100.0","61.77","100.0","82.35","-8.762186455","-63.83722787","110020505090024","-8.762106","-63.837248","110020505090024","-8.762106","-63.837248","0","9.21566463","1","0",True,NULL
260,"RUA EDITE FEITOSA","8158.0","ZONA LESTE","TANCREDO NEVES",108243,"1473727","RUA  EDITE FEITOSA","8158",NULL,"TANCREDO NEVES","100.0","100.0","100.0","90.0","-8.7602268","-63.8377136","110020505090029","-8.760039","-63.837888","110020505090029","-8.760039","-63.837888","0","28.34465395","1","0",True,NULL
261,"RUA RAIMUNDO CANTUARIA","7893.0","ZONA LESTE","TIRADENTES",258670,"1474710","AVENIDA  RAIMUNDO CANTUARIA","7893",NULL,"TIRADENTES","100.0","100.0","100.0","90.0","-8.757353","-63.8408539","110020505090032","-8.75758","-63.840795","110020505090032","-8.75758","-63.840795","0","26.0580613","1","0",True,NULL
262,"RUA MARIO ANDREAZZA","8186.0","ZONA LESTE","JUSCELINO KUBITSCHEK",351079,"1475834","RUA  MARIO ANDREAZZA","7859","FRENTE","JUSCELINO KUBITSCHEK","100.0","96.01","100.0","89.2","-8.7732082","-63.8349087","110020505090033","-8.773435","-63.837938","110020505090036","-8.773435","-63.837938","0","333.85589311","1","281.43144066",False,False
263,"RUA BENEDITO INOCENCIO","4846.0","ZONA LESTE","JUSCELINO KUBITSCHEK",418813,"99348859","RUA  BENEDITO INOCENCIO","7906",NULL,"JUSCELINO KUBITSCHEK","100.0","61.3","100.0","82.26","-8.766385400000004","-63.8363006","110020505090042","-8.767531","-63.838864","110020505090039","-8.767531","-63.838864","0","309.16971847","1","239.92048394",False,True
264,"RUA ANTONIO FRAGA MOREIRA","2833.0",NULL,"JK I",941154,"1493726","RUA  ANTONIO FRAGA MOREIRA","2833",NULL,"JUSCELINO KUBITSCHEK","100.0","100.0","25.0","90.0","-8.768461667","-63.83526833","110020505090043","-8.768521","-63.835044","110020505090043","-8.768521","-63.835044","0","25.52039533","1","0",True,NULL
265,"RUA JOSE AMADOR DOS REIS","2938.0",NULL,"JUSCELINO KUBITSCHEK JKI",941247,"1493735","RUA  JOSE AMADOR DOS REIS","2938",NULL,"JUSCELINO KUBITSCHEK","100.0","100.0","100.0","90.0","-8.767723800000002","-63.8365554","110020505090043","-8.767808","-63.836413","110020505090043","-8.767808","-63.836413","0","18.23607754","1","0",True,NULL
266,"RUA CIDADE","2118.0","INEP 11001003","TRES MARIAS",388450,"1494344","RUA  CIDADE","2118",NULL,"TRES MARIAS","100.0","100.0","100.0","90.0","-8.7767874","-63.8541133","110020505090045","-8.776172","-63.85402","110020505090045","-8.776172","-63.85402","0","69.19331234","1","0",True,NULL
267,"RUA GREGORIO ALEGRE","5.0",NULL,"APONIA",93194,"1500938","RUA  GREGORIO ALEGRE","6785",NULL,"APONIA","99.99","0.07","100.0","70.01","-8.7414285","-63.8643211","110020505090056","-8.739737","-63.85527","110020505090064","-8.739764","-63.85527","3.00226715","1012.3749963","1","681.59391505",False,False
268,"RUA ANDREIA","5039.0",NULL,"APONIA",110956,"1502918","RUA  ANDREIA","5444","FUNDOS","APONIA","100.0","92.56","100.0","88.51","-8.742154918000002","-63.85659322","110020505090063","-8.738893","-63.856876","110020505090069","-8.738886999999998","-63.856884","1.10370666","364.03827414","1","197.92653488",False,False
269,"RUA ANDREIA","5692.0","DENTRO DA IGREJA","APONIA",110939,"1502704","RUA  ANDREIA","5692",NULL,"APONIA","100.0","100.0","100.0","90.0","-8.7370026","-63.8569891","110020505090069","-8.736739","-63.85731","110020505090069","-8.7367195","-63.857329","3.01033039","45.85847674","1","0",True,NULL
270,"RUA LUIZ DE CAMOES","5972.0","CONJUNTO OURO PRETO","APONIA",415693,"1394865","RUA  LUIZ VAZ DE CAMOES","385",NULL,"BELA FLORESTA","100.0","6.45","31.58","71.29","-8.734421230000002","-63.86088123","110020505090070","-10.725278","-62.257554","110015505000004","-10.725278","-62.257554","0","282629.53978491","1","281513.44199665",False,False
271,"RUA FRANCISCO DIAS","2590.0",NULL,"LAGOINHA",453658,"100086857","RUA  FRANCISCO DIAS","2590",NULL,"LAGOINHA","100.0","100.0","100.0","90.0","-8.765538","-63.858014","110020505090072","-8.765657","-63.858054","110020505090072","-8.765657","-63.858054","0","13.94327884","1","0",True,NULL
272,"AVENIDA CALAMA","8354.0",NULL,"PLANALTO",680419,"92279167","AVENIDA  CALAMA","8353","FUNDOS","PLANALTO","100.0","99.99","100.0","90.0","-8.7392726","-63.8406414","110020505090080","-8.738908","-63.840678","110020505090105","-8.738908","-63.840678","0","40.74079032","1","4.79139349",False,NULL
273,"RUA GILBERTO FREIRE","7935.0",NULL,"ESPERANCA DA COMUNIDADE",424153,"92280698","RUA  GILBERTO FREIRE","7935",NULL,"TEIXEIRAO","100.0","100.0","25.0","90.0","-8.743565","-63.844438","110020505090083","-8.743615","-63.844415","110020505090080","-8.743615","-63.844415","0","6.1074103","1","0",False,True
274,"RUA SHEILA REGINA","5352.0",NULL,"TEIXEIRAO",350876,"217550924","RUA  SHEILA REGINA","5415","CASA FUNDO","TEIXEIRAO","100.0","98.84","100.0","89.77","-8.746956687000004","-63.84382749","110020505090083","-8.744599","-63.845552","110020505090079","-8.744599","-63.845552","0","323.49680196","1","2.70445589",False,True
275,"RUA LUCIA CARVALHO","5417.0",NULL,"TEIXEIRAO",879532,"1507986","RUA  LUCIA CARVALHO","5398",NULL,"TEIXEIRAO","100.0","99.65","100.0","89.93","-8.746218333","-63.83644333","110020505090086","-8.746493","-63.836159","110020505090085","-8.746493","-63.836159","0","43.69502769","1","0",False,NULL
276,"AVENIDA MAMORE","4968.0","ESCOLA DE POLICIA","ESPERANCA DA COMUNIDADE",908357,"103640362","AVENIDA  MAMORE","4973","APARTAMENTO 1","ESPERANCA DA COMUNIDADE","100.0","99.9","100.0","89.98","-8.7502566","-63.8465047","110020505090090","-8.750265","-63.846795","110020505090003","-8.750265","-63.846804500000005","1.04405816","31.91788934","1","11.54082226",False,True
277,"RUA ASSIS CHATEAUBRIAND","7643.0","ZONA LESTE","ESPERANCA DA COMUNIDADE",40250,"92281660","RUA  ASSIS CHATEAUBRIAND","7658",NULL,"ESCOLA DE POLICIA","100.0","99.8","40.0","89.96","-8.7509673","-63.8447862","110020505090090","-8.75124","-63.844389","110020505090090","-8.75124","-63.844382","0.769304","53.15092566","1","0",True,NULL
278,"AVENIDA JOSE VIEIRA CAULA","6662.0",NULL,"ESPERANCA DA COMUNIDADE",365559,"1507330","AVENIDA  JOSE VIEIRA CAULA","6731","CASA FUNDOS","ESPERANCA DA COMUNIDADE","100.0","98.97","100.0","89.79","-8.749666","-63.8459931","110020505090090","-8.749229","-63.845293","110020505090082","-8.749229","-63.845293","0","91.00132527","1","6.42327045",False,True
279,"RUA AMERICA DO NORTE","2455.0",NULL,"TRES MARIAS",463433,"98519585","RUA  AMERICA DO NORTE","2455",NULL,"TRES MARIAS","100.0","100.0","100.0","90.0","-8.773940400000004","-63.8443966","110020505090101","-8.773997","-63.844328","110020505090101","-8.773997","-63.844328","0","9.82049873","1","0",True,NULL
280,"RUA AMERICA DO SUL","2818.0",NULL,"TRES MARIAS",463499,"1495445","RUA  AMERICA DO SUL","2818",NULL,"TRES MARIAS","100.0","100.0","100.0","90.0","-8.770213330000002","-63.84351956","110020505090101","-8.770218","-63.843692","110020505090101","-8.770218","-63.843692","0","18.95740063","1","0",True,NULL
281,"RUA JOSE AMADOR DOS REIS","1750.0",NULL,"CASCALHEIRA",409552,"92283093","RUA  JOSE AMADOR DOS REIS","1750",NULL,"CASCALHEIRA","100.0","100.0","100.0","90.0","-8.776983333","-63.83432333","110020505090111","-8.776936","-63.834491","110020505090111","-8.776936","-63.834491","0","19.16271465","1","0",True,NULL
282,"RUA RAIMUNDO CANTUARIA",NULL,NULL,"TIRADENTES",692398,"216048705","RUA  RAIMUNDO CANTUARIA","4131",NULL,"TIRADENTES","100.0",NULL,"100.0","100.0","-8.761703004","-63.85923293","110020505090112","-8.758672","-63.84513","110020505090031","-8.758672","-63.8452685","15.220925","1586.10456539","1","1206.00544443",False,False
283,"RUA RAIMUNDO CANTUARIA","6727.0",NULL,"TIRADENTES",466782,"92276227","AVENIDA  RAIMUNDO CANTUARIA","6727",NULL,"TIRADENTES","100.0","100.0","100.0","90.0","-8.7594683","-63.849503","110020505090113","-8.759747","-63.849399","110020505090113","-8.759747","-63.849399","0","33.03052522","1","0",True,NULL
284,"AVENIDA AMAZONAS","6492.0","ZONA LESTE","TIRADENTES",466743,"92276094","AVENIDA  AMAZONAS","6492",NULL,"TIRADENTES","100.0","100.0","100.0","90.0","-8.758459","-63.8540109","110020505090113","-8.758303","-63.85418","110020505090113","-8.758303","-63.85418","0","25.42159416","1","0",True,NULL
285,"RUA DANIELE","2142.0",NULL,"LAGOINHA",895244,"1511261","RUA  DANIELA","2126","BLOCO 1","LAGOINHA","100.0","99.25","100.0","89.85","-8.768722500000004","-63.8498056","110020505090115","-8.768398","-63.849438","110020505090095","-8.768398","-63.849438","0","54.16578443","1","17.66806224",False,NULL
286,"RUA BENEDITO INOCENCIO","6913.0",NULL,"TRES MARIAS",388075,"214985656","RUA  BENEDITO INOCENCIO","6784","CASA A","TRES MARIAS","100.0","98.13","100.0","89.63","-8.76933485","-63.8477936","110020505090122","-8.770179","-63.849473","110020505090045","-8.770151","-63.84951","5.12122361","207.05625084","1","165.40102544",False,False
287,"RUA CATARINA",NULL,NULL,"TEIXEIRAO",923499,"98581764","RUA  CATARINA","0",NULL,"NOVA ESPERANCA","100.0",NULL,"43.48","100.0","-8.74182973","-63.83821267","110020505090137","-8.726917","-63.868824","110020505000141","-8.726917","-63.868824","0","3750.81124606","1","3366.14382665",False,False
288,"RUA INDEPENDENCIA/ ANTIGA TARCILA DO AMARAL","8523.0","ANTIGO TEIXEIRAO","MARINGA",743644,"1508321","RUA  TARSILA DO AMARAL","8611",NULL,"MARINGA","100.0","98.98","100.0","89.8","-8.7444547","-63.8362589","110020505090138","-8.744315","-63.835733","110020505090086","-8.744315","-63.835733","0","59.84886295","1","0",False,True
289,"RUA CARLOS REIS","9317.0","ZONA LESTE","SAO FRANCISCO",342256,"92283931","RUA  CARLOS REIS","9316",NULL,"SAO FRANCISCO","100.0","99.99","100.0","90.0","-8.771356900000002","-63.8242688","110020505100011","-8.771678","-63.824337","110020505100010","-8.771678","-63.824337","0","36.48288153","1","0",False,True
290,"RUA COLATINA","2030.0",NULL,"MARCOS FREIRE",260272,"92284718","RUA  COLATINA","2035",NULL,"MARCOS FREIRE","100.0","99.75","100.0","89.95","-8.781933","-63.805863","110020505100024","-8.7818","-63.806211","110020505100024","-8.7818","-63.806211","0","41.00222318","1","0",True,NULL
291,"RUA COLATINA","2005.0",NULL,"MARCOS FREIRE",260273,"92284719","RUA  COLATINA","2005",NULL,"MARCOS FREIRE","100.0","100.0","100.0","90.0","-8.781322","-63.80616","110020505100024","-8.782241","-63.80624","110020505100024","-8.782241","-63.80624","0","102.56574271","1","0",True,NULL
292,"RUA PALMEIRA",NULL,"LTO. PQ. AMAZONIA","MARCOS FREIRE",329336,"1400815","RUA  PALMEIRA","20",NULL,"JARDIM AEROPORTO","100.0",NULL,"34.48","100.0","-8.772348524","-63.80951014","110020505100030","-10.727049","-62.252475","110015505000025","-10.727058499999998","-62.2525475","7.99089605","276324.47250334","1","274905.60779806",False,False
293,"RUA PAULO FREIRE","2525.0","PARQUE AMAZONIA","MARIANA",165859,"1685333","RUA  PAULO FREIRE","2516",NULL,"SETOR 07","100.0","99.64","13.33","89.93","-8.773172206","-63.80857351","110020505100030","-10.210726","-63.847199","110045205000037","-10.210726","-63.847199","0","159905.02702678","1","158671.54615085",False,False
294,"RUA 05 DE OUTUBRO","1555.0",NULL,"SAO FRANCISCO",570240,"104844196","RUA  5 DE OUTUBRO","1575",NULL,"SAO FRANCISCO","100.0","98.73","100.0","89.75","-8.7828477","-63.8319595","110020505100038","-8.781071","-63.831458","110020505100038","-8.781071","-63.831458","0","205.10301651","1","0",True,NULL
295,"RUA PETROLINA","10804.0",NULL,"MARIANA",327246,"1516961","RUA  PETROLINA","10805",NULL,"MARIANA","100.0","99.99","100.0","90.0","-8.7803559","-63.8102449","110020505100044","-8.77994","-63.810077","110020505100034","-8.77994","-63.810077","0","49.79086509","1","6.74905286",False,True
296,"RUA SAO JOSE","3212.0","BAIXO MADEIRA","SAO JOSE DISTRITO DE CALAMA",295821,"1240210","RUA SAO JOSE","1189",NULL,"SAO JOSE","100.0","37.02","100.0","77.4","-8.023809157000002","-62.87303799","110020515000001","-11.536929","-61.023922","110009805000034","-11.536929","-61.023922","0","440049.27923558","1","436956.3641531",False,False
297,"RUA DO AEROPORTO","135.0","BAIXO RIO MADEIRA","SAO FRANCISCO",839132,"215310387","AEROPORTO  DO AEROPORTO","135","DEPOSITO 1","CALAMA","100.0","100.0","21.05","90.0","-8.03479624","-62.87744276","110020515000002","-8.033521","-62.877065","110020515000002","-8.033521","-62.877065","0","147.77454385","1","0",True,NULL
298,"RUA 13 DE SETEMBRO",NULL,NULL,"FORTALEZA DO ABUNA",738060,"214989474","RUA  TREZE DE SETEMBRO","0","FUNDOS 1","FORTALEZA DO ABUNA","100.0",NULL,"100.0","100.0","-9.779005","-65.526515","110020518000001","-9.782092","-65.52771","110020518000001","-9.7819125","-65.52771","19.95951681","367.38801792","1","0",True,NULL
299,"AVENIDA BELO HORIZONTE","610.0",NULL,"SAO JOSE",75076,"1629020","AVENIDA  BELO HORIZONTE","1868",NULL,"SAO JOSE","100.0","32.66","100.0","76.53","-12.7400388","-60.1574834","110030405000024","-12.740667","-60.157947","110030405000076","-12.740667","-60.157947","0","86.06724337","1","2.77951358",False,True
300,"SANTA CATARINA",NULL,"BAIXO MADEIRA",NULL,24972,"180246991","RUA SANTA CATARINA","3044",NULL,"CAIXA D AGUA","100.0",NULL,"0.0","100.0","-8.234529581","-63.25452274","110020515000013","-11.521012","-61.017154","110009805000003","-11.520061","-61.504481","53096.7404362","440001.06690379","1","438051.58052022",False,False
301,"RUA PRINCIPAL",NULL,"RIO MACHADO",NULL,3404,"180196313","RUA  PRINCIPAL","0",NULL,"VILA CHAPADAO","100.0",NULL,"0.0","100.0","-8.171169000000004","-62.779466","110020516000001","-9.796775","-63.551622","110002305000128","-9.79688","-63.551719","15.78875536","199663.71410575","1","198212.09468769",False,False
302,"SAO JOSE DA PRAIA",NULL,"BAIXO MADEIRA",NULL,291134,"99705997","RUA  DA PRAIA","0",NULL,"NOVA TEOTONIO","100.0",NULL,"0.0","100.0","-8.199899","-62.776311","110020516000002","-8.868697","-64.05334","110020505000091","-8.868873","-64.053452","23.11730495","158902.31698319","1","155083.149778",False,False
303,"RUA GOVERNADOR JORGE TEIXEIRA","1338.0",NULL,"EDIANE MARIA MOREIRA",353931,"1665673","AVENIDA GOVERNADOR JORGE TEIXEIRA","2470",NULL,"PEREIRA E SANTOS","100.0","54.17","38.89","80.83","-9.7026556","-62.9024875","110026205000011","-9.714588","-63.31895","110040305000001","-9.714588","-63.31895","0","45664.63132495","1","45619.99654246",False,False
304,"MONTE SINAI",NULL,"RIO MACHADO",NULL,505032,"92002748","RUA  MONTE SINAI","373",NULL,"JARDIM DAS OLIVEIRAS","100.0",NULL,"0.0","100.0","-8.703214","-62.320375","110020516000003","-11.680864","-61.196257","110018905000022","-11.6799225","-61.1965055","108.1307671","353211.51602722","1","350028.60501843",False,False
305,"RUA ANTONIO OLIMPIO DE LIMA","3238.0",NULL,"CENTRO",572383,"1538036","RUA  ANTONIO OLIMPIO DE LIMA","3410",NULL,"CENTRO","100.0","94.96","100.0","88.99","-9.65677467641389","-65.7359056827293","110020545000006","-9.657383","-65.738855","110020545000012","-9.657383","-65.738855","0","330.30276528","1","36.64705678",False,True
306,"RUA CAMPO GRANDE","582.0",NULL,"TELEACRE",806447,"1523413","RUA  CAMPO GRANDE","1082",NULL,"TELEACRE","100.0","53.79","100.0","80.76","-9.77790709120201","-66.3561460655801","110020517000003","-9.782314","-66.355586","110020517000003","-9.782314","-66.355586","0","493.85473711","1","0",True,NULL
307,"RUA SANTA INES","971.0",NULL,"SAO LUIS",802423,"215232596","RUA SANTA INES","1300",NULL,"SAO LUIS","100.0","74.69","100.0","84.94","-9.773950444","-66.35891808","110020517000001","-9.774443","-66.355518","110020517000002","-9.774443","-66.355518","0","376.58830175","1","252.15888439",False,False
308,"AV PRINCIPAL","540.0",NULL,"CENTRO",163505,"218165959","AVENIDA  PRINCIPAL","165",NULL,"CENTRO","100.0","30.56","100.0","76.11","-9.7724774","-66.3629811","110020517000004","-13.192711","-60.804075","110005605000017","-13.192711","-60.804075","0","715149.61083519","1","714252.4509165",False,False
309,"TRAVESSA DAS ARARAS","246.0","EXTREMA","TANCREDO NEVES",363581,"1461795","RUA  DAS ARARAS","241",NULL,"ELDORADO","100.0","97.97","36.36","89.59","-9.76827678737209","-66.3544744626305","110020517000005","-8.786078","-63.861131","110020505080085","-8.786078","-63.861131","0","294608.72115327","1","293738.46216086",False,False
310,"LINHA 2 KM 34 -TERRA INDIGENA KAXARARI",NULL,"TERRA INDI KAXARARI",NULL,588243,"1559318","RUA  CAPARARI","0",NULL,"NOVA PORTO VELHO","100.0",NULL,"0.0","100.0","-9.530495","-66.371848","110020517000014","-8.774537","-63.874216","110020505070027","-8.774695000000001","-63.8736765","61.83596456","286781.71477156","1","286233.39033392",False,False
311,"AREA RURAL",NULL,NULL,"AREA RURAL DE PORTO VELHO",61985,"100166781","RUA  RURAL","1332","CASA VERDE","TEIXEIRAO","100.0",NULL,"29.41","100.0","-9.73516","-66.040486","110020517000020","-11.423637","-61.431678","110004905000096","-11.423649","-61.431728","5.6105921","537591.72181633","1","524617.64263712",False,NULL
312,"RUA HILARIO MAIA",NULL,"DISTRITO JACI PARANA","NOVA JACI",748095,"215040563","RUA  ILARIO MAIA","724","CASA","JACI PARANA","100.0",NULL,"70.0","100.0","-9.25293634180841","-64.405679712132","110020520000016","-9.253633","-64.405004","110020520000015","-9.2536505","-64.405215","23.23844438","107.23921464","1","1.18379796",False,True
313,"BR 364 KM 128",NULL,"VILA DE JIRAU",NULL,1509,"180194914","RODOVIA  BR 364","521","BARRACAO 1","PROJETO DE ASSENTAMENTO DIRIGIDO BURAREIRO","100.0",NULL,"0.0","100.0","-9.425039","-64.699951","110020520000026","-9.863406","-63.057612","110002305000084","-9.8633685","-63.057612","4.16981549","186520.31648584","1","185681.0278317",False,False
314,"RUA DO ESTADIO",NULL,NULL,"JACANA",814632,"1561087","RUA  DO ESTANHO","4426",NULL,"FLODOALDO PONTES PINTO","100.0",NULL,"14.29","100.0","-9.2590243","-64.4016126","110020520000001","-8.742917","-63.877287","110020505070031","-8.742921","-63.877261","2.89188762","81298.20023716","1","79770.81220468",False,False
315,"RUA JOSE RODRIGUES, S/N, PROXIMO AO ESTADIO DE FUTEBOL.",NULL,"RURAL","JACANA",83306,"216971898","RUA  N","468",NULL,"SAO GERALDO","100.0",NULL,"23.53","100.0","-9.26106150728573","-64.4025380071852","110020520000001","-9.911042","-63.059644","110002305000161","-9.911062","-63.059644","2.22390159","164019.55585236","1","163024.54274814",False,NULL
316,"RUA JOSE PEREIRA",NULL,NULL,"NOVA JACI",748123,"92288369","RUA  JOSE PEREIRA","0",NULL,"JACI PARANA","100.0",NULL,"70.0","100.0","-9.254476","-64.416792","110020520000019","-9.254219","-64.409167","110020520000015","-9.254215","-64.40918500000001","2.02491358","837.31465021","1","358.7381651",False,True
317,"RUA BEM TE VI",NULL,NULL,"JACANA",39142,"91988961","RUA  BEM TE VI","2090",NULL,"UNIAO II","100.0",NULL,"28.57","100.0","-9.2517154","-64.426309","110020520000020","-10.908963","-61.91042","110012205000165","-10.909001","-61.9103485","8.876929","331386.66356301","1","330345.18469797",False,False
318,"RUA PRAINHA",NULL,NULL,"FASE 01",501029,"99649983","RUA  PRAINHA","16",NULL,"NOVA MUTUM","100.0",NULL,"23.53","100.0","-9.294883325","-64.5510924","110020520000021","-9.294654","-64.550802","110020520000021","-9.294632","-64.550802","2.44629175","40.81361886","1","0",True,NULL
319,"AREA RURAL",NULL,"BR 364, KM67 CARACOL","AREA RURAL DE PORTO VELHO",61985,"100166781","RUA  RURAL","1332","CASA VERDE","TEIXEIRAO","100.0",NULL,"29.41","100.0","-9.261411","-64.378489","110020520000008","-11.423637","-61.431678","110004905000096","-11.423649","-61.431728","5.6105921","402118.48768871","1","377869.21097753",False,NULL
320,"ALDEIA PANORAMA",NULL,"BR 364, JACY PARANA,",NULL,535663,"1627354","ALDEIA  ALDEINHA CURRAL","0",NULL,"VILHENA","100.0",NULL,"0.0","100.0","-9.7543487","-64.3178285","110020520000031","-11.670905","-60.189408","110030405000114","-11.670935","-60.189388","3.9838754","498845.83788791","1","498723.67606253",False,NULL
321,"AVENIDA DOS IMIGRANTES, DISTRITO UNIAO BANDEIRANTES",NULL,NULL,"CENTRO",350400,"105460479","LINHA  UNIAO BANDEIRANTES","0",NULL,"UNIAO BANDEIRANTES","100.0",NULL,"33.33","100.0","-9.7014263","-64.53316889","110020525000017","-9.702684","-64.51774","110020525000016","-9.702682","-64.517358","41.86950901","1696.85177381","1","1179.06887474",False,True
322,"RUA CEREJEIRA","1570.0","SETOR 03","VILA BAIANA",418183,"1198356","RUA  CEREJEIRA","1567",NULL,"SETOR 01","100.0","99.81","10.53","89.96","-9.7088562","-62.8988051","110026205000012","-9.917427","-63.037323","110002305000003","-9.917427","-63.037323","0","27716.72242058","1","27391.20672227",False,False
323,"AV. GOV. OSVALDO PIANA FILHO","1751.0","CENTRO","SETOR 01",856701,"92296116","RUA  OSVALDO PIANA FILHO","1751",NULL,"SETOR 01","100.0","100.0","100.0","90.0","-9.7038017","-62.8986512","110026205000012","-9.703849","-62.89905","110026205000001","-9.703849","-62.89905","0","44.0254205","1","0",False,NULL
324,"RUA PAULISTA","55.0","BAIXO MADEIRA","DISTRITO DE NAZARE - PORTO",599277,"1534147","RUA  PAULISTA","55",NULL,"NAZARE","100.0","100.0","100.0","90.0","-8.152111700000004","-63.3214651","110020530000001","-8.152338","-63.321128","110020530000001","-8.152338","-63.321128","0","44.83286749","1","0",True,NULL
325,"RUA PRINCIPAL",NULL,"BAIXO MADEIRA",NULL,3404,"180196313","RUA  PRINCIPAL","0",NULL,"VILA CHAPADAO","100.0",NULL,"0.0","100.0","-8.157699457","-63.32147433","110020530000001","-9.796775","-63.551622","110002305000128","-9.79688","-63.551719","15.78875536","184001.58726395","1","182044.63402015",False,False
326,"RUA CAFELANDIA",NULL,NULL,"DISTRITO NOVA CALIFORNIA",777935,"216720007","RUA  CAFELANDIA","48601",NULL,"NOVA CALIFORNIA","100.0",NULL,"100.0","100.0","-9.7572347","-66.61373571","110020535000001","-9.755939","-66.614919","110020535000003","-9.75593","-66.614919","1.00075572","193.83710464","1","85.78328552",False,True
327,"BR 319 KM 46 SENTIDO HUMAITA",NULL,"ZONA RURAL","ZONA RURAL",425579,"180301907","RODOVIA  BR 319","0",NULL,"RODOVIA BR 319","100.0",NULL,"33.33","100.0","-7.997102","-63.343708","110020530000002","-8.352231","-63.871549","110020505000064","-8.3518405","-63.871509","43.64410303","70246.6587935","1","47241.36912108",False,False
328,"RUA SOBRAL","394.0","PREDIO","CENTRO",387710,"1461139","RUA  SOBRAL","2027",NULL,"AEROCLUBE","100.0","19.44","40.0","73.89","-9.7592463","-66.617363","110020535000003","-8.803988","-63.862154","110020505080112","-8.803988","-63.862154","0","320465.67577141","1","319740.10312024",False,NULL
329,"RUA PE CHIQUINHO",NULL,"ZONA RURAL","CENTRO",906148,"215565056","ACESSO  PE DE CEDRO","0",NULL,"JARDIM SANTANA","100.0",NULL,"20.0","100.0","-8.438411239000002","-63.50011163","110020540000001","-8.754791","-63.787445","110020505000085","-8.754791","-63.788015","62.64272762","47282.32940518","1","46141.93468524",False,False
330,"RUA PADRE CHIQUINHO","196.0","BAIXO MADEIRA","CENTRO",70524,"1342977","RUA PADRE CHIQUINHO","811",NULL,"PEDRINHAS","100.0","24.17","26.67","74.83","-8.437574431","-63.49947394","110020540000001","-8.748295","-63.909278","110020505060031","-8.748295","-63.909278","0","56778.89645191","1","55565.49217148",False,False
331,"RUA JUSTINO LUIZ RONCONI","2122.0",NULL,"SETOR 01",202004,"1695530","RUA  JUSTINO LUIS RONCONI","2122",NULL,"CENTRO","100.0","100.0","42.86","90.0","-10.26312537","-63.29858428","110140105000002","-10.262926","-63.29884","110140105000002","-10.262926","-63.29884","0","35.69783207","1","0",True,NULL
332,"RUA JUSTINO LUIZ RONCONI","2080.0","SETOR 01","SETOR 01",202003,"1695529","RUA  JUSTINO LUIS RONCONI","2080",NULL,"CENTRO","100.0","100.0","42.86","90.0","-10.26353604","-63.2989815","110140105000002","-10.263435","-63.299072","110140105000002","-10.263435","-63.299072","0","14.97600861","1","0",True,NULL
333,"AV. GOVERNADOR JORGE TEIXEIRA","3170.0",NULL,"SETOR BELA VISTA",25335,"180253694","RUA GOVERNADOR JORGE TEIXEIRA","3489",NULL,"VISTA ALEGRE","93.38","90.86","64.29","83.54","-10.26045","-63.297936","110140105000002","-11.540867","-61.01358","110009805000033","-11.540867","-61.01358","0","287195.18553867","1","286832.3957888",False,NULL
334,"AVENIDA RIO ABUNA",NULL,"VISTA ALEGRE DO ABUN","CENTRO",696788,"220226493","RUA  ABUNA","334",NULL,"CENTRO","100.0",NULL,"100.0","100.0","-9.65721718","-65.74720348","110020545000012","-9.77466","-66.360741","110020517000001","-9.774739","-66.36054","23.71285814","68500.11831974","1","67839.59340926",False,False
335,"RUA ANA NERI","6361.0",NULL,"ALTO ALEGRE",820440,"1614238","RUA  ANA NERI","6332",NULL,"ALTO ALEGRE","100.0","99.54","100.0","89.91","-12.732246","-60.1129982","110030405000077","-12.732457","-60.113301","110030405000021","-12.732457","-60.113301","0","40.36168774","1","2.15544571",False,True
336,"AV JI-PARANA","1191.0",NULL,"CENTRO",670740,"1538116","AVENIDA  JI PARANA","1191",NULL,"CENTRO","100.0","100.0","100.0","90.0","-11.17308299","-61.90759294","110025405000001","-11.172992","-61.907343","110025405000001","-11.172992","-61.907343","0","29.08204555","1","0",True,NULL
337,"RUA SANTOS DUMONT","3665.0",NULL,"LINO ALVES TEIXEIRA",38482,"92293612","RUA  SANTOS DUMONT","3665",NULL,"LINO ALVES TEIXEIRA","100.0","100.0","100.0","90.0","-11.17069121","-61.89538473","110025405000043","-11.170816","-61.895657","110025405000011","-11.170816","-61.895657","0","32.78297264","1","0",False,NULL
338,"RUA VALDEMAR FERNANDES DA SILVA","3532.0","ESCOLA","LINO ALVES TEIXEIRA",38586,"92293894","RUA  VALDEMAR FERNANDES DA SILVA","3532",NULL,"LINO ALVES TEIXEIRA","100.0","100.0","100.0","90.0","-11.1722854","-61.8968007","110025405000043","-11.171884","-61.896608","110025405000011","-11.171884","-61.896608","0","49.33619417","1","0",False,NULL
339,"AVENIDA MACAPA","1077.0","ESCOLA","CUNHA E SILVA",238490,"101238895","AVENIDA  MACAPA","1087",NULL,"CUNHA E SILVA","100.0","99.08","100.0","89.82","-11.1744262","-61.9081967","110025405000004","-11.174262","-61.908167","110025405000004","-11.174262","-61.908167","0","18.54345965","1","0",True,NULL
340,"AV. JI-PARANA","1480.0","PREDIO","CENTRO",840624,"1539816","AVENIDA  JI PARANA","1473",NULL,"CENTRO","100.0","99.53","100.0","89.91","-11.170541","-61.90703","110025405000006","-11.170587","-61.907333","110025405000006","-11.170534499999999","-61.907314","6.19477475","33.4472277","1","0",True,NULL
341,"AV. PORTO VELHO","1445.0",NULL,"CENTRO",223931,"215039694","RUA  PORTO VELHO","1449","CASA FUNDO","CENTRO","100.0","99.72","100.0","89.94","-11.17108255","-61.90637211","110025405000006","-10.915111","-62.552552","110143505000001","-10.915111","-62.552552","0","76048.73481861","1","75740.73127238",False,False
342,"AV DOM BOSCO","1767.0","ESCOLA","CENTRO",839457,"1540035","AVENIDA DOM BOSCO","1767",NULL,"CENTRO","100.0","100.0","100.0","90.0","-11.16818446","-61.90546622","110025405000007","-11.168271","-61.905046","110025405000007","-11.168271","-61.905046","0","46.84062493","1","0",True,NULL
343,"RUA OTAVIO RODRIGUES DE MATOS","2187.0","ESCOLA","ERNANDES GONCALVES",775889,"1542407","RUA  OTAVIO RODRIGUES DE MATOS","2187",NULL,"ERNANDES GONCALVES","100.0","100.0","100.0","90.0","-11.1689364","-61.9092358","110025405000051","-11.169158","-61.909331","110025405000016","-11.169158","-61.909331","0","26.73994118","1","0",False,NULL
344,"RUA CARLOS GOMES","2251.0",NULL,"CUNHA E SILVA",76573,"92293901","RUA  CARLOS GOMES","2251",NULL,"CUNHA E SILVA","100.0","100.0","100.0","90.0","-11.1796809","-61.9085391","110025405000059","-11.180001","-61.908429","110025405000013","-11.180001","-61.908429","0","37.56523261","1","0",False,NULL
345,"RUA MARINGA","2340.0","ESCOLA","CUNHA E SILVA",297422,"92293902","RUA  MARINGA","2340",NULL,"CUNHA E SILVA","100.0","100.0","100.0","90.0","-11.1787172","-61.9076277","110025405000059","-11.178563","-61.907759","110025405000013","-11.178563","-61.907759","0","22.34146181","1","2.49918797",False,NULL
346,"AVENIDA BELEM","5796.0",NULL,"PLANALTO",532376,"92296793","AVENIDA  BELEM","5796",NULL,"PLANALTO","100.0","100.0","100.0","90.0","-11.7144378","-61.7853605","110028805000004","-11.714627","-61.784729","110028805000004","-11.714627","-61.784729","0","71.90370196","1","0",True,NULL
347,"RUA PADRE ROMANO","818.0","DISTRITO DE ESTRELA","BAIRRO",797443,"91992210","RUA PADRE ROMANO","817",NULL,"NOVA COLINA","100.0","99.88","23.53","89.98","-11.3045382","-61.7814927","110025415000001","-10.789355","-61.693103","110012220000001","-10.789355","-61.693103","0","58092.33271282","1","57325.37305349",False,False
348,"LINHA 140,SETOR LEITAO ,LOTE 06",NULL,NULL,NULL,562096,"1628265","LINHA  146","20","SITIO","KAPA 146","100.0",NULL,"0.0","100.0","-11.1603489657864","-61.71032904647289","110025415000005","-12.801191","-60.215448","110030405000067","-12.797342","-60.297293499999995","8884.99560806","244390.67134285","1","232518.10643848",False,False
349,"RUA RIO MADEIRA","4807.0","PREDIO","CENTRO",773502,"1551210","RUA  RIO MADEIRA","4807",NULL,"CENTRO","100.0","100.0","100.0","90.0","-11.7236169","-61.7818368","110028805000007","-11.723637","-61.781703","110028805000007","-11.723637","-61.781703","0","14.73799188","1","0",True,NULL
350,"AVENIDA FORTALEZA","5550.0",NULL,"CENTRO",773089,"1551212","AVENIDA  FORTALEZA","5550",NULL,"CENTRO","100.0","100.0","100.0","90.0","-11.7238867","-61.783111","110028805000007","-11.724185","-61.783106","110028805000007","-11.724185","-61.783106","0","33.17395913","1","0",True,NULL
351,"AVENIDA FORTALEZA","5456.0",NULL,"CENTRO",773088,"1551211","AVENIDA  FORTALEZA","5456",NULL,"CENTRO","100.0","100.0","100.0","90.0","-11.7242389","-61.7822581","110028805000007","-11.724192","-61.782276","110028805000007","-11.724192","-61.782276","0","5.56729906","1","0",True,NULL
352,"RUA PEDRO JAQUEIRA","938.0","DISTRITO","CENTRO",541347,"1544704","RUA  PEDRO JAQUEIRA","938",NULL,"NOVO RIACHUELO","100.0","100.0","30.0","90.0","-11.0836555","-61.6586221","110025420000001","-11.083937","-61.659688","110025420000001","-11.083937","-61.659688","0","120.4502746","1","0",True,NULL
353,"RUA NATALINO ROSSI JAVARINI","1062.0","BR 364 - KM 22","CENTRO",400889,"1545534","AVENIDA  NATALINO R JAVARINI","1062",NULL,"BANDEIRA BRANCA","100.0","100.0","19.05","90.0","-11.07870187","-61.9205139","110025425000001","-11.078233","-61.920705","110025425000001","-11.078233","-61.920705","0","56.15185215","1","0",True,NULL
354,"6ª LINHA, GLEBA 02, LOTE 42-A",NULL,"AREA RURAL",NULL,151332,"1682297","TRAVESSA  GLEBA 2","52",NULL,"PA REVIVER","100.0",NULL,"0.0","100.0","-11.0824688477442","-62.1132263448089","110025430000007","-10.169362","-63.942605","110045205000025","-10.169391","-63.942597","3.34141664","224231.54038034","1","221749.87138782",False,False
355,"ASSENTAMENTO CHICO MENDES 4 LINHA AGROVILA III",NULL,"ASSENTAMENTO",NULL,28596,"1302084","RUA  CHICO MENDES","834",NULL,"PARQUE SAO PEDRO","100.0",NULL,"0.0","100.0","-11.2833919096738","-61.984884403646","110025430000003","-10.861778","-61.94011","110012205000009","-10.8618305","-61.940169","8.69431757","47135.31532462","1","33455.22625596",False,False
356,"6ª LINHA ASSENTAMENTO CHICO MENDES III AGROVILA 08",NULL,NULL,"ZONA RURAL",28596,"1302084","RUA  CHICO MENDES","834",NULL,"PARQUE SAO PEDRO","100.0",NULL,"38.46","100.0","-11.2716557","-62.1315063","110025430000005","-10.861778","-61.94011","110012205000009","-10.8618305","-61.940169","8.69431757","50134.35311126","1","40048.86603343",False,False
357,"RUA TOCANTINS","4787.0",NULL,"CENTRO",215487,"1551137","RUA  TOCANTINS","4706",NULL,"CENTRO","100.0","98.31","100.0","89.66","-11.7237446","-61.7842444","110028805000001","-11.72282","-61.783573","110028805000006","-11.72282","-61.783573","0","126.14899752","1","12.71753561",False,True
358,"AVENIDA JOAO PESSOA","4271.0","EDIFICIO","CENTRO",682770,"1552343","AVENIDA  JOAO PESSOA","4271",NULL,"CENTRO","100.0","100.0","100.0","90.0","-11.7205871","-61.7713712","110028805000010","-11.720437","-61.771446","110028805000010","-11.720437","-61.771446","0","18.57129968","1","0",True,NULL
359,"AVENIDA MACEIO","4665.0",NULL,"CENTRO",558118,"1553649","AVENIDA  MACEIO","4665",NULL,"CENTRO","100.0","100.0","100.0","90.0","-11.7282809","-61.7752636","110028805000013","-11.728078","-61.77507","110028805000013","-11.728078","-61.77507","0","30.8755566","1","0",True,NULL
360,"AVENIDA PORTO VELHO","4816.0",NULL,"CENTRO",558253,"1553698","AVENIDA  PORTO VELHO","4816",NULL,"CENTRO","100.0","100.0","100.0","90.0","-11.7297155","-61.7764958","110028805000013","-11.729825","-61.776365","110028805000013","-11.729825","-61.776365","0","18.73622314","1","0",True,NULL
361,"AVENIDA GOIANIA","5557.0",NULL,"CENTRO",40707,"1553283","AVENIDA  GOIANIA","4550",NULL,"CENTRO","100.0","81.88","100.0","86.38","-11.732689","-61.7832899","110028805000014","-11.732911","-61.773968","110028805000012","-11.732911","-61.773968","0","1015.19249869","1","462.56716149",False,False
362,"TRAVESSA RELIQUIA","4560.0",NULL,"OLIMPICO",676804,"1554853","TRAVESSA  RELIQUIA","4561",NULL,"OLIMPICO","100.0","99.98","100.0","90.0","-11.7088839","-61.7735966","110028805000017","-11.709403","-61.773934","110028805000017","-11.709403","-61.773934","0","68.42022163","1","0",True,NULL
363,"RUA RONDONIA","4278.0",NULL,"CENTENARIO",87103,"1556095","RUA  RONDONIA","4278",NULL,"CENTENARIO","100.0","100.0","100.0","90.0","-11.7193195","-61.762567","110028805000021","-11.718782","-61.762913","110028805000021","-11.718782","-61.762913","0","70.64899827","1","0",True,NULL
364,"RUA RONDONIA","4285.0",NULL,"CENTENARIO",87103,"1556095","RUA  RONDONIA","4278",NULL,"CENTENARIO","100.0","99.84","100.0","89.97","-11.719619","-61.763167","110028805000023","-11.718782","-61.762913","110028805000021","-11.718782","-61.762913","0","97.09204775","1","3.31383605",False,True
365,"AV ARACAJU","3277.0",NULL,"JARDIM TROPICAL",879881,"1478476","AVENIDA  ARACAJU","3282",NULL,"JARDIM TROPICAL","100.0","99.85","100.0","89.97","-11.7275003","-61.7624952","110028805000024","-11.726943","-61.762394","110028805000024","-11.726943","-61.762394","0","62.94089813","1","0",True,NULL
366,"RUA RIO VERDE","6480.0",NULL,"BEIRA RIO",478389,"1480175","RUA  RIO VERDE","6480",NULL,"BEIRA RIO","100.0","100.0","100.0","90.0","-11.7390455","-61.7704037","110028805000029","-11.739535","-61.770664","110028805000029","-11.739535","-61.770664","0","61.36533429","1","0",True,NULL
367,"RUA POETA AUGUSTO DOS ANJOS","4060.0",NULL,"BEIRA RIO",478244,"1480174","AVENIDA POETA AUGUSTO DOS ANJOS","4060",NULL,"BEIRA RIO","100.0","100.0","100.0","90.0","-11.7392817","-61.76974","110028805000029","-11.739489","-61.769449","110028805000029","-11.739489","-61.769449","0","39.17931849","1","0",True,NULL
368,"AVENIDA SAO PAULO","4679.0",NULL,"BEIRA RIO",727778,"1480771","AVENIDA SAO PAULO","4679",NULL,"BEIRA RIO","100.0","100.0","100.0","90.0","-11.7361221","-61.7754013","110028805000031","-11.735927","-61.775277","110028805000031","-11.735927","-61.775277","0","25.56888985","1","0",True,NULL
369,"RUA OURO PRETO","6807.0",NULL,"BOA ESPERANCA",368619,"1482500","RUA  OURO PRETO","6807",NULL,"BOA ESPERANCA","100.0","100.0","100.0","90.0","-11.7418327","-61.790559","110028805000037","-11.741764","-61.790314","110028805000037","-11.741764","-61.790314","0","27.74509552","1","0",True,NULL
370,"RUA TOCANTINS","5884.0",NULL,"BOA ESPERANCA",684646,"1483087","RUA  TOCANTINS","5884",NULL,"BOA ESPERANCA","100.0","100.0","100.0","90.0","-11.7335613","-61.7834291","110028805000039","-11.733512","-61.783746","110028805000039","-11.733512","-61.783746","0","34.93418715","1","0",True,NULL
371,"RUA CARLOS CHAGAS","5217.0","PROXIMO AO CREA","SAO CRISTOVAO",231466,"1656418","RUA  CARLOS CHAGAS","5431",NULL,"CIDADE ALTA","100.0","96.06","33.33","89.21","-11.727689","-61.7940806","110028805000042","-11.35002","-62.29682","110034605000012","-11.35002","-62.29682","0","69018.61435279","1","68599.74422513",False,NULL
372,"AV. MACAPA","6253.0","PREDIO","SAO CRISTOVAO",774420,"1484620","AVENIDA  MACAPA","6253",NULL,"SAO CRISTOVAO","100.0","100.0","100.0","90.0","-11.729274","-61.7896372","110028805000043","-11.729001","-61.789666","110028805000043","-11.729001","-61.789666","0","30.51776534","1","0",True,NULL
373,"RUA CAPIBARIBE","5431.0",NULL,"SAO CRISTOVAO",774566,"215459721","RUA  CAPIBARIBE","5431",NULL,"SAO CRISTOVAO","100.0","100.0","100.0","90.0","-11.7294669","-61.7885783","110028805000043","-11.729303","-61.788117","110028805000043","-11.729303","-61.788117","0","53.42766709","1","0",True,NULL
374,"RUA DAS VIOLETAS","6829.0",NULL,"BOM JARDIM",261173,"1485242","RUA  DAS VIOLETAS","6829",NULL,"BOM JARDIM","100.0","100.0","100.0","90.0","-11.7419537","-61.7955749","110028805000045","-11.741893","-61.795294","110028805000045","-11.741893","-61.795294","0","31.31707397","1","0",True,NULL
375,"LINHA 176 NORTE KM 0.3",NULL,NULL,"ZONA RURAL",477919,"1489323","LINHA  176 NORTE","2","CHACARA 2 E MEIO","LINHA 176 NORTE","100.0",NULL,"24.0","100.0","-11.72323735","-61.85075048","110028805000061","-11.702602","-61.851755","110028805000061","-11.703537","-61.851192","120.69418616","2297.15456354","1","0",True,NULL
376,"RODOVIA RO 010",NULL,NULL,"ZONA RURAL",18798,"109351299","RODOVIA  RO 010","2196",NULL,"CENTENARIO","100.0",NULL,"20.0","100.0","-11.72607465","-61.65875039","110028805000062","-11.725634","-61.751687","110028805000078","-11.725636000000002","-61.75175","6.8627078","10118.55225969","1","6974.79174737",False,NULL
377,"AVENIDA CECILIA MEIRELES","5866.0","COLEGIO","CIDADE ALTA",271406,"1486066","AVENIDA  CECILIA MEIRELES","5866",NULL,"CIDADE ALTA","100.0","100.0","100.0","90.0","-11.7176453","-61.7990132","110028805000094","-11.717703","-61.79932","110028805000094","-11.717703","-61.79932","0","34.01429437","1","0",True,NULL
378,"AVENIDA AV. CECILIA MEIRELES","5794.0",NULL,"CIDADE ALTA",271405,"1486065","AVENIDA  CECILIA MEIRELES","5794",NULL,"CIDADE ALTA","100.0","100.0","100.0","90.0","-11.71820717","-61.79928954","110028805000094","-11.718227","-61.799342","110028805000094","-11.718227","-61.799342","0","6.12256","1","0",True,NULL
379,"AVENIDA ARARIBOIA","2892.0","DIST. NOVA ESTRELA","CENTRO",610505,"92300469","AVENIDA  ARARIBOIA","2892",NULL,"NOVA ESTRELA","100.0","100.0","44.44","90.0","-11.7275409","-61.54864304","110028805000085","-11.727433","-61.548978","110028805000085","-11.727433","-61.548978","0","38.39135043","1","0",True,NULL
380,"AV. SAO BENTO","3572.0",NULL,"DISTRITO DE NOVA ESTRELA",56604,"92300303","AVENIDA SAO BENTO","3572",NULL,"NOVA ESTRELA","100.0","100.0","100.0","90.0","-11.7248911","-61.554369","110028805000086","-11.725137","-61.554511","110028805000086","-11.725137","-61.554511","0","31.41100847","1","0",True,NULL
381,"AVENIDA CECILIA MEIRELES","5666.0",NULL,"CIDADE ALTA",268906,"1486938","AVENIDA  CECILIA MEIRELES","5665","PREDIO","CIDADE ALTA","100.0","99.98","100.0","90.0","-11.719489","-61.799173","110028805000093","-11.71937","-61.799493","110028805000089","-11.71937","-61.799493","0","37.26880804","1","9.8689749",False,NULL
382,"AVENIDA RECIFE","6151.0",NULL,"CENTRO",500796,"1551064","AVENIDA  RECIFE","4944","FUNDOS","CENTRO","100.0","80.38","100.0","86.08","-11.7224542","-61.7884588","110028805000114","-11.722212","-61.7776","110028805000006","-11.722212","-61.7776","0","1182.56898874","1","1119.42753634",False,False
383,"RUA BARAO DO RIO BRANCO",NULL,"AO LADO DO CAMPO","CENTRO",239762,"92307387","AVENIDA BARAO DO RIO BRANCO","4177",NULL,"CENTRO","100.0",NULL,"100.0","100.0","-11.90896004","-61.77548476","110029605000002","-12.744582","-60.135936","110030405000043","-12.744588","-60.136085","16.17364871","200885.18982798","1","200024.6268427",False,False
384,"RUA VALDEBETO JOSE DE OLIVEIRA","2000.0","ESCOLA RONALDO","SAUDE",961488,"215207986","RUA  VALDEBETO JOSE DE OLIVEIRA","1918",NULL,"SAUDE","100.0","95.9","100.0","89.18","-11.909735","-61.77339333","110029605000002","-11.910916","-61.773373","110029605000002","-11.910916","-61.773373","0","131.34001631","1","0",True,NULL
385,"AVENIDA TANCREDO NEVES","2221.0",NULL,"CENTRO",571593,"215253720","AVENIDA  TANCREDO NEVES","2224",NULL,"CENTRO","100.0","99.87","100.0","89.97","-11.9087923","-61.7792748","110029605000004","-12.556178","-60.903623","110092405000001","-12.556178","-60.903623","0","119318.20682428","1","118962.71109683",False,NULL
386,"RUA VANDERLEI DALA COSTA","2635.0",NULL,"CENTRO",139706,"1493287","RUA  VANDERLEI DALLA COSTA","2635",NULL,"CENTRO","100.0","100.0","100.0","90.0","-11.9051553","-61.77848443","110029605000005","-11.905121","-61.778751","110029605000005","-11.905121","-61.778751","0","29.25339852","1","0",True,NULL
387,"AVENIDA SENADOR OLAVO PIRES","2357.0",NULL,"CENTRO",139751,"1493382","AVENIDA SENADOR OLAVO PIRES","2357",NULL,"CENTRO","100.0","100.0","100.0","90.0","-11.90264","-61.7810287","110029605000005","-11.902606","-61.781048","110029605000005","-11.902606","-61.781048","0","4.32468069","1","0",True,NULL
388,"RUA 7 DE SETEMBRO","2744.0",NULL,"CENTRO",139459,"180374618","RUA  SETE DE SETEMBRO","2744",NULL,"CENTRO","100.0","100.0","100.0","90.0","-11.9037697","-61.7845132","110029605000005","-11.903714","-61.784496","110029605000005","-11.08045","-62.541038","123190.37899778","6.47012346","1","0",True,NULL
389,"RUA NELSON TREMEA","628.0",NULL,"CENTRO S-01",841163,"1610251","RUA  NELSON TREMEIA","628",NULL,"CENTRO","100.0","100.0","100.0","90.0","-12.7420567","-60.15002804","110030405000012","-12.742015","-60.149879","110030405000012","-12.742015","-60.149879","0","16.81628736","1","0",True,NULL
390,"AVENIDA AVENIDA LEOPOLDO PEREZ","2550.0",NULL,"CENTRO S-01",841331,"1610286","AVENIDA  LEOPOLDO PEREZ","2550",NULL,"CENTRO","100.0","100.0","100.0","90.0","-12.7425111","-60.1517111","110030405000012","-12.742187","-60.15167","110030405000012","-12.742187","-60.15167","0","36.31295595","1","0",True,NULL
391,"AVENIDA 15 DE NOVEMBRO","2579.0","QUADRA 94 SETOR 01","CENTRO S-01",841363,"1610366","AVENIDA  15 DE NOVEMBRO","2580",NULL,"CENTRO","100.0","99.96","100.0","89.99","-12.7435392","-60.1522055","110030405000012","-12.743899","-60.152073","110030405000012","-12.6478155","-60.5274115","42093.81126336","42.51056392","1","0",True,NULL
392,"AVENIDA LIBERDADE","3950.0","TERREO","CENTRO S-01",866391,"1604976","AVENIDA  LIBERDADE","3950",NULL,"CENTRO","100.0","100.0","100.0","90.0","-12.7433736","-60.1385441","110030405000001","-12.743048","-60.138509","110030405000001","-12.743048","-60.138509","0","36.40470275","1","0",True,NULL
393,"AVENIDA BENNO LUIZ GRAEBIN","5.0","JARDIM ELDORADO","BNH",249181,"1611293","AVENIDA  BENNO LUIZ GRAEBIN","6","FRENTE","JARDIM ELDORADO","100.0","83.33","0.0","86.67","-12.7368771","-60.118596","110030405000017","-12.735986","-60.120561","110030405000014","-12.735986","-60.120561","0","235.02988131","1","138.07243951",False,True
394,"AVENIDA AVENIDA TIRADENTES","265.0","PREDIO ESCOLAR","SETOR INDUSTRIAL",930074,"1570873","AVENIDA  TIRADENTES","3311",NULL,"INDUSTRIAL","100.0","8.0","100.0","71.6","-12.7476817","-60.1201725","110030405000025","-8.743464","-63.884067","110020505070060","-8.743464","-63.884067","0","606006.44461639","1","604374.92736773",False,False
395,"AVENIDA JURACI CORREIA MULLER","6884.0",NULL,"SAO PAULO",560997,"1616823","AVENIDA  JURACI CORREIA MULLER","6884",NULL,"PARQUE SAO PAULO","100.0","100.0","100.0","90.0","-12.7377487","-60.1094581","110030405000029","-12.737577","-60.109442","110030405000029","-12.737577","-60.109442","0","19.1718823","1","0",True,NULL
396,"RUA NOVECENTOS E SETE","2078.0",NULL,"BOA ESPERANCA",344727,"1618781","RUA  907","2083",NULL,"NOVA ESPERANCA","100.0","99.76","88.89","89.95","-12.7266106708094","-60.1111048367434","110030405000034","-12.726263","-60.111435","110030405000034","-12.726263","-60.111435","0","52.69668103","1","0",True,NULL
397,"RUA RUA NOVECENTOS E DEZENOVE","2332.0","COHAB","ARIPUANA",878217,"1618974","RUA  919","2332",NULL,"NOVA ESPERANCA","100.0","100.0","36.36","90.0","-12.7253555","-60.1062277","110030405000035","-12.725314","-60.106211","110030405000035","-12.725314","-60.106211","0","4.95736504","1","0",True,NULL
398,"RUA JOSIAS ANTONIO DA SILVA","1465.0",NULL,"JARDIM OLIVEIRAS",613679,"92305905","RUA  JOSIAS ANTONIO DA SILVA","1465",NULL,"JARDIM DAS OLIVEIRAS","100.0","100.0","100.0","90.0","-12.7244817","-60.1376295","110030405000038","-12.725497","-60.137614","110030405000038","-12.725497","-60.137614","0","112.90888146","1","0",True,NULL
399,"RUA JOSIAS ANTONIO DA SILVA","1415.0","SHIRLEY CERUTI","JARDIM DAS OLIVEIRAS",626176,"97986247","RUA  JOSIAS ANTONIO DA SILVA","1386",NULL,"JARDIM DAS OLIVEIRAS","100.0","97.95","100.0","89.59","-12.72593","-60.1378501","110030405000038","-12.726259","-60.137719","110030405000082","-12.726259","-60.137719","0","39.24952434","1","5.47899649",False,True
400,"AVENIDA RIO GRANDE DO SUL","4641.0",NULL,"PARQUE INDUSTRIAL NOVO TEMP",803939,"1631811","AVENIDA  RIO GRANDE DO SUL","4250",NULL,"PARQUE INDUSTRIAL NOVO TEMPO","100.0","91.58","98.18","88.32","-12.7193245","-60.129276","110030405000039","-12.719472","-60.129628","110030405000083","-12.719414","-60.1298855","28.66501639","41.55389612","1","1.96514283",False,True
401,"RUA ARLINDO REBELATO","6344.0","SETOR 23","JARDIM AMERICA",59292,"215065297","RUA  ARLINDO MOREIRA","4485",NULL,"CENTRO","98.46","70.7","20.0","83.06","-12.722125","-60.1102195","110030405000041","-9.727624","-63.316672","110040305000031","-9.727624","-63.316672","0","482850.10473616","1","481758.8814131",False,False
402,"RUA RUA DOMINGOS LINHARES","450.0","PREDIO","CENTRO S-01",239932,"92307397","RUA  DOMINGUES LINHARES","450",NULL,"CENTRO","100.0","100.0","100.0","90.0","-12.7442659","-60.1364149","110030405000043","-12.744209","-60.136179","110030405000043","-12.744209","-60.136179","0","26.35542077","1","0",True,NULL
403,"AV. CAPITAO CASTRO","4807.0","PREDIO TEMPORARIO","CENTRO S-01",842548,"1608108","AVENIDA CAPITAO CASTRO","4807",NULL,"CENTRO","100.0","100.0","100.0","90.0","-12.7441101","-60.13714","110030405000043","-12.744235","-60.130386","110030405000008","-12.744235","-60.130386","0","732.64186764","1","360.92139418",False,True
404,"AVENIDA AVENIDA BRIGADEIRO EDUARDO GOMES","1425.0",NULL,"BELA VISTA",208348,"215098134","AVENIDA BRIGADEIRO EDUARDO GOMES","1425",NULL,"BELA VISTA","100.0","100.0","100.0","90.0","-12.7308169","-60.1205395","110030405000044","-12.730739","-60.120498","110030405000044","-12.730739","-60.120498","0","9.76177693","1","0",True,NULL
405,"AVENIDA AVENIDA BRIGADEIRO EDUARDO GOMES","1425.0",NULL,"BELA VISTA",208348,"215098134","AVENIDA BRIGADEIRO EDUARDO GOMES","1425",NULL,"BELA VISTA","100.0","100.0","100.0","90.0","-12.7309009","-60.1210083","110030405000044","-12.730739","-60.120498","110030405000044","-12.730739","-60.120498","0","58.2020487","1","0",True,NULL
406,"AVENIDA LILIANA GONZAGA","1265.0",NULL,"BELA VISTA",208229,"1623016","AVENIDA  LILIANA GONZAGA","1284",NULL,"BELA VISTA","100.0","98.52","100.0","89.7","-12.73041303","-60.12262989","110030405000044","-12.731367","-60.1227","110030405000044","-12.731367","-60.1227","0","106.34897989","1","0",True,NULL
407,"AVENIDA AVENIDA MIL OITOCENTOS E TREZE","5187.0","SETOR 18","BELA VISTA",208410,"1622733","TRAVESSA  1813","5204",NULL,"BELA VISTA","100.0","99.67","100.0","89.93","-12.7274584","-60.1231761","110030405000044","-12.726615","-60.122745","110030405000044","-12.726615","-60.122745","0","104.79218544","1","0",True,NULL
408,"RUA RUA MARTIN LUTERO","730.0","SETOR 5","JARDIM AMERICA",423647,"1606502","RUA  MARTIN LUTERO","730",NULL,"JARDIM AMERICA","100.0","100.0","100.0","90.0","-12.7309839","-60.1425583","110030405000163","-12.731402","-60.142592","110030405000005","-12.731402","-60.142592","0","46.63412727","1","0",False,NULL
409,"AVENIDA PARANA","590.0","SETOR 06","SAO PAULO",900586,"92304656","AVENIDA  PARANA","590",NULL,"PARQUE SAO PAULO","100.0","100.0","100.0","90.0","-12.7310046","-60.1423826","110030405000163","-12.739611","-60.113578","110030405000125","-12.739611","-60.113578","0","3267.42140908","1","2922.15383707",False,False
410,"AVENIDA PRESIDENTE TANCREDO NEVES","3309.0",NULL,"JARDIM AMERICA",537754,"1606017","AVENIDA PRESIDENTE TANCREDO NEVES","3560","FRENTE","JARDIM AMERICA","100.0","92.95","100.0","88.59","-12.73275167","-60.14276","110030405000163","-12.733771","-60.1405","110030405000146","-12.733768000000001","-60.140489","1.23882077","270.05752729","1","10.83988597",False,NULL
411,"AVENIDA MELVIN JONES","1320.0",NULL,"CRISTO REI",320324,"92312335","AVENIDA  MELVIN JONES","1224",NULL,"CRISTO REI","100.0","92.73","100.0","88.55","-12.7247094","-60.1458922","110030405000046","-12.725483","-60.146337","110030405000087","-12.725483","-60.146337","0","98.62598532","1","13.75293425",False,NULL
412,"AVENIDA MELVIN JONES","1093.0",NULL,"CRISTO REI",320313,"221385092","AVENIDA  MELVIN JONES","1094","SALA C","CRISTO REI","100.0","99.91","100.0","89.98","-12.7266145","-60.1468391","110030405000051","-12.726579","-60.146599","110030405000087","-12.726554","-60.146599","2.77987699","26.33950837","1","11.45216955",False,NULL
413,"RUA 363 - SETOR 03 - QUADRA 116 - LOTE UNICO","116.0",NULL,"BAIRRO TANCREDO NEVES",954722,"215293641","RUA  333","120",NULL,"TANCREDO NEVES","90.86","96.67","100.0","82.93","-12.7594025","-60.1011846","110030405000079","-12.747285","-60.115187","110030405000025","-12.747285","-60.115187","0","2030.1742018","1","650.38062884",False,False
414,"RUA TREZENTOS E DEZ","7108.0","SETOR INDUSTRIAL","PARQUE INDUSTRIAL TANCREDO",901195,"1630100","RUA  310 A","7178",NULL,"PARQUE INDUSTRIAL TANCREDO NEVES","100.0","99.02","100.0","89.8","-12.7527754","-60.1112894","110030405000079","-12.752798","-60.110342","110030405000079","-12.752733","-60.110505","19.09816915","102.77822145","1","0",True,NULL
415,"BR 435 KM 48 PEROBAL",NULL,"ZONA RURAL","AREA RURAL DE VILHENA",156904,"180371278","RODOVIA  BR 435","0",NULL,"RURAL","100.0",NULL,"100.0","100.0","-12.98891667","-60.402895","110030405000063","-12.97318","-60.399463","110030405000063","-12.993092","-60.3988155","2215.22769388","1788.91797109","1","0",True,NULL
416,"FAZENDA VISTA ALEGRE",NULL,"GLEBA GUAPORE","DISTRITO DE NOVA CONQUISTA",237674,"1322323","RUA  VISTA ALEGRE","1037",NULL,"JARDIM PRESIDENCIAL","100.0",NULL,"31.11","100.0","-12.9856595","-60.28610488","110030405000068","-10.87366","-61.971077","110012205000071","-10.8736725","-61.971019999999996","6.3776259","297911.55099256","1","296633.62215506",False,False
417,"AVENIDA VITORIA REGIA","1420.0","ESCOLA","JARDIM PRIMAVERA",667238,"92308264","AVENIDA  VITORIA REGIA","1425","FUNDOS","JARDIM PRIMAVERA","100.0","99.65","100.0","89.93","-12.7250173","-60.1422181","110030405000082","-12.724724","-60.142474","110030405000046","-12.724719","-60.142467499999995","0.89786245","42.82562128","1","8.99568574",False,True
418,"AVENIDA CURITIBA","4185.0",NULL,"JARDIM DAS OLIVEIRAS",542167,"1633008","AVENIDA  CURITIBA","4180",NULL,"JARDIM DAS OLIVEIRAS","100.0","99.88","100.0","89.98","-12.7294309","-60.1333301","110030405000086","-12.729863","-60.133459","110030405000086","-12.729863","-60.133459","0","50.04011797","1","0",True,NULL
419,"RUA RUA SANTA LUZIA","893.0",NULL,"SAO JOSE",735279,"1615369","RUA SANTA LUZIA","757",NULL,"SAO JOSE","100.0","84.77","100.0","86.95","-12.7421829","-60.1593079","110030405000076","-12.740889","-60.1589","110030405000024","-12.740889","-60.1589","0","150.52323766","1","21.85452533",False,True
420,"RUA JOSE HONORIO RAMOS","1797.0",NULL,"PARQUE CIDADE JARDIM II",894122,"102566372","RUA  JOSE HONORIO RAMOS","1797",NULL,"PARQUE JARDIM 1","100.0","100.0","92.86","90.0","-12.71894265","-60.15276115","110030405000107","-12.719021","-60.152994","110030405000107","-12.719021","-60.152994","0","26.71682426","1","0",True,NULL
421,"PARQUE INDIGENA ARIPUANA RESERVA ROOSEVELT",NULL,"ALDEIA SOWAINTE","AREA RURAL DE VILHENA",342668,"92005881","RUA  ARIPUANA","3687",NULL,"SOCIALISTA","100.0",NULL,"25.81","100.0","-12.33689601","-60.25336669","110030405000111","-8.759605","-63.832309","110020505000005","-8.759599000000001","-63.832266000000004","4.77248206","557884.79752375","1","556021.79917528",False,False
422,"AVENIDA PARANA","630.0",NULL,"PARQUE SAO PAULO",900586,"92304656","AVENIDA  PARANA","590",NULL,"PARQUE SAO PAULO","100.0","93.65","100.0","88.73","-12.7391979","-60.1132754","110030405000125","-12.739611","-60.113578","110030405000125","-12.739611","-60.113578","0","56.45444197","1","0",True,NULL
423,"RUA 2506","4130.0",NULL,"JARDIM UNIVERSITARIO",240248,"102567036","RUA  2506","4135",NULL,"JARDIM SOCIAL","100.0","99.88","63.16","89.98","-12.7502113","-60.1391979","110030405000129","-12.750087","-60.139201","110030405000129","-12.750087","-60.139201","0","13.82563685","1","0",True,NULL
424,"RUA SETE MIL SEISCENTOS E NOVE","3556.0",NULL,"RESIDENCIAL ALPHAVILLE I",336568,"109089979","RUA  7609","3555",NULL,"RESIDENCIAL ALPHAVILLE","100.0","99.97","100.0","89.99","-12.7394633","-60.107214","110030405000132","-12.730623","-60.098807","110030405000152","-12.730623","-60.098807","0","1340.78384405","1","889.63470418",False,NULL
425,"AVENIDA AVENIDA CAPITAO CASTRO","3050.0","ESQUINA COM A AV JK","CENTRO S-01",383911,"92302856","AVENIDA CAPITAO CASTRO","3050",NULL,"CENTRO","100.0","100.0","100.0","90.0","-12.740131","-60.1462784","110030405000148","-12.739918","-60.146311","110030405000148","-12.739918","-60.146311","0","23.94701001","1","0",True,NULL
426,"AVENIDA LIBERDADE","2864.0","PREDIO","CENTRO S-01",383924,"92303376","AVENIDA  LIBERDADE","2864",NULL,"CENTRO","100.0","100.0","100.0","90.0","-12.74044711","-60.14777445","110030405000148","-12.740422","-60.147812","110030405000148","-12.740422","-60.147812","0","4.93778577","1","0",True,NULL
427,"AVENIDA BEIRA RIO","2865.0",NULL,"CENTRO S-01",496492,"99264290","AVENIDA  BEIRA RIO","2865",NULL,"CENTRO","99.22","100.0","100.0","89.45","-12.7434155","-60.149421","110030405000149","-12.743536","-60.149588","110030405000149","-12.743536","-60.149588","0","22.52962071","1","0",True,NULL
428,"RUA RUA AUGUSTO NICOLIELO","423.0","SETOR 07","BODANESE",344160,"215113337","RUA  AUGUSTO NICOLIELO","424",NULL,"BODANESE","100.0","99.76","100.0","89.95","-12.7305278","-60.1542085","110030405000160","-12.730486","-60.15397","110030405000010","-12.730486","-60.15397","0","26.28234703","1","0",False,NULL
429,"RUA PALESTRA ITALIA",NULL,NULL,"EMBRATEL",612773,"92311502","RUA  PALESTRA ITALIA","2598",NULL,"SETOR 26","100.0",NULL,"25.0","100.0","-12.736558","-60.101642","110030405000143","-12.737127","-60.101453","110030405000143","-12.737112","-60.101554","11.08059","66.50782632","1","0",True,NULL
430,"RUA NEUZALINA MARIA DE ARAUJO","251.0","ESCOLA","MARCOS FREIRE",722648,"92304307","AVENIDA  NEUZALINA MARIA DE ARAUJO","555",NULL,"MARCOS FREIRE","100.0","45.23","100.0","79.05","-12.7330968","-60.1507542","110030405000159","-12.730858","-60.149721","110030405000020","-12.730858","-60.149721","0","273.00321345","1","39.138027",False,NULL
431,"AVENIDA SETECENTOS E TRINTA E NOVE",NULL,NULL,"BODANESE",742087,"1609336","RUA  709","231","FUNDOS","BODANESE","100.0",NULL,"100.0","100.0","-12.73377715","-60.15078831","110030405000159","-12.731755","-60.156754","110030405000010","-12.731772","-60.156751","1.91811631","684.99856003","1","246.1760546",False,NULL
432,"AVENIDA MELVIN JONES","2625.0",NULL,"RESIDENCIAL MOYSES DE FREIT",954577,"215288320","AVENIDA  MELVIN JONES","2625",NULL,"MOYSES DE FREITAS","100.0","100.0","72.73","90.0","-12.713076537475","-60.1437871344388","110030405000167","-12.712954","-60.143685","110030405000101","-12.712954","-60.143685","0","17.56096796","1","0",False,NULL
433,"ALDEIA JOAO BRAVO KM 130",NULL,NULL,"ZONA RURAL",535663,"1627354","ALDEIA  ALDEINHA CURRAL","0",NULL,"VILHENA","100.0",NULL,"35.29","100.0","-11.638817","-60.451509","110030405000182","-11.670905","-60.189408","110030405000114","-11.670935","-60.189388","3.9838754","28765.59324892","1","28235.71799493",False,NULL
434,"BR 174 KM03","4334.0",NULL,"ZONA URBANA",20139,"226049786","RODOVIA  BR 174","2500",NULL,"ALTO DOS PARECIS","100.0","57.68","29.63","81.54","-12.7042354","-60.1190913","110030405000198","-12.717178","-60.126748","110030405000040","-12.717178","-60.126748","0","1661.60486621","1","1162.82234771",False,NULL
435,"RUA DUZALINA MILANI","757.0",NULL,"JARDIM ELDORADO",839979,"1610767","RUA  DUZALINA MILANI","757",NULL,"JARDIM ELDORADO","100.0","100.0","100.0","90.0","-12.7336551","-60.1284937","110030405000209","-12.733481","-60.128148","110030405000013","-12.733481","-60.128148","0","42.1974858","1","0",False,NULL
436,"RUA ZACARIAS ROCHA DE AZEVEDO","682.0",NULL,"JARDIM ELDORADO",21318,"108710035","AVENIDA  ZACARIAS ROCHA DE AZEVEDO","1885",NULL,"BELA VISTA","100.0","36.18","40.0","77.24","-12.7354283333333","-60.1267533333333","110030405000210","-12.724774","-60.124144","110030405000040","-12.724774","-60.124144","0","1218.04466085","1","804.36081732",False,NULL
437,"AVENIDA AVENIDA SABINO BEZERRA DE QUEIROZ","3661.0",NULL,"JARDIM AMERICA",537679,"1606069","AVENIDA  SABINO BEZERRA DE QUEIROZ","3661",NULL,"JARDIM AMERICA","100.0","100.0","100.0","90.0","-12.7358629","-60.1399877","110030405000222","-12.736259","-60.140098","110030405000146","-12.736259","-60.140098","0","45.64012789","1","0",False,NULL
438,"AVENIDA AVENIDA SABINO BEZERRA DE QUEIROZ","3625.0","SESC LER","JARDIM AMERICA",537676,"1606067","AVENIDA  SABINO BEZERRA DE QUEIROZ","3625",NULL,"JARDIM AMERICA","100.0","100.0","100.0","90.0","-12.7359644","-60.1403602","110030405000222","-12.736174","-60.140396","110030405000146","-12.736174","-60.140396","0","23.62771394","1","0",False,NULL
439,"RUA RUA V-NOVE","6915.0","SETOR 73","ARIPUANA- COHAB",887591,"1632472","RUA  V 2","6746",NULL,"COHAB","79.05","97.56","100.0","74.84","-12.723668","-60.106294","110030405000231","-12.719662","-60.105894","110030405000085","-12.719662","-60.105894","0","447.55538692","1","320.31001978",False,NULL
440,"AREA AREA RURAL",NULL,"ZONA RURAL","AREA RURAL DE VILHENA",541987,"220244952","RUA  AREAL","0",NULL,"SANTO ANTONIO","100.0",NULL,"23.53","100.0","-12.44663164","-60.51396909","110030405000233","-11.459305","-61.41973","110004905000090","-11.459305","-61.420283","60.26512365","147517.09429654","1","146734.3388539",False,NULL
441,"AREA AREA RURAL",NULL,"BR 174, KM 15","AREA RURAL DE VILHENA",541987,"220244952","RUA  AREAL","0",NULL,"SANTO ANTONIO","100.0",NULL,"23.53","100.0","-12.63468833","-60.09382333","110030405000243","-11.459305","-61.41973","110004905000090","-11.459305","-61.420283","60.26512365","194604.15426846","1","185801.75446551",False,NULL
442,"RUA JATOBA","2200.0",NULL,"PLANALTO",367107,"92314951","RUA  JATOBA","2325",NULL,"PLANALTO","100.0","94.62","100.0","88.92","-11.6855307","-62.7139576","110032005000008","-11.685519","-62.715298","110032005000008","-11.685519","-62.715298","0","145.96255958","1","0",True,NULL
443,"AVENIDA PRESIDENTE VARGAS","1620.0",NULL,"PLANALTO",703212,"92314896","AVENIDA PRESIDENTE VARGAS","1650",NULL,"PLANALTO","100.0","98.18","100.0","89.64","-11.6864231","-62.717972","110032005000008","-11.686568","-62.717737","110032005000008","-11.686516999999998","-62.7176865","7.89924605","30.23916945","1","0",True,NULL
444,"RUA MARACATIARA","1952.0",NULL,"CRISTO REI",216970,"1637305","RUA  MARACATIARA","1956",NULL,"CRISTO REI","100.0","99.8","100.0","89.96","-11.6896881","-62.7143166","110032005000005","-11.689705","-62.712902","110032005000005","-11.689705","-62.712902","0","154.04557559","1","0",True,NULL
445,"AVENIDA 16 DE JUNHO","1300.0","PREDIO","CRISTO REI",216787,"100853908","AVENIDA  DEZESSEIS DE JUNHO","1301",NULL,"CRISTO REI","80.6","99.92","100.0","76.4","-11.6908315","-62.7134325","110032005000005","-11.690812","-62.713801","110032005000005","-11.690787499999999","-62.7137905","2.95447075","40.18390702","1","0",True,NULL
446,"AV 16 DE JUNHO","1250.0","APAE SMG","CRISTO REI",273158,"1637561","AVENIDA  DEZESSEIS DE JUNHO","1250",NULL,"CRISTO REI","80.67","100.0","100.0","76.47","-11.6913878","-62.7134558","110032005000006","-11.69133","-62.713668","110032005000006","-11.69133","-62.713668","0","23.98327832","1","0",True,NULL
447,"LINHA 82 KM 16",NULL,NULL,"ZONA RURAL",181915,"110647978","LINHA  KM 72","10",NULL,"SAO FRANCISCO","100.0",NULL,"34.78","100.0","-11.8456667","-62.71802","110032005000028","-12.153168","-63.933769","110149205000012","-12.1531655","-63.9338745","11.4715362","136580.45821049","1","133351.60910162",False,False
448,"RUA NOROESTE","2200.0","EM FRENTE A MATRIZ","CENTRO",251732,"1636348","RUA  NOROESTE","2200",NULL,"CENTRO","100.0","100.0","100.0","90.0","-11.6966745","-62.7173117","110032005000002","-11.696746","-62.717383","110032005000002","-11.696746","-62.717383","0","11.11227845","1","0",True,NULL
449,"AVENIDA DEZESSEIS DE JUNHO","565.0","PROXIMO A IGREJA CAT","CENTRO",916813,"92314002","AVENIDA  DEZESSEIS DE JUNHO","531",NULL,"CENTRO","100.0","93.98","100.0","88.8","-11.6972812","-62.7152409","110032005000003","-11.697815","-62.715802","110032005000003","-11.697815","-62.715802","0","85.18110769","1","0",True,NULL
450,"LINHA 94 KM 04",NULL,"ZONA RURAL","SUL",649139,"110629536","ENTRADA  KM 54","54",NULL,"PROJETO DE ASSENTAMENTO ALIANCA","100.0",NULL,"5.88","100.0","-11.7648373","-62.6173727","110032005000012","-8.715267","-63.635086","110020505000047","-8.715267","-63.635086","0","356910.67380405","1","349099.1351701",False,False
451,"LH 90 KM 12",NULL,NULL,"ZONA RURAL",436485,"110625902","TRAVESSAO  DO KM 12","3960",NULL,"LINHA 138 SUL","100.0",NULL,"26.09","100.0","-11.8384449","-62.6449055","110032005000014","-11.814078","-62.190735","110014805000012","-11.824191500000001","-62.1081255","9061.07891029","49503.75560116","1","47466.44529768",False,False
452,"AVENIDA PRESIDENTE KENEDY","1685.0",NULL,"CRISTO REI",335158,"91957761","RUA PRESIDENTE KENNEDY","833",NULL,"NOVA ESPERANCA","100.0","49.44","16.67","79.89","-11.68746","-62.710116","110032005000030","-11.421473","-61.464552","110004905000113","-11.421473","-61.464552","0","138879.50683036","1","138334.56421126",False,False
453,"AVENIDA PRESIDENTE KENNEDY","1685.0",NULL,"PLANALTO",335158,"91957761","RUA PRESIDENTE KENNEDY","833",NULL,"NOVA ESPERANCA","100.0","49.44","45.45","79.89","-11.6879603","-62.7103974","110032005000030","-11.421473","-61.464552","110004905000113","-11.421473","-61.464552","0","138921.19644871","1","138334.56421126",False,False
454,"LHB 78 KM 12 SUL",NULL,NULL,"ZONA RURAL",2186,"110615860","TRAVESSAO  KM 70","34",NULL,"GLEBA BURAREIRO","100.0",NULL,"40.0","100.0","-11.8312751","-62.7545001","110032005000017","-9.838655","-62.461972","110002305000085","-9.840912","-62.462735","264.52316122","223860.70195648","1","213075.38354696",False,False
455,"PRIMAVERA",NULL,"QUILOMBOLA","ZONA RURAL",12015,"1165798","AVENIDA  PRIMAVERA","1055","CASA","JARDIM VISTA ALEGRE","100.0",NULL,"27.59","100.0","-12.1750204","-63.1173163","110032005000044","-11.436134","-61.472368","110004905000031","-11.436097","-61.472329","5.9155415","196991.09233305","1","194319.25445498",False,False
456,"LINHA 86 KM 08",NULL,NULL,"SUL",175340,"110646496","LINHA  KM 6","0","LOTE 16","PROJETO DE ASSENTAMENTO PALMARES","100.0",NULL,"11.43","100.0","-11.8002779","-62.6811705","110032005000051","-10.955523","-62.531772","110143505000003","-10.955873","-62.531772","38.91827791","95333.92021009","1","88547.91552593",False,NULL
457,"RUA JACARANDA",NULL,"SETOR 02","DISTRITO DE SANTANA DO GUAP",224859,"180380200","RUA  JACARANDA","266",NULL,"DISTRITO DE SANTANA","100.0",NULL,"100.0","100.0","-11.7262564","-62.4938781","110032020000001","-11.725314","-62.494258","110032020000001","-11.725309","-62.4942645","0.89996015","112.65773593","1","0",True,NULL
458,"AV ANTONIO LUCAS DE ARAUJO","3175.0",NULL,"JOAO FRANCISCO CLIMACO",751348,"1646410","AVENIDA  ANTONIO LUCAS DE ARAUJO","3213",NULL,"JOAO FRANCISCO CLIMACO","100.0","98.82","100.0","89.76","-10.416985","-65.33186","110033805000007","-10.416541","-65.331515","110033805000007","-10.416541","-65.331515","0","62.13705399","1","0",True,NULL
459,"AVENIDA AFONSO PENA","7122.0","CRECHE","JOAO FRANCISCO CLIMACO",751393,"1646409","AVENIDA  AFONSO PENA","7122",NULL,"JOAO FRANCISCO CLIMACO","100.0","100.0","100.0","90.0","-10.41712","-65.33064667","110033805000007","-10.41617","-65.331464","110033805000007","-10.41617","-65.331464","0","138.37825434","1","0",True,NULL
460,"LINHA 21 B, KM 35",NULL,NULL,NULL,228323,"110634865","LINHA  35 B","3",NULL,"NOVA DIMENSAO","100.0",NULL,"0.0","100.0","-10.42167","-65.337373","110033805000009","-10.295271","-64.576343","110033815000017","-10.295271","-64.576343","0","84421.7652091","1","71454.091324",False,False
461,"AVENIDA RAIMUNDO FERNANDES","4312.0",NULL,"PLANALTO",674696,"1647852","AVENIDA  RAIMUNDO FERNANDES","4311",NULL,"PLANALTO","100.0","99.98","100.0","90.0","-10.40523833","-65.33077167","110033805000012","-10.404988","-65.331001","110033805000012","-10.404988","-65.331001","0","37.46826388","1","0",True,NULL
462,"AVENIDA MANOEL DIAS DE ABREU","6895.0",NULL,"PLANALTO",351347,"1475728","RUA  TARCIANA DE ABREU","7557","FUNDOS","JUSCELINO KUBITSCHEK","100.0","91.24","21.43","88.25","-10.405955","-65.33035833","110033805000012","-8.772384","-63.840782","110020505090036","-8.7723725","-63.840813999999995","3.74189644","244266.45573257","1","242933.27899046",False,False
463,"AVENIDA MARACATIARA","391.0","DISTRITO PALMEIRAS","CENTRO",259193,"1745789","RUA  MARACATIARA","911","FUNDOS","CENTRO","100.0","42.92","100.0","78.58","-10.408087","-65.33514","110033805000003","-10.614281","-62.733916","110100505000001","-10.614276499999999","-62.7338995","1.87145986","285311.36242245","1","285390.46699419",False,NULL
464,"BR 425, KM 42",NULL,"ZONA RURAL",NULL,141574,"180381176","RODOVIA  BR 425","0","TRAVESSA INTERNA LOTE 09","RIBEIRAO","100.0",NULL,"0.0","100.0","-10.408087","-65.33514","110033805000003","-10.199423","-65.286731","110033825000002","-10.1999685","-65.28685200000001","62.0855166","23799.15524163","1","23420.06424575",False,False
465,"LINHA 25 B, KM 18",NULL,NULL,NULL,609750,"110630854","TRAVESSAO  KM 18","1",NULL,"LADO DIREITO LINHA 184 SENTIDO LINHA 182","100.0",NULL,"0.0","100.0","-10.408087","-65.33514","110033805000003","-11.888213","-61.896198","110028805000064","-11.8876215","-61.897600499999996","166.17651294","409677.41671702","1","409526.26524428",False,False
466,"LINHA 21 B, KM 18",NULL,NULL,NULL,609750,"110630854","TRAVESSAO  KM 18","1",NULL,"LADO DIREITO LINHA 184 SENTIDO LINHA 182","100.0",NULL,"0.0","100.0","-10.408087","-65.33514","110033805000003","-11.888213","-61.896198","110028805000064","-11.8876215","-61.897600499999996","166.17651294","409677.41671702","1","409526.26524428",False,False
467,"LINHA 23, KM 18",NULL,NULL,NULL,609750,"110630854","TRAVESSAO  KM 18","1",NULL,"LADO DIREITO LINHA 184 SENTIDO LINHA 182","100.0",NULL,"0.0","100.0","-10.408087","-65.33514","110033805000003","-11.888213","-61.896198","110028805000064","-11.8876215","-61.897600499999996","166.17651294","409677.41671702","1","409526.26524428",False,False
468,"LINHA 08 D,KM16",NULL,"ZONA RURAL","PROJETO SIDNEY GIRAO",228348,"92320095","LINHA  D","0",NULL,"PROJETO SIDNEY GIRAO","100.0",NULL,"100.0","100.0","-10.408087","-65.33514","110033805000003","-10.310643","-64.672596","110033815000017","-10.3173835","-64.6740315","765.7857752","73276.23770027","1","73061.20867189",False,False
469,"3ª LINHA DO RIBEIRAO KM 12",NULL,"DISTRIMARECHAL RONDO","ZONA RURAL",436485,"110625902","TRAVESSAO  DO KM 12","3960",NULL,"LINHA 138 SUL","100.0",NULL,"26.09","100.0","-10.408087","-65.33514","110033805000003","-11.814078","-62.190735","110014805000012","-11.824191500000001","-62.1081255","9061.07891029","377019.85969539","1","376828.83403629",False,False
470,"ALDEIA DA LINHA 26",NULL,"LINHA 26","ALDEIA LINHA 26",97524,"180224199","ALDEIA  SEIS IRMAOS","4",NULL,"ALDEIA INDIGENA SEIS IRMAOS","100.0",NULL,"57.14","100.0","-10.408087","-65.33514","110033805000003","-11.097938","-60.726881","110009805000055","-11.097938","-60.726881","0","509220.64233141","1","509529.27910904",False,False
471,"ALDEIA DA LINHA 14",NULL,"ALDEIA LINHA 14","ALDEIA LINHA 14",42878,"1239534","ALDEIA  14 DE ABRIL","554",NULL,"14 DE ABRIL","100.0",NULL,"53.85","100.0","-10.408087","-65.33514","110033805000003","-11.35741","-60.67128","110009805000051","-11.357344","-60.671245","8.27151916","520085.37157919","1","520356.30438982",False,False
472,"LINHA 29 B, KM 14",NULL,"ZONA RURAL",NULL,604805,"99151361","LINHA  KM 14","29","CASA 1","BANDEIRA BRANCA","100.0",NULL,"0.0","100.0","-10.408087","-65.33514","110033805000003","-11.000116","-61.900511","110025425000002","-11.000198","-61.900641","16.86675285","380994.9842846","1","381150.07759093",False,False
473,"LINHA 34 D KM 87",NULL,NULL,"ZONA RURAL",29167,"105672877","LINHA  KM 33","0","FAZENDA JK","SERRA GRANDE","100.0",NULL,"36.36","100.0","-10.408087","-65.33514","110033805000003","-12.151527","-64.287297","110008005000027","-12.127947","-64.274046","2991.62304052","225028.11806227","1","223721.02483612",False,False
474,"LINHA 21 B KM 27",NULL,"ZONA RURAL",NULL,376267,"180191433","LINHA  KM 20","0",NULL,"PORTO ROLIM DE MOURA DO GUAPORE","100.0",NULL,"0.0","100.0","-10.408087","-65.33514","110033805000003","-13.036568","-62.3042","110001530000002","-13.036106","-62.3035045","91.19026452","440793.90063484","1","439713.72053821",False,False
475,"LINHA 32 KM 37",NULL,NULL,NULL,127221,"1722925","TRAVESSA  37","13","GLEBA 12D","GLEBA DOZE","100.0",NULL,"0.0","100.0","-10.408087","-65.33514","110033805000003","-10.910899","-62.333988","110155905000005","-10.7622635","-63.795373999999995","160454.42965164","332683.99948944","1","332790.76985468",False,False
476,"LINHA 25 B, KM 7,5",NULL,NULL,NULL,656872,"215095774","RUA  5 B","0",NULL,"CIDADE NOVA 2","100.0",NULL,"0.0","100.0","-10.408087","-65.33514","110033805000003","-12.542392","-60.906235","110092405000021","-12.5428395","-60.906379","52.1568129","537789.9184857","1","537531.61814087",False,NULL
477,"LINHA 29 B, KM 33",NULL,NULL,NULL,29164,"1229409","LINHA  KM 33","6",NULL,"SERRA GRANDE","100.0",NULL,"0.0","100.0","-10.408087","-65.33514","110033805000003","-12.153193","-64.285483","110008005000027","-12.157888","-64.285483","522.06089935","225287.98695872","1","223980.5213504",False,False
478,"LINHA 27 B KM 07",NULL,NULL,NULL,656876,"215095666","RUA  7 B","66",NULL,"CIDADE NOVA 3","100.0",NULL,"0.0","100.0","-10.408087","-65.33514","110033805000003","-12.54069","-60.907118","110092405000021","-12.54069","-60.907109","0.97687974","537621.4298495","1","537363.88898067",False,NULL
479,"2ª LINHA DO RIBEIRAO, KM 30",NULL,NULL,NULL,230853,"110648204","TRAVESSAO  2A","3","CASA","PORTO MURTINHO","100.0",NULL,"0.0","100.0","-10.408087","-65.33514","110033805000003","-12.27191","-63.407131","110149210000003","-12.27191","-63.40688","27.27221946","295179.8491485","1","294198.024535",False,False
480,"LINHA 29 B, KM 05",NULL,NULL,NULL,427876,"92288805","LINHA  29 B","0","CASA","MUTUM PARANA","100.0",NULL,"0.0","100.0","-10.408087","-65.33514","110033805000003","-9.769274","-64.89494","110020525000004","-9.769276999999999","-64.89326","184.09914294","85837.26148658","1","85274.46169054",False,False
481,"LINHA 29 B, KM 25",NULL,NULL,NULL,427876,"92288805","LINHA  29 B","0","CASA","MUTUM PARANA","100.0",NULL,"0.0","100.0","-10.408087","-65.33514","110033805000003","-9.769274","-64.89494","110020525000004","-9.769276999999999","-64.89326","184.09914294","85837.26148658","1","85274.46169054",False,False
482,"8ª LINHA DO RIBEIRAO, KM 20",NULL,NULL,NULL,604720,"92294796","TRAVESSA  DO KM 20","2130","CASA 1","BANDEIRA BRANCA","100.0",NULL,"0.0","100.0","-10.408087","-65.33514","110033805000003","-11.05748","-61.875533","110025425000002","-11.053768","-61.8771445","448.66050677","384793.43314314","1","384942.55002885",False,False
483,"7ª LINHA DO RIBEIRAO, KM 23",NULL,NULL,NULL,604720,"92294796","TRAVESSA  DO KM 20","2130","CASA 1","BANDEIRA BRANCA","100.0",NULL,"0.0","100.0","-10.408087","-65.33514","110033805000003","-11.05748","-61.875533","110025425000002","-11.053768","-61.8771445","448.66050677","384793.43314314","1","384942.55002885",False,False
484,"LINHA 06, PROJETO SIDNEY GIRAO , NOVA MAMORE",NULL,"TERRA INDIGENA","ALDEIA LINHA 06",494423,"91999333","RUA  SIDNEI GIRAO","106","FUNDOS","LIBERDADE","100.0",NULL,"25.0","100.0","-10.408087","-65.33514","110033805000003","-10.711541","-62.255346","110015505000016","-10.7115115","-62.255383","5.20596929","338343.07981719","1","338481.64638173",False,False
485,"ALDEIA LINHA 20 PROJETO SIDNEY GIRAO",NULL,"TERRA INDIGENA","ALDEIA LINHA 20",494423,"91999333","RUA  SIDNEI GIRAO","106","FUNDOS","LIBERDADE","100.0",NULL,"25.0","100.0","-10.408087","-65.33514","110033805000003","-10.711541","-62.255346","110015505000016","-10.7115115","-62.255383","5.20596929","338343.07981719","1","338481.64638173",False,False
486,"ALDEIA  LINHA 12. TERRA IND IGARAPE RIBEIRAO",NULL,"TERRA INDIGENA","ALDEIA LINHA 12",485537,"110634772","ALDEIA  IGARAPE LAGE","0",NULL,"ALDEIA INDIGENA LINHA 26","100.0",NULL,"88.89","100.0","-10.408087","-65.33514","110033805000003","-10.428777","-64.852759","110033815000015","-10.428777","-64.852759","0","52804.21255191","1","52601.56372531",False,False
487,"LINHA 21 KM 55 - TRAVESSAO C/8 LINHA DO RIBEIRAO",NULL,NULL,NULL,91901,"110619352","LINHA  KM 58","23","SITIO","KM 58","100.0",NULL,"0.0","100.0","-10.408087","-65.33514","110033805000003","-12.211863","-64.075372","110008005000011","-12.210434","-64.075372","158.89776894","243093.91523278","1","241842.2885283",False,False
488,"LINHA 03 KM 29",NULL,"ZONA RURAL",NULL,531081,"92295088","LINHA  KM 23","0","LADO ESQ","BANDEIRA BRANCA","100.0",NULL,"0.0","100.0","-10.408087","-65.33514","110033805000003","-11.096827","-61.891076","110025425000003","-11.0969975","-61.890822","33.57949592","383950.0519463","1","384089.68357879",False,False
489,"ALDEIA DO LIMAO - LINHA DO LIMAO",NULL,"TERRA INDIGENA","ALDEIA DO LIMAO",770634,"97454590","TRAVESSA  DO LIMAO","0",NULL,"BOM FUTURO","100.0",NULL,"24.0","100.0","-10.408087","-65.33514","110033805000003","-9.420228","-61.984241","110013005000007","-9.4201595","-61.984251","7.69544755","383117.50247505","1","383072.01028902",False,NULL
490,"LINHA 23 KM 30",NULL,NULL,NULL,29164,"1229409","LINHA  KM 33","6",NULL,"SERRA GRANDE","100.0",NULL,"0.0","100.0","-10.408087","-65.33514","110033805000003","-12.153193","-64.285483","110008005000027","-12.157888","-64.285483","522.06089935","225287.98695872","1","223980.5213504",False,False
491,"LINHA 32 B, KM 46",NULL,NULL,NULL,531159,"92295044","LINHA  KM 26","1570","CASA","BANDEIRA BRANCA","100.0",NULL,"0.0","100.0","-10.408087","-65.33514","110033805000003","-11.112605","-61.896297","110025425000003","-11.1118065","-61.896615999999995","95.36774306","383735.75887201","1","383871.57990969",False,False
492,"LINHA 23, KM 46",NULL,NULL,NULL,531161,"92295045","LINHA  KM 26","0","CASA","BANDEIRA BRANCA","100.0",NULL,"0.0","100.0","-10.408087","-65.33514","110033805000003","-11.112437","-61.894835","110025425000003","-11.1118065","-61.894835","70.10849777","383888.39409092","1","384024.46560535",False,False
493,"6ª LINHA DO RIBEIRAO KM 30",NULL,NULL,NULL,920826,"215326484","RUA  6A TRAVESSA","3068",NULL,"VILA EBESA","100.0",NULL,"0.0","100.0","-10.408087","-65.33514","110033805000003","-9.804058","-63.530256","110002305000127","-9.804134","-63.530137","15.53805451","208683.13358067","1","208487.41210435",False,NULL
494,"LINHA 30B, KM 32",NULL,NULL,NULL,140748,"1651259","LINHA  30B","40",NULL,"PROJETO SIDNEY GIRAO","100.0",NULL,"0.0","100.0","-10.408087","-65.33514","110033805000003","-10.186454","-64.781309","110033815000004","-10.186454","-64.773437","861.53026911","65411.485779","1","65117.61761971",False,False
495,"AVENIDA ANTONIO PEREIRA DE SOUZA","6592.0","PROXIMO AO PALACIUS","SAO JOSE",947182,"92317745","AVENIDA  ANTONIO PEREIRA DE SOUZA","6614",NULL,"SAO JOSE","100.0","99.67","100.0","89.93","-10.41145667","-65.33540667","110033805000003","-10.411424","-65.335125","110033805000003","-10.411381","-65.3351055","5.23542505","31.01810408","1","0",True,NULL
496,"LINHA 98 KM 8",NULL,"ZONA RURAL",NULL,518087,"1488265","TRAVESSAO  KM 8","0","FRENTE","LINHA 188","100.0",NULL,"0.0","100.0","-11.7993703","-62.570651","110032020000010","-11.799707","-61.735544","110028805000054","-11.7991885","-61.735519499999995","57.71628795","90897.54658829","1","84357.61935278",False,False
497,"AV. ANTONIO LUCAS DE ARAUJO","3465.0",NULL,"CENTRO",362402,"1643947","AVENIDA  ANTONIO LUCAS DE ARAUJO","3465",NULL,"CENTRO","100.0","100.0","100.0","90.0","-10.41438667","-65.33084667","110033805000001","-10.414519","-65.330727","110033805000001","-10.414519","-65.330727","0","19.69257528","1","0",True,NULL
498,"AVENIDA JOSE RIBEIRO DA COSTA","7198.0",NULL,"CENTRO",362528,"1644312","AVENIDA  JOSE RIBEIRO DA COSTA","7235",NULL,"CENTRO","100.0","99.49","100.0","89.9","-10.41274959","-65.32934801","110033805000001","-10.412326","-65.328992","110033805000001","-10.412326","-65.328992","0","61.10992209","1","0",True,NULL
499,"AV ANTONIO PEREIRA DE SOUZA","7104.0",NULL,"CENTRO",362478,"1643969","AVENIDA  ANTONIO PEREIRA DE SOUZA","7104",NULL,"CENTRO","100.0","100.0","100.0","90.0","-10.41321333","-65.33044667","110033805000001","-10.413096","-65.330436","110033805000001","-10.413096","-65.330436","0","13.09860034","1","0",True,NULL
500,"LNHA 27 B KM 45",NULL,NULL,NULL,147481,"113561190","RODOVIA  KM 28","28","GLEBA 53","PROJETO DE ASSENTAMENTO DIRIGIDO MARECHAL DUTRA","100.0",NULL,"0.0","100.0","-10.412754","-65.32784","110033805000001","-10.101342","-63.227483","110140105000015","-10.101342","-63.227483","0","232410.34765225","1","232411.54299055",False,False
501,"AV. 12 DE OUTUBRO","4042.0","NOVO HORIZONTE","NOVO HORIZONTE",749180,"1648117","AVENIDA  DOZE DE OUTUBRO","4042",NULL,"NOVO HORIZONTE","100.0","100.0","100.0","90.0","-10.40513333","-65.34002167","110033805000013","-10.405067","-65.340246","110033805000013","-10.405067","-65.340246","0","25.61885217","1","0",True,NULL
502,"AVENIDA ULISSES GUIMARAES","7224.0",NULL,"NOVA REDENCAO",834657,"226112021","AVENIDA  ULISSES GUIMARAES","7315",NULL,"NOVA REDENCAO","100.0","98.76","100.0","89.75","-10.42270167","-65.333245","110033805000014","-10.422779","-65.332206","110033805000014","-10.422779","-65.332206","0","113.95027944","1","0",True,NULL
503,"29 B, KM 42",NULL,NULL,NULL,305506,"180257655","LINHA  KM 22","0","DEPOSITO","SENTIDO JI PARANA","100.0",NULL,"0.0","100.0","-10.412638","-65.327561","110033805000039","-10.780431","-62.106722","110015505000040","-10.780823","-62.106722","43.58847126","354399.23918864","1","354197.96436348",False,False
504,"AV. RAIMUNDO FERNANDES","3055.0","PREDIO","CIDADE NOVA",672468,"92318397","AVENIDA  RAIMUNDO FERNANDES","3055",NULL,"CIDADE NOVA","100.0","100.0","100.0","90.0","-10.4160343","-65.3357741","110033805000043","-10.416137","-65.335356","110033805000008","-10.416137","-65.335356","0","47.12900525","1","0",False,NULL
505,"ZONA URBANA",NULL,"DISTRITO JACINOPOLIS","CENTRO",247784,"1572136","RUA  ZONA FRANCA","2114",NULL,"CONCEICAO","100.0",NULL,"40.0","100.0","-10.27085113","-64.28243623","110033812000011","-8.793978","-63.88988","110020505080002","-8.7939675","-63.889923499999995","4.92064636","169769.04795062","1","168659.31047185",False,False
506,"RUA PRESIDENTE CASTELO BRANCO","3775.0","ESCOLA","CENTRO",753195,"215047068","RUA PRESIDENTE CASTELO BRANCO","2862","APARTAMENTO 2","CENTRO","100.0","75.81","100.0","85.16","-12.0622197","-63.5676288","110149205000069","-10.258723","-63.300565","110140105000003","-10.258723","-63.300565","0","202645.06293004","1","201305.89469649",False,False
507,"RUA DAS COMUNICACOES","4046.0","PROXIMO A RODOVIARIA","CENTRO",946339,"1710986","RUA  DAS COMUNICACOES","4046",NULL,"CIDADE BAIXA","100.0","100.0","22.22","90.0","-12.0613429","-63.5653191","110149205000069","-12.061402","-63.565355","110149205000002","-12.061402","-63.565355","0","7.64367741","1","0",False,NULL
508,"RUA ANA FERREIRA","1694.0",NULL,"CENTRO",52136,"1751006","RUA PRESIDENTE ANA FERREIRA","1694",NULL,"CENTRO","100.0","100.0","100.0","90.0","-9.180364","-63.182391","110110405000022","-9.185026","-63.187011","110110405000005","-9.185026","-63.187011","0","725.20226963","1","573.60155643",False,NULL
509,"LOCALIZADA NA RUA MARECHAL RONDOM","1212.0","SETOR 1","ZONA RURAL",868763,"1659516","AVENIDA MARECHAL RONDON","1213",NULL,"TERRA BOA","75.45","99.92","31.58","72.8","-10.26730667","-64.28501167","110033812000012","-11.509775","-62.460587","110034630000001","-11.509775","-62.460587","0","242429.04771436","1","241718.48648393",False,False
510,"LINHA 06 KM 09 - DISTRITO DE JACINOPOLIS",NULL,NULL,"ZONA RURAL",533627,"180281785","RUA  JARDINOPOLIS","29",NULL,"AEROCLUBE","100.0",NULL,"21.05","100.0","-10.35814833","-64.38578","110033812000009","-8.811537","-63.863128","110020505000154","-8.811588","-63.863128","5.67094907","181271.19612041","1","155730.9480128",False,False
511,"AVENIDA CAMPO GRANDE","580.0",NULL,"CENTRO",254303,"98306744","AVENIDA  CAMPO GRANDE","554",NULL,"CENTRO","100.0","95.52","100.0","89.1","-10.36492333","-64.80384","110033815000009","-10.362578","-64.804288","110033815000009","-10.362578","-64.804288","0","265.3530608","1","0",True,NULL
512,"LOCALIDADE","5559.0","DISTRITO DE NOVA DIM","NOVO HORIZONTE",381464,"92271799","RUA  MONT SERRAT","5561","CASA","NOVO HORIZONTE","100.0","99.96","100.0","89.99","-10.36976333","-64.80478667","110033815000010","-8.814775","-63.885027","110020505080091","-8.814775","-63.885027","0","200163.53388987","1","198506.43757157",False,False
513,"LH 29 C",NULL,"KM 11",NULL,165548,"110638519","LINHA  LH C 22","51","SITIO 86","GLEBA BURITI","100.0",NULL,"0.0","100.0","-10.40076258","-64.74421169","110033815000013","-10.296897","-63.782719","110045205000024","-10.296487","-63.780972","196.49141405","105806.1943646","1","102866.6936998",False,False
514,"LINHA 10 - ALDEIA RIBEIRAO","0.0","ZONA RURAL","TERRA INDIGENA",565170,"180402091","ALDEIA  RIBEIRAO","0",NULL,"ALDEIA INDIGENA RIBEIRAO","100.0","100.0","72.73","90.0","-10.30305985","-65.14110857","110033820000013","-10.299422","-65.13975","110033820000013","-10.299422","-65.139698","5.68897554","430.95292707","1","0",True,NULL
515,"RUA CARLOS CHAGAS","5158.0","PREDIO","CIDADE ALTA",546699,"1654836","RUA  CARLOS CHAGAS","5157",NULL,"CIDADE ALTA","100.0","99.98","100.0","90.0","-11.3525233","-62.2946017","110034605000006","-11.352389","-62.294324","110034605000006","-11.352389","-62.294324","0","33.75749261","1","0",True,NULL
516,"RUA MONTEIRO LOBATO","5059.0","PREDIO","CENTRO",938557,"92321792","RUA  MONTEIRO LOBATO","5059","TERREO 5059","CENTRO","100.0","100.0","100.0","90.0","-11.3501254","-62.290182","110034605000007","-11.35022","-62.290215","110034605000007","-11.35022","-62.290215","0","11.11727313","1","0",True,NULL
517,"RUA ECA DE QUEIROZ","4681.0","ESCOLA","CENTRO",240689,"1655999","RUA  ECA DE QUEIROZ","4681",NULL,"CENTRO","100.0","100.0","100.0","90.0","-11.3483217","-62.2840417","110034605000010","-11.34847","-62.284166","110034605000010","-11.34847","-62.284166","0","21.34399177","1","0",True,NULL
518,"AV. SARGENTO MARIO NOGUEIRA VAZ","5253.0","PREDIO","CENTRO",194641,"1656589","RUA  SEBASTIAO NOGUEIRA VAZ","5253",NULL,"ALTO ALEGRE","100.0","100.0","35.29","90.0","-11.3433351","-62.2873487","110034605000011","-11.334442","-62.277311","110034605000013","-11.334442","-62.277311","0","1474.95078872","1","1399.10844977",False,NULL
519,"AV.SETE DE SETEMBRO","4922.0","PREDIO","CENTRO",157500,"180387908","AVENIDA  CINCO DE SETEMBRO","4922",NULL,"CENTRO","100.0","100.0","100.0","90.0","-11.3510102","-62.2862222","110034605000004","-11.348791","-62.287223","110034605000005","-11.348791","-62.287223","0","269.80924161","1","165.92762131",False,True
520,"LINHA 44 KM 08",NULL,"ESCOLA RAPOSO TAVARE","AREA RURAL",518087,"1488265","TRAVESSAO  KM 8","0","FRENTE","LINHA 188","100.0",NULL,"21.05","100.0","-11.3452312","-62.182974","110034605000015","-11.799707","-61.735544","110028805000054","-11.7991885","-61.735519499999995","57.71628795","70210.1831926","1","63054.54349921",False,False
521,"AVENIDA SARGENTO MARIO NOGUEIRA VAZ","4461.0","CASA","CENTRO",240641,"1655901","AVENIDA SOLDADO MARIO NOGUEIRA","4546",NULL,"CENTRO","100.0","98.13","100.0","89.63","-11.3478733","-62.28059","110034605000034","-11.347877","-62.281725","110034605000010","-11.347877","-62.281725","0","123.73983822","1","44.03892275",False,True
522,"AVENIDA 09 DE JULHO","4425.0","PREDIO","CTG",636611,"1654123","AVENIDA  9 DE JULHO","4374","FRENTE","CTG","100.0","98.85","100.0","89.77","-11.3582823","-62.2846663","110034605000039","-11.358268","-62.285335","110034605000003","-11.358268","-62.285335","0","72.91721334","1","0",False,NULL
523,"AV. 9 DE JULHO","4501.0","PREDIO","CTG",636611,"1654123","AVENIDA  9 DE JULHO","4374","FRENTE","CTG","100.0","97.18","100.0","89.44","-11.3579344","-62.2843074","110034605000039","-11.358268","-62.285335","110034605000003","-11.358268","-62.285335","0","118.00803696","1","0",False,NULL
524,"AVENIDA CENTRAL","5430.0","PREDIO PROPRIO","ALTO ALEGRE",194644,"180406314","RUA  CENTRAL","5430",NULL,"ALTO ALEGRE","100.0","100.0","100.0","90.0","-11.3329744","-62.2781414","110034605000040","-11.332561","-62.277865","110034605000013","-11.332561","-62.277865","0","54.96529846","1","0",False,NULL
525,"LINHA 17 ASSENTAMENTO MARTIM PECADOR",NULL,"AREA RURAL",NULL,683398,"92569009","RUA  MARTIM PESCADOR","1075",NULL,"SETOR 05","100.0",NULL,"0.0","100.0","-11.2231633","-62.5241278","110034605000020","-9.349706","-62.582206","110094005000031","-9.3497445","-62.582229","4.96942236","208416.11084344","1","197089.19554224",False,False
526,"LINHA 14-SETOR REDENCAO-KM 25-GLEBA 07 A",NULL,"KM 25-LOTE21","ZONA RURAL",504818,"109886597","GLEBA  CORUMBIARIA SETOR 07","0","SEDE","URUCUMACUA","100.0",NULL,"40.0","100.0","-11.2224656","-62.4156676","110034605000021","-12.22533","-60.481677","110018915000008","-12.217632","-60.481677","855.9797238","238266.61650877","1","229016.66738322",False,False
527,"AVENIDA DUQUE DE CAXIAS","3817.0",NULL,"JARDIM DAS PALMEIRAS",891474,"92551067","AVENIDA DUQUE DE CAXIAS","3818","CASA","JARDIM DAS PALMEIRAS","100.0","99.97","100.0","89.99","-12.1236133","-61.8551931","110037905000004","-12.123917","-61.85481","110037905000004","-12.123917","-61.85481","0","53.61926021","1","0",True,NULL
528,"LH P 70 KM 0,6",NULL,"ZONA RURAL","ZONA RURAL",2186,"110615860","TRAVESSAO  KM 70","34",NULL,"GLEBA BURAREIRO","100.0",NULL,"40.0","100.0","-12.15485253","-61.94850064","110037905000016","-9.838655","-62.461972","110002305000085","-9.840912","-62.462735","264.52316122","263576.71373912","1","259386.33668745",False,False
529,"AVENIDA FERREIRA MARTINS",NULL,"DISTRITO","TANCREDOPOIS6",875361,"92322879","AVENIDA  FERREIRA MARTINS","2232",NULL,"TANCREDOPOLIS","100.0",NULL,"92.31","100.0","-11.1878813","-62.1753779","110034625000001","-11.187488","-62.175544","110034625000001","-11.187572500000002","-62.1756035","11.41970248","47.33770587","1","0",True,NULL
530,"AV. MONTEIRO LOBATO","1052.0",NULL,NULL,868737,"1659572","RUA  MONTEIRO LOBATO","1051",NULL,"TERRA BOA","100.0","99.9","0.0","89.98","-11.5117581","-62.4601064","110034630000001","-11.511522","-62.460569","110034630000001","-11.511522","-62.460569","0","56.831352","1","0",True,NULL
531,"RUA PAULO VI","4600.0",NULL,"ROTA DO SOL",852298,"1666595","RUA  PAULO VI","4217","FRENTE A","SOL NASCENTE","100.0","91.67","43.48","88.33","-9.72646","-63.31547667","110040305000031","-9.725296","-63.316024","110040305000004","-9.725296499999999","-63.3160225","0.17354254","142.655822","1","5.63831805",False,True
532,"AVENIDA PRESIDENTE PRUDENTE",NULL,NULL,"CENTRO",232500,"1661233","AVENIDA PRESIDENTE PRUDENTE","3468","BARRACAO","CENTRO","100.0",NULL,"100.0","100.0","-12.1347488","-61.854547","110037905000001","-12.134548","-61.857858","110037905000003","-12.134543","-61.856570500000004","139.96601683","360.63255992","1","260.64526944",False,NULL
533,"AV.PRESIDENTE PRUDENTE","3922.0",NULL,"JARDIM AMERICA",195759,"92550666","AVENIDA PRESIDENTE PRUDENTE","4106",NULL,"JARDIM AMERICA","100.0","95.52","100.0","89.1","-12.1348496","-61.8525243","110037905000001","-12.134498","-61.852146","110037905000001","-12.134498","-61.852146","0","56.74323334","1","0",True,NULL
534,"RUA TIRADENTES","4036.0",NULL,"CRISTO REI",220421,"92577221","AVENIDA  TIRADENTES","1082",NULL,"CRISTO REI","100.0","26.81","100.0","75.36","-12.1382385","-61.8577303","110037905000034","-11.766679","-63.032253","110150005000003","-11.766679","-63.032253","0","134283.20985682","1","134022.00624353",False,False
535,"AV. AFONSO PENA","4236.0",NULL,"JARDIM AMERICA",672852,"216162933","AVENIDA  AFONSO PENA","4236",NULL,"JARDIM AMERICA","100.0","100.0","100.0","90.0","-12.1339133","-61.8506559","110037905000036","-12.133828","-61.85058","110037905000020","-12.133828","-61.85058","0","12.57162174","1","0",False,NULL
536,"LINHA P 26 KM 04",NULL,"ZONA RURAL","ZONA RURAL",531161,"92295045","LINHA  KM 26","0","CASA","BANDEIRA BRANCA","100.0",NULL,"40.0","100.0","-12.16197925","-61.78266771","110037905000008","-11.112437","-61.894835","110025425000003","-11.1118065","-61.894835","70.10849777","117341.53561701","1","114888.56367808",False,False
537,"RUA CARLOS GOMES",NULL,"DIST. FLOR DA SERRA","CENTRO",439762,"92239145","AVENIDA  CARLOS GOMES","1439","FRENTE","CENTRO","100.0",NULL,"100.0","100.0","-12.456665","-61.914117","110037905000014","-8.760626","-63.899412","110020505060003","-8.762668999999999","-63.898793","237.13819533","464724.18195765","1","462296.90275593",False,False
538,"ALDEIA TSUPYPAY - TERRA INDIGENA RIO MEQUENS",NULL,"CASA","ZONA RURAL - ALDEIA INDIGEN",581021,"110643949","ALDEIA  ALDEIA INDIGENA","0",NULL,"ALDEIA INDIGENA JAMARI","100.0",NULL,"69.39","100.0","-12.132357","-61.835508","110037905000018","-10.552564","-63.186472","110100515000013","-10.552564","-63.186472","0","229237.94286857","1","221525.5061421",False,False
539,"LH P 40 KM 15-A, Z. RURAL - T.I. RIO MEQUENS",NULL,"ALDEIA BAIXA VERDE","ZONA RURAL",493205,"108780056","RUA  MEQUENS","360",NULL,"ELDORADO","100.0",NULL,"33.33","100.0","-12.579945","-61.907628","110037905000022","-8.783837","-63.87104","110020505080086","-8.783837","-63.87104","0","473480.31736305","1","471536.11322416",False,False
540,"AVENIDA PRESIDENTE DUTRA","3480.0",NULL,"CRISTO REI",299957,"1336805","AVENIDA PRESIDENTE DUTRA","3482","FRENTE","OLARIA","86.27","99.94","37.5","80.38","-12.1355698","-61.8584968","110037905000043","-8.758584","-63.907205","110020505060009","-8.7585575","-63.907211000000004","3.01954592","437237.47434477","1","435177.20903429",False,False
541,"DISTRITO VILA BOSCO",NULL,"LINHA 110","ZONA RURAL",385320,"1213873","RUA  DISTRITO FEDERAL","3218","CASA FUNDOS","SETOR 05","100.0",NULL,"22.22","100.0","-12.50776815","-61.61938287","110037905000045","-9.902714","-63.039356","110002305000053","-9.902720500000001","-63.039343","1.59692437","328470.21561469","1","311383.64278205",False,False
542,"RUA SANTA MARCELINA","2869.0","SETOR 2","CENTRO",794507,"215177484","RUA SANTA MARCELINA","2886",NULL,"CENTRO","100.0","99.41","100.0","89.88","-9.718864588","-63.32019811","110040305000001","-9.719116","-63.319802","110040305000002","-9.719116","-63.319802","0","51.63566725","1","3.3760892",False,True
543,"RUA MARIO LUIZ BARBOSA","3218.0","PREDIO","CENTRO",794906,"215177751","RUA  MARIO LUIZ BARBOSA","3215",NULL,"CENTRO","100.0","99.91","100.0","89.98","-9.72011224","-63.3171122","110040305000002","-9.719559","-63.316708","110040305000002","-9.719559","-63.316708","0","75.80824014","1","0",True,NULL
544,"RUA PAULO VI","3827.0",NULL,"CENTRO",794352,"1665852","RUA  PAULO VI","3762",NULL,"CENTRO","100.0","98.3","100.0","89.66","-9.722476667","-63.31583167","110040305000003","-9.720885","-63.316136","110040305000002","-9.720885","-63.316136","0","180.10100851","1","44.15315964",False,True
545,"RUA MARINGA","3629.0","QUADRA","JARDIM ALVORA II",825569,"1667808","RUA  MARINGA","3629",NULL,"ALVORADA","100.0","100.0","58.33","90.0","-9.717684709","-63.31304097","110040305000036","-9.717841","-63.313069","110040305000036","-9.717841","-63.313069","0","17.64822933","1","0",True,NULL
546,"LC- 80 TB 35",NULL,NULL,"ZONA RURAL",193623,"1670842","ESTRADA  LC 85","54",NULL,"PROJETO DE ASSENTAMENTO DIRIGIDO MARECHAL DUTRA","100.0",NULL,"24.56","100.0","-9.723134","-63.310236","110040305000036","-9.710935","-63.2354","110040305000023","-9.711726500000001","-63.2372055","216.57496252","8313.42206838","1","8198.7372245",False,False
547,"LC 85 MARC",NULL,NULL,"ZONA RURAL",193623,"1670842","ESTRADA  LC 85","54",NULL,"PROJETO DE ASSENTAMENTO DIRIGIDO MARECHAL DUTRA","100.0",NULL,"24.56","100.0","-9.722902","-63.3103","110040305000036","-9.710935","-63.2354","110040305000023","-9.711726500000001","-63.2372055","216.57496252","8316.17855318","1","8198.7372245",False,False
548,"LC 100 TB 20",NULL,NULL,"ZONA RURAL",193507,"110638145","LINHA  C 100 TB 20 LT 20","19","LOTE 20","PROJETO DE ASSENTAMENTO DIRIGIDO MARECHAL DUTRA","100.0",NULL,"24.56","100.0","-9.72268","-63.309903","110040305000036","-9.574679","-63.357312","110040305000011","-9.574679","-63.357312","0","17258.09546472","1","16161.39192429",False,False
549,"RUA FORTE PRINCIPE DA BEIRA","1506.0","ESCOLA","SETOR 05",134935,"1673619","RUA  FORTE PRINCIPE DA BEIRA","1487","CASA","SETOR 05","100.0","98.74","100.0","89.75","-10.20116923","-63.82501283","110045205000004","-10.201995","-63.825051","110045205000004","-10.2017855","-63.825064499999996","23.34217081","91.91652845","1","0",True,NULL
550,"RUA ORMINDO BENTO SERAFIM","4684.0","PREDIO","CENTRO",752255,"215038613","RUA  ORMINIO BENTO SERAFIM","4616",NULL,"CENTRO","100.0","98.55","100.0","89.71","-11.71316","-62.00122833","110050205000002","-11.713122","-62.00198","110050205000002","-11.713122","-62.00198","0","81.95052165","1","0",True,NULL
551,"RUA MANOEL FRANSCICO DE LIMA FILHO","4631.0","PREDIO","CENTRO",82395,"1686572","RUA  MANOEL F LIMA FILHO","4631","PREDIO","CENTRO","100.0","100.0","100.0","90.0","-11.70930265","-62.00171099","110050205000002","-11.709521","-62.001678","110050205000002","-11.709521","-62.001678","0","24.54371293","1","0",True,NULL
552,"AV. FOZ DO IGUACU","2400.0",NULL,"SETOR 03",688304,"1672382","RUA  FOZ DO IGUACU","2185",NULL,"SETOR 03","100.0","91.04","100.0","88.21","-10.2071223","-63.8357867","110045205000002","-10.208482","-63.833634","110045205000001","-10.208482","-63.833634","0","279.92375848","1","36.07444423",False,True
553,"AVENIDA AYRTON SENNA","2454.0","PREDIO","SETOR 3",834407,"219393455","AVENIDA  AYRTON SENNA","2454",NULL,"SETOR 03","100.0","100.0","93.33","90.0","-10.208562","-63.836263","110045205000002","-10.208778","-63.83624","110045205000002","-10.208778","-63.83624","0","24.14966249","1","0",True,NULL
554,"AVENIDA PORTO VELHO","880.0","ESCOLA","CENTRO",24145,"180242921","RUA  PORTO VELHO","1501",NULL,"CENTRO","100.0","58.63","100.0","81.73","-10.2134131","-63.828057","110045205000006","-13.00306","-60.943806","110007205000004","-13.00306","-60.943806","0","441464.97987549","1","439913.32591837",False,False
555,"RUA ARIQUEMES","1215.0",NULL,"SETOR 02",544656,"1678638","RUA  ARIQUEMES","1222",NULL,"SETOR 02","100.0","99.43","100.0","89.89","-10.211139","-63.831125","110045205000007","-10.210701","-63.826214","110045205000015","-10.210701","-63.826214","0","539.63245896","1","344.30066799",False,False
556,"RUA BARRETOS","1870.0",NULL,"SETOR 03",937196,"1675579","RUA  BARRETOS","1865",NULL,"SETOR 03","100.0","99.73","100.0","89.95","-10.207307","-63.8298138","110045205000008","-10.207516","-63.829931","110045205000008","-10.207516","-63.829931","0","26.54407947","1","0",True,NULL
557,"RUA MARECHAL HERMES DA FONSECA","1370.0",NULL,"SETOR 02",806324,"1678844","RUA MARECHAL HERMES DA FONSECA","1375",NULL,"SETOR 02","100.0","99.64","100.0","89.93","-10.2106613","-63.8224333","110045205000016","-10.210343","-63.822583","110045205000016","-10.210343","-63.822583","0","39.00091761","1","0",True,NULL
558,"LINHA C 15, KM 11 ,MARCO SATELITE",NULL,NULL,NULL,640112,"180463179","LINHA  MARCO SATELITE","12",NULL,"GLEBA BURITI","100.0",NULL,"0.0","100.0","-10.2591029","-63.7687276","110045205000024","-10.233033","-63.768012","110045205000022","-10.233988","-63.767154500000004","141.70819955","2899.90194894","1","1928.47016613",False,NULL
559,"LINHA 01, MARCO 20",NULL,NULL,NULL,531832,"110270361","LINHA  03 MARCO 20","0",NULL,"GLEBA BURITI","100.0",NULL,"0.0","100.0","-10.0290251","-63.9109834","110045205000026","-10.025554","-63.96649","110045205000026","-10.027937","-63.967225","276.9301766","6090.02531518","1","0",True,NULL
560,"LINHA 3 KM 35 PA SAO DOMINGOS",NULL,NULL,NULL,155659,"180391551","LINHA  03 SAO DOMINGOS","44","CASA 12000","PA SAO DOMINGOS","100.0",NULL,"0.0","100.0","-10.117996","-64.0861857","110045205000027","-10.150144","-64.08872","110045205000028","-10.150137","-64.08872","0.77836556","3585.44692108","1","66.52626129",False,True
561,"LINHA 20, KM 12 GLEBA 05 LOTE 29",NULL,NULL,NULL,376267,"180191433","LINHA  KM 20","0",NULL,"PORTO ROLIM DE MOURA DO GUAPORE","100.0",NULL,"0.0","100.0","-10.1516494","-63.904976","110045205000039","-13.036568","-62.3042","110001530000002","-13.036106","-62.3035045","91.19026452","365105.1809982","1","355095.47589312",False,False
562,"LINHA C 34, PA RIO ALTO KM 25",NULL,NULL,NULL,806022,"1678966","RUA  RIO ALTO","1086","CASA","SETOR 02","100.0",NULL,"0.0","100.0","-10.1899559","-63.6749408","110045205000040","-10.204436","-63.822386","110045205000016","-10.204415000000001","-63.822278499999996","11.9938965","16216.33875669","1","9654.43235802",False,False
563,"LINHA SETE",NULL,"PREDIO","ZONA RURAL",792480,"98118195","LINHA  07","3",NULL,"ZONA RURAL","100.0",NULL,"100.0","100.0","-11.1061595","-61.4447102","110120305000014","-13.055529","-61.084125","110007205000015","-13.055529","-61.078654","592.62344711","220277.26029585","1","215293.45721958",False,False
564,"RUA ANNA MARIA KLEIN","2030.0",NULL,"SETOR 07",73913,"215201746","RUA  ANA MARIA KLEN","1718",NULL,"SETOR 07","100.0","84.63","100.0","86.93","-10.2112755","-63.8448624","110045205000052","-10.209852","-63.843881","110045205000018","-10.209852","-63.843881","0","191.28246067","1","122.69322421",False,NULL
565,"RUA CHUPINGUAIA","2220.0","ESCOLA","SETOR 04",760459,"1676709","RUA  CHUPINGUAIA","2220",NULL,"SETOR 04","100.0","100.0","100.0","90.0","-10.200219","-63.8306473","110045205000060","-10.200191","-63.830495","110045205000011","-10.200191","-63.830495","0","16.95565634","1","0",False,NULL
566,"RUA PADRE FIOVO CAMAIONE","1844.0",NULL,"BAIRRO NOVA PORTO VELHO",198732,"99420436","RUA PADRE FIOVO CAMAIONE","1839",NULL,"SETOR 08","100.0","99.73","19.35","89.95","-10.2227506","-63.8304781","110045205000056","-10.222896","-63.830194","110045205000036","-10.2228875","-63.830233","4.37117023","35.04174537","1","0",False,NULL
567,"AV RONDONIA ESQUINA COM PETROPOLIS","2109.0",NULL,"SETOR 06",852500,"1677697","RUA  PETROPOLIS","2160","ANEXO 1","SETOR 06","100.0","97.64","100.0","89.53","-10.1998547","-63.8334981","110045205000061","-10.199685","-63.833185","110045205000013","-10.1996655","-63.8331825","2.18549684","39.11723166","1","0",False,NULL
568,"RUA BRASILIA","2790.0","QUADRA 33","SETOR 07",767469,"1679626","RUA  BRASILIA","2932","CASA","SETOR 07","100.0","95.16","100.0","89.03","-10.2118704","-63.8407931","110045205000063","-10.211281","-63.841999","110045205000018","-10.211281","-63.841999","0","147.34428935","1","97.51668021",False,NULL
569,"AVENIDA RONDONIA","2214.0","SETOR 06",NULL,852542,"215185037","AVENIDA  RONDONIA","2214",NULL,"SETOR 06","100.0","100.0","0.0","90.0","-10.2102459","-63.8434154","110045205000064","-10.199213","-63.833127","110045205000013","-10.199213","-63.833127","0","1665.1574488","1","1159.22949177",False,NULL
570,"AVENIDA HONORATO BENEDITO DA SILVA","4709.0","CASA","CENTRO",854278,"1686081","AVENIDA  HONORATO BENEDITO DA SILVA","4709",NULL,"CENTRO","100.0","100.0","100.0","90.0","-11.7058818","-62.0008661","110050205000001","-11.705916","-62.000907","110050205000001","-11.705916","-62.000907","0","5.85607717","1","0",True,NULL
571,"TRAVESSA DA CULTURA","4834.0","PREDIO","CENTRO",854252,"1686134","TRAVESSA  CULTURA","4834",NULL,"CENTRO","100.0","100.0","100.0","90.0","-11.7068897","-61.9997775","110050205000001","-11.706683","-61.999885","110050205000001","-11.706683","-61.999885","0","25.79279406","1","0",True,NULL
572,"LINHA 160 KM 4,5 NORTE",NULL,"ZONA RURAL","ZONA RURAL",156816,"180371172","LINHA  165","0","CASA PORTEIRA","RURAL","100.0",NULL,"100.0","100.0","-11.68967851","-62.0125793","110050205000016","-13.001812","-60.427215","110030405000063","-13.001812","-60.427215","0","225702.68959167","1","221714.56926171",False,False
573,"RUA MARIO COVAS",NULL,"ESCOLA","CIDADE ALTA",505538,"101783937","RUA  MARIO COVAS","0",NULL,"UNIAO BANDEIRANTES","100.0",NULL,"34.48","100.0","-11.72055563","-62.14541898","110050210000008","-9.714402","-64.530686","110020525000022","-9.7144285","-64.5305865","11.29635686","343028.0708065","1","342080.90933592",False,False
574,"AVENIDA PORTO ALEGRE","3495.0","PREDIO","CENTRO",75552,"92571715","RUA  PORTO ALEGRE","3504",NULL,"CENTRO","100.0","99.74","100.0","89.95","-11.7214233333333","-62.1451666666667","110050210000008","-11.039782","-62.676334","110130205000001","-11.039782","-62.676334","0","95380.76779352","1","94553.42822331",False,NULL
575,"RUA PADRE ANCHIETA","3219.0","ESCOLA","CENTRO",232629,"1661430","RUA PADRE ANCHIETA","3266","CASA","CENTRO","100.0","98.56","100.0","89.71","-11.7274376","-62.1468865","110050210000008","-12.13203","-61.859381","110037905000003","-12.13203","-61.859381","0","54793.57088615","1","54179.89572756",False,NULL
576,"RUA TEREZA MAZZORANA BORTOLOTTO","2128.0","CENTRO","SETOR 01",933951,"1578745","RUA  TEREZA MAZORANA BORTOLOTTO","2127","CASA","SETOR 01","100.0","99.95","100.0","89.99","-10.343279","-62.9012856","110060105000001","-10.343812","-62.901215","110060105000001","-10.343812","-62.901215","0","59.76801976","1","0",True,NULL
577,"TRAVESSA 01","1423.0",NULL,"SETOR 01",933987,"1578355","TRAVESSA  1","1461",NULL,"SETOR 01","100.0","97.4","100.0","89.48","-10.34285305","-62.90192305","110060105000001","-10.342545","-62.901771","110060105000001","-10.342545","-62.901771","0","38.07823588","1","0",True,NULL
578,"RUA ALTO PARAISO","1848.0","PREDIO","SETOR 05",896574,"219264397","RUA  ALTO PARAISO","1853",NULL,"SETOR 05","100.0","99.73","100.0","89.95","-10.3381335","-62.8985324","110060105000002","-10.338475","-62.89877","110060105000002","-10.338475","-62.89877","0","46.01620898","1","0",True,NULL
579,"AV COSTA E SILVA","1923.0",NULL,"SETOR 04",835632,"1581703","AVENIDA  COSTA E SILVA","1924",NULL,"SETOR 04","100.0","99.95","100.0","89.99","-10.57048833","-63.61812833","110070005000002","-10.570488","-63.617764","110070005000003","-10.570488","-63.617764","0","39.82423541","1","3.68663013",False,NULL
580,"AV. COSTA E SILVA","1853.0","CENTRO","SETOR 04",835627,"1581717","AVENIDA  COSTA E SILVA","1852",NULL,"SETOR 04","100.0","99.95","100.0","89.99","-10.57104191","-63.61789959","110070005000002","-10.570827","-63.617481","110070005000003","-10.570827","-63.617481","0","51.6197894","1","9.57768326",False,NULL
581,"FAZENDA JULIANA",NULL,NULL,NULL,181201,"98118239","FAZENDA  JULIANA","0",NULL,"LINHA 125","100.0",NULL,"0.0","100.0","-12.67767406","-61.10121715","110092405000044","-12.612495","-61.215566","110092405000024","-12.612495","-61.215566","0","14368.43311063","1","12583.27791909",False,True
582,"BR 421 LINHA 03 RIO JACI",NULL,"LINHA 3 COQUEIROS","SETOR RURAL",190198,"92560092","RODOVIA  BR 421","2007","FUNDOS","SETOR 04","100.0",NULL,"76.92","100.0","-10.4450500435726","-63.9730727278612","110070005000027","-10.574944","-63.615762","110070005000002","-10.57494","-63.6157495","1.43690325","41649.26157453","1","40473.93736984",False,False
583,"ALDEIA BYYJYTY OSOP AKY- TERRA INDIGENA KARITIANA",NULL,NULL,NULL,581021,"110643949","ALDEIA  ALDEIA INDIGENA","0",NULL,"ALDEIA INDIGENA JAMARI","100.0",NULL,"0.0","100.0","-8.791082","-63.701035","110080905000002","-10.552564","-63.186472","110100515000013","-10.552564","-63.186472","0","203826.93288314","1","202563.14346936",False,False
584,"AVENIDA AYRTON SENNA","604.0",NULL,"UNIAO",206144,"180434837","AVENIDA  AYRTON SENNA","600",NULL,"NOVO PLANO","100.0","99.34","40.0","89.87","-8.7917313","-63.69992672","110080905000002","-12.44765","-61.106515","110092405000023","-12.44765","-61.106515","0","495543.79578117","1","493678.48908996",False,NULL
585,"LINHA C 25 RO 144 TB 40","0.0",NULL,"ZONA RURAL",332995,"98100647","LINHA  140","0","FAZENDA SAO JOAO","ZONA RURAL","100.0","100.0","100.0","90.0","-10.24882667","-63.13015333","110060105000012","-12.769208","-61.30919","110007205000022","-12.7692245","-61.3092305","4.75983882","343368.50245632","1","340257.89893844",False,False
586,"RUA AIRTON SENA","326.0",NULL,"UNIAO",40982,"99828836","RUA  AIRTON SENA","610",NULL,"UNIAO BANDEIRANTES","100.0","53.44","100.0","80.69","-8.794656","-63.700205","110080905000003","-9.709919","-64.525316","110020525000019","-9.709919","-64.525316","0","136226.43207421","1","135436.68759849",False,False
587,"LC 03 TB 80 LOTE 21 A",NULL,NULL,"ZONA RURAL",194898,"113560087","ESTRADA  C 80 TB 30 LOTE 72","10","GLEBA 44","PROJETO DE ASSENTAMENTO DIRIGIDO MARECHAL DUTRA","100.0",NULL,"24.56","100.0","-10.31294336","-62.7444685","110060105000016","-9.75924","-63.266173","110040305000023","-9.75924","-63.266173","0","83986.87781952","1","76102.20558489",False,False
588,"RUA DUQUE DE CAXIAS","2101.0",NULL,"SETOR 01",879110,"92559868","RUA DUQUE DE CAXIAS","2101",NULL,"SETOR 01","100.0","100.0","100.0","90.0","-10.57107667","-63.62226667","110070005000001","-10.570987","-63.62198","110070005000001","-10.570987","-63.62198","0","32.88341374","1","0",True,NULL
589,"LH 02 BR 421",NULL,"DISTRITO RIO BRANCO","RURAL",129362,"1699945","RODOVIA  BR 421","0",NULL,"PROJETO DE ASSENTAMENTO DIRIGIDO MARECHAL DUTRA","100.0",NULL,"19.23","100.0","-10.26436841","-64.06103539","110070005000009","-10.161457","-63.226834","110140105000017","-10.1614655","-63.230472500000005","398.23832688","92003.76341332","1","91458.60826842",False,False
590,"RUA CASTRO ALVES - DISTRITO RIO BRANCO",NULL,"DISTRITO RIO BRANCO","AREA RURAL",65256,"1487329","RUA  CASTRO ALVES","6635",NULL,"INDUSTRIAL","100.0",NULL,"40.0","100.0","-10.26429623","-64.06064252","110070005000009","-11.718607","-61.793022","110028805000050","-11.7186735","-61.793089","10.38711434","295659.25274777","1","294829.20600606",False,NULL
591,"RUA DOM BOSCO","20.0","PROXIMO ASA NORTE","SATELITE",224833,"92315832","AVENIDA DOM BOSCO","53",NULL,"DISTRITO DE SANTANA","99.96","37.74","29.63","77.52","-8.795116874","-63.70842858","110080905000005","-11.726617","-62.494136","110032020000001","-11.726617","-62.494136","0","351999.9467271","1","350090.46158934",False,False
592,"AV. TANCREDO NEVES",NULL,NULL,"SATELITE",273034,"1587271","AVENIDA  TANCREDO NEVES","544","APARTAMENTO 3","SATELITE","100.0",NULL,"100.0","100.0","-8.795097030000004","-63.71011932","110080905000005","-8.794958","-63.713697","110080905000006","-8.794938","-63.713488","23.07393692","393.44653979","1","316.89510429",False,True
593,"BR 421 KM 80 LINHA C-06 KM 15",NULL,"SITIO","ZONA RURAL",221567,"1489265","TRAVESSAO  KM 15","15",NULL,"LINHA 40","100.0",NULL,"33.33","100.0","-10.4447998666667","-63.57108795","110070005000014","-11.859878","-61.835187","110028805000060","-11.859039","-61.835187","93.2926719","246213.47479433","1","237114.12806506",False,False
594,"RUA CARLOS DRUMMOND DE ANDRADE","1491.0",NULL,"DAS FLORES",201943,"1695597","AVENIDA  CARLOS DRUMMOND DE ANDRADE","2079",NULL,"CENTRO","100.0","71.72","12.5","84.34","-8.787221600000002","-63.69690111","110080905000008","-10.262229","-63.300074","110140105000002","-10.2621375","-63.300163","14.08357128","169688.12195892","1","168588.2868016",False,False
595,"RUA JASMIM",NULL,"ESCOLA","UNIAO",916340,"217168243","RUA  JASMIM","79",NULL,"UNIAO","100.0",NULL,"100.0","100.0","-8.79442455","-63.70631484","110080905000010","-8.794881","-63.70581","110080905000010","-8.794826","-63.705844","7.16667221","75.19058853","1","0",True,NULL
596,"RUA TANCREDO NEVES","1487.0",NULL,"UNIAO",916216,"1588915","AVENIDA  TANCREDO NEVES","1488","LOJA 1","UNIAO","100.0","99.93","100.0","89.99","-8.795196754","-63.70460803","110080905000010","-8.795659","-63.704836","110080905000010","-8.795659","-63.704836","0","57.17920775","1","0",True,NULL
597,"RUA CEREJEIRAS",NULL,NULL,"DISTRITO NOVA SAMUEL",728031,"97811443","RUA  CEREJEIRAS","900",NULL,"NOVA SAMUEL","100.0",NULL,"100.0","100.0","-8.65814429","-63.41228538","110080905000012","-8.660509","-63.413562","110080905000012","-8.660506","-63.413556","0.73912307","298.0498726","1","0",True,NULL
598,"RO 460 KM 30 DISTRITO DE VILA UNIAO",NULL,NULL,"ZONA RURAL",128865,"1699430","ENTRADA  VILA UNIAO","7",NULL,"VILA UNIAO","100.0",NULL,"40.0","100.0","-10.3418677333333","-63.6555630666667","110070005000019","-10.010781","-63.174153","110140105000016","-10.010311","-63.174153","52.26168748","64276.05285886","1","63932.9992431",False,False
599,"LINHA 1 ASSENTAMENTO FLOR DO AMAZONAS II",NULL,NULL,"ZONA RURAL",210092,"92574565","TRAVESSA  DO ASSENTAMENTO","0",NULL,"ELSON MACHADO","100.0",NULL,"34.78","100.0","-8.97999502","-63.58305946","110080905000020","-10.213205","-63.516742","110140105000013","-10.213205","-63.516742","0","137319.50598561","1","115762.85106048",False,False
600,"RUA CONTINENTAL","170.0",NULL,"PALHEIRAL",537996,"1591729","RUA  CONTINENTAL","170",NULL,"PALHEIRAL","100.0","100.0","100.0","90.0","-8.78237441","-63.69975596","110080905000029","-8.781655","-63.698798","110080905000029","-8.781665","-63.698798","1.1119508","132.21683952","1","0",True,NULL
601,"RUA AIRTON SENNA COM CONTINENTAL","1135.0","RUA CONTINENTAL","PALHEIRAL",774652,"1585750","AVENIDA  AIRTON SENNA","1135",NULL,"PALHEIRAL","100.0","100.0","100.0","90.0","-8.782096510000002","-63.69961213","110080905000029","-8.786371","-63.699757","110080905000001","-8.786371","-63.699757","0","475.56879371","1","305.53819427",False,True
602,"TERRA INDIGENA TUBARAO LATUNDE",NULL,"ALDEIA FELIPE CAMARA","AREA RURAL DE VILHENA",572335,"180419475","ALDEIA  LATUNDE","0","CASA 4","ALDEIA INDIGENA LATUNDE","100.0",NULL,"45.45","100.0","-12.832735","-60.45298","110092405000030","-12.671536","-60.743965","110092405000031","-12.6715685","-60.743974","3.74341553","36293.1945366","1","30412.53483642",False,False
603,"RUA VENEZUELA",NULL,NULL,"SANTA LETICIA I",934102,"1589502","RUA  VENEZUELA","178",NULL,"SANTA LETICIA 2","100.0",NULL,"93.33","100.0","-8.7901984","-63.69409959","110080905000040","-8.790199","-63.693222","110080905000040","-8.7903845","-63.692995499999995","32.32592533","96.43754753","1","0",True,NULL
604,"RUA VENEZUELA",NULL,NULL,"SANTA LETICIA",934102,"1589502","RUA  VENEZUELA","178",NULL,"SANTA LETICIA 2","100.0",NULL,"100.0","100.0","-8.79016927","-63.69476817","110080905000040","-8.790199","-63.693222","110080905000040","-8.7903845","-63.692995499999995","32.32592533","169.9393041","1","0",True,NULL
605,"RUA VENEZUELA","5.0",NULL,"SANTA LETICIA",934079,"217684517","RUA  VENEZUELA","8",NULL,"SANTA LETICIA 2","100.0","62.5","100.0","82.5","-8.790173340000004","-63.69523473","110080905000040","-8.790616","-63.69529","110080905000040","-8.790592","-63.69529","2.66868191","49.59491371","1","0",True,NULL
606,"RUA 01","964.0","AO LADO DA PASSARELA","SANTA ISABEL",381245,"218983979","TRAVESSA  01","3304",NULL,"SANTA FELICIDADE","100.0","29.18","64.29","75.84","-8.798460154000002","-63.71138175","110080905000044","-11.922663","-61.986948","110001505000019","-11.922663","-61.986948","0","395287.88383708","1","392816.52043762",False,NULL
607,"RUA JAMARI","718.0",NULL,"DISTRITO TRIUNFO",180011,"1593598","RUA  JAMARI","718",NULL,"TRIUNFO","100.0","100.0","100.0","90.0","-9.27883156","-63.46383697","110080920000010","-9.27871","-63.463975","110080920000004","-9.27871","-63.463975","0","20.3014927","1","0",False,NULL
608,"RUA LUMIAR","1058.0","DISTRITO TRIUNFO","DISTRITO",179835,"180408795","RUA  LUMIAR","1058",NULL,"TRIUNFO","100.0","100.0","53.33","90.0","-9.276496","-63.468496","110080920000010","-9.276599","-63.468877","110080920000004","-9.276599","-63.468877","0","43.35152833","1","6.0947817",False,NULL
609,"RUA DOS ESTUDANTES","1044.0",NULL,"CENTRO",180412,"1593411","RUA  DOS ESTUDANTES","1055",NULL,"TRIUNFO","100.0","98.96","46.15","89.79","-9.27948216","-63.47001995","110080920000011","-9.279639","-63.470026","110080920000004","-9.279639","-63.470026","0","17.45246941","1","0",False,NULL
610,"AVENIDA PINHEIROS","2132.0","PREDIO PROPRIO","CENTRO",26042,"180255448","RUA  PINHEIROS","2107","APARTAMENTO 2","VILLA FLORA","100.0","98.83","11.76","89.77","-11.4277901","-61.9480931","110090805000001","-11.540096","-61.006472","110009805000033","-11.540077","-61.006459500000005","2.51359093","103364.58442638","1","102896.83560006",False,NULL
611,"LINHA 02 KM 01",NULL,"ZONA RURAL","ZONA RURAL",32337,"110618614","TRAVESSAO  DA LINHA 1 KM 2","0","CASA B","LINHA ZERO UM","100.0",NULL,"34.78","100.0","-11.4305319","-61.9474066","110090805000001","-13.091881","-60.526938","110006405000036","-13.091341","-60.487682500000005","4251.99186632","240722.64785987","1","240026.33127954",False,False
612,"LINHA 172 KM 25",NULL,"ZONA RURAL",NULL,181915,"110647978","LINHA  KM 72","10",NULL,"SAO FRANCISCO","100.0",NULL,"0.0","100.0","-11.497664","-61.8085178","110090805000004","-12.153168","-63.933769","110149205000012","-12.1531655","-63.9338745","11.4715362","242512.85027955","1","236447.92965033",False,False
613,"RUA JOANA DARC","3329.0","ESCOLA NILO COELHO","CENTRO",187255,"92570536","RUA  JOANA DARC","3329",NULL,"CENTRO","100.0","100.0","100.0","90.0","-11.1960566","-61.5190099","110120305000022","-11.195929","-61.518974","110120305000001","-11.195929","-61.518974","0","14.71896181","1","0",False,NULL
614,"RUA BAHIA","5701.0","AO LADO DO BOSQUE","CENTRO",349297,"99936044","RUA  BAHIA","5701",NULL,"CENTRO","100.0","100.0","100.0","90.0","-11.1968341","-61.5202366","110120305000022","-11.196786","-61.520091","110120305000017","-11.196786","-61.520091","0","16.75825758","1","0",False,NULL
615,"TERRA INDIGENA SETE DE SETEMBRO, ALDEIA PAYAMAH, LINHA 07",NULL,"CRE - CACOAL","CENTRO",11544,"180211453","ALDEIA  PAYAMAH LINHA 07","539",NULL,"ALDEIA INDIGENA PAYAMAH","100.0",NULL,"13.79","100.0","-11.196359","-61.517963","110120305000022","-11.028515","-61.412105","110004910000036","-11.028656","-61.412173","17.34635539","21948.35742073","1","21603.86661475",False,False
616,"RUA BAHIA","5591.0","PREDIO","CENTRO",349299,"99936046","RUA  BAHIA","5591",NULL,"CENTRO","100.0","100.0","100.0","90.0","-11.19766","-61.520079","110120305000022","-11.197832","-61.51994","110120305000017","-11.197832","-61.51994","0","24.40633634","1","0",False,NULL
617,"RUA BAHIA","5635.0",NULL,"CENTRO",349298,"99936045","RUA  BAHIA","5635",NULL,"CENTRO","100.0","100.0","100.0","90.0","-11.1974929","-61.5203465","110120305000022","-11.197506","-61.520023","110120305000017","-11.197506","-61.520023","0","35.31689238","1","0",False,NULL
618,"DISTRITO DE NOVA ANDRADINA",NULL,NULL,NULL,25384,"180251418","ESTRADA  ANDRADINA","0",NULL,"VISTA ALEGRE","100.0",NULL,"0.0","100.0","-12.27138637","-61.12106977","110092405000010","-11.54964","-61.006489","110009805000033","-11.549117500000001","-61.007103","88.60024835","81217.115935","1","79656.56438597",False,NULL
619,"RUA SENADOR RONALDO ARAGAO",NULL,NULL,"SETOR 10",653540,"180478117","RUA SENADOR RONALDO ARAGAO","1144","CASA","SETOR 10","100.0",NULL,"100.0","100.0","-12.5513057","-60.8971023","110092405000020","-12.551143","-60.897166","110092405000020","-12.551086","-60.897166","6.33811954","19.3675391","1","0",True,NULL
620,"RUA AVENIDA SAO CRISTOVAO","2525.0","DISTRITO GUAPORE","CENTRO",36794,"1748386","RUA SAO CRISTOVAO","2484",NULL,"DISTRITO","100.0","98.38","42.86","89.68","-12.22952283","-60.68734408","110092405000013","-10.544355","-63.01839","110100515000001","-10.544355","-63.01839","0","315709.95460023","1","314781.52252764",False,False
621,"RUA HELIO VIANA","3.0","PROXIMO A ASSOCIACAO","CENTRO",574133,"1598824","AVENIDA  HELIO VIANNA","0",NULL,"BOA ESPERANCA","100.0","0.0","21.05","70.0","-12.293812","-61.0496291","110092405000017","-12.296241","-61.048904","110092405000017","-12.2961985","-61.049009","12.34777017","281.3470542","1","0",True,NULL
622,"AV TANCREDO NEVES",NULL,"BOA ESPERANCA","CENTRO",13032,"215141307","AVENIDA  TANCREDO NEVES","3661",NULL,"CENTRO","100.0",NULL,"100.0","100.0","-12.29744151","-61.047737","110092405000017","-9.421722","-61.996256","110013005000006","-9.4221735","-61.996054","54.8770808","336120.3621085","1","333711.39804206",False,NULL
623,"TERRA INDIGENA TUBARAO LATUNDE - ALDEIA GLEBA",NULL,"ALDEIA SOWAINTE","ZONA RURAL",572335,"180419475","ALDEIA  LATUNDE","0","CASA 4","ALDEIA INDIGENA LATUNDE","100.0",NULL,"30.3","100.0","-12.57168531","-60.80667288","110092405000027","-12.671536","-60.743965","110092405000031","-12.6715685","-60.743974","3.74341553","13022.02257359","1","10909.67602723",False,False
624,"TERRA INDIGENA TUBARAO LATUNDE - ALDEIA RIO DO OURO",NULL,"ALDEIA RIO DO OURO","ZONA RURAL",572335,"180419475","ALDEIA  LATUNDE","0","CASA 4","ALDEIA INDIGENA LATUNDE","100.0",NULL,"30.3","100.0","-12.49357084","-60.78577393","110092405000028","-12.671536","-60.743965","110092405000031","-12.6715685","-60.743974","3.74341553","20302.35479064","1","18099.38189594",False,False
625,"RUALNHA 105 KAPA 48 GLEBA CORUMBIARA DISTRITO DE NOVO PLANO M",NULL,"AV J. RIBEIRO","DISTRITO DE NOVO PLANO",229970,"180388693","GLEBA  CORUMBIARA","0",NULL,"GLEBA CORUMBIARA","100.0",NULL,"26.32","100.0","-12.44503488","-61.10495539","110092405000038","-12.792063","-60.174868","110030405000065","-12.7919615","-60.17484949999999","11.46319439","108048.36302549","1","107277.66341089",False,False
626,"AV XV DE NOVEMBRO","2555.0",NULL,"CENTRO",253640,"91998167","AVENIDA  XV DE NOVEMBRO","1273",NULL,"UNIAO","100.0","49.82","36.36","79.96","-12.54969736","-60.90038599","110092405000041","-10.721466","-62.260717","110015505000002","-10.721464999999998","-62.260701","1.75159647","251543.91002613","1","250593.19845126",False,False
627,"RUA JULIO DIAS MONTALVAO","1386.0",NULL,"CENTRO",571699,"1596043","RUA  JULIO DIAS MONTALVAO","1395",NULL,"CENTRO","100.0","99.35","100.0","89.87","-12.55842091","-60.90568151","110092405000042","-12.558622","-60.906119","110092405000001","-12.5585575","-60.906125","7.20158601","52.48427331","1","0",False,NULL
628,"ASSENTAMENTO AGUA VIVA",NULL,NULL,NULL,205497,"110643417","ASSENTAMENTO  AGUA VIVA","0","LOTE 23","LINHA 5","100.0",NULL,"0.0","100.0","-12.7983738","-60.84951413","110092405000045","-12.791863","-60.848051","110092405000007","-12.791863","-60.848051","0","741.14893831","1","0",False,NULL
629,"AV BEIJA-FLOR","3088.0",NULL,"SETOR 03",75928,"1600030","RUA  BEIJA FLOR","3023","FUNDOS 1","SETOR 03","100.0","97.9","100.0","89.58","-9.364591667","-62.58614333","110094005000002","-9.363859","-62.587128","110094005000002","-9.363900000000001","-62.587194499999995","8.60320983","135.30695538","1","0",True,NULL
630,"LINHA CA 16 LOTE 139 GLEBA 02",NULL,NULL,"ZONA RURAL",460515,"180363094","LINHA  135 TRAVESSAO 130 GLEBA CORUMBIARA","0",NULL,"RURAL","100.0",NULL,"100.0","100.0","-9.333404","-62.490919","110094005000010","-12.67102","-60.371534","110030405000070","-12.670999","-60.371976000000004","48.00807528","437301.98983919","1","432029.67572221",False,False
631,"RUA PARANA","2770.0","CENTRO","CENTRO",249034,"215129806","RUA  PARANA","2772",NULL,"CENTRO","100.0","99.93","100.0","89.99","-11.03492","-62.67542667","110130205000002","-11.165747","-61.903785","110025405000008","-11.165747","-61.903785","0","85444.94967358","1","85243.63060557",False,False
632,"AV. MARACANA","1413.0",NULL,"SETOR 03",321671,"1742592","AVENIDA  MARACANA","1345",NULL,"SETOR 03","100.0","95.19","100.0","89.04","-9.3679189","-62.5839915","110094005000022","-9.368555","-62.584483","110094005000022","-9.368555","-62.584483","0","88.94178231","1","0",True,NULL
633,"AVENIDA CONDOR","1171.0",NULL,"SETOR 03",321600,"1742437","AVENIDA  DO CONDOR","1139",NULL,"SETOR 03","100.0","97.27","100.0","89.45","-9.370065895","-62.58558976","110094005000022","-9.370256","-62.585751","110094005000022","-9.370256","-62.585751","0","27.56406711","1","0",True,NULL
634,"AVENIDA ROUXINOL","2481.0",NULL,"SETOR 02",469594,"92567749","AVENIDA  ROUXINOL","2464",NULL,"SETOR 02","100.0","99.31","100.0","89.86","-9.368911958","-62.58212392","110094005000023","-9.369013","-62.581834","110094005000023","-9.369013","-62.581834","0","33.73365899","1","0",True,NULL
635,"AV. GALO DA SERRA",NULL,NULL,"SETOR 01",468867,"92566549","AVENIDA  GALO DA SERRA","1958",NULL,"SETOR 01","100.0",NULL,"100.0","100.0","-9.3621147","-62.5803161","110094005000024","-9.362918","-62.581369","110094005000004","-9.3628315","-62.581176","23.25689219","146.02375231","1","3.28263912",False,True
636,"RO 205",NULL,NULL,"COMUNIDADE CASTANHEIRA",423291,"1603509","TRAVESSAO  205","1","SITIO","RIO ROLIM DE MOURA","100.0",NULL,"30.0","100.0","-9.483796","-62.657418","110094005000047","-11.92819","-61.586261","110029605000013","-11.9273825","-61.586261","89.79002689","295926.3527174","1","289904.90725216",False,False
637,"RUA ANA FERREIRA",NULL,NULL,"CENTRO",123570,"1750384","RUA PRESIDENTE ANA FERREIRA","1437",NULL,"CENTRO","100.0",NULL,"100.0","100.0","-9.189301667","-63.18799333","110110405000002","-9.1865","-63.188749","110110405000003","-9.1864775","-63.188728","3.40193339","322.38551352","1","10.62530853",False,True
638,"TERRA INDIGENA - ALDEIA JAMARI","0.0","0","ZONA RURAL",581021,"110643949","ALDEIA  ALDEIA INDIGENA","0",NULL,"ALDEIA INDIGENA JAMARI","100.0","100.0","31.25","90.0","-10.610425","-62.737602","110100505000003","-10.552564","-63.186472","110100515000013","-10.552564","-63.186472","0","49483.40826421","1","41832.13059146",False,False
639,"LINHA 623","0.0",NULL,"ALDEIA INDIGENA",659547,"180484237","LINHA  623","0",NULL,"ALDEIA INDIGENA 623","100.0","100.0","100.0","90.0","-10.610425","-62.737602","110100505000003","-10.824209","-62.913374","110100505000023","-10.8242125","-62.9134185","4.87570021","30559.61713919","1","17013.66296654",False,False
640,"TERRAS INDIGENAS URU EU WAU WAU",NULL,"ALDEIA 621","ZONA RURAL",294580,"1386025","RUA  JAU","0",NULL,"TABAJARA","100.0",NULL,"22.22","100.0","-10.610425","-62.737602","110100505000003","-8.934115","-62.054777","110013025000001","-9.2648","-62.055889","36770.7476393","200854.07071058","1","184459.29486478",False,False
641,"LINHA 621",NULL,NULL,"ZONA RURAL",143142,"1747949","LINHA  621","3310","FRENTE","RO 463","100.0",NULL,"25.0","100.0","-10.7188102","-62.8813657","110100505000008","-10.553355","-62.718162","110100505000013","-10.5539775","-62.718329","71.58577206","25624.00848901","1","18403.17006353",False,True
642,"RUA SENADOR OLAVO PIRES","1363.0",NULL,"CENTRO",789259,"99388630","AVENIDA SENADOR OLAVO PIRES","1664",NULL,"CENTRO","100.0","81.91","100.0","86.38","-9.18507729","-63.19133329","110110405000003","-10.247237","-62.356052","110160905000003","-10.247237","-62.356052","0","149431.64953902","1","148625.71129055",False,NULL
643,"AVENIDA PEDRAS BRANCAS","717.0",NULL,"CENTRO",580185,"1746074","AVENIDA  PEDRAS BRANCAS","717",NULL,"CENTRO","100.0","100.0","100.0","90.0","-10.612224","-62.7324398","110100505000029","-10.611879","-62.732767","110100505000002","-10.611879","-62.732767","0","52.44519098","1","0",False,NULL
644,"AVENIDA CACAULANDIA",NULL,"DIST. COLINA VERDE","CENTRO",806187,"1678708","RUA  CACAULANDIA","1209","CASA A","CENTRO","100.0",NULL,"100.0","100.0","-10.5420225","-63.0178854","110100515000001","-10.211886","-63.825838","110045205000016","-10.211894","-63.82584","0.91609006","95692.1302526","1","95164.95453198",False,False
645,"AVENIDA COSTA E SILVA","2166.0","CENTRO","CENTRO",272081,"1750143","AVENIDA  COSTA E SILVA","2166",NULL,"CENTRO","100.0","100.0","100.0","90.0","-9.1815632","-63.1897395","110110405000004","-9.190317","-63.189077","110110405000002","-9.190317","-63.189077","0","976.09226955","1","681.9524141",False,False
646,"RUA BRASIL","2772.0","CENTRO","CENTRO",573173,"1691730","RUA  BRASIL","2772",NULL,"CENTRO","100.0","100.0","100.0","90.0","-11.0323278","-62.6724957","110130205000005","-11.032197","-62.67239","110130205000005","-11.032197","-62.67239","0","18.56391823","1","0",True,NULL
647,"RUA IMBURANA",NULL,"BAIRRO NOVO","FRANCISCO NATALINO FERREIRA",267822,"91984491","RUA  IMBURANA","1043","APARTAMENTO 1","JORGE TEIXEIRA","100.0",NULL,"24.39","100.0","-10.6162543","-62.7307091","110100505000026","-10.892754","-61.906715","110012205000038","-10.892704","-61.906704","5.68801591","95120.54588368","1","94608.04375804",False,False
648,"RUA CEREJEIRAS","0.0","PROXIMO CAMARA",NULL,330957,"1400939","RUA  CEREJEIRAS","0",NULL,"JARDIM AEROPORTO","100.0","100.0","0.0","90.0","-10.6134759","-62.7353143","110100505000027","-10.727147","-62.251258","110015505000025","-11.076024499999999","-62.101234000000005","42110.15253861","54383.21163386","1","54127.65373392",False,False
649,"RUA PITANGUEIRAS","0.0",NULL,"FRANCISCO ANATALINO",259608,"221096685","RUA  PITANGUEIRAS","0",NULL,"RUA PITANGUEIRAS","100.0","100.0","34.29","90.0","-10.6121771","-62.734646","110100505000027","-10.617668","-62.729373","110100505000001","-10.617668","-62.729332","4.48094174","839.58572909","1","523.01537513",False,NULL
650,"LINHA 60 KM 7",NULL,"COLEGIO IAAMO","ZONA RURAL",439441,"180310880","ESTRADA  KM 67","0",NULL,"ALDEIA INDIGENA CARACOL","100.0",NULL,"36.36","100.0","-10.99084203","-62.7300682","110130205000017","-9.362193","-64.220661","110020505000165","-9.362091","-64.220795","18.56819103","243739.09103395","1","234788.31045475",False,False
651,"RUA MONTE NEGRO",NULL,NULL,"ZONA URBANA",101019,"97528015","AVENIDA  MONTE NEGRO","2053",NULL,"SETOR 03","100.0",NULL,"21.05","100.0","-10.542622","-63.1022448","110100515000005","-10.202304","-63.829441","110045205000003","-10.202294","-63.829464","2.75172145","88082.1109423","1","79520.29876537",False,False
652,"TERRITORIO INDIGENA URU EU WAU WAU - POSTO INDIGENA TRINCHEIR",NULL,"POVO INDIG AMONDAWA","AREA RURAL",882395,"100169822","RUA  INDIANA","3374",NULL,"BOA ESPERANCA","100.0",NULL,"34.78","100.0","-11.065299","-62.9528001","110130205000022","-10.860364","-61.905089","110012205000191","-10.860342","-61.905032","6.68804777","116622.16186996","1","114169.40156344",False,NULL
653,"LINHA B 40 - A KM 10","0.0",NULL,"ZONA RURAL",98916,"110615396","TRAVESSAO  B 40 PARA A LINHA 50","0",NULL,"PROJETO DE ASSENTAMENTO DIRIGIDO MARECHAL DUTRA","100.0","100.0","24.56","90.0","-9.197259","-63.181409","110110405000019","-10.037463","-63.09649","110002305000090","-10.035262","-63.0964425","244.79562647","93889.25533989","1","61573.96158461",False,False
654,"RUA SENADOR OLAVO PIRES","1367.0",NULL,"CENTRO",789259,"99388630","AVENIDA SENADOR OLAVO PIRES","1664",NULL,"CENTRO","100.0","82.15","100.0","86.43","-9.184851525","-63.1860118","110110405000021","-10.247237","-62.356052","110160905000003","-10.247237","-62.356052","0","149094.97181311","1","148249.69028042",False,NULL
655,"AV. AYRTON SENNA","1655.0","PREDIO ESCOLAR","CENTRO",805969,"1679135","AVENIDA  AYRTON SENNA","1189",NULL,"CENTRO","100.0","71.84","100.0","84.37","-9.185685171","-63.18701148","110110405000021","-10.213441","-63.825958","110045205000016","-10.213441","-63.825958","0","134032.0186593","1","133352.34447813",False,False
656,"LINHA DOIS KM 18",NULL,NULL,NULL,609750,"110630854","TRAVESSAO  KM 18","1",NULL,"LADO DIREITO LINHA 184 SENTIDO LINHA 182","100.0",NULL,"0.0","100.0","-11.20784","-61.6194171","110120305000007","-11.888213","-61.896198","110028805000064","-11.8876215","-61.897600499999996","166.17651294","81441.87547376","1","68057.55753494",False,False
657,"LINHA 64 KM 10",NULL,"ZONA RURAL",NULL,2186,"110615860","TRAVESSAO  KM 70","34",NULL,"GLEBA BURAREIRO","100.0",NULL,"0.0","100.0","-11.0021933333333","-62.776355","110130205000016","-9.838655","-62.461972","110002305000085","-9.840912","-62.462735","264.52316122","133869.87884878","1","128846.86996306",False,False
658,"RUA GONCALVES DE PAIVA","3375.0",NULL,"SETOR 01",697370,"214339878","RUA  GONCALVES DE PAIVA","3374",NULL,"CENTRO","100.0","99.97","42.86","89.99","-11.0317016","-62.6643783","110130205000045","-11.031802","-62.664675","110130205000006","-11.031802","-62.664675","0","34.25236511","1","0",False,NULL
659,"RUA JASIEL OLIVEIRA DA SILVA","3121.0","ESCOLA","SETOR 1",263277,"180239260","RUA  INACIO DA SILVA","3079",NULL,"SETOR 05","84.77","98.65","83.33","79.07","-11.0287378","-62.6655696","110130205000045","-10.427631","-62.474508","110011405000028","-10.427631","-62.474508","0","70023.64918792","1","69634.03026716",False,False
660,"RUA DOS PRINCESA ISABEL","2369.0","ESCOLA","CENTRO",547478,"92571985","RUA PRINCESA ISABEL","2371","TERREO","CENTRO","100.0","99.92","100.0","89.98","-11.0293768","-62.6763781","110130205000030","-11.028215","-62.677713","110130205000003","-11.028206","-62.677616","10.63393546","194.71918013","1","133.59335921",False,NULL
661,"RUA MARECHAL RONDON","2334.0","TERREO","CENTRO",547742,"92571919","RUA MARECHAL RONDON","2334",NULL,"CENTRO","100.0","100.0","100.0","90.0","-11.0302311","-62.6758883","110130205000030","-11.03036","-62.675585","110130205000003","-11.03036","-62.675585","0","36.07224669","1","0",False,NULL
662,"RUA PIAUI","2965.0",NULL,"SETOR 02",889835,"1281321","RUA  PIAUI","3782",NULL,"SETOR 02","100.0","78.4","100.0","85.68","-11.0381017","-62.674138","110130205000034","-10.436876","-62.460666","110011405000012","-10.436867","-62.460661","1.14038455","70804.32485123","1","69988.57265792",False,NULL
663,"BR 421, KM 74",NULL,NULL,"ZONA RURAL",129362,"1699945","RODOVIA  BR 421","0",NULL,"PROJETO DE ASSENTAMENTO DIRIGIDO MARECHAL DUTRA","100.0",NULL,"24.56","100.0","-10.246216","-63.290521","110140105000007","-10.161457","-63.226834","110140105000017","-10.1614655","-63.230472500000005","398.23832688","11721.89891564","1","2922.65379155",False,True
664,"RUA JONAS ANTONIO DE SOUZA","3791.0","PREDIO","CENTRO",590399,"1706784","RUA  JONAS ANTONIO DE SOUZA","3791",NULL,"CENTRO","100.0","100.0","100.0","90.0","-11.8310767","-61.31862","110147605000001","-11.830926","-61.318683","110147605000001","-11.830926","-61.318683","0","18.10556776","1","0",True,NULL
665,"AV JANIO QUADROS",NULL,NULL,"CENTRO",590567,"1706816","AVENIDA  JANIO QUADROS","3790","FRENTE","CENTRO","100.0",NULL,"100.0","100.0","-11.8311143","-61.3142091","110147605000001","-11.830844","-61.314639","110147605000001","-11.830844","-61.314663","2.61199153","55.60947818","1","0",True,NULL
666,"AV. JORGE TEIXEIRA","3979.0","TERREO","CENTRO",252337,"1729493","AVENIDA  JORGE TEIXEIRA","3824",NULL,"CENTRO","100.0","96.1","100.0","89.22","-11.8328138","-61.3171579","110147605000001","-11.125173","-62.366555","110170805000003","-11.125173","-62.366555","0","138809.57639069","1","137959.466751",False,False
667,"RUA SAO PAULO","278.0",NULL,"SAO JOSE",574869,"1718688","RUA SAO PAULO","278",NULL,"SAO JOSE","100.0","100.0","100.0","90.0","-11.7722057","-63.0375702","110150005000006","-11.772009","-63.037624","110150005000006","-11.772009","-63.037624","0","22.64256537","1","0",True,NULL
668,"AV. JORGE TEIXEIRA","1013.0","PREDIO DO INCRA","SAO JOSE",574960,"1718734","AVENIDA  JORGE TEIXEIRA","1013",NULL,"SAO JOSE","100.0","100.0","100.0","90.0","-11.7723267","-63.0383333","110150005000006","-11.772061","-63.038112","110150005000006","-11.772061","-63.038112","0","38.12088965","1","0",True,NULL
669,"AVENIDA 02",NULL,NULL,"SETOR 04",174904,"180408735","RUA  DOIS VIZINHOS","0",NULL,"SETOR 04","100.0",NULL,"100.0","100.0","-10.24962121","-63.3018267","110140105000028","-10.249577","-63.302322","110140105000023","-10.2495955","-63.3023415","2.9638459","54.41853118","1","37.14770571",False,True
670,"RUA JOSE VALADARES",NULL,"PREDIO","SETOR 03",690346,"92574205","RUA  JOSE VALADARES","2618","FUNDOS","CENTRO","100.0",NULL,"42.86","100.0","-10.2544332","-63.2972241","110140105000029","-10.256913","-63.295403","110140105000005","-10.2569355","-63.295416","2.87798053","340.20402919","1","98.30796114",False,True
671,"RUA INDEPENDENCIA","2228.0","BAIRRO","CENTRO",223842,"1700390","RUA  INDEPENDENCIA","1184",NULL,"CENTRO","100.0","53.14","100.0","80.63","-10.915965","-62.5541217","110143505000001","-10.917166","-62.55703","110143505000001","-10.917166","-62.55703","0","344.47618634","1","0",True,NULL
672,"RUA PORTO VELHO","1117.0","CENTRO","CENTRO",223914,"1700543","RUA  PORTO VELHO","1119",NULL,"CENTRO","100.0","99.82","100.0","89.96","-10.9152663","-62.5548123","110143505000001","-10.915518","-62.556262","110143505000001","-10.915518","-62.556262","0","160.7384397","1","0",True,NULL
673,"RUA 13 DE MAIO","1075.0","ZONA URBANA","CENTRO",52460,"1751082","RUA  TREZE DE MAIO","1556",NULL,"CENTRO","100.0","69.09","100.0","83.82","-10.9144487","-62.5555448","110143505000001","-9.188384","-63.185425","110110405000005","-9.188384","-63.185425","0","203943.14226277","1","202878.86910394",False,NULL
674,"BR 421, L. C. 35, KM 10",NULL,NULL,"ZONA RURAL",156904,"180371278","RODOVIA  BR 435","0",NULL,"RURAL","100.0",NULL,"100.0","100.0","-10.1603295","-63.3178138","110140105000014","-12.97318","-60.399463","110030405000063","-12.993092","-60.3988155","2215.22769388","445954.25676229","1","435761.68986389",False,False
675,"AV JORGE TEIXEIRA DE OLIVEIRA","80.0",NULL,"CENTRO",547187,"1708638","AVENIDA  JORGE TEIXEIRA DE OLIVEIRA","101","FRENTE B","CENTRO","100.0","79.21","100.0","85.84","-11.908285","-61.5109483","110148405000002","-11.90906","-61.511471","110148405000002","-11.90906","-61.511471","0","103.25027114","1","0",True,NULL
676,"BR 421, LINHA C-50",NULL,NULL,"ZONA RURAL",129362,"1699945","RODOVIA  BR 421","0",NULL,"PROJETO DE ASSENTAMENTO DIRIGIDO MARECHAL DUTRA","100.0",NULL,"24.56","100.0","-10.0245579","-63.2878808","110140105000016","-10.161457","-63.226834","110140105000017","-10.1614655","-63.230472500000005","398.23832688","16624.91804596","1","12290.11478118",False,True
677,"BR 421 KM 25 LOTE 10",NULL,"PREDIO PROPRIO","ZONA RURAL",835956,"215298716","RODOVIA  BR 421 KM 105","0",NULL,"SETOR 03","100.0",NULL,"22.22","100.0","-10.07463983","-63.21200988","110140105000017","-10.576459","-63.613238","110070005000003","-10.5764315","-63.613311","8.54519405","70993.8033223","1","51926.28009249",False,NULL
678,"ROD.470, KM 35 GLEBA 05 LOTE 18 ASSENTAMENTO MARGARIDA ALVES",NULL,"PREDIO","ZONA RURAL",179108,"110643217","LOTE  135","0","SEDE","LINHA 135","100.0",NULL,"31.58","100.0","-10.9310891","-62.4802043","110143505000012","-12.743372","-60.671837","110092405000006","-12.743372","-60.671837","0","281669.40822824","1","273522.87081853",False,False
679,"RODOVIA 470, LINHA 41, ASSENTAMENTO PALMARES GLEBA 04",NULL,"AREA SOCIAL","ZONA RURAL",169006,"1754754","RODOVIA  471","0",NULL,"TRAVESSAO","100.0",NULL,"31.58","100.0","-10.9432803","-62.5403833","110143505000018","-11.278787","-61.513597","110120305000005","-11.280398","-61.5156165","283.87801245","118081.47365473","1","109883.59092295",False,False
680,"RUA JUDITE JESUS DE OLIVEIRA","352.0",NULL,"CENTRO",689022,"1703824","RUA  JUDITE JESUS DE OLIVEIRA PARUSSULO","266","CASA","RUAS","100.0","75.57","20.0","85.11","-12.1810224","-61.6042028","110145005000002","-12.180406","-61.604888","110145005000002","-12.180406","-61.604888","0","101.21478418","1","0",True,NULL
681,"KAPA 24",NULL,"ZONA RURAL","RURAL",215159,"1707989","RUA  KAPA 24","13","SITIO","TRAVESSAO 20","100.0",NULL,"23.53","100.0","-12.3235651","-61.2867044","110145005000007","-11.979207","-61.354808","110147605000009","-11.9770225","-61.352797","326.88275943","39000.01255228","1","31643.48736008",False,False
682,"RUA RONALDO ARAGAO","3539.0","PREDIO ANTIGA CAMARA","CENTRO",946313,"1711429","RUA  RONALDO ARAGAO","3545",NULL,"CIDADE BAIXA","95.81","99.83","22.22","87.04","-12.0619002","-63.5695547","110149205000001","-12.06192","-63.568543","110149205000002","-12.06192","-63.568543","0","110.03444474","1","61.43130388",False,NULL
683,"RUA ANTONIO RODRIGUES DE SOUZA","1371.0","ESCOLA","CENTRO",687889,"1705644","RUA  ANTONIO RODRIGUES DE SOUZA","1371",NULL,"CENTRO","100.0","100.0","100.0","90.0","-13.4784248","-61.0443178","110146805000001","-13.478484","-61.043947","110146805000001","-13.478484","-61.043947","0","40.63230635","1","0",True,NULL
684,"RUA ANOTONIO RODRIGUES DE SOUZA",NULL,"ESCOLA","CENTRO",846231,"215207005","RUA  ANTONIO RODRIGUES DE SOUZA","746",NULL,"CENTRO","100.0",NULL,"100.0","100.0","-13.4813897","-61.0489962","110146805000002","-13.482033","-61.049219","110146805000002","-13.482019","-61.049206","2.09747673","75.47981554","1","0",True,NULL
685,"RUA ANTONIO RODRIGUES DE SOUZA","951.0",NULL,"CENTRO",846250,"1705947","RUA  ANTONIO RODRIGUES DE SOUZA","951",NULL,"CENTRO","100.0","100.0","100.0","90.0","-13.4808674","-61.0477324","110146805000002","-13.481078","-61.047864","110146805000002","-13.481078","-61.047864","0","27.40225007","1","0",True,NULL
686,"LH 95 KAPA 24 ZONA RURAL - T.I. KWAZA DO RIO SAO PEDRO",NULL,"ALDEIA RIO SAO PEDRO","ZONA RURAL",442427,"180358069","ZONA  RURAL","0",NULL,"EXTREMA","100.0",NULL,"23.53","100.0","-12.35738289","-61.35594758","110145005000017","-9.76014","-66.366795","110020517000007","-9.7605185","-66.35928150000001","824.44627889","618361.14440039","1","616933.77936686",False,False
687,"LH 95 KAPA 24 ZONA RURAL - T.I. KWAZA DO RIO SAO PEDRO - PARE","0.0","ALDEIA AGUA LIMPA","ZONA RURAL",442430,"1524204","ZONA  RURAL","0",NULL,"EXTREMA","100.0","100.0","23.53","90.0","-12.3885158","-61.3604106","110145005000018","-9.759498","-66.367908","110020517000007","-9.759179","-66.3673515","70.55015862","619670.60530051","1","619121.24474194",False,False
688,"LH 75 KAPA 08, COM A LH 90 KM 01, Z. RURAL - TERRA INDIGENA",NULL,"ALDEIA 2 IRMAOS","ZONA RURAL",570592,"92560705","TRAVESSAO  LH 02 COM LH 03","0","CASA","LINHA 02","100.0",NULL,"33.33","100.0","-12.3136297","-61.4603126","110145005000019","-10.500256","-63.975727","110070005000007","-10.499962","-63.975727","32.69135344","340328.35651338","1","339432.45242417",False,NULL
689,"RUA GETULIO DORNELES VARGAS","393.0",NULL,"CENTRO",944368,"1703365","RUA  GETULIO DORNELES VARGAS","393",NULL,"RUAS","100.0","100.0","20.0","90.0","-12.1808239","-61.6014036","110145005000021","-12.180562","-61.601705","110145005000001","-12.180562","-61.601705","0","43.83249827","1","0",False,NULL
690,"COMUNIDADE PEDRAS NEGRAS",NULL,"RIO GUAPORE","ZONA RURAL",123090,"110647989","QUILOMBO  PEDRAS NEGRAS","0","CASA","PEDRAS NEGRAS","100.0",NULL,"34.78","100.0","-12.85211821","-62.90134388","110149205000034","-12.850892","-62.902966","110149205000034","-12.8510615","-62.9029125","19.71978441","222.52043043","1","0",True,NULL
691,"RUA PROJETADA","10.0",NULL,"NOVA ESPERANCA",533853,"180282805","RUA  PROJETADA","10",NULL,"NOVA ESPERANCA","100.0","100.0","100.0","90.0","-11.9133781","-61.5090211","110148405000001","-8.723083","-63.88001","110020505000174","-8.722163","-63.880623","122.49272605","439433.71414436","1","437474.22233298",False,False
692,"AV. SETE DE SETEMBRO","391.0",NULL,"NOVA ESPERANCA",175875,"97972067","AVENIDA  SETE DE SETEMBRO","470",NULL,"NOVA ESPERANCA","100.0","83.19","100.0","86.64","-11.9137874","-61.5091522","110148405000001","-11.914401","-61.509712","110148405000001","-11.914401","-61.509712","0","91.45922544","1","0",True,NULL
693,"AV TANCREDO DE ALMEIDA NEVES","3108.0","QUERENCIA DO NORTE","CENTRO",694628,"1661452","AVENIDA  TANCREDO DE ALMEIDA NEVES","3107","CASA","CENTRO","100.0","99.97","100.0","89.99","-11.9750084","-61.3769093","110147605000010","-12.132592","-61.861141","110037905000021","-12.132592","-61.861141","0","55495.92859215","1","55008.91403925",False,NULL
694,"RUA FLAVIO SARAIVA DE MATOS",NULL,"QUERENCIA DO NORTE","CENTRO",103128,"1708195","RUA  FLAVIO SARAIVA MATOS","3935",NULL,"QUERENCIA DO NORTE","100.0",NULL,"25.0","100.0","-11.9756239","-61.3735642","110147605000010","-11.974788","-61.375615","110147605000010","-11.9747875","-61.3757725","17.13220989","241.66568197","1","0",True,NULL
695,"AV. PRINCIPAL","4343.0","DIST. NOVO PARAISO","CENTRO",163501,"218165932","AVENIDA  PRINCIPAL","164",NULL,"CENTRO","100.0","3.78","100.0","70.76","-11.8003121166667","-61.47707785","110148405000006","-13.192926","-60.804142","110005605000017","-13.1928185","-60.8041085","12.4915403","171218.35739188","1","169962.70197407",False,False
696,"RUA 05, ESQUINA C/ AVENIDA 01","5015.0","DISTRIT NOVO PARAISO","CENTRO",920899,"215326458","ESQUINA  RUA G","5015",NULL,"GARIMPO BOM FUTURO","97.08","100.0","25.0","87.96","-11.7990481","-61.4741899","110148405000006","-9.804575","-63.532657","110002305000127","-9.804575","-63.532657","0","315800.06451825","1","314644.22953309",False,NULL
697,"RODOVIA BR 429 KM 92 ESQUINA C/LINHA 033",NULL,NULL,"ZONA RURAL",35524,"91966856","RODOVIA  BR 429","6480","LOJA","SAO DOMINGOS DO GUAPORE","100.0",NULL,"24.24","100.0","-12.0722435","-63.7196193","110149205000008","-12.076865","-64.029757","110008035000004","-12.0766295","-64.0298705","28.94888589","33726.74425376","1","30259.09900277",False,False
698,"RUA MOGNO",NULL,"ESCOLA INDIGENA","PORTO MURTINHO",586709,"180498404","RUA  MOGNO","0",NULL,"PORTO MURTINHO","100.0",NULL,"100.0","100.0","-11.9514606","-63.5884493","110149205000010","-12.293402","-63.397298","110149210000001","-12.29339","-63.397262999999995","4.02990648","43330.60368513","1","32815.93868637",False,False
699,"TRAVESSAO LINHA 4A",NULL,NULL,"ZONA RURAL",219361,"92576767","LINHA  4A","0",NULL,"GLEBA TERRA FIRME","100.0",NULL,"29.63","100.0","-11.9514393","-63.5883588","110149205000010","-12.016829","-63.578153","110149205000026","-12.016651","-63.578973","91.35188619","7355.26703382","1","1805.63197238",False,NULL
700,"BR 429 KM 65 LINHA 20 KM 3,5",NULL,"LINHA 20","RURAL",531081,"92295088","LINHA  KM 23","0","LADO ESQ","BANDEIRA BRANCA","100.0",NULL,"30.0","100.0","-12.0273183","-63.9731868","110149205000012","-11.096827","-61.891076","110025425000003","-11.0969975","-61.890822","33.57949592","249303.36644085","1","229882.5045494",False,False
701,"RUA MANAUS","3240.0","APAE","ALTO ALEGRE",593733,"1712281","RUA  MANAUS","3240",NULL,"CIDADE BAIXA","100.0","100.0","26.09","90.0","-12.0713195","-63.5687266","110149205000056","-12.071318","-63.56883","110149205000056","-10.7483155","-62.782740000000004","170243.27105292","11.24457457","1","0",True,NULL
702,"RUA MACAPA","3441.0","ESCOLA","ALTO ALEGRE",500051,"1478653","AVENIDA  MACAPA","3441",NULL,"JARDIM TROPICAL","100.0","100.0","38.46","90.0","-12.0731034","-63.5685338","110149205000056","-11.729193","-61.763857","110028805000025","-11.729193","-61.763857","0","200046.18005631","1","200145.21809926",False,False
703,"RUA RONDONIA","4070.0",NULL,"CENTRO",120427,"215032758","RUA  RONDONIA","3443",NULL,"CENTRO","100.0","84.59","100.0","86.92","-12.0615467","-63.57348","110149205000058","-9.428509","-62.002116","110013005000001","-9.428509","-62.002116","0","339386.89183331","1","338041.42818557",False,False
704,"COMUNIDADE SANTO ANTONIO",NULL,NULL,"ZONA RURAL",25049,"180249451","RUA SANTO ANTONIO","3706",NULL,"LIBERDADE","100.0",NULL,"21.05","100.0","-12.632119","-63.02637","110149205000051","-11.537912","-61.008441","110009805000033","-11.537799","-61.0085755","19.30300756","250884.42335498","1","242769.94011283",False,NULL
705,"RUA VALECIO DE ARAUJO","3400.0",NULL,"CIDADE ALTA",672569,"92318820","AVENIDA  EDUARDO CORREA DE ARAUJO","3414",NULL,"CIDADE NOVA","84.39","99.59","72.73","78.99","-12.0545536","-63.5706592","110149205000059","-10.414079","-65.335301","110033805000008","-10.414079","-65.335301","0","265164.42459342","1","264016.08299181",False,NULL
706,"RUA PRIMAVERA","4015.0","PREDIO PROPRIO","CENTRO",571516,"215253358","AVENIDA  PRIMAVERA","2701",NULL,"CENTRO","100.0","67.27","100.0","83.45","-10.4278861","-62.1291367","110180705000015","-12.554152","-60.899294","110092405000001","-12.554152","-60.899294","0","271764.59749886","1","270338.40794903",False,NULL
707,"RODOVIA RODOVIA 377 KM 16 SETOR PORTO MURTINHO",NULL,"E. PEREIRA E CACERES","ZONA RURAL",333022,"91964616","RODOVIA  RO 370","155","FAZENDA","ZONA RURAL","100.0",NULL,"100.0","100.0","-12.1911965","-63.4474008","110149210000004","-12.925644","-61.153485","110007205000022","-12.903694999999999","-61.169673","3005.80668089","262018.96173544","1","248024.88221891",False,False
708,"RUA 13 DE FEVEREIRO","0.0","HOSPITAL MUNICIPAL","SETOR 04",954090,"215275822","RUA  TREZE DE FEVEREIRO","0",NULL,"SETOR 1","100.0","100.0","83.33","90.0","-10.4297051","-62.1256831","110180705000017","-10.428092","-62.130672","110180705000001","-10.427433","-62.130672","73.27755755","574.30601172","1","367.63143706",False,False
709,"RUA 19 DE NOVEMBRO","1438.0","ESCOLA","SETOR 04",349164,"216962485","RUA  19 DE NOVEMBRO","1491",NULL,"SETE DE SETEMBRO","100.0","96.45","41.67","89.29","-10.4297009","-62.1231239","110180705000017","-11.412267","-61.44026","110004905000111","-11.412267","-61.44026","0","132270.2602094","1","131562.79567719",False,NULL
710,"RUA SANTO PEREIRA","170.0",NULL,"SETOR 04",73500,"1722204","RUA  SANTOS PEREIRA","98",NULL,"CENTRO","100.0","57.65","42.86","81.53","-10.93242664","-62.25626844","110155905000001","-10.932978","-62.255803","110155905000001","-10.932978","-62.255803","0","79.62996689","1","0",True,NULL
711,"AVENIDA JORGE TEIXEIRA","609.0",NULL,"CENTRO",594275,"1717523","AVENIDA  JORGE TEIXEIRA","609",NULL,"CENTRO","100.0","100.0","100.0","90.0","-11.7681083","-63.0381868","110150005000001","-11.768055","-63.038019","110150005000001","-11.768055","-63.038019","0","19.20378659","1","0",True,NULL
712,"AV SETE DE SETEMBRO","661.0",NULL,"CENTRO",236222,"1717743","AVENIDA  SETE DE SETEMBRO","661","FRENTE","CENTRO","100.0","100.0","100.0","90.0","-11.76848","-63.0362817","110150005000002","-11.768474","-63.03626","110150005000002","-11.768474","-63.03626","0","2.45462128","1","0",True,NULL
713,"AV. CAPITAO SILVIO","647.0",NULL,"CRISTO REI",273271,"109001273","AVENIDA CAPITAO SILVIO","965",NULL,"CRISTO REI","100.0","67.05","100.0","83.41","-11.7690165","-63.0332101","110150005000003","-11.69337","-62.715867","110032005000006","-11.693350500000001","-62.715812","6.36924898","35559.11562362","1","35250.77804291",False,False
714,"AVENIDA CAPITAO SILVIO","898.0",NULL,"CRISTO REI",273271,"109001273","AVENIDA CAPITAO SILVIO","965",NULL,"CRISTO REI","100.0","93.06","100.0","88.61","-11.77177","-63.033635","110150005000003","-11.69337","-62.715867","110032005000006","-11.693350500000001","-62.715812","6.36924898","35677.47165765","1","35250.77804291",False,False
715,"RUA NOVA ESPERANCA",NULL,"PREDIO","CENTRO",662734,"1690003","RUA  NOVA ESPERANCA","5526",NULL,"CENTRO","100.0",NULL,"100.0","100.0","-10.93716594","-62.25816546","110155905000002","-11.198942","-61.513986","110120305000015","-11.198942","-61.513986","0","86268.92560901","1","85814.81571294",False,False
716,"RODOVIA BR 429 KM 16",NULL,NULL,"ZONA RURAL",35524,"91966856","RODOVIA  BR 429","6480","LOJA","SAO DOMINGOS DO GUAPORE","100.0",NULL,"24.24","100.0","-11.8428608","-63.1649833","110150005000011","-12.076865","-64.029757","110008035000004","-12.0766295","-64.0298705","28.94888589","97603.42473732","1","83171.5210115",False,False
717,"RD BR 429 KM 32",NULL,NULL,"ZONA RURAL",35524,"91966856","RODOVIA  BR 429","6480","LOJA","SAO DOMINGOS DO GUAPORE","100.0",NULL,"24.24","100.0","-11.9402027","-63.2505563","110150005000011","-12.076865","-64.029757","110008035000004","-12.0766295","-64.0298705","28.94888589","86098.83359093","1","83171.5210115",False,False
718,"LINHA 12 KM 08",NULL,NULL,"ZONA RURAL",518087,"1488265","TRAVESSAO  KM 8","0","FRENTE","LINHA 188","100.0",NULL,"31.58","100.0","-11.824524","-62.922832","110150005000021","-11.799707","-61.735544","110028805000054","-11.7991885","-61.735519499999995","57.71628795","129254.29520758","1","129094.9045723",False,False
719,"LINHA 14 KM 12",NULL,NULL,"ZONA RURAL",604805,"99151361","LINHA  KM 14","29","CASA 1","BANDEIRA BRANCA","100.0",NULL,"40.0","100.0","-11.9018156","-63.0968093","110150005000022","-11.000116","-61.900511","110025425000002","-11.000198","-61.900641","16.86675285","164469.19906168","1","163569.78663604",False,False
720,"RUA PRINCIPE",NULL,NULL,"CENTRO",225031,"97685591","RUA  PRINCIPE","0",NULL,"CENTRO","100.0",NULL,"100.0","100.0","-10.9329031","-62.2600861","110155905000005","-10.9363","-62.259585","110155905000002","-10.93625","-62.259721","15.85467209","381.65993383","1","161.72686544",False,True
721,"LINHA 28, ESQUINA COM 31, LOTE 26, GLEBA 12 E",NULL,NULL,"ZONA RURAL",856584,"100196804","RUA  VINTE E OITO","0",NULL,"JARDIM ZONA SUL","100.0",NULL,"64.0","100.0","-10.9799744","-62.2765681","110155905000006","-9.954794","-63.012938","110002305000131","-9.954794","-63.012938","0","139563.00751551","1","128047.14536502",False,False
722,"LINHA 605 KM 45 TV 10",NULL,"RURAL","RURAL",682187,"106851778","RUA  645","0",NULL,"JARDIM ARAUCARIA","100.0",NULL,"38.1","100.0","-10.099264","-62.2222261","110160905000004","-12.749356","-60.103181","110030405000127","-12.749356","-60.103181","0","374387.19563202","1","371288.31133189",False,False
723,"AVENIDA DOS PIONEIROS","1468.0","CENTRO","01",804873,"1198666","RUA  DOS PIONEIROS","1652",NULL,"SETOR 01","100.0","88.86","100.0","87.77","-10.2453513","-62.3477813","110160905000001","-9.916386","-63.040672","110002305000004","-9.916386","-63.040672","0","84215.48207278","1","84031.7645976",False,False
724,"RUA ULISSES GUIMARAES","2302.0",NULL,"CENTRO",930324,"215221253","AVENIDA  ULISSES GUIMARAES","2309",NULL,"CENTRO","100.0","99.7","100.0","89.94","-10.2498115","-62.3449945","110160905000001","-10.249422","-62.34523","110160905000001","-10.249422","-62.34523","0","50.39659134","1","0",True,NULL
725,"AV. 13 DE FEVEREIRO","1460.0","PREDIO","CENTRO",136833,"92578090","AVENIDA  TREZE DE FEVEREIRO","1460",NULL,"CENTRO","100.0","100.0","100.0","90.0","-10.2463446","-62.3497562","110160905000002","-10.246319","-62.349524","110160905000002","-10.246319","-62.349524","0","25.56669442","1","0",True,NULL
726,"AVENIDA BRASIL Nº 2443",NULL,"AREA ASSENTAMENTO","ZONA RURAL",856587,"215083429","RUA  QUARENTA E TRES","2007",NULL,"JARDIM ZONA SUL","100.0",NULL,"64.0","100.0","-10.029652","-62.3490987","110160905000016","-9.944963","-63.014068","110002305000131","-9.944959","-63.0140615","0.8394297","73427.16927974","1","73142.13599578",False,False
727,"ESTRADA LINHA 599 KM 12",NULL,"SITIO","ZONA RURAL",193571,"110650205","LINHA  L 599","10",NULL,"RURAL","100.0",NULL,"100.0","100.0","-10.2807129","-62.4936319","110160905000009","-10.296243","-62.509465","110160905000009","-10.296243","-62.509465","0","2445.97397927","1","0",True,NULL
728,"RUA CARLOS DE LIMA","1729.0","ESCOLA","NOVO HORIZONTE",824853,"1729076","RUA  CARLOS DE LIMA","1728",NULL,"NOVO HORIZONTE","100.0","99.94","100.0","89.99","-11.12539","-62.3713217","110170805000001","-11.125555","-62.370859","110170805000001","-11.125555","-62.370859","0","53.71367574","1","0",True,NULL
729,"LH C-50 ASSENTAMENTO ANTONIO CONSELHEIRO I",NULL,"AREA DE ASSENTAMENTO","ZONA RURAL",428496,"1410437","RUA  ANTONIO CONSELHEIRO","137",NULL,"PIONEIROS","100.0",NULL,"21.05","100.0","-10.0468843","-62.471394","110160905000012","-11.668661","-61.190115","110018905000003","-11.668709","-61.190115","5.33736383","228247.03814025","1","202533.81009477",False,False
730,"AVENIDA MOACIR DE PAULA VIEIRA","4343.0",NULL,"ALTO ALEGRE",75197,"215401063","AVENIDA  MOACIR DE PAULA VIEIRA","4365","FRENTE 1","ALTO ALEGRE","100.0","99.5","100.0","89.9","-11.12473236","-62.37205112","110170805000008","-11.124431","-62.37161","110170805000008","-11.124416","-62.37158599999999","3.10462927","58.6453458","1","0",True,NULL
731,"RUA OTAVIO PEDRO DE OLIVEIRA","5127.0",NULL,"ALTO ALEGRE",809562,"92580911","RUA  OTAVIO PEDRO DE OLIVEIRA","5116",NULL,"ALTO ALEGRE","100.0","99.79","100.0","89.96","-11.12144935","-62.37479567","110170805000008","-11.121827","-62.37429","110170805000008","-11.121827","-62.37429","0","69.33506983","1","0",True,NULL
732,"RUA GETULIO VARGAS","4840.0","PREDIO ESCOLAR","ALTO ALEGRE",809629,"92580755","RUA  GETULIO VARGAS","5394",NULL,"ALTO ALEGRE","100.0","89.73","100.0","87.95","-11.12061984","-62.37465112","110170805000008","-11.121069","-62.374647","110170805000008","-11.121069","-62.374647","0","49.94640492","1","0",True,NULL
733,"RO 133 KM 15 TV 04",NULL,"ZONA RURAL","ZONA RURAL",617327,"91994342","RODOVIA  RO 133","40",NULL,"RURAL","100.0",NULL,"100.0","100.0","-10.1919149","-62.2807672","110160905000021","-9.456657","-62.026038","110013005000055","-9.4563115","-62.027311999999995","144.9223417","86389.42501232","1","82152.30728668",False,NULL
734,"RUA MARACATIARA","3320.0","EM FRENTE AO DETRAN","SUMAUMA",577235,"92580479","RUA  MARACATIARA","3320",NULL,"SUMAUMA","100.0","100.0","100.0","90.0","-11.1338907","-62.3650673","110170805000027","-11.133997","-62.365159","110170805000005","-11.133997","-62.365159","0","15.48569524","1","0",False,NULL
735,"RUA SERINGUEIRAS","3275.0","ZONA RUBANA","SUMAUMA",321180,"109338940","RUA  SERINGUEIRAS","2736",NULL,"PLANALTO","100.0","83.54","26.67","86.71","-11.13527625","-62.36541661","110170805000027","-11.683678","-62.718775","110032005000033","-11.683678","-62.718775","0","72124.33920996","1","71471.77258688",False,False
736,"LINHA TN-10",NULL,NULL,"ZONA RURAL",577704,"110650419","LINHA  TN 10","412","CASA","GLEBA D JARU UARU","100.0",NULL,"29.63","100.0","-11.0385653","-62.2206779","110170805000012","-11.034935","-62.282147","110170805000012","-11.034211","-62.2828395","110.42315106","6720.77808533","1","0",True,NULL
737,"LINHA C 03 NUCLEO PRIMAVERA",NULL,"NUCLEO PRIMAVERA",NULL,97763,"91969907","LINHA  PRIMAVERA","13",NULL,"CANELINHA","100.0",NULL,"0.0","100.0","-11.0860011","-62.3029756","110170805000015","-11.441661","-60.988728","110009812000002","-11.441889","-60.988689","25.70630797","148678.7951925","1","148335.49757847",False,False
738,"RUA VILHENA","2360.0","BNH","07",1048,"1213513","RUA  VILHENA","2360","QUADRA","BNH","100.0","100.0","0.0","90.0","-9.9031992","-63.0438952","110002305000051","-9.902783","-63.043755","110002305000051","-9.902783","-63.043755","0","48.7609262","1","0",True,NULL
739,"AREA RURAL LINHA E LOTE 95 GLEBA 04 SETOR PROSPERIDADE",NULL,"ESCOLA","AREA RURAL DE CACOAL",165093,"110637868","ESTRADA  90 LOTE","8",NULL,"PROJETO DE ASSENTAMENTO DIRIGIDO MARECHAL DUTRA","100.0",NULL,"38.81","100.0","-11.5207992","-61.5974503","110004905000072","-9.669962","-63.327618","110040305000019","-9.665578499999999","-63.3310575","616.22139058","279486.72236533","1","272583.9220646",False,False
740,"RUA PROFESSOR IRIS JOSE DUARTE","3513.0",NULL,"JOSINO BRITO",953198,"91958319","RUA PROFESSORA IRIS JOSE DUARTE","3458","CASA","JOSINO BRITO","100.0","98.43","100.0","89.69","-11.4147622","-61.4717101","110004905000131","-11.415343","-61.471624","110004905000083","-11.415343","-61.471624","0","65.26037926","1","0",False,True
741,"BR 364 KM 228 LOTE 2A",NULL,NULL,"ZONA RURAL",1509,"180194914","RODOVIA  BR 364","521","BARRACAO 1","PROJETO DE ASSENTAMENTO DIRIGIDO BURAREIRO","100.0",NULL,"19.23","100.0","-11.4795691","-61.3798145","110004905000084","-9.863406","-63.057612","110002305000084","-9.8633685","-63.057612","4.16981549","256719.86632138","1","254397.43334136",False,False
742,"RUA LUIZ ALVES DE ARAUJO","3873.0",NULL,"RESIDENCIAL PARQUE ALVORADA",793643,"91957461","RUA  LUIZA ALVES","3873",NULL,"PARQUE ALVORADA","100.0","100.0","100.0","90.0","-11.4185413","-61.4678974","110004905000112","-11.418379","-61.467737","110004905000112","-11.418379","-61.467737","0","25.1264165","1","0",True,NULL
743,"RUA PROFESSORA MARIA LUCIA DA SILVA MILLER","2640.0",NULL,"RESIDENCIAL PARQUE BRIZON",100404,"1168190","RUA PROFESSORA MARIA LUCIA DA SILVA MILER","2640",NULL,"RESIDENCIAL PARQUE BRIZON","100.0","100.0","100.0","90.0","-11.417605","-61.4568287","110004905000125","-11.417774","-61.456764","110004905000037","-11.417774","-61.456764","0","20.07157275","1","0",False,NULL
744,"RUA SALGADO FILHO","2286.0",NULL,"SAO CRISTOVAO",679251,"92240181","RUA  SALGADO FILHO","2285",NULL,"SAO CRISTOVAO","100.0","99.96","100.0","89.99","-8.757676200000002","-63.8943074","110020505060020","-8.7577","-63.894725","110020505060020","-8.7577","-63.894725","0","45.96992278","1","0",True,NULL
745,"RUA GETULIO VARGAS","2308.0",NULL,"SAO JOAO BOSCO",81998,"1345056","RUA  GETULIO VARGAS","3477",NULL,"SAO JOAO BOSCO","100.0","66.38","100.0","83.28","-8.759059000000002","-63.895603","110020505060020","-8.748814","-63.898066","110020505060036","-8.748814","-63.898066","0","1170.9105023","1","1001.74791491",False,False
746,"RUA PIONEIRO JOAQUIM DIAS PEREIRA","4957.0",NULL,"ALPHA PARQUE",333806,"100092739","RUA PIONEIRO JOAQUIM DIAS PEREIRA","5029",NULL,"ALPHA PARQUE","100.0","98.57","100.0","89.71","-11.42721405","-61.41987709","110004905000147","-11.427462","-61.419102","110004905000102","-11.427462","-61.419102","0","88.86299912","1","0",False,NULL
747,"RUA JOSE DO PATROCINIO","4352.0",NULL,"JARDIM ELDORADO",60885,"100091311","RUA  JOSE DO PATROCINIO","4352",NULL,"JARDIM ELDORADO","100.0","100.0","100.0","90.0","-11.4377961","-61.4264237","110004905000150","-11.437578","-61.426377","110004905000106","-11.437578","-61.426377","0","24.7799774","1","0",False,NULL
748,"RUA JOSE DO PATROCINIO","4352.0","PREDIO","JARDIM ELDORADO",60885,"100091311","RUA  JOSE DO PATROCINIO","4352",NULL,"JARDIM ELDORADO","100.0","100.0","100.0","90.0","-11.4378763","-61.4263963","110004905000150","-11.437578","-61.426377","110004905000106","-11.437578","-61.426377","0","33.23612046","1","0",False,NULL
749,"RUA ANISIO SERRAO","3637.0",NULL,"FLORESTA",60814,"1174225","RUA  ANISIO SERRAO","3637",NULL,"FLORESTA","100.0","100.0","100.0","90.0","-11.4354617","-61.4323297","110004905000150","-11.435514","-61.43232","110004905000106","-11.435514","-61.43232","0","5.91081232","1","0",False,NULL
750,"AVENIDA GERALDA SIMAO DE SOUZA","2166.0",NULL,"ELDORADO",50931,"100091974","AVENIDA  GERALDA SIMAO DE SOUZA","2185","BARRACAO","JARDIM ELDORADO","100.0","99.13","100.0","89.83","-11.4456522","-61.4307357","110004905000153","-11.445405","-61.430458","110004905000104","-11.445405","-61.430458","0","40.88419256","1","0",False,NULL
751,"AVENIDA GUAPORE","4216.0",NULL,"CENTRO",771430,"1331472","AVENIDA  GUAPORE","4216",NULL,"CENTRO","100.0","100.0","100.0","90.0","-13.1167906","-60.5435926","110006405000008","-13.116621","-60.543693","110006405000008","-13.116621","-60.543693","0","21.76846272","1","0",True,NULL
752,"AVENIDA PORTO VELHO","4121.0",NULL,"JARDIM CLODOALDO",335554,"1169385","AVENIDA  PORTO VELHO","4121",NULL,"JARDIM CLODOALDO","100.0","100.0","100.0","90.0","-11.42452237","-61.44682475","110004905000174","-11.424507","-61.446671","110004905000040","-11.424507","-61.446671","0","16.8444343","1","0",False,NULL
753,"RUA PRESIDENTE MEDICI","1930.0","PREDIO","JARDIM CLODOALDO",335862,"1169355","RUA PRESIDENTE MEDICI","1930",NULL,"JARDIM CLODOALDO","100.0","100.0","100.0","90.0","-11.4244761","-61.4493514","110004905000174","-11.424838","-61.449774","110004905000040","-11.424838","-61.449774","0","61.16288338","1","0",False,NULL
754,"RUA PIONEIRA MARIA NANCI SANTANA GOIS","530.0",NULL,"GREENVILLE",278010,"180205237","RUA  MARIA NACI SANTANA GOIS","537","CASA","GREEN VILLE","100.0","98.7","95.24","89.74","-11.429721","-61.483802","110004905000178","-11.429781","-61.484811","110004905000093","-11.429781","-61.484811","0","110.17300693","1","0",False,NULL
755,"AVENIDA JUCELINO KUBSTCHEK",NULL,NULL,"RIOZINHO",231324,"1656321","AVENIDA PRESIDENTE JUCELINO KUBSTCHEK","3854",NULL,"CIDADE ALTA","100.0",NULL,"10.53","100.0","-11.5118658","-61.3598317","110004910000001","-11.352981","-62.297353","110034605000012","-11.352981","-62.296943","44.69792575","103695.42879479","1","103239.57978503",False,NULL
756,"AVENIDA AGLAIR NOGUEIRA","1881.0",NULL,"RIOZINHO",273352,"1183283","AVENIDA  AGUIAR NOGUEIRA","1859",NULL,"RIOZINHO","100.0","98.83","100.0","89.77","-11.5060285","-61.3604399","110004910000004","-11.506458","-61.360536","110004910000004","-11.506458","-61.360536","0","48.89271674","1","0",True,NULL
757,"ALDEIA NAPDJAN SURUI LINHA 09 TERRA INDIGENA SETE DE SETEMBRO",NULL,"CRE/CACOAL","ZONA RURAL",581021,"110643949","ALDEIA  ALDEIA INDIGENA","0",NULL,"ALDEIA INDIGENA JAMARI","100.0",NULL,"31.25","100.0","-11.258797","-61.37139","110004910000007","-10.552564","-63.186472","110100515000013","-10.552564","-63.186472","0","213173.16722157","1","211184.42661309",False,False
758,"LINHA 9 GLEBA 9 LOTE 52",NULL,NULL,"ZONA RURAL",792456,"180230526","LINHA  NOVE","0",NULL,"ZONA RURAL","100.0",NULL,"100.0","100.0","-11.2642516","-61.3709013","110004910000007","-13.063769","-61.105033","110007205000015","-13.0636585","-61.104682","39.95552213","202173.45266354","1","191764.69773573",False,False
759,"AREA RURAL",NULL,"LH07 GL06 KM17 LT56","AREA RURAL DE CACOAL",61985,"100166781","RUA  RURAL","1332","CASA VERDE","TEIXEIRAO","100.0",NULL,"27.59","100.0","-11.2892349","-61.4435889","110004910000009","-11.423637","-61.431678","110004905000096","-11.423649","-61.431728","5.6105921","15001.15716411","1","11150.5579462",False,NULL
760,"LINHA 10 GLEBA 10 LOTE 58",NULL,NULL,"AREA RURAL DE CACOAL",194894,"113560086","ESTRADA  C 80 B30 LOTE 58","0","LOTE 60 B","PROJETO DE ASSENTAMENTO DIRIGIDO MARECHAL DUTRA","100.0",NULL,"38.81","100.0","-11.1747587","-61.333465","110004910000012","-9.759482","-63.228987","110040305000023","-9.759482","-63.228987","0","260235.00983543","1","254448.76088481",False,False
761,"AREA RURAL",NULL,NULL,"AREA RURAL DE CACOAL",61985,"100166781","RUA  RURAL","1332","CASA VERDE","TEIXEIRAO","100.0",NULL,"27.59","100.0","-11.2770043","-61.29671247","110004910000016","-11.423637","-61.431678","110004905000096","-11.423649","-61.431728","5.6105921","21962.4445711","1","16290.66485297",False,NULL
762,"AREA RURAL LINHA 12, LOTE 72",NULL,"GLEBA 11","AREA RURAL DE CACOAL",61985,"100166781","RUA  RURAL","1332","CASA VERDE","TEIXEIRAO","100.0",NULL,"27.59","100.0","-11.4907662","-61.2615463","110004910000018","-11.423637","-61.431678","110004905000096","-11.423649","-61.431728","5.6105921","19987.00803996","1","16664.72625777",False,NULL
763,"TERRA INDIGENA SETE DE SETEMBRO, LINHA 014, ALDEIA GAPGIR",NULL,"END. DA CRE CACOAL","AREA RURAL DE CACOAL",581021,"110643949","ALDEIA  ALDEIA INDIGENA","0",NULL,"ALDEIA INDIGENA JAMARI","100.0",NULL,"38.1","100.0","-11.2214516666667","-61.1855583333333","110004910000027","-10.552564","-63.186472","110100515000013","-10.552564","-63.186472","0","230798.27635457","1","228234.86564886",False,False
764,"AREA RURAL",NULL,"SEDUC/CRE CACOAL","AREA RURAL DE CACOAL",61985,"100166781","RUA  RURAL","1332","CASA VERDE","TEIXEIRAO","100.0",NULL,"27.59","100.0","-11.2369616666667","-61.26270166666671","110004910000029","-11.423637","-61.431678","110004905000096","-11.423649","-61.431728","5.6105921","27753.93414854","1","26774.39652408",False,NULL
765,"TERRA INDIGENA SETE DE SETEMBRO, LINHA 11, ALDEIA AMARAL",NULL,"SEDUC/CRE - CACOAL","AREA RURAL DE CACOAL",581021,"110643949","ALDEIA  ALDEIA INDIGENA","0",NULL,"ALDEIA INDIGENA JAMARI","100.0",NULL,"38.1","100.0","-11.1960966666667","-61.3014916666667","110004910000030","-10.552564","-63.186472","110100515000013","-10.552564","-63.186472","0","217918.93384705","1","216646.77658554",False,False
766,"AREA RURAL LINHA 21, GLEBA 13, LOTE 48",NULL,NULL,"AREA RURAL DE CACOAL",61985,"100166781","RUA  RURAL","1332","CASA VERDE","TEIXEIRAO","100.0",NULL,"27.59","100.0","-11.3744165","-61.1445372","110004910000024","-11.423637","-61.431678","110004905000096","-11.423649","-61.431728","5.6105921","31773.7565872","1","28762.39327288",False,NULL
767,"TERRA INDIGENA SETE DE SETEMBRO, ALDEIA CENTRAL, LINHA 10",NULL,"CRE - CACOAL","AREA RURAL DE CACOAL",581021,"110643949","ALDEIA  ALDEIA INDIGENA","0",NULL,"ALDEIA INDIGENA JAMARI","100.0",NULL,"38.1","100.0","-11.1140433333333","-61.3335533333333","110004910000032","-10.552564","-63.186472","110100515000013","-10.552564","-63.186472","0","211774.57848555","1","210140.84044037",False,False
768,"TERRA INDIGENA SETE DE SETEMBRO, LINHA 09, ALDEIA PAITER,",NULL,"CRE CACOAL","AREA RURAL DE CACOAL",581021,"110643949","ALDEIA  ALDEIA INDIGENA","0",NULL,"ALDEIA INDIGENA JAMARI","100.0",NULL,"38.1","100.0","-11.1037816666667","-61.3627583333333","110004910000033","-10.552564","-63.186472","110100515000013","-10.552564","-63.186472","0","208393.74099898","1","206532.09040094",False,False
769,"TERRA INDIGENA SETE DE SETEMBRO, LINHA 11 ALDEIA JOAQUIM",NULL,"CRE-CACOAL","AREA RURAL DE CACOAL",581021,"110643949","ALDEIA  ALDEIA INDIGENA","0",NULL,"ALDEIA INDIGENA JAMARI","100.0",NULL,"38.1","100.0","-11.20364","-61.2990483333333","110004910000037","-10.552564","-63.186472","110100515000013","-10.552564","-63.186472","0","218445.02390974","1","217479.32830586",False,False
770,"TERRA INDIGENA SETE DE SETEMBRO, LINHA 11, ALDEIA LAPETANHA",NULL,"CRE CACOAL","AREA RURAL DE CACOAL",282759,"110617213","ALDEIA  LAPETANHA LINHA 11","258",NULL,"ALDEIA INDIGENA LAPETANHA","100.0",NULL,"35.56","100.0","-11.2212216666667","-61.29748","110004910000038","-11.220689","-61.297955","110004910000038","-11.220566","-61.297955","13.67699481","78.69086171","1","0",True,NULL
771,"TERRA INDIGENA SETE DE SETEMBRO, ALDEIA LOBO, LINHA 11",NULL,"CRE - CACOAL","AREA RURAL DE CACOAL",581021,"110643949","ALDEIA  ALDEIA INDIGENA","0",NULL,"ALDEIA INDIGENA JAMARI","100.0",NULL,"38.1","100.0","-11.24224","-61.29768","110004910000039","-10.552564","-63.186472","110100515000013","-10.552564","-63.186472","0","220032.17403995","1","218745.11429008",False,False
772,"AVENIDA ESTADOS","955.0",NULL,"ELDORADO",320824,"1326588","AVENIDA  DOS ESTADOS","955",NULL,"CENTRO","100.0","100.0","42.86","90.0","-13.1882223","-60.8289412","110005605000013","-13.188322","-60.829113","110005605000013","-13.188322","-60.829113","0","21.65278833","1","0",True,NULL
773,"RUA BAHIA","638.0",NULL,"ELDORADO",739006,"215020132","RUA  BAHIA","932",NULL,"ELDORADO","100.0","68.45","100.0","83.69","-13.1865826","-60.8297259","110005605000013","-13.18453","-60.829795","110005605000013","-13.18453","-60.829795","0","228.36159072","1","0",True,NULL
774,"RUA JOSE DE SOUZA NEIVA","835.0",NULL,"MARANATA",850050,"91961787","RUA  JOSE DE SOUZA NEIVA","835",NULL,"CENTRO","100.0","100.0","28.57","90.0","-13.1884849","-60.8065413","110005605000015","-13.188642","-60.806573","110005605000015","-13.188642","-60.806573","0","17.8026726","1","0",True,NULL
775,"AVENIDA DAS NACOES","3327.0",NULL,"MARANATA",844603,"215391650","AVENIDA  DAS NACOES","3327",NULL,"CIDADE VERDE","100.0","100.0","20.0","90.0","-13.1887964","-60.8077517","110005605000015","-12.710451","-60.125681","110030405000104","-12.710451","-60.125681","0","91062.52288812","1","90420.74682343",False,NULL
776,"UNIDADE OPERACIONAL AVENIDA DOIS DE JUNHO, 2093",NULL,NULL,"CENTRO",46632,"180222143","AVENIDA  DOIS DE JUNHO","2626","FUNDOS","CENTRO","100.0",NULL,"100.0","100.0","-11.4667485","-61.3331852","110004910000054","-11.437084","-61.447818","110004905000010","-11.437042","-61.4478625","6.73294021","12920.96933934","1","10321.09938316",False,False
777,"LINHA 10, LOTE 17, GLEBA 10",NULL,"ZONA RURAL","AREA RURAL DE CACOAL",401501,"180366691","LINHA  GLEBA","0",NULL,"SITIO","100.0",NULL,"8.0","100.0","-11.4250282","-61.3342931","110004910000054","-12.489918","-59.932302","110030405000123","-12.489937","-59.932302","2.11270651","193080.5673536","1","185698.61065108",False,NULL
778,"RUA ANTONIO CARLOS ZANCAN","1995.0",NULL,"MARANATA",904482,"1324104","RUA  ANTONIO CARLOS ZANCAN","1995",NULL,"CENTRO","100.0","100.0","28.57","90.0","-13.1873538","-60.8200533","110005605000006","-13.185769","-60.8195","110005605000006","-13.185769","-60.8195","0","186.12476681","1","0",True,NULL
779,"RUA PANAMA","2558.0",NULL,"LIBERDADE",863136,"1324493","RUA  PANAMA","2558",NULL,"CENTRO","100.0","100.0","26.67","90.0","-13.1930815","-60.8147198","110005605000007","-13.192824","-60.814735","110005605000007","-13.192824","-60.814735","0","28.67998008","1","0",True,NULL
780,"RUA PANAMA","2489.0","PREDIO ESCOLAR","LIBERDADE",863135,"1324489","RUA  PANAMA","2489",NULL,"CENTRO","100.0","100.0","26.67","90.0","-13.1926491","-60.8152411","110005605000007","-13.192769","-60.81517","110005605000007","-13.192769","-60.81517","0","15.3947596","1","0",True,NULL
781,"RUA ROBSON FERREIRA TREVISAN","2936.0","ESCOLA","JOSE DE ANCHIETA",800094,"1325247","RUA  ROBSON FERREIRA","2933",NULL,"CENTRO","100.0","99.9","36.36","89.98","-13.1997583","-60.8113417","110005605000009","-13.199768","-60.810734","110005605000009","-13.199768","-60.810734","0","65.7967955","1","0",True,NULL
782,"RUA RIO DE JANEIRO","2440.0",NULL,"JARDIM SAO PAULO",380619,"98582253","AVENIDA  RIO DE JANEIRO","5260",NULL,"JARDIM SANTANA","100.0","46.39","60.0","79.28","-13.2020978","-60.8193435","110005605000010","-8.757714","-63.821492","110020505000178","-8.757714","-63.821492","0","592926.98820253","1","590481.47644329",False,False
783,"RUA MINAS GERAIS","1776.0",NULL,"FLORESTA",901838,"215112975","RUA  MINAS GERAIS","1781","CASA 1781","NOVA FLORESTA","100.0","99.72","100.0","89.94","-13.1967835","-60.82561","110005605000011","-8.786879","-63.886111","110020505080031","-8.786871000000001","-63.8860775","3.78726882","593289.70935794","1","590935.31316663",False,False
784,"AREA RURAL",NULL,"TI IGARAPE LOURDES","AREA RURAL DE JI-PARANA",61985,"100166781","RUA  RURAL","1332","CASA VERDE","TEIXEIRAO","100.0",NULL,"31.25","100.0","-10.433321885472","-61.6522392396182","110012205000246","-11.423637","-61.431678","110004905000096","-11.423649","-61.431728","5.6105921","112720.30725662","1","111560.23329501",False,NULL
785,"AREA RURAL",NULL,"LOTE 33, GLEBA 13","AREA RURAL DE CACOAL",61985,"100166781","RUA  RURAL","1332","CASA VERDE","TEIXEIRAO","100.0",NULL,"27.59","100.0","-11.3083245","-61.18714235","110004915000004","-11.423637","-61.431678","110004905000096","-11.423649","-61.431728","5.6105921","29581.27066838","1","29291.35860374",False,NULL
786,"AVENIDA DAS NACOES","1661.0",NULL,"CENTRO",268331,"215133516","AVENIDA  DAS NACOES","1539",NULL,"CENTRO","100.0","92.66","100.0","88.53","-13.18867341","-60.8228482","110005605000005","-13.188888","-60.824057","110005605000005","-13.188888","-60.824057","0","133.02485509","1","0",True,NULL
787,"RUA ANTONIO CARLOS ZANCAN","1772.0","ESCOLA","ELDORADO",268461,"1323848","RUA  ANTONIO CARLOS ZANCAN","1772",NULL,"CENTRO","100.0","100.0","42.86","90.0","-13.1859584","-60.8214695","110005605000005","-13.185841","-60.821509","110005605000005","-13.185841","-60.821509","0","13.73690117","1","0",True,NULL
788,"RUA TIRADENTES","4210.0",NULL,"CENTRO",284545,"1331939","RUA  TIRADENTES","4210",NULL,"CENTRO","100.0","100.0","100.0","90.0","-13.11946527","-60.54693895","110006405000011","-13.119538","-60.547263","110006405000011","-11.4896925","-61.3596465","201577.43757356","36.01208445","1","0",True,NULL
789,"AVENIDA PAULO DE ASSIS RIBEIRO","3843.0","PREDIO","CENTRO",754561,"1330888","AVENIDA  PAULO DE ASSIS RIBEIRO","3830",NULL,"CENTRO","100.0","99.66","100.0","89.93","-13.120861","-60.5463154","110006405000011","-13.121408","-60.545469","110006405000006","-13.121408","-60.545469","0","110.00355148","1","33.05597733",False,True
790,"AVENIDA TAPAJOS","3891.0",NULL,"CENTRO",284492,"215179040","AVENIDA  TAPAJOS","3899",NULL,"CENTRO","100.0","99.79","100.0","89.96","-13.11923901","-60.5463668","110006405000011","-13.118869","-60.546127","110006405000011","-13.118869","-60.546127","0","48.65327492","1","0",True,NULL
791,"RUA RORAIMA","998.0",NULL,"CENTRO",667770,"1328167","RUA  RORAIMA","998",NULL,"CENTRO","100.0","100.0","100.0","90.0","-13.1893374","-60.8187433","110005605000019","-13.189231","-60.818591","110005605000019","-13.189231","-60.818591","0","20.29384238","1","0",True,NULL
792,"LINHA 4 EIXO, LOTE 08, GLEBA 21, ESQUINA COM LINHA 2.",NULL,NULL,"ZONA RURAL",24417,"1224548","LINHA  TERCEIRA EIXO","20","SITIO","ZONA RURAL","100.0",NULL,"100.0","100.0","-13.15576389","-60.94992236","110005605000023","-13.010539","-60.821365","110007205000012","-13.0116425","-60.821876","134.61484044","21322.33214292","1","10083.40764",False,True
793,"RUA CAMBARA","3131.0","PREDIO","MINAS GERAIS",375502,"1330120","RUA  CAMBARA","3020",NULL,"MINAS GERAIS","100.0","96.45","100.0","89.29","-13.12949734","-60.54919658","110006405000004","-13.130349","-60.548554","110006405000002","-13.130349","-60.548554","0","117.51626251","1","42.72974955",False,True
794,"RUA BARTOLOMEU BUENO","4665.0","PREDIO ESCOLAR","SANTA LUZIA",699120,"218630523","RUA  BARTOLOMEU BUENO","4668",NULL,"SANTA LUZIA","100.0","99.94","100.0","89.99","-13.11624057","-60.55453857","110006405000017","-13.116085","-60.554277","110006405000016","-13.116085","-60.554277","0","33.19087092","1","7.60184884",False,NULL
795,"RUA MATO GROSSO","4298.0",NULL,"SAO JOSE",950705,"1218124","RUA  MATO GROSSO","4366","FRENTE A","SAO JOSE","100.0","98.44","100.0","89.69","-13.1177082","-60.539029","110006405000022","-13.116957","-60.539656","110006405000022","-13.1168605","-60.5394515","24.60873166","107.64594285","1","0",True,NULL
796,"RUA GOIAS","4267.0","PREDIO","SAO JOSE",950513,"1218138","RUA  GOIAS","4267",NULL,"SAO JOSE","100.0","100.0","100.0","90.0","-13.11749675","-60.53791576","110006405000022","-13.117504","-60.537799","110006405000022","-13.117504","-60.537799","0","12.67003769","1","0",True,NULL
797,"RUA CEARA","5303.0","SETOR B","SAO JOSE",723210,"1218891","RUA  CEARA","5303",NULL,"SAO JOSE","100.0","100.0","100.0","90.0","-13.10797448","-60.53666831","110006405000026","-13.108047","-60.536411","110006405000026","-13.108047","-60.536411","0","29.00941263","1","0",True,NULL
798,"AVENIDA RIO MADEIRA","4870.0","PREDIO","CRUZEIRO",627934,"1219234","AVENIDA  RIO MADEIRA","4865",NULL,"CRUZEIRO","100.0","99.9","100.0","89.98","-13.12849749","-60.53584219","110006405000028","-13.128134","-60.535968","110006405000028","-13.1281125","-60.535869","10.98393448","42.65263735","1","0",True,NULL
799,"RUA SURUI","2845.0",NULL,"CENTRO",85748,"1234099","RUA  SURUI","2845",NULL,"CENTRO","100.0","100.0","100.0","90.0","-11.5261133","-61.01342","110009805000009","-11.526319","-61.013533","110009805000009","-11.526319","-61.013533","0","25.97581511","1","0",True,NULL
800,"RUA ACRE","2212.0","CASA","SAO JOSE",289822,"226064953","RUA  ACRE","1929",NULL,"SAO JOSE","100.0","87.21","100.0","87.44","-11.5320433","-61.0214","110009805000017","-11.530337","-61.023136","110009805000020","-11.530337","-61.023136","0","267.90231147","1","48.7374537",False,NULL
801,"LINHA 1 KM 13 RUMO COLORADO",NULL,"BR 435","ZONA RURAL",391708,"110616581","LINHA  8 RUMO COLORADO KM 9 8","10","CASA CASA LARANJA","LINHA NOVE","100.0",NULL,"30.0","100.0","-13.10987618","-60.46919303","110006405000037","-13.373958","-60.458108","110003105000007","-13.3738605","-60.468255","1097.75208706","29389.10104559","1","27736.83672828",False,False
802,"BR 435 KM 63",NULL,"CAIXA POSTAL 51","ZONA RURAL",156904,"180371278","RODOVIA  BR 435","0",NULL,"RURAL","100.0",NULL,"100.0","100.0","-13.1142503","-60.4862046","110006405000037","-12.97318","-60.399463","110030405000063","-12.993092","-60.3988155","2215.22769388","18285.3091606","1","12246.16660087",False,True
803,"LINHA 4 ESQUINA COM 1ª EIXO",NULL,"SEMED","ZONA RURAL",920806,"91948084","RUA  1A TRAVESSA","0",NULL,"VILA EBESA","100.0",NULL,"30.0","100.0","-13.22860667","-60.54512833","110006405000043","-9.805031","-63.53035","110002305000127","-9.805048","-63.53035","1.89031636","500677.29290032","1","491128.67462568",False,NULL
804,"LINHA 6 ESQUINA COM 2 EIXO",NULL,"NOVO COLORADO","ZONA RURAL",133960,"1739875","TRAVESSAO  ESQUINAO","0","CASA","GLEBA RIO JARU","100.0",NULL,"33.33","100.0","-13.29696717","-60.70217543","110006405000046","-10.246681","-62.058981","110180705000005","-10.2453205","-62.059694500000006","170.23873777","369931.67218033","1","351557.48778215",False,False
805,"LINHA 2 ESQUINA COM 2ª EIXO ZONA RURAL","0.0","ZONA RURAL",NULL,442430,"1524204","ZONA  RURAL","0",NULL,"EXTREMA","100.0","100.0","0.0","90.0","-13.0437826","-60.68749705","110006405000048","-9.759498","-66.367908","110020517000007","-9.759179","-66.3673515","70.55015862","718754.62795622","1","713707.62812102",False,False
806,"AVENIDA ANTONIO NOVAES","2516.0","ESCOLA","CENTRO",39663,"1222545","AVENIDA  ANTONIO NOVAES","2516",NULL,"CENTRO","100.0","100.0","100.0","90.0","-12.9962093","-60.949484","110007205000001","-12.996404","-60.949137","110007205000001","-12.996404","-60.949137","0","43.3842446","1","0",True,NULL
807,"AVENIDA GOVERNADOR JORGE TEIXEIRA DE OLIVEIRA","1800.0","ESCOLA","CENTRO",163516,"218166947","RUA GOVERNADOR JORGE TEIXEIRA DE OLIVEIRA","1920",NULL,"CENTRO","100.0","93.75","100.0","88.75","-12.9972386","-60.9419839","110007205000002","-13.203476","-60.819778","110005605000017","-13.203476","-60.819778","0","26477.71806312","1","26343.4334942",False,False
808,"AV. DR LEWERGER","4564.0",NULL,"LIBERDADE",114127,"1267269","AVENIDA DOUTOR LEWERGER","4561",NULL,"LIBERDADE","100.0","99.93","100.0","89.99","-10.76803751","-65.31458933","110010605000020","-10.767852","-65.314769","110010605000019","-10.767852","-65.314769","0","28.47298796","1","6.52966392",False,True
809,"AV. SENADOR OLAVO PIRES","1315.0",NULL,"CENTRO",789259,"99388630","AVENIDA SENADOR OLAVO PIRES","1664",NULL,"CENTRO","100.0","79.03","100.0","85.81","-12.9998197","-60.9383359","110007205000003","-10.247237","-62.356052","110160905000003","-10.247237","-62.356052","0","342809.53130623","1","340643.04831179",False,NULL
810,"AVENIDA BRASIL","2274.0","PREDIO PROPRIO","CENTRO",23873,"180242455","AVENIDA  BRASIL","2274",NULL,"CENTRO","100.0","100.0","100.0","90.0","-13.0002298","-60.9463012","110007205000004","-13.000425","-60.946368","110007205000004","-13.000425","-60.946368","0","22.88011799","1","0",True,NULL
811,"RUA SENADOR OLAVO PIRES NO DISTRITO DE ALTO GUARAJUS","769.0","PREDIO","CENTRO",789259,"99388630","AVENIDA SENADOR OLAVO PIRES","1664",NULL,"CENTRO","100.0","46.21","100.0","79.24","-12.962632","-60.8842582","110007205000006","-10.247237","-62.356052","110160905000003","-10.247237","-62.356052","0","341849.32130898","1","339974.36807798",False,NULL
812,"3º EIXO, KM 20",NULL,"DISTRITO RONDOLANDIA","ZONA RURAL",24417,"1224548","LINHA  TERCEIRA EIXO","20","SITIO","ZONA RURAL","100.0",NULL,"100.0","100.0","-13.01196318","-60.82131581","110007205000012","-13.010539","-60.821365","110007205000012","-13.0116425","-60.821876","134.61484044","158.45145445","1","0",True,NULL
813,"RUA BOM JESUS","3715.0","CASA","CIDADE ALTA",5369,"215165086","RUA  BOM JESUS","3716",NULL,"CIDADE ALTA","100.0","99.97","100.0","89.99","-11.5171102","-61.0120139","110009805000021","-11.517398","-61.011579","110009805000021","-11.517418","-61.011573999999996","2.28965585","57.1792306","1","0",True,NULL
814,"RUA PIAUI","4026.0","PREDIO","JORGE TEIXEIRA DE OLIVEIRA",803268,"91968471","RUA  PIAUI","4021",NULL,"JORGE TEIXEIRA","100.0","99.88","100.0","89.98","-11.5171999","-61.0119566","110009805000021","-11.538678","-61.005406","110009805000012","-11.538678","-61.005406","0","2492.61913641","1","2175.12012878",False,False
815,"PROF ANA COELHO RODRIGUES","2034.0","SETOR 03",NULL,50784,"100091774","RUA  ANA JOSEFA RODRIGUES","2030","CASA","JARDIM ELDORADO","85.15","99.8","0.0","79.57","-12.43034561","-64.23211552","110008005000003","-11.44259","-61.431017","110004905000104","-11.44259","-61.431017","0","323917.60721179","1","323748.03719183",False,NULL
816,"AV LIMOEIRO","2345.0","PREDIO ESCOLAR","SETOR 03",556945,"180237733","AVENIDA  LIMOEIRO","2345",NULL,"SETOR 0003","100.0","100.0","88.89","90.0","-12.43030333","-64.23143167","110008005000003","-12.43028","-64.231469","110008005000003","-12.43028","-64.231469","0","4.81264206","1","0",True,NULL
817,"AV PROFESSORA ANA COELHO","1912.0","CENTRO","CENTRO",793239,"91967115","AVENIDA  PROFESSORA ANA COELHO OU MACHADO DE ASSIS","2910",NULL,"SAO DOMINGOS DO GUAPORE","100.0","65.7","20.69","83.14","-12.4299579","-64.2308691","110008005000003","-12.072427","-64.031964","110008035000005","-12.072427","-64.031964","0","45251.06800723","1","44434.1800074",False,False
818,"TRAVESSA 25","1858.0",NULL,"SETOR 04",945788,"1227381","TRAVESSA  VINTE E CINCO","1858",NULL,"SETOR 0005","100.0","100.0","77.78","90.0","-12.4335585","-64.2240838","110008005000005","-12.433627","-64.224431","110008005000005","-12.433627","-64.224431","0","38.4631791","1","0",True,NULL
819,"AVENIDA ANTONIO PSURIADAKIS","2171.0","PREDIO PUBLICO","SETOR 01",731289,"1228399","AVENIDA  ANTONIO PSURIADAKIS","2171",NULL,"SETOR 0009","100.0","100.0","77.78","90.0","-12.4386335","-64.2320157","110008005000009","-12.438371","-64.231914","110008005000009","-12.438371","-64.231914","0","31.20786471","1","0",True,NULL
820,"RUA ALAGOAS","2082.0","PREDIO","MORADA DO SOL",721141,"1231409","RUA  ALAGOAS","2082",NULL,"MORADA DO SOL","100.0","100.0","100.0","90.0","-11.5295967","-61.02088","110009805000001","-11.529434","-61.020725","110009805000001","-11.529434","-61.020725","0","24.74846608","1","0",True,NULL
821,"AVENIDA SENADOR OLAVO PIRES NO DISTRITO DE VITORIA DA UNIAO","1586.0","PREDIO","CENTRO",789259,"99388630","AVENIDA SENADOR OLAVO PIRES","1664",NULL,"CENTRO","100.0","95.31","100.0","89.06","-13.0044929","-61.1273306","110007205000017","-10.247237","-62.356052","110160905000003","-10.247237","-62.356052","0","334521.43599212","1","332683.328032",False,NULL
822,"RUA PEDRO ALVARES CABRAL","2225.0","DIST.VIT. DA UNIAO","CENTRO",665930,"109341412","RUA  PEDRO ALVARES CABRAL","2224",NULL,"VITORIA DA UNIAO","96.09","99.96","27.27","87.25","-13.00979575","-61.12582012","110007205000017","-13.009944","-61.126239","110007205000017","-13.009944","-61.126239","0","48.28305488","1","0",True,NULL
823,"LINHA 05, LOTE 23, GLEBA 05, KM 45, PA CACHOEIRA",NULL,NULL,"ZONA RURAL",856542,"100196755","RUA  QUARENTA E CINCO","2429",NULL,"JARDIM ZONA SUL","100.0",NULL,"64.0","100.0","-11.53737127","-60.71833058","110009805000022","-9.948634","-63.013371","110002305000131","-9.948651","-63.013439","7.68371956","306702.86162803","1","279923.3073604",False,False
824,"RUA ESPIRITO SANTO","1927.0",NULL,"CAIXA DAGUA",24804,"1232113","RUA  ESPIRITO SANTO","1927",NULL,"CAIXA D AGUA","100.0","100.0","86.96","90.0","-11.5210933","-61.0154795","110009805000003","-11.52105","-61.015616","110009805000003","-11.52105","-61.015616","0","15.63225402","1","0",True,NULL
825,"RUA ROMIPORA","3571.0",NULL,"CIDADE ALTA",3739,"1237925","RUA  ROMIPORA","3631",NULL,"CIDADE ALTA","100.0","98.35","100.0","89.67","-11.5192798","-61.0111322","110009805000004","-11.518754","-61.010673","110009805000021","-11.518754","-61.010673","0","76.95161916","1","33.25089917",False,True
826,"BR 429 KM 15",NULL,"ZONA RURAL",NULL,35524,"91966856","RODOVIA  BR 429","6480","LOJA","SAO DOMINGOS DO GUAPORE","100.0",NULL,"0.0","100.0","-12.437114","-64.228512","110008005000033","-12.076865","-64.029757","110008035000004","-12.0766295","-64.0298705","28.94888589","45508.86351742","1","44460.86018174",False,False
827,"AV. SANTA CRUZ","1541.0",NULL,"SETOR 03",731578,"1228456","AVENIDA SANTA CRUZ","1325",NULL,"SETOR 0009","100.0","85.98","77.78","87.2","-12.4377437","-64.2318243","110008005000001","-12.439559","-64.231027","110008005000009","-12.439559","-64.231027","0","219.63516346","1","160.59982757",False,True
828,"AV GUAJARA MIRIM","317.0",NULL,"CENTRO",254357,"98306601","RUA  GUAJARA MIRIM","36",NULL,"CENTRO","100.0","11.36","100.0","72.27","-12.426075","-64.42410667","110008015000001","-10.366134","-64.812386","110033815000009","-10.366134","-64.812386","0","232932.17427001","1","231231.38112075",False,False
829,"AV. AIRTON SENNA","8746.0","SAO DOMINGOS","CENTRO",35446,"91966884","RUA  AIRTON SENNA","8743","FRENTE","SAO DOMINGOS DO GUAPORE","93.19","99.97","20.69","85.22","-12.07522781","-64.02939529","110008035000004","-12.075603","-64.029718","110008035000004","-12.075603","-64.029718","0","54.51412901","1","0",True,NULL
830,"AVENIDA SENADOR OLAVO PIRES",NULL,"PREDIO","CENTRO",789250,"1724899","AVENIDA SENADOR OLAVO PIRES","2130","FUNDOS","CENTRO","100.0",NULL,"100.0","100.0","-12.07430667","-64.02967","110008035000004","-10.244177","-62.352953","110160905000003","-10.245891","-62.350721","309.79410548","273620.93527532","1","272839.82178651",False,NULL
831,"RUA 16 DE JULHO","2063.0","BAIRRO DA MANGUEIRA","SETOR 07",872750,"215278564","AVENIDA  DEZESSEIS DE JULHO","2087",NULL,"SETOR 0002","100.0","98.85","77.78","89.77","-12.4422566","-64.2267384","110008005000030","-12.431095","-64.23899","110008005000002","-12.431095","-64.23899","0","1819.39508478","1","1494.50820253",False,False
832,"AVENIDA CHIANCA","722.0","CENTRO","SETOR 02",820489,"1228341","AVENIDA  CHIANCA","722",NULL,"SETOR 0008","100.0","100.0","77.78","90.0","-12.44489521","-64.22737455","110008005000030","-12.444562","-64.22781","110008005000008","-12.444562","-64.22781","0","60.07004249","1","0",False,NULL
833,"AV. GUAPORE","1224.0","PREDIO","SETOR 02",58935,"215016956","AVENIDA  GUAPORE","769",NULL,"SETOR 0006","100.0","62.83","77.78","82.57","-12.43782845","-64.22346703","110008005000032","-12.437362","-64.219029","110008005000006","-12.437362","-64.219029","0","484.68868689","1","0",False,NULL
834,"AV. 1º DE MAIO - DISTRITO SAO DOMINGOS DO GUAPORE KM 58","9170.0","DIST. SAO DOMINGOS","SAO DOMINGOS DO GUAPORE",713463,"214193021","DISTRITO  GUAPORE","92726",NULL,"GUAPORE","100.0","9.89","100.0","71.98","-12.0740846","-64.0332968","110008035000005","-12.223615","-60.687128","110018915000009","-12.223615","-60.687128","0","364121.93317834","1","364031.1339676",False,NULL
835,"LINHA PACARANA KM 38 - TERRA INDIGENA SETE DE SETEMBRO",NULL,"ALDEIA BETHEL","ZONA RURAL",213591,"110643944","LINHA  KM 38","38","LADO DIREITO","KM 38","100.0",NULL,"13.33","100.0","-11.5303946","-61.009722","110009805000010","-10.68402","-63.53803","110100515000010","-10.684397","-63.537173499999994","102.54733827","291477.39090773","1","291239.68769421",False,False
836,"RUA SAO PAULO","3435.0","ESCOLA","LIBERDADE",5343,"1234723","RUA SAO PAULO","3440",NULL,"LIBERDADE","100.0","99.85","100.0","89.97","-11.5310638","-61.0066181","110009805000011","-11.53179","-61.007032","110009805000011","-11.53179","-61.007032","0","92.48821477","1","0",True,NULL
837,"RUA MARTINHO LUTERO","2322.0",NULL,"LIBERDADE",3632,"1234690","RUA  MARTINHO LUTERO","2322",NULL,"LIBERDADE","100.0","100.0","100.0","90.0","-11.5342911","-61.0104313","110009805000011","-11.534194","-61.010687","110009805000011","-11.534194","-61.010687","0","29.87752308","1","0",True,NULL
838,"ALDEIA ROOSEVELT KM 102","0.0","ZONA RURAL","ZONA RURAL",421448,"180294292","ALDEIA  ROOSEVELT","0",NULL,"ALDEIA INDIGENA ROOSEVELT CENTRAL","100.0","100.0","27.91","90.0","-11.534299","-61.010819","110009805000011","-11.493359","-60.468245","110018915000015","-11.4944445","-60.4689755","144.58576878","59292.48658235","1","58648.31883354",False,NULL
839,"AV. PIAUI","3447.0",NULL,"LIBERDADE",5178,"1234676","RUA  PIAUI","3447",NULL,"LIBERDADE","100.0","100.0","100.0","90.0","-11.5353343","-61.0095357","110009805000011","-11.535494","-61.009489","110009805000011","-11.535494","-61.009489","0","18.4723669","1","0",True,NULL
840,"RUA ROSA PEDRO AGOSTINHO","2188.0",NULL,"JORGE TEIXEIRA DE OLIVEIRA",803431,"91968232","RUA  ROSA PEDRO AGOSTINHO","2193",NULL,"JORGE TEIXEIRA","100.0","99.77","100.0","89.95","-11.5392452","-61.0063471","110009805000012","-11.53907","-61.006357","110009805000012","-11.53907","-61.006357","0","19.51121282","1","0",True,NULL
841,"RUA GOIAS","1904.0",NULL,"VISTA ALEGRE",789626,"91969263","RUA  GOIAS","1905",NULL,"VISTA ALEGRE","100.0","99.95","100.0","89.99","-11.5366472","-61.0144552","110009805000014","-11.536518","-61.0146","110009805000014","-11.536518","-61.0146","0","21.33701532","1","0",True,NULL
842,"RUA BANDEIRANTES","1011.0",NULL,"SAO JOSE",695209,"1240096","RUA  BANDEIRANTES","1011",NULL,"SAO JOSE","100.0","100.0","100.0","90.0","-11.537421","-61.0254268","110009805000034","-11.537942","-61.025362","110009805000034","-11.537942","-61.025362","0","58.36121801","1","0",True,NULL
843,"ALDEIA 14 DE ABRIL KM 70",NULL,NULL,"ZONA RURAL",42878,"1239534","ALDEIA  14 DE ABRIL","554",NULL,"14 DE ABRIL","100.0",NULL,"28.57","100.0","-11.3568509","-60.6729934","110009805000051","-11.35741","-60.67128","110009805000051","-11.357344","-60.671245","8.27151916","196.86514478","1","0",True,NULL
844,"ALDEIA CAPITAO CARDOSO KM 99",NULL,NULL,"ZONA RURAL",553592,"110618775","TRAVESSAO  399 KM 08","1","LADO DIREITO","LINHA 2","100.0",NULL,"35.29","100.0","-11.1006264","-60.7526009","110009805000071","-13.122587","-60.449689","110006405000038","-13.122587","-60.449689","0","227230.90833965","1","225531.87077579",False,False
845,"AVENIDA NOSSA SENHORA DA CONCEICAO","2693.0","ZONA RURAL","DISTRITO BOA VISTA DO PACAR",42987,"1240797","AVENIDA  NOSSA SENHORA DA CONCEICAO","2693",NULL,"PACARANA","100.0","100.0","34.29","90.0","-11.0024021","-60.8466724","110009810000001","-11.002257","-60.846753","110009810000001","-11.002257","-60.846753","0","18.37706893","1","0",True,NULL
846,"ESTRADA ZE BAIANO, KM 18","2126.0","LINHA/SETOR","ZONA RURAL",609747,"110630851","TRAVESSAO  KM 18","2",NULL,"LADO DIREITO LINHA 184 SENTIDO LINHA 182","100.0","0.09","22.73","70.02","-11.4618702","-60.9237112","110009812000001","-11.887051","-61.900295","110028805000064","-11.887051","-61.900295","0","116380.31511457","1","116003.67097411",False,False
847,"LINHA 14 DE ABRIL, GLEBA 24, KM 45, SETOR 14 DE ABRIL",NULL,"ZONA RURAL","ZONA RURAL",93017,"1241959","LINHA  14 DE ABRIL","22",NULL,"CANELINHA","100.0",NULL,"42.11","100.0","-11.4076198","-60.7536207","110009815000001","-11.447531","-60.902349","110009812000003","-11.451783","-60.90097","496.11215893","16806.53276536","1","16525.92186289",False,False
848,"AV. MARECHAL DEODORO","1820.0","PREDIO","SERRARIA",689602,"1263208","AVENIDA MARECHAL DEODORO","1820",NULL,"SERRARIA","100.0","100.0","100.0","90.0","-10.7822685","-65.3336866","110010605000005","-10.782284","-65.333896","110010605000005","-10.782284","-65.333896","0","22.93801317","1","0",True,NULL
849,"AV.DR.LEWERGER","1469.0",NULL,"SERRARIA",689709,"1263108","AVENIDA  ROCHA LEAL","1471",NULL,"SERRARIA","100.0","99.86","100.0","89.97","-10.78599238","-65.33503857","110010605000005","-10.782279","-65.333251","110010605000005","-10.782279","-65.333251","0","456.74963202","1","0",True,NULL
850,"AV MARECHAL DEODORO","2302.0",NULL,"SERRARIA",36556,"1263308","AVENIDA MARECHAL DEODORO","2301",NULL,"SERRARIA","100.0","99.96","100.0","89.99","-10.779577","-65.3303144","110010605000006","-10.779277","-65.330767","110010605000006","-10.779277","-65.330767","0","59.64051347","1","0",True,NULL
851,"ALDEIA SANTO ANDRE",NULL,"TERRA INDIGENA","RIO PACAAS NOVOS",304369,"1399744","RUA SANTO ANDRE","268",NULL,"JARDIM AEROPORTO","100.0",NULL,"37.5","100.0","-10.789318","-65.330111","110010605000007","-10.737127","-62.246353","110015505000022","-10.7370915","-62.246384","5.20114298","336914.76566677","1","336059.59239508",False,False
852,"ALDEIA BAIA DAS ONCAS - RIO GUAPORE",NULL,"TI RIO GUAPORE","ALDEIA BAIA DAS ONCAS",787902,"180231718","BAIA  DAS ONCAS","12",NULL,"ALDEIA INDIGENA BAIA DAS ONCAS","100.0",NULL,"100.0","100.0","-10.789318","-65.330111","110010605000007","-12.078001","-64.707021","110010622000013","-12.078329","-64.70711349999999","37.83340068","158571.77639824","1","157078.25951003",False,False
853,"ALDEIA RIO NEGRO OCAIA",NULL,"RIO PACAAS NOVOS","ALDEIA RIO NEGRO OCAIA",29338,"1275004","RIO  NEGRO","29",NULL,"ALDEIA INDIGENA RIO NEGRO OCAIA CENTRAL","100.0",NULL,"100.0","100.0","-10.789318","-65.330111","110010605000007","-11.182056","-64.834783","110010605000087","-11.1820495","-64.83479299999999","1.30855979","69502.0050739","1","68227.51057029",False,NULL
854,"ALDEIA LAJE NOVO - BOM SOSSEGO",NULL,"TERRA INDIGENA","ALDEIA LAJE NOVO",26198,"180257839","RAMAL  BOM SOSSEGO","0","CASA 6","ALDEIA INDIGENA SEMAP","100.0",NULL,"54.55","100.0","-10.789318","-65.330111","110010605000007","-10.614177","-64.925846","110010612000010","-10.614048","-64.92606","27.43686908","48273.11293977","1","47243.65555031",False,False
855,"ALDEIA BOM FUTURO",NULL,"RIO PACAAS NOVOS","ALDEIA BOM FUTURO",245285,"1138043","RUA  BOM FUTURO","2124",NULL,"APOIO SOCIAL","100.0",NULL,"34.48","100.0","-10.789318","-65.330111","110010605000007","-9.912106","-63.02032","110002305000069","-9.912091","-63.020346","3.30039532","270829.55875092","1","269852.65512233",False,False
856,"ALDEIA CRISTO REI - RIO NEGRO OCAIA",NULL,"RIO PACAAS NOVOS","ALDEIA CRISTO REI",415654,"1395038","RUA  CRISTO REI","305",NULL,"BELA FLORESTA","100.0",NULL,"40.0","100.0","-10.789318","-65.330111","110010605000007","-10.725579","-62.258606","110015505000004","-10.7256465","-62.258669999999995","10.25793954","335607.56029697","1","334751.67942243",False,False
857,"ALDEIA SEMAPE - ESTRADA DO BOM SOSSEGO",NULL,NULL,"BOM SOSSEGO",361641,"180249600","RAMAL  BOM SOSSEGO","0",NULL,"BOM SOSSEGO","100.0",NULL,"100.0","100.0","-10.789318","-65.330111","110010605000007","-10.706185","-65.106288","110010605000043","-10.706185","-65.115813","1040.69653744","26140.45055206","1","25076.76552812",False,False
858,"ALDEIA OROSSARI TUPARI",NULL,"RIO GUAPORE","ALDEIA OROSSARI",333883,"180217654","ALDEIA  NGUUJ PARI","5",NULL,"ALDEIA INDIGENA NGUUJ PARI","100.0",NULL,"57.14","100.0","-10.789318","-65.330111","110010605000007","-11.331969","-60.625851","110009805000053","-11.3319415","-60.625868","3.57573338","516900.50672124","1","516194.25425949",False,False
859,"ALDEIA PITOP - TERRA INDIGENA",NULL,"PACAAS NOVOS","ALDEIA PITOP",581021,"110643949","ALDEIA  ALDEIA INDIGENA","0",NULL,"ALDEIA INDIGENA JAMARI","100.0",NULL,"66.67","100.0","-10.789318","-65.330111","110010605000007","-10.552564","-63.186472","110100515000013","-10.552564","-63.186472","0","235714.14582022","1","234751.99442824",False,False
860,"ALDEIA COMI WA WAN - RIO NEGRO OCAIA",NULL,"TERRA INDIGENA","ALDEIA  COMI WA WAN",29286,"180264755","RIO  NEGRO","7",NULL,"ALDEIA INDIGENA COMI WA WAN","100.0",NULL,"100.0","100.0","-10.789318","-65.330111","110010605000007","-11.182272","-64.818099","110010605000087","-11.182272","-64.818099","0","70942.78315592","1","69664.59508827",False,NULL
861,"ALDEIA PANTXIROP - RIO PACAAS NOVOS",NULL,"RIO PACAAS NOVOS","ALDEIA PANTXIROP",29395,"180264672","RIO  PACAAS NOVOS","5",NULL,"ALDEIA INDIGENA PANTIROP","100.0",NULL,"75.0","100.0","-10.789318","-65.330111","110010605000007","-11.182928","-64.800206","110010605000087","-11.182928","-64.800206","0","72535.4224984","1","71253.91882615",False,NULL
862,"ALDEIA PEDREIRAS",NULL,"RIO PACAAS NOVOS","ALDEIA PEDREIRA",581021,"110643949","ALDEIA  ALDEIA INDIGENA","0",NULL,"ALDEIA INDIGENA JAMARI","100.0",NULL,"57.14","100.0","-10.789318","-65.330111","110010605000007","-10.552564","-63.186472","110100515000013","-10.552564","-63.186472","0","235714.14582022","1","234751.99442824",False,False
863,"ALDEIA PIRANHA  ,RIO PACAAS NOVOS",NULL,"RIO PACAAS NOVOS","ALDEIA PIRANHA",29223,"180264250","RIO  PACAAS NOVOS","26",NULL,"ALDEIA INDIGENA CAPOEIRINHA","100.0",NULL,"63.41","100.0","-10.789318","-65.330111","110010605000007","-11.021548","-65.200957","110010605000078","-11.0217385","-65.20131649999999","44.59003198","29422.49148926","1","28413.51967884",False,False
864,"ALDEIA TRES BOCAS",NULL,"RIO PACAAS NOVOS","ALDEIA TRES BOCAS",26785,"180259199","ALDEIA  TRES CACHOEIRAS","84",NULL,"ALDEIA INDIGENA TRES CACHOEIRAS","100.0",NULL,"78.57","100.0","-10.789318","-65.330111","110010605000007","-11.120145","-60.750367","110009805000057","-11.1200475","-60.7503605","10.86469161","501311.28406679","1","500620.10317535",False,False
865,"AV ROCHA LEAL","2214.0",NULL,"SANTO ANTONIO",386484,"91971554","AVENIDA  ROCHA LEAL","2221",NULL,"SANTO ANTONIO","100.0","99.68","100.0","89.94","-10.78741667","-65.32917333","110010605000007","-10.787101","-65.328808","110010605000007","-10.787101","-65.328808","0","53.14592669","1","0",True,NULL
866,"RUA RONDONIA - 15 KM","2371.0","15 KM",NULL,221567,"1489265","TRAVESSAO  KM 15","15",NULL,"LINHA 40","100.0","0.63","0.0","70.13","-11.5043028","-61.1301683","110009818000001","-11.859878","-61.835187","110028805000060","-11.859039","-61.835187","93.2926719","86353.89342379","1","85548.15687051",False,False
867,"AV. 1º DE MAIO","3520.0","PREDIO","10 DE ABRIL",955944,"215162915","AVENIDA  PRIMEIRO DE MAIO","3511","APARTAMENTO 2","DEZ DE ABRIL","100.0","99.74","84.21","89.95","-10.77571167","-65.32105167","110010605000002","-10.775126","-65.321243","110010605000002","-10.775126","-65.321243","0","68.39509394","1","0",True,NULL
868,"AVENIDA 12 DE OUTUBRO","3216.0","BNH","CAETANO",730522,"1264016","AVENIDA  12 DE OUTUBRO","3151","CASA","CAETANO","100.0","97.98","100.0","89.6","-10.7683064","-65.3263942","110010605000008","-10.768409","-65.327001","110010605000008","-10.768409","-65.327001","0","67.2596403","1","0",True,NULL
869,"AVENIDA DR. MENDONCA LIMA","2888.0",NULL,"CAETANO",719865,"1264194","AVENIDA DOUTOR MENDONCA LIMA","2878",NULL,"CAETANO","100.0","99.65","100.0","89.93","-10.773384","-65.327112","110010605000009","-10.773467","-65.327409","110010605000009","-10.773467","-65.327409","0","33.73004647","1","0",True,NULL
870,"AVENIDA CANDIDO RONDON","1379.0","ESTABELECIMENTO","SAO JOSE",243704,"1264607","AVENIDA  CANDIDO RONDON","1379",NULL,"SAO JOSE","100.0","100.0","100.0","90.0","-10.7874418","-65.334004","110010605000010","-10.787693","-65.334282","110010605000010","-10.787693","-65.334282","0","41.25892392","1","0",True,NULL
871,"DR. LEWERGER","1194.0",NULL,"SAO JOSE",716203,"1264950","AVENIDA DOUTOR LEWERGER","1194",NULL,"SAO JOSE","100.0","100.0","100.0","90.0","-10.7879665","-65.3363849","110010605000011","-10.787727","-65.336677","110010605000011","-10.787727","-65.336677","0","41.55982101","1","0",True,NULL
872,"AVENIDA ALMERINDO RIBEIRO DOS SANTOS","4484.0",NULL,"PROSPERO",255210,"1265441","AVENIDA  ALMERINDO RIBEIRO DOS SANTOS","4483",NULL,"PROSPERO","100.0","99.98","100.0","90.0","-10.7673046","-65.3103162","110010605000013","-10.767362","-65.309949","110010605000013","-10.767362","-65.309949","0","40.61658642","1","0",True,NULL
873,"AV. ANTONIO LUIZ DE MACEDO","4508.0",NULL,"PROSPERO",903310,"1265878","AVENIDA  ANTONIO LUIS DE MACEDO","4509",NULL,"PROSPERO","100.0","99.98","100.0","90.0","-10.7693979","-65.3058236","110010605000014","-10.768867","-65.306194","110010605000014","-10.768867","-65.306194","0","71.56860726","1","0",True,NULL
874,"AV. ANTONIO LUIZ DE MACEDO","3680.0",NULL,"NOSSA SENHORA DE FATIMA",349648,"91971652","AVENIDA  ANTONIO LUIS DE MACEDO","3656",NULL,"FATIMA","100.0","99.35","100.0","89.87","-10.774278","-65.311976","110010605000016","-10.77415","-65.311878","110010605000016","-10.77415","-65.311878","0","17.80940332","1","0",True,NULL
875,"AVENIDA DUQUE DE CAXIAS","2140.0",NULL,"SANTA LUZIA",692475,"91972479","AVENIDA DUQUE DE CAXIAS","2171","CASA 5","SANTA LUZIA","100.0","98.57","100.0","89.71","-10.78094137","-65.32030382","110010605000023","-10.781106","-65.319516","110010605000023","-10.780788","-65.31983199999999","49.41443462","87.98099608","1","0",True,NULL
876,"BOUCINHA DE MENEZES","897.0",NULL,"CENTRO",728913,"1269740","AVENIDA  BOUCINHAS DE MENEZES","897",NULL,"CENTRO","100.0","100.0","100.0","90.0","-10.79128265","-65.34265732","110010605000026","-10.791405","-65.342724","110010605000026","-10.791405","-65.342724","0","15.43164876","1","0",True,NULL
877,"AV. 15 DE NOVEMBRO","338.0",NULL,"CENTRO",92163,"98983042","RUA  15 DE NOVEMBRO","340",NULL,"CENTRO","100.0","99.41","100.0","89.88","-10.7906862","-65.3441371","110010605000026","-13.006921","-60.93779","110007205000003","-13.006921","-60.93779","0","539028.64270051","1","538644.74982281",False,False
878,"AV. DOM PEDRO II","269.0",NULL,"CENTRO",4907,"1336189","RUA DOM PEDRO II","273","CASA","CENTRO","100.0","98.53","100.0","89.71","-10.78633853","-65.34266121","110010605000027","-8.763769","-63.909585","110020505060007","-8.763769","-63.909585","0","274295.23804517","1","272951.07973805",False,False
879,"AV TANCREDO FARIAS DE MATOS","248.0",NULL,"CENTRO/DISTRITO DE SURPRESA",831460,"1276459","AVENIDA  TANCREDO FARIAS DE MATOS","248",NULL,"SURPRESA","100.0","100.0","100.0","90.0","-10.787084","-65.340869","110010605000027","-11.881831","-65.020047","110010622000001","-11.881831","-65.020047","0","126655.96387122","1","125901.81003225",False,False
880,"AV. GETULIO VARGAS","430.0",NULL,"CENTRO",866898,"1604986","RUA  GETULIO VARGAS","438",NULL,"CENTRO","100.0","98.17","100.0","89.63","-10.7878076","-65.3406941","110010605000028","-12.743137","-60.139371","110030405000001","-12.743137","-60.139371","0","606483.85794208","1","606314.30865318",False,False
881,"AV.DR.MENDONCA LIMA","1498.0",NULL,"TAMANDARE",718550,"215135855","AVENIDA DOUTOR MENDONCA LIMA","1497",NULL,"TAMANDARE","100.0","99.93","100.0","89.99","-10.7824229","-65.3368269","110010605000029","-10.782102","-65.336977","110010605000029","-10.782102","-65.336977","0","39.26907687","1","0",True,NULL
882,"AV. 12 DE OUTUBRO","1219.0","PREDIO PROPRIO","TAMANDARE",823896,"1271191","AVENIDA  12 DE OUTUBRO","1218",NULL,"TAMANDARE","100.0","99.92","100.0","89.98","-10.77945972","-65.33946613","110010605000029","-10.779844","-65.339285","110010605000029","-10.779844","-65.339285","0","47.08839623","1","0",True,NULL
883,"AV. LEOPOLDO DE MATOS","2102.0","PREDIO","TAMANDARE",914826,"1272159","AVENIDA  LEOPOLDO DE MATOS","2101",NULL,"TAMANDARE","100.0","99.95","100.0","89.99","-10.7788027","-65.3345631","110010605000032","-10.778523","-65.334798","110010605000032","-10.778523","-65.334798","0","40.31956597","1","0",True,NULL
884,"AV 15 DE NOVEMBRO","2559.0","-","SERRARIA",36631,"1263346","AVENIDA  15 DE NOVEMBRO","2542",NULL,"SERRARIA","100.0","99.34","100.0","89.87","-10.7774002","-65.3302824","110010605000032","-10.777338","-65.330034","110010605000006","-10.777338","-65.330034","0","28.00126974","1","8.02461153",False,True
885,"AV. JOSE BONIFACIO","187.0",NULL,"SERRARIA",36682,"1263317","AVENIDA  JOSE BONIFACIO","185",NULL,"SERRARIA","100.0","98.93","100.0","89.79","-10.7774907","-65.3311319","110010605000032","-10.778559","-65.330754","110010605000006","-10.778559","-65.330754","0","125.75761348","1","53.24141369",False,True
886,"AV. QUINTINO BOCAIUVA","2041.0","ESCOLA","TAMANDARE",914849,"1272172","AVENIDA  QUINTINO BOCAIUVA","2040",NULL,"TAMANDARE","100.0","99.95","100.0","89.99","-10.77764295","-65.33574817","110010605000032","-10.777892","-65.335551","110010605000032","-10.777892","-65.335551","0","35.08243607","1","0",True,NULL
887,"AV TENENTE HENRIQUE LOPES","3515.0",NULL,"JARDIM DA ESMERALDA",265116,"1243234","RUA TENENTE BRASIL","1113",NULL,"UNIAO","100.0","31.66","8.33","76.33","-10.76039866","-65.30395113","110010605000033","-10.887613","-61.947576","110012205000075","-10.887613","-61.947576","0","366843.34844284","1","366946.08318281",False,False
888,"AVENIDA 15 DE NOVEMBRO","4849.0",NULL,"PLANALTO",700412,"215133663","AVENIDA  15 DE NOVEMBRO","4878",NULL,"PLANALTO","100.0","99.41","100.0","89.88","-10.76153277","-65.31563194","110010605000038","-10.400506","-65.335206","110033805000005","-10.400506","-65.335206","0","40201.37386513","1","38959.08866304",False,False
889,"ALDEIA CAJUEIRO","42.0","TERRA INDIGENA","RIO PACAAS NOVOS",450239,"102222322","RUA  CAJUEIRO","1329",NULL,"RIO MADEIRA","100.0","3.16","44.44","70.63","-11.00070112","-65.22143813","110010605000100","-8.730509","-63.936288","110020505000160","-8.730509","-63.936288","0","289035.91988823","1","286927.18719288",False,False
890,"ALDEIA GRACAS A DEUS","76.0","RIO PACAAS NOVOS","ALDEIA GRACAS A DEUS",872327,"219543910","RUA  MENINO DEUS","236",NULL,"JARDIM SANTANA","100.0","32.2","41.18","76.44","-11.08436354","-65.15243545","110010605000077","-8.764323","-63.816167","110020505000164","-8.764323","-63.816167","0","296599.22460332","1","295140.0645771",False,False
891,"ALDEIA CAPOEIRINHA",NULL,"RIO PACAAS NOVOS","ALDEIA CAPOEIRINHA",406490,"180266678","ALDEIA  CACHOEIRINHA","0",NULL,"ALDEIA INDIGENA CACHOERINHA","100.0",NULL,"71.11","100.0","-11.01924776","-65.20359473","110010605000078","-10.654188","-61.768136","110012205000184","-10.6542175","-61.767863","30.01273883","377380.61911601","1","377020.58917659",False,NULL
892,"ALDEIA SAO LUIS - RIO PACAAS NOVOS",NULL,"TERRA INDIGENA","ALDEIA SAO LUIS",109130,"180244081","RIO  PACAAS NOVOS","0",NULL,"ALDEIA INDIGENA SAO LUIS","100.0",NULL,"100.0","100.0","-11.01916972","-65.20363145","110010605000078","-11.086958","-64.079909","110010605000084","-11.0869815","-64.079985","8.69504308","122865.9004691","1","122179.39715014",False,False
893,"ALDEIA BARRANQUILHA, RIO MAMORE",NULL,"RIO MAMORE","ALDEIA BARRANQUILHA",360251,"1247950","RUA  RIO MAMORE","1111","FUNDOS","DOM BOSCO","100.0",NULL,"7.14","100.0","-11.333560324274","-65.2910039015114","110010605000112","-10.867476","-61.94613","110012205000089","-10.8674915","-61.946083","5.41410145","368633.26319158","1","368598.41169821",False,False
894,"ALDEIA BOM JESUS",NULL,"RIO SOTERIO,","ALDEIA BOM JESUS",329406,"180225088","ALDEIA AGRICULTOR BOM JESUS 2","0","CASA 10","ALDEIA INDIGENA BOM JESUS 2","100.0",NULL,"100.0","100.0","-11.614549588412","-65.0838700588793","110010605000094","-11.614601","-65.083293","110010605000094","-11.6146985","-65.08313100000001","20.70931833","63.1116931","1","0",True,NULL
895,"ALDEIA DEOLINDA",NULL,"RIO MAMORE","ALDEIA DEOLINDA",581021,"110643949","ALDEIA  ALDEIA INDIGENA","0",NULL,"ALDEIA INDIGENA JAMARI","100.0",NULL,"59.46","100.0","-11.2075884500518","-65.3187647648156","110010605000114","-10.552564","-63.186472","110100515000013","-10.552564","-63.186472","0","243962.84774386","1","242865.12479548",False,False
896,"ALDEIA TANAJURA",NULL,"RIO PACAAS NOVOS","ALDEIA TANAJURA",581021,"110643949","ALDEIA  ALDEIA INDIGENA","0",NULL,"ALDEIA INDIGENA JAMARI","100.0",NULL,"59.46","100.0","-11.04450997","-65.17689016","110010605000068","-10.552564","-63.186472","110100515000013","-10.552564","-63.186472","0","224180.65564894","1","223052.51085822",False,False
897,"AVENIDA GIACOMO CASARA","2560.0",NULL,"NOSSA SENHORA DE FATIMA",289500,"99479664","AVENIDA  GIACOMO CASARA","1246",NULL,"NOSSA SENHORA APARECIDA","100.0","48.67","73.91","79.73","-10.7764083","-65.3123371","110010605000105","-10.76698","-65.320836","110010605000037","-10.76698","-65.320836","0","1400.35665567","1","1360.14993906",False,False
898,"ALDEIA SOTERIO - RIO MAMORE",NULL,"TERRA INDIGENA","ALDEIA SOTERIO",332539,"1275186","RIO  SOTERIO","18",NULL,"ALDEIA INDIGENA SOTERIO","100.0",NULL,"100.0","100.0","-11.6156632499769","-65.1345333829522","110010605000140","-11.615252","-65.134657","110010605000096","-11.615252","-65.134657","0","47.66992068","1","0",False,NULL
899,"ALDEIA SAO JOAO - PACAAS NOVOS",NULL,"RIO MAMORE","ALDEIA SAO JOAO",109130,"180244081","RIO  PACAAS NOVOS","0",NULL,"ALDEIA INDIGENA SAO LUIS","100.0",NULL,"80.0","100.0","-11.6190220462158","-65.1451565232128","110010605000141","-11.086958","-64.079909","110010605000084","-11.0869815","-64.079985","8.69504308","130333.79855105","1","129904.26456465",False,False
900,"AVENIDA RORAIMA","3154.0","DISTRITO DO IATA","CENTRO",779391,"91992524","RUA  RORAIMA","3600",NULL,"CENTRO","100.0","87.61","100.0","87.52","-10.58778443","-65.38555982","110010612000001","-9.42954","-61.997889","110013005000002","-9.42954","-61.997889","0","392672.70646374","1","391976.73143125",False,False
901,"ALDEIA BAIA DA COCA - RIO GUAPORE","315.0","TERRA  INDIGENA","ALDEIA BAIA DA COCA",109613,"180245403","LINHA  DA COCA","19",NULL,"ALDEIA INDIGENA BAIA DA COCA","100.0","6.03","100.0","71.21","-11.9618224818259","-64.8974589630961","110010622000008","-11.962618","-64.896001","110010622000008","-11.962618","-64.896001","0","181.59856965","1","0",True,NULL
902,"ALDEIA RICARDO FRANCO, RIO GUAPORE",NULL,"TERRA INDIGENA","ALDEIA RICARDO FRANCO",26203,"180258551","PORTO  RICARDO FRANCO","0",NULL,"ALDEIA INDIGENA RICARDO FRANCO","100.0",NULL,"100.0","100.0","-12.0162163395435","-64.8278906755149","110010622000010","-12.016944","-64.827054","110010622000010","-12.016944","-64.827054","0","121.76612662","1","0",True,NULL
903,"ALDEIA LAJE VELHO - BOM SOSSEGO",NULL,"6ª LINHA RAMAL IATA","ALDEIA LAJE VELHO",26198,"180257839","RAMAL  BOM SOSSEGO","0","CASA 6","ALDEIA INDIGENA SEMAP","100.0",NULL,"52.63","100.0","-10.55653259","-65.27549436","110010612000005","-10.614177","-64.925846","110010612000010","-10.614048","-64.92606","27.43686908","38751.33070645","1","38064.33871401",False,False
904,"ALDEIA LINHA 10 - BOM SOSSEGO",NULL,"TERRA INDIGENA","ALDEIA LINHA 10",109587,"180245216","RAMAL  BOM SOSSEGO","0","CASA 2","ALDEIA INDIGENA OITAVA LINHA","100.0",NULL,"88.89","100.0","-10.6029766704887","-65.0854693260044","110010612000007","-10.629824","-65.211562","110010612000009","-10.6298","-65.2113785","20.23093585","14100.52255103","1","13814.99799102",False,False
905,"RUA ANTONIO ELIAS TEIXEIRA",NULL,NULL,"CENTRO",183784,"1346732","RUA  ELIAS GORAYEB","3189",NULL,"LIBERDADE","100.0",NULL,"26.67","100.0","-11.8815875","-65.0168051","110010622000001","-8.744447","-63.891002","110020505060042","-8.744353499999999","-63.89096","11.37536001","369932.56795556","1","368203.54688846",False,False
906,"ALDEIA PEDRAL",NULL,"RIO GUAPORE","ALDEIA PEDRAL",263659,"180240048","ALDEIA  PEDRAL","8",NULL,"ALDEIA INDIGENA PEDRAL","100.0",NULL,"100.0","100.0","-11.9803848769516","-64.8867195658386","110010622000012","-11.979114","-64.886833","110010622000012","-11.9793095","-64.8867995","22.04192601","141.85290008","1","0",True,NULL
907,"ALDEIA SAGARANA - RIO GUAPORE",NULL,"TERRA INDIGENA","ALDEIA SAGARANA",263682,"180240128","ALDEIA  SAGARANA","52",NULL,"ALDEIA INDIGENA SAGARANA","100.0",NULL,"100.0","100.0","-11.9111753348261","-64.9941349122673","110010622000016","-11.910013","-64.99288","110010622000016","-11.9099895","-64.99261849999999","28.57130615","188.00679574","1","0",True,NULL
908,"RUA MARECHAL RONDON","2579.0","UNIDADE DE ENSINO","SETOR 04",263988,"1277488","RUA MARECHAL RONDON","2579",NULL,"SETOR 04","100.0","100.0","100.0","90.0","-10.4389666","-62.472313","110011405000002","-10.439122","-62.471949","110011405000002","-10.439122","-62.471949","0","43.39392388","1","0",True,NULL
909,"AVENIDA RIO BRANCO","2017.0","PREDIO","SETOR 1",264510,"91975736","AVENIDA  RIO BRANCO","2017","CASA ALTOS","SETOR 01","100.0","100.0","93.33","90.0","-10.433601","-62.470524","110011405000009","-10.433595","-62.47031","110011405000009","-10.433524","-62.470322499999995","8.01231786","23.41180317","1","0",True,NULL
910,"AVENIDA BRASIL","1676.0",NULL,"SETOR 01",264374,"91975900","AVENIDA  BRASIL","1676",NULL,"SETOR 01","100.0","100.0","100.0","90.0","-10.4372541","-62.470491","110011405000009","-10.437134","-62.470041","110011405000009","-10.437134","-62.470041","0","50.98974621","1","0",True,NULL
911,"RUA FLORIANOPOLIS","2945.0","ESCOLA","SETOR 02",445733,"215173977","RUA  FLORIANOPOLIS","3039",NULL,"SETOR 02","100.0","96.91","100.0","89.38","-10.4390444","-62.4681732","110011405000010","-10.438771","-62.467813","110011405000010","-10.4387705","-62.467811999999995","0.12267655","49.75681848","1","0",True,NULL
912,"RUA ONOFRE DUARTE DE OLIVEIRA","3398.0",NULL,"SETOR 06",763898,"91977814","RUA  ONOFRE DUARTE DE OLIVEIRA","3398",NULL,"SETOR 06","100.0","100.0","100.0","90.0","-10.4420224","-62.4656802","110011405000011","-10.419968","-62.475945","110011405000031","-10.419968","-62.475945","0","2697.045368","1","2239.52486806",False,False
913,"RUA MARECHAL RONDON","2258.0",NULL,"SETOR 03",740861,"1283204","RUA MARECHAL RONDON","2192","CASA","SETOR 03","100.0","97.08","100.0","89.42","-10.4419633","-62.4656555","110011405000011","-10.441347","-62.475067","110011405000018","-10.441328","-62.4750715","2.16925873","1031.46125807","1","680.371166",False,True
914,"RUA JEAN CARLOS","4029.0",NULL,"JARDIM NOVO ESTADO",664305,"1290491","RUA  JEAN CARLOS MUNIZ","4029",NULL,"JARDIM DOS ESTADOS","100.0","100.0","72.22","90.0","-10.4419758","-62.4656569","110011405000011","-10.416592","-62.478128","110011405000068","-10.416592","-62.478128","0","3134.77279431","1","2682.64882904",False,False
915,"RUA MAMORE","1502.0",NULL,"SETOR 01-A",820508,"215429640","AVENIDA  MAMORE","1502",NULL,"SETOR 0008","100.0","100.0","70.0","90.0","-10.4420123","-62.465627","110011405000011","-12.443499","-64.224829","110008005000008","-12.443499","-64.224829","0","293744.20940005","1","292860.24892818",False,NULL
916,"RUA RAIMUNDO BARRETO","863.0","ESCOLA","JARDIM ESPERANCA",310907,"1294126","RUA  RAIMUNDO BARRETO","942",NULL,"SETOR 07","100.0","91.61","25.0","88.32","-10.4420087","-62.4656314","110011405000011","-10.450278","-62.477452","110011405000059","-10.450252500000001","-62.4774655","3.19674557","1586.29269032","1","1418.53105603",False,False
917,"RUA LUZIA LOPES","2699.0","PERIMETRO URBANO","CENTRO",45285,"180274574","RUA  LUZIA LOPES","2445","APARTAMENTO 2","CENTRO","100.0","90.59","100.0","88.12","-10.4420051","-62.4656291","110011405000011","-10.854776","-62.797694","110011425000001","-10.854776","-62.797694","0","58510.31992012","1","58182.90886944",False,False
918,"LINHA 130 KM 12 LADO NORTE",NULL,NULL,"ZONA RURAL",489389,"180263877","LINHA  130 NORTE","3",NULL,"LINHA 130 SUL","100.0",NULL,"26.09","100.0","-11.61629574","-62.27442728","110014805000018","-11.755081","-62.27556","110014805000024","-11.7554245","-62.2754255","40.90583267","15432.73095092","1","3221.25995941",False,True
919,"RUA JUSCELINO KUBISTHEK","882.0","AO LADO DA IGREJA","LIBERDADE",788402,"1724690","AVENIDA  JUSCELINO KUBISCHEK","1025",NULL,"CENTRO","100.0","86.05","26.67","87.21","-10.7132988","-62.2564194","110015505000016","-10.2429","-62.35153","110160905000003","-10.2429","-62.35153","0","53329.81687406","1","52549.01992096",False,NULL
920,"RUA OSVALDO CRUZ","416.0","ESCOLA","LIBERDADE",357906,"180253246","RUA  OSVALDO CRUZ","393","CASA FUNDOS","LIBERDADE","100.0","94.47","100.0","88.89","-10.7155486","-62.2592044","110015505000018","-10.715601","-62.259781","110015505000018","-10.715596999999999","-62.2597665","1.64546681","63.2659422","1","0",True,NULL
921,"RO 481 KM 08 ESQUINA COM A LINHA 118 SUL",NULL,NULL,"ZONA RURAL",333137,"97487509","RODOVIA  RO 485","165","FAZENDA","ZONA RURAL","100.0",NULL,"100.0","100.0","-11.72635349","-62.38337056","110014805000025","-12.999934","-61.238183","110007205000022","-12.999952","-61.2382105","3.58934863","188484.07476755","1","182321.29551015",False,False
922,"LINHA 134, KM 12, LADO NORTE",NULL,NULL,"ZONA RURAL",156270,"110640222","LINHA  144 LADO NORTE","14",NULL,"MIGRANTINOPOLIS","100.0",NULL,"24.0","100.0","-11.6188831","-62.2377868","110014805000027","-11.602223","-62.145004","110050210000006","-11.601438","-62.145523499999996","104.0247631","10274.27745062","1","8188.75392636",False,False
923,"RUA JUSCELINO KUBITSCHEK","113.0",NULL,"JARDIM TROPICAL",386276,"220234550","RUA  JUSCELINO KUBITSCHEK","112",NULL,"CIDADE ALTA","100.0","99.12","30.77","89.82","-10.7196725","-62.2521859","110015505000020","-11.719268","-61.79742","110028805000093","-11.719268","-61.79742","0","121715.10685059","1","120972.43366534",False,False
924,"RUA JUSCELINO KUBITSCHECK","125.0","CENTRO","JARDIM TROPICAL",413281,"1399190","RUA  JUSCELINO KUBITSCHECK","120",NULL,"JARDIM TROPICAL","100.0","96.0","100.0","89.2","-10.71923","-62.25233","110015505000020","-10.719119","-62.251941","110015505000020","-10.719119","-62.251941","0","44.25608248","1","0",True,NULL
925,"RUA ANA NERI","342.0","CENTRO","JARDIM TROPICAL",413352,"1399223","RUA  ANA NERI","375",NULL,"JARDIM TROPICAL","100.0","91.2","100.0","88.24","-10.7194818","-62.2495909","110015505000021","-10.7192","-62.250216","110015505000020","-10.7192","-62.250216","0","75.14049042","1","17.1321664",False,True
926,"AVENIDA CAPITAO SILVIO GONCALVES DE FARIAS","368.0","CENTRO","INCRA",86791,"1399472","AVENIDA CAPITAO SILVIO GONCALVES DE FARIAS","368",NULL,"INCRA","100.0","100.0","100.0","90.0","-10.7215093","-62.2497865","110015505000021","-10.721576","-62.249753","110015505000021","-10.721576","-62.249753","0","8.27062663","1","0",True,NULL
927,"RUA SIRLEY LEMES","141.0","ESCOLA","BOA ESPERANCA",304287,"1399842","RUA  SIRLEY LENES","146",NULL,"JARDIM AEROPORTO","100.0","96.58","34.48","89.32","-10.7368379","-62.2438406","110015505000022","-10.736662","-62.243826","110015505000022","-10.736662","-62.243826","0","19.62414291","1","0",True,NULL
928,"AV. TANCREDO NEVES","233.0","ESCOLA","BOA ESPERANCA",574222,"1598677","AVENIDA  TANCREDO NEVES","144",NULL,"BOA ESPERANCA","100.0","61.8","100.0","82.36","-10.7374693","-62.2434791","110015505000022","-12.29519","-61.047475","110092405000017","-12.29519","-61.047475","0","216753.61335889","1","216105.51484241",False,False
929,"RUA MARIO ANDREAZZA","426.0",NULL,"JARDIM AEROPORTO",351082,"1475908","RUA  MARIO ANDREAZZA","7639",NULL,"JUSCELINO KUBITSCHEK","100.0","5.58","22.22","71.12","-10.728076","-62.25095611","110015505000025","-8.773964","-63.839921","110020505090036","-8.773964","-63.839921","0","278447.11527586","1","277354.81315252",False,False
930,"LINHA 08/31 GLEBA 08 A LOTE 15","0.0","ESCOLA","ZONA RURAL",870280,"215231582","RUA  TRINTA E OITO","0","BARRACAO COLISEU","RESIDENCIAL ZONA SUL","100.0","100.0","57.14","90.0","-10.8070615","-62.2034347","110015505000042","-9.943398","-63.016236","110002305000130","-9.943398","-63.016236","0","130866.71980274","1","123947.68250503",False,NULL
931,"LINHA 115 GLEBA 17 LOTE 59",NULL,"ZONA RURAL","ZONA RURAL",296530,"100853420","RUA  116 17","2579",NULL,"RESIDENCIAL UNIAO","100.0",NULL,"44.44","100.0","-10.6734778","-62.2034353","110015505000052","-12.711859","-60.158281","110030405000106","-12.711859","-60.158266","1.62704369","317741.17188573","1","301207.13544137",False,False
932,"RUA MAIRA",NULL,"PREDIO ESCOLAR","ALVORADA",537287,"1403948","RUA  MAYRA","182","CASA 1","ALVORADA","100.0",NULL,"100.0","100.0","-10.7166035","-62.2482864","110015505000060","-10.71599","-62.247599","110015505000034","-10.715941","-62.247613","5.65918892","101.4598422","1","0",False,NULL
933,"RUA ALTO ALEGRE","494.0","COOAB","NOVO HORIZONTE",304660,"92000605","RUA  ALTO ALEGRE","493",NULL,"NOVO HORIZONTE","100.0","99.8","100.0","89.96","-10.7125621","-62.2717928","110015505000062","-10.713484","-62.271437","110015505000054","-10.713484","-62.271437","0","109.63399531","1","0",False,NULL
934,"RUA. JUSCELINO KUBITSCHEK","1421.0","ESCOLA","JARDIM NOVO ESTADO",519307,"1402756","RUA  JUSCELINO KUBITSCHECK","1456",NULL,"JARDIM NOVO ESTADO","100.0","97.6","100.0","89.52","-10.7100474537686","-62.2598274228317","110015505000068","-10.70939","-62.259922","110015505000031","-10.70939","-62.259922","0","73.83231024","1","0",False,NULL
935,"RUA DEZ SETOR 33","35.0","ORGULHO DO MADEIRA","SOCIALISTA",163394,"218166510","ESTRADA  DA CHACARA SETOR 4 E 3","35",NULL,"CENTRO","98.6","100.0","25.0","89.02","-8.760745","-63.81298167","110020505000115","-13.208461","-60.804816","110005605000017","-13.208461","-60.804816","0","593595.76754017","1","591485.86502964",False,False
936,"RUA URUPA",NULL,"ESCOLA","SETOR INDUSTRIAL",65092,"215047396","RUA  URUPA","4100",NULL,"INDUSTRIAL","100.0",NULL,"100.0","100.0","-10.7114899","-62.2461769","110015505000082","-11.717265","-61.791917","110028805000050","-11.7173005","-61.79196","6.12380338","122320.9097301","1","121556.99564179",False,NULL
937,"RUA BURAREIRO",NULL,"ESCOLA","SETOR INDUSTRIAL",84673,"1404200","RUA  BURAREIRO","0",NULL,"INDUSTRIAL","100.0",NULL,"100.0","100.0","-10.7122152","-62.2478372","110015505000082","-10.711732","-62.247727","110015505000035","-10.711846","-62.2476975","13.0795787","55.0619715","1","0",False,NULL
938,"RUA OSWALDO RIBEIRO",NULL,"QUADRA 536 LOTE 231","SOCIALISTA",654914,"180337171","RUA  OSWALDO RIBEIRO","0",NULL,"SOCIALISTA","100.0",NULL,"100.0","100.0","-8.761733208000004","-63.81309177","110020505000116","-8.763797","-63.82612","110020505000179","-8.763752","-63.82612","5.00377859","1450.03974894","1","1214.47461109",False,False
939,"RUA RAPOSO TAVARES","698.0","PROXIMO ATACAREJO","CTG",524645,"1415965","RUA  RAPOSO TAVARES","698",NULL,"CTG","100.0","100.0","100.0","90.0","-11.6895017","-61.1727867","110018905000019","-11.689603","-61.173433","110018905000019","-11.689432","-61.17314450000001","36.72074388","71.27062653","1","0",True,NULL
940,"AVENIDA CRISTOVAO COLOMBO","275.0",NULL,"CTG",524332,"1415964","RUA  CRISTOVAO COLOMBO","275",NULL,"CTG","100.0","100.0","100.0","90.0","-11.6900332","-61.1732813","110018905000019","-11.690085","-61.173435","110018905000019","-11.690085","-61.173435","0","17.69961895","1","0",True,NULL
941,"AVENIDA BELEM","1205.0",NULL,"NOVA PIMENTA",708405,"92001832","AVENIDA  BELEM","1206",NULL,"NOVA PIMENTA","100.0","99.92","100.0","89.98","-11.6854976","-61.1570827","110018905000011","-11.685533","-61.157326","110018905000011","-11.685533","-61.157326","0","26.78387737","1","0",True,NULL
942,"RUA 21 ABRIL","808.0","PROXIMO AO POSTO","APEDIA",754516,"1415531","RUA  VINTE E UM DE ABRIL","808",NULL,"APEDIA","100.0","100.0","100.0","90.0","-11.68077","-61.1777133","110018905000017","-11.680313","-61.178124","110018905000017","-11.680313","-61.178124","0","67.6930471","1","0",True,NULL
943,"RUA DOS EXTENSIONISTAS","3490.0","RONDOMINAS","CENTRO",807452,"1408209","RUA  DOS EXTENCIONISTAS","2393",NULL,"RONDOMINAS","100.0","68.57","25.0","83.71","-10.5121522","-61.998686","110015525000009","-10.513209","-61.999443","110015525000009","-10.513209","-61.999443","0","143.7300791","1","0",True,NULL
944,"RUA BARROCAS","3314.0","CENTRO","DISTRITO DE RONDOMINAS",807432,"1408125","RUA  BARROCAS","3354",NULL,"RONDOMINAS","100.0","98.81","100.0","89.76","-10.5109447","-61.9980197","110015525000009","-10.510769","-61.998193","110015525000009","-10.510769","-61.998193","0","27.21531179","1","0",True,NULL
945,"AV TURIBIO ODILON RIBEIRO","781.0","PREDIO","ALVORADA",313335,"1415227","AVENIDA  TURIBIO ODILON RIBEIRO","774","CASA 1","ALVORADA","100.0","99.1","100.0","89.82","-11.6775267","-61.1802867","110018905000001","-11.678006","-61.180021","110018905000016","-11.678006","-61.180021","0","60.64289857","1","5.6111956",False,True
946,"AVENIDA COSTA E SILVA","321.0",NULL,"ALVORADA",964202,"1409663","AVENIDA  COSTA E SILVA","322",NULL,"ALVORADA","100.0","99.69","100.0","89.94","-11.6764934","-61.1837965","110018905000001","-11.676","-61.183428","110018905000001","-11.676","-61.183428","0","67.97230751","1","0",True,NULL
947,"RUA FLORIANO PEIXOTO","310.0",NULL,"PIONEIROS",428600,"1410358","RUA  FLORIANO PEIXOTO","310",NULL,"PIONEIROS","100.0","100.0","100.0","90.0","-11.6702794","-61.1875958","110018905000003","-11.670141","-61.187861","110018905000003","-11.670141","-61.187861","0","32.72384555","1","0",True,NULL
948,"RUA FERNAO DIAS","275.0",NULL,"PIONEIROS",88097,"1418046","RUA  FERNAO DIAS","262",NULL,"PIONEIROS","100.0","95.27","100.0","89.05","-11.67084485","-61.19427382","110018905000025","-11.66958","-61.192191","110018905000025","-11.66958","-61.192191","0","266.87938872","1","0",True,NULL
949,"RUA PRINCESA ISABEL","355.0",NULL,"JARDIM DAS OLIVEIRAS",421133,"1418751","RUA PRINCESA ISABEL","354",NULL,"JARDIM DAS OLIVEIRAS","100.0","99.72","100.0","89.94","-11.6750216","-61.193732","110018905000027","-11.674633","-61.193517","110018905000027","-11.674633","-61.193517","0","49.14547311","1","0",True,NULL
950,"AVENIDA DOS BANDEIRANTES","1152.0",NULL,"PIONEIROS",504302,"1419415","AVENIDA  DOS BANDEIRANTES","1153",NULL,"PIONEIROS","100.0","99.91","100.0","89.98","-11.6777217","-61.191075","110018905000028","-11.678739","-61.190201","110018905000028","-11.678739","-61.190201","0","147.82999326","1","0",True,NULL
951,"RUA RIACHUELO,","835.0",NULL,"BNH I",540368,"1416456","AVENIDA  RIACHUELO","916",NULL,"BNH","100.0","91.16","100.0","88.23","-11.6851322","-61.1783503","110018905000031","-11.686018","-61.178277","110018905000020","-11.686018","-61.178277","0","98.81946958","1","11.49429139",False,True
952,"RO 010 KM 32 CX. POSTAL 014","14.0",NULL,"RURAL",512112,"110626771","TRAVESSAO  DO KM 14","14",NULL,"05 NORTE","100.0","100.0","15.38","90.0","-11.7239411","-61.4760069","110018905000035","-11.59165","-62.251826","110014805000019","-11.59165","-62.251826","0","85758.71704876","1","77810.30582097",False,False
953,"RO 010, KM 32 SETOR ABAITARA, ZONA RURAL",NULL,"SETOR ABAITARA","ZONA RURAL",410207,"92300814","TRAVESSAO  ZONA RURAL KM 13","12","CASA 1","RO 135","100.0",NULL,"25.0","100.0","-11.723628","-61.4767069","110018905000035","-11.834605","-62.016228","110028805000075","-11.835604","-62.016228","111.08388466","60011.19982808","1","52508.70772083",False,False
954,"RUA TUPA","35.0",NULL,"BELA VISTA",680853,"1410894","RUA  TUPA","35",NULL,"BELA VISTA","100.0","100.0","100.0","90.0","-11.655336","-61.1952115","110018905000043","-11.655311","-61.195017","110018905000004","-11.655311","-61.195017","0","21.36313675","1","0",False,NULL
955,"RODOVIA BR 364 KM 155",NULL,"CAIXA POSTAL 052","ZONA RURAL",332946,"98781226","LINHA  155","155","CASA 11 LD DIR","ZONA RURAL","100.0",NULL,"100.0","100.0","-11.9637633","-60.9566822","110018905000040","-12.907402","-61.366647","110007205000022","-12.904425","-61.366783","331.35578372","113980.496701","1","111328.64458607",False,False
956,"RUA PADRE FEIJO","1522.0",NULL,"VILA NOVA",433227,"1411501","AVENIDA PADRE FEIJO","1537","FUNDOS","VILA NOVA","100.0","99.02","100.0","89.8","-11.6855899","-61.1650636","110018905000050","-11.685227","-61.165285","110018905000007","-11.6852225","-61.1652795","0.78042102","47.00588032","1","4.57649873",False,NULL
957,"AV CURITIBA","1316.0","ZONA URBANA","VILA NOVA",432290,"1411517","AVENIDA  CURITIBA","1028",NULL,"VILA NOVA","100.0","78.12","100.0","85.62","-11.6871879","-61.1642089","110018905000050","-11.684869","-61.165103","110018905000007","-11.684869","-61.165103","0","275.61838327","1","15.37928212",False,NULL
958,"AV DOS IMIGRANTES","1845.0",NULL,"CTG",524422,"1416029","AVENIDA  DOS IMIGRANTES","1774",NULL,"CTG","100.0","96.15","100.0","89.23","-11.691843","-61.170365","110018905000050","-11.6916","-61.170928","110018905000019","-11.6916","-61.170928","0","66.99460326","1","28.3670035",False,True
959,"AVENIDA ODEGAR MAXIMIANO RAMOS VIEIRA ESQUINA C/ PADRE FEIJO","1706.0",NULL,"VILA NOVA",741302,"215032661","AVENIDA  MAXIMILIANO RAMOS","1706",NULL,"SETOR INDUSTRIAL","95.54","100.0","24.0","86.87","-11.6899405326803","-61.1688223109219","110018905000050","-11.689625","-61.16862","110018905000012","-11.689625","-61.16862","0","41.42823952","1","0",False,NULL
960,"RUA PARA","1202.0","ESQ/ COM AV. SAO LUI","NOVA PIMENTA",506117,"1413722","RUA  PARA","1202",NULL,"NOVA PIMENTA","100.0","100.0","100.0","90.0","-11.686895","-61.1615983","110018905000052","-11.686638","-61.161509","110018905000012","-11.686638","-61.161509","0","30.18619542","1","0",False,NULL
961,"AVENIDA ANTONIO RICARDO DE LIMA","541.0","ESCOLA","SERINGAL",846391,"1414835","AVENIDA  ANTONIO RICARDO DE LIMA","541",NULL,"SERINGAL","100.0","100.0","100.0","90.0","-11.679574","-61.1711921","110018905000053","-11.679562","-61.171388","110018905000015","-11.679562","-61.171388","0","21.37378943","1","0",False,NULL
962,"AV. PIMENTA BUENO","263.0",NULL,"JARDIM DAS OLIVEIRAS",784202,"1270509","AVENIDA  PIMENTA BUENO","265",NULL,"TAMANDARE","100.0","99.25","27.59","89.85","-11.668568","-61.1990401","110018905000061","-10.784102","-65.342021","110010605000027","-10.784102","-65.342021","0","462434.71798975","1","462519.55567653",False,False
963,"ESTRADA DO AEROPORTO","337.0","AEROPORTO","BELA VISTA",899314,"1410745","ESTRADA  DO AEROPORTO","314",NULL,"BELA VISTA","100.0","93.18","100.0","88.64","-11.6552497","-61.1893782","110018905000062","-11.655795","-61.189303","110018905000004","-11.655795","-61.189303","0","61.18521967","1","0",False,NULL
964,"RUA ESPORTES",NULL,"SETOR URUCUMACUA",NULL,546908,"1174495","RUA  DOS ESPORTES","1196",NULL,"INCRA","100.0",NULL,"0.0","100.0","-12.2283222","-60.6841427","110018915000026","-11.443957","-61.43716","110004905000103","-11.443957","-61.437185","2.72461094","119678.03353028","1","118619.09491002",False,False
965,"FAZENDA DIMBA",NULL,NULL,NULL,480015,"110628990","FAZENDA ADMINISTRADOR FAZENDA","63","CASA","PROJETO DE ASSENTAMENTO JOANA DARC","100.0",NULL,"0.0","100.0","-11.8807451","-60.8474091","110018915000003","-9.014157","-64.345292","110020520000007","-9.01398","-64.34583","62.2759778","497867.88011344","1","479833.46628257",False,False
966,"ESTRADA DO CALCARIO - KM 100",NULL,NULL,NULL,111522,"1238536","ESTRADA  DO CALCARIO","7","CASA 7","ESPIGAO DO OESTE","100.0",NULL,"0.0","100.0","-11.69243272","-60.64710752","110018915000004","-11.573688","-60.955584","110009805000023","-11.573777","-60.954534","114.80822029","36097.98763906","1","17126.08866031",False,False
967,"LINHA 108 SETOR CALCARIO",NULL,NULL,NULL,478529,"1563005","RUA  CALCARIO","4415",NULL,"FLODOALDO PONTES PINTO","100.0",NULL,"0.0","100.0","-11.6931574","-60.5480736","110018915000006","-8.745651","-63.876779","110020505070038","-8.745659","-63.876738","4.59295907","489973.07886768","1","485738.79634235",False,False
968,"AVENIDA PRIMO FAVALECA","131.0","SETOR ITAPORANGA","ITAPORANGA",447109,"92003996","RUA  FAVALESSA","132","QUITINETE","ITAPORANGA","100.0","99.24","100.0","89.85","-11.6284017","-61.1976642","110018920000001","-11.632713","-61.200433","110018920000001","-11.632687","-61.200395","5.04841658","566.35294581","1","0",True,NULL
969,"RUA MARIA RIGO FERREIRA","140.0","ROD. 387KM 01","DISTRITO ITAPORANGA",577069,"92580593","RUA  ANA FERREIRA MAIA","1182",NULL,"SUMAUMA","100.0","11.84","23.08","72.37","-11.629586","-61.1985628","110018920000001","-11.134794","-62.36826","110170805000005","-11.134794","-62.36826","0","138869.75915263","1","137933.17075518",False,NULL
970,"RUA RAIMUNDO CANTUARIA","9589.0","ENTRE","JARDIM SANTANA",421541,"92006229","AVENIDA  RAIMUNDO CANTUARIA","9588",NULL,"JARDIM SANTANA","100.0","99.99","100.0","90.0","-8.7540217","-63.8250817","110020505000007","-8.754272","-63.825028","110020505000006","-8.754272","-63.825007","2.30789318","28.45094777","1","8.87056234",False,True
971,"RUA TURMALINA","10015.0","ZONA LESTE","JARDIM SANTANA",855522,"92007709","RUA  TURMALINA","10008",NULL,"JARDIM SANTANA","100.0","99.93","100.0","89.99","-8.7526983","-63.8166564","110020505000009","-8.753364","-63.816538","110020505000009","-8.753364","-63.816538","0","75.15754456","1","0",True,NULL
972,"RUA 13 DE MAIO","2170.0",NULL,"MOCAMBO",936304,"1340855","RUA  TREZE DE MAIO","2170",NULL,"MOCAMBO","100.0","100.0","100.0","90.0","-8.76738832","-63.90276734","110020505060024","-8.767491","-63.902776","110020505060024","-8.767491","-63.902776","0","11.45710612","1","0",True,NULL
973,"RUA ESCORPIAO","11511.0",NULL,"ULISSES GUIMARAES",271342,"1427756","RUA  ESCORPIAO","11516",NULL,"ULISSES GUIMARAES","100.0","99.96","100.0","89.99","-8.775279687","-63.80330074","110020505000018","-8.775318","-63.803559","110020505000018","-8.775318","-63.803559","0","28.69904867","1","0",True,NULL
974,"RUA ORION","102.0",NULL,"ULISSES GUIMARAES",53426,"1429168","RUA  ORION","2458","FRENTE","ULISSES GUIMARAES","100.0","4.15","100.0","70.83","-8.773481200000004","-63.8029877","110020505000018","-8.777883","-63.80262","110020505000024","-8.777883","-63.80262","0","491.12362399","1","6.92149554",False,True
975,"RUA ORION","2701.0","ZONA LESTE","ULISSES GUIMARAES",343189,"1428764","RUA  ORION","2708",NULL,"ULISSES GUIMARAES","100.0","99.74","100.0","89.95","-8.775641","-63.802998","110020505000018","-8.775492","-63.802579","110020505000022","-8.775492","-63.802579","0","48.93539447","1","10.17861687",False,True
976,"RUA RIO LAJE","11927.0","ZONA LESTE","RONALDO ARAGAO",370008,"92010433","RUA  RIO LAJE","11927",NULL,"RONALDO ARAGAO","100.0","100.0","100.0","90.0","-8.7835264","-63.7999749","110020505000025","-8.783817","-63.799921","110020505000025","-8.783817","-63.799921","0","32.85166838","1","0",True,NULL
977,"ALAMEDA ROQUETE PINTO","4483.0","ALPHAVILLE 1","NOVA ESPERANCA",867600,"108839335","ALAMEDA  ROQUETE PINTO","4482","BLOCO A","NOVA ESPERANCA","100.0","99.98","100.0","90.0","-8.723516667","-63.876745","110020505000036","-8.72392","-63.87684","110020505000036","-8.7239215","-63.876835","0.57429733","46.04804269","1","0",True,NULL
978,"ESTRADA SANTO ANTONIO","633.0",NULL,"TRIANGULO",658972,"97856590","ESTRADA SANTO ANTONIO","633",NULL,"TRIANGULO","100.0","100.0","100.0","90.0","-8.810249535000002","-63.93908087","110020505000043","-8.81036","-63.938902","110020505060106","-8.81036","-63.938902","0","23.17728865","1","0",False,True
979,"ESTRADA 28 DE NOVEMBRO, KM 42",NULL,"ALIANCA","ZONA RURAL",438648,"92013693","ESTRADA  28 DE NOVEMBRO","0",NULL,"ESTRADA DA PENAL","100.0",NULL,"38.46","100.0","-8.640371200000002","-63.6138749","110020505000047","-8.684377","-63.828608","110020505000093","-8.684135999999999","-63.8292475","75.22886508","24106.73708692","1","8366.64865856",False,NULL
980,"AREA RURAL",NULL,NULL,"AREA RURAL DE PORTO VELHO",61985,"100166781","RUA  RURAL","1332","CASA VERDE","TEIXEIRAO","100.0",NULL,"29.41","100.0","-8.560994000000004","-63.853535","110020505000063","-11.423637","-61.431678","110004905000096","-11.423649","-61.431728","5.6105921","414299.83773446","1","402680.79096719",False,NULL
981,"RODOVIA BR-364",NULL,"REASSENT. SANTA RITA","ZONA RURAL",1509,"180194914","RODOVIA  BR 364","521","BARRACAO 1","PROJETO DE ASSENTAMENTO DIRIGIDO BURAREIRO","100.0",NULL,"19.23","100.0","-9.1119536","-64.1679947","110020505000090","-9.863406","-63.057612","110002305000084","-9.8633685","-63.057612","4.16981549","147689.11181054","1","142600.86927456",False,False
982,"RUA 06","38.0","ZONA RURAL","VILA NOVA DE TEOTONIO",291872,"99705914","RUA  SEIS","0",NULL,"NOVA TEOTONIO","100.0","0.0","100.0","70.0","-8.871868490000002","-64.05470945","110020505000091","-8.871956","-64.054674","110020505000091","-8.871768","-64.054486","29.38735308","10.48116769","1","0",True,NULL
983,"AREA RURAL",NULL,"CUJUBIM GRANDE","AREA RURAL DE PORTO VELHO",61985,"100166781","RUA  RURAL","1332","CASA VERDE","TEIXEIRAO","100.0",NULL,"29.41","100.0","-8.585968236379404","-63.7301647683912","110020505000092","-11.423637","-61.431678","110004905000096","-11.423649","-61.431728","5.6105921","403605.74194915","1","401404.2639023",False,NULL
984,"AREA RURAL",NULL,"CUJUBIM GRANDE","AREA RURAL DE PORTO VELHO",61985,"100166781","RUA  RURAL","1332","CASA VERDE","TEIXEIRAO","100.0",NULL,"29.41","100.0","-8.58491613","-63.72936353","110020505000092","-11.423637","-61.431678","110004905000096","-11.423649","-61.431728","5.6105921","403642.76627271","1","401404.2639023",False,NULL
985,"RAMAL DO JACU, POSTE 63",NULL,"BAIXO-MADEIRA","AREA RURAL DE PORTO VELHO",451039,"180303494","RAMAL  PACU","0","CASA SEM ENTREVIS","PROJETO DE ASSENTAMENTO ALIANCA","100.0",NULL,"42.86","100.0","-8.763143","-63.903756","110020505060001","-8.67453","-63.814384","110020505000088","-8.674743","-63.814783","49.84573582","13913.20232307","1","13807.71390164",False,False
986,"RUA GONCALVES DIAS","131.0",NULL,"CENTRO",899966,"1334124","RUA  GONCALVES DIAS","131",NULL,"CENTRO","100.0","100.0","100.0","90.0","-8.763937800000004","-63.9033229","110020505060001","-8.763963","-63.903163","110020505060001","-8.763963","-63.903163","0","17.79451141","1","0",True,NULL
987,"AREA RURAL",NULL,"AGROVILA NOVA ALIANC","AREA RURAL DE PORTO VELHO",61985,"100166781","RUA  RURAL","1332","CASA VERDE","TEIXEIRAO","100.0",NULL,"29.41","100.0","-8.6100703","-63.5422957","110020505000096","-11.423637","-61.431678","110004905000096","-11.423649","-61.431728","5.6105921","388946.43473768","1","387507.23951317",False,NULL
988,"ALDEIA CENTRAL KARITIANA",NULL,"RAMAL MARIA CONGA",NULL,398252,"180212407","ALDEIA  LINHA 10 CENTRAL","0",NULL,"ALDEIA INDIGENA CENTRAL","100.0",NULL,"0.0","100.0","-9.295542184","-64.00373795","110020505000152","-11.108997","-61.335108","110004910000032","-11.108997","-61.335108","0","354886.70527568","1","352369.10488515",False,False
989,"LINHA 67, BR 364, SENT ACRE - ALDEIA BYJYTY AKOT PYTIM ADNA -",NULL,"TERRA IND KARITIANA","RURAL",1509,"180194914","RODOVIA  BR 364","521","BARRACAO 1","PROJETO DE ASSENTAMENTO DIRIGIDO BURAREIRO","100.0",NULL,"12.77","100.0","-9.3623171","-64.2210814","110020505000165","-9.863406","-63.057612","110002305000084","-9.8633685","-63.057612","4.16981549","139193.54575627","1","138755.58923404",False,False
990,"ALDEIA BOM SAMARITANO -TERRA INDIGENA KARITIANA",NULL,"ALDEIA","RURAL",581021,"110643949","ALDEIA  ALDEIA INDIGENA","0",NULL,"ALDEIA INDIGENA JAMARI","100.0",NULL,"14.81","100.0","-9.32021176","-64.06292827","110020505000166","-10.552564","-63.186472","110100515000013","-10.552564","-63.186472","0","167309.36928803","1","166419.76127971",False,False
991,"RODOVIA BR 364",NULL,"KM 32 LINHA 32",NULL,1509,"180194914","RODOVIA  BR 364","521","BARRACAO 1","PROJETO DE ASSENTAMENTO DIRIGIDO BURAREIRO","100.0",NULL,"0.0","100.0","-9.155448","-64.17686","110020505000169","-9.863406","-63.057612","110002305000084","-9.8633685","-63.057612","4.16981549","145818.71667156","1","116746.66380765",False,False
992,"RODOVIA BR-364",NULL,"KM - 5,5","CIDADE JARDIM",426299,"1430479","RODOVIA  BR 364","0",NULL,"CIDADE JARDIM","100.0",NULL,"100.0","100.0","-8.7966847","-63.8405209","110020505000171","-8.8","-63.807943","110020505000031","-8.800012","-63.8115425","395.53738243","3598.80644092","1","3226.43357353",False,NULL
993,"AVENIDA AMAZONAS",NULL,NULL,"JARDIM SANTANA",58117,"1424693","AVENIDA  AMAZONAS","10120",NULL,"JARDIM SANTANA","100.0",NULL,"100.0","100.0","-8.75100743","-63.81986673","110020505000173","-8.751057","-63.821698","110020505000007","-8.7502125","-63.818045","412.30342114","201.33319564","1","5.81946145",False,True
994,"RUA ALTO DA BRONZE","9422.0",NULL,"SOCIALISTA",654719,"97291349","RUA  ALTO DO BRONZE","9421",NULL,"SOCIALISTA","100.0","99.99","100.0","90.0","-8.760343410000004","-63.82682948","110020505000179","-8.759866","-63.826241","110020505000179","-8.759866","-63.826241","0","83.66988512","1","0",True,NULL
995,"RUA OSVALDO RIBEIRO","2186.0",NULL,"SOCIALISTA",654913,"180337169","RUA  OSWALDO RIBEIRO","8791",NULL,"SOCIALISTA","100.0","24.87","100.0","74.97","-8.76499617","-63.82728665","110020505000179","-8.763682","-63.826098","110020505000179","-8.763682","-63.826098","0","196.00411924","1","0",True,NULL
996,"RUA MANE GARRINCHA","3154.0",NULL,"SOCIALISTA",654693,"180337140","RUA  MANE GARRINCHA","3154",NULL,"SOCIALISTA","100.0","100.0","100.0","90.0","-8.762128677","-63.82732831","110020505000179","-8.762677","-63.827366","110020505000179","-8.762646","-63.8273545","3.67142637","61.11135126","1","0",True,NULL
997,"ESTRADA TREZE DE SETEMBRO",NULL,"KM 11","AEROCLUBE",387749,"218690161","ESTRADA  TREZE DE SETEMBRO","1601","CASA 10 F","AEROCLUBE","100.0",NULL,"100.0","100.0","-8.86277938","-63.89081909","110020505000189","-8.800779","-63.859863","110020505080112","-8.8010155","-63.8598825","26.38479032","7687.5434894","1","2381.31604448",False,NULL
998,"RODOVIA BR-364",NULL,"CAIXA POSTAL 313","ZONA RURAL",1509,"180194914","RODOVIA  BR 364","521","BARRACAO 1","PROJETO DE ASSENTAMENTO DIRIGIDO BURAREIRO","100.0",NULL,"19.23","100.0","-8.7930722","-63.7372782","110020505000193","-9.863406","-63.057612","110002305000084","-9.8633685","-63.057612","4.16981549","140449.97178994","1","138201.32379002",False,False
999,"BR 364 -FLONA BOM FUTURO LINHA CARACOL KM 90",NULL,"RIO PARDO","ZONA RURAL",1509,"180194914","RODOVIA  BR 364","521","BARRACAO 1","PROJETO DE ASSENTAMENTO DIRIGIDO BURAREIRO","100.0",NULL,"19.23","100.0","-9.6264249","-63.9668782","110020505000204","-9.863406","-63.057612","110002305000084","-9.8633685","-63.057612","4.16981549","103072.30993516","1","102152.56699088",False,False
1000,"AREA RURAL",NULL,"AVENIDA TIRADENTES","AREA RURAL DE PORTO VELHO",61985,"100166781","RUA  RURAL","1332","CASA VERDE","TEIXEIRAO","100.0",NULL,"29.41","100.0","-9.644033333","-63.96163333","110020505000205","-11.423637","-61.431678","110004905000096","-11.423649","-61.431728","5.6105921","340067.18558703","1","339679.32585813",False,NULL
1001,"RUA DUQUE DE CAXIAS","2622.0",NULL,"SAO CRISTOVAO",652699,"1339542","RUA DUQUE DE CAXIAS","2622",NULL,"SAO CRISTOVAO","100.0","100.0","100.0","90.0","-8.7574963","-63.8890166","110020505060018","-8.757273","-63.889204","110020505060018","-8.757273","-63.889204","0","32.25952795","1","0",True,NULL
1002,"AREA RURAL",NULL,NULL,"AREA RURAL DE PORTO VELHO",61985,"100166781","RUA  RURAL","1332","CASA VERDE","TEIXEIRAO","100.0",NULL,"29.41","100.0","-8.809553","-64.028956","110020505000211","-11.423637","-61.431678","110004905000096","-11.423649","-61.431728","5.6105921","406583.0631537","1","399287.13263026",False,NULL
1003,"AREA RURAL",NULL,"AGROVILA NOVOENGENHO","AREA RURAL DE PORTO VELHO",61985,"100166781","RUA  RURAL","1332","CASA VERDE","TEIXEIRAO","100.0",NULL,"29.41","100.0","-8.77184104","-63.93115518","110020505000211","-11.423637","-61.431678","110004905000096","-11.423649","-61.431728","5.6105921","402245.81180447","1","399287.13263026",False,NULL
1004,"ESTRADA DO JATUARANA KM 25 BR 319",NULL,"VILA FRANCISCANA","AREA RURAL DE PORTO VELHO",871905,"99604815","RODOVIA  BR 319","45",NULL,"VILA ESTRELA DE RONDONIA","100.0",NULL,"53.06","100.0","-8.709294","-63.987441","110020505000211","-8.668079","-63.994477","110020505000099","-8.668079","-63.994477","0","4647.70396043","1","51.27719444",False,True
1005,"AREA RURAL",NULL,"PROJETO ASSENTAMENTO","AREA RURAL DE PORTO VELHO",61985,"100166781","RUA  RURAL","1332","CASA VERDE","TEIXEIRAO","100.0",NULL,"29.41","100.0","-8.709324000000002","-63.987365","110020505000211","-11.423637","-61.431678","110004905000096","-11.423649","-61.431728","5.6105921","411544.27967822","1","399287.13263026",False,NULL
1006,"RUA JOSE CAMACHO","1375.0",NULL,"SAO JOAO BOSCO",759572,"1344412","RUA  JOSE CAMACHO","1375",NULL,"SAO JOAO BOSCO","100.0","100.0","100.0","90.0","-8.706706000000002","-63.844458","110020505000213","-8.751167","-63.903217","110020505060103","-8.751157500000001","-63.9031975","2.38926665","8133.12978804","1","8071.57373533",False,False
1007,"CAIXA POSTAL COMUNITARIA BR-364, KM 13 SENTIDO CUIABA",NULL,NULL,"ZONA RURAL",665165,"102727427","RUA  COMUNITARIA","11",NULL,"CIDADE JARDIM","100.0",NULL,"26.09","100.0","-8.818270583","-63.78553446","110020505000233","-8.786234","-63.825796","110020505000069","-8.7862465","-63.825762999999995","3.8836246","5680.07299131","1","1567.4391202",False,NULL
1008,"AREA RURAL",NULL,NULL,"AREA RURAL DE PORTO VELHO",61985,"100166781","RUA  RURAL","1332","CASA VERDE","TEIXEIRAO","100.0",NULL,"29.41","100.0","-8.801038800000002","-63.7704426","110020505000233","-11.423637","-61.431678","110004905000096","-11.423649","-61.431728","5.6105921","388040.26449681","1","338488.23403513",False,NULL
1009,"AV. ORESTE FLORIANO BONATO","1.0","QUADRA 03","DISTRITO INDUSTRIAL",388936,"100134306","RUA  ORESTES MATANA","0",NULL,"DISTRITO INDUSTRIAL","100.0","0.0","100.0","70.0","-8.803427900000004","-63.7366122","110020505000233","-10.842747","-61.992528","110012205000193","-10.842725999999999","-61.9925375","2.55520471","296533.91408764","1","250255.0524463",False,NULL
1010,"RUA COTIA",NULL,NULL,"RONALDO ARAGAO",749058,"215039533","RUA  COTIA","1871","FRENTE 1871","RONALDO ARAGAO","100.0",NULL,"100.0","100.0","-8.78238666666667","-63.7958183333333","110020505000244","-8.783213","-63.795936","110020505000027","-8.783213","-63.795931","0.54945556","92.7895744","1","2.29706512",False,True
1011,"RUA CUTIA","1996.0",NULL,"RONALDO ARAGAO",749042,"1430062","RUA  COTIA","1993",NULL,"RONALDO ARAGAO","100.0","99.85","100.0","89.97","-8.78176060505211","-63.7957991939038","110020505000245","-8.781965","-63.79596","110020505000027","-8.781965","-63.79596","0","28.78925352","1","22.10995437",False,True
1012,"RUA LINHA PROGRESSO","14195.0","ZONA RURAL","RONALDO ARAGAO",645988,"110628796","LINHA  PROGRESSO","14755",NULL,"RONALDO ARAGAO","100.0","96.2","100.0","89.24","-8.77251528","-63.78159607","110020505000247","-8.771194","-63.77647","110020505000163","-8.771194","-63.77647","0","582.17050766","1","0",False,NULL
1013,"KM 32 -SENTIDO ACRE",NULL,"ALDEIA JUARI",NULL,25225,"180249956","RUA  ACRE","3540",NULL,"LIBERDADE","100.0",NULL,"0.0","100.0","-8.7606389","-63.9026389","110020505060002","-11.539453","-61.011791","110009805000033","-11.539496","-61.011658","15.25851589","442236.16201721","1","440983.91375286",False,NULL
1014,"RUA FRANCISCO FONTINELE","200.0",NULL,"VILA PRINCESA",242523,"105459874","RUA  FRANCISCO FONTENELE","201",NULL,"VILA PRINCESA","100.0","99.5","100.0","89.9","-8.761862000000002","-63.90215","110020505060002","-8.849976","-63.94079","110020505000049","-8.849976","-63.94079","0","10678.280271","1","10305.0381993",False,False
1015,"RUA GASPAR ALEIXO","11.0",NULL,"SAO JORGE",288746,"97540419","RUA  GASPAR DE ALEIXO SILVA","54",NULL,"PLANALTO","100.0","20.37","23.53","74.07","-8.761815","-63.902241","110020505060002","-8.739332","-63.828097","110020505000081","-8.739332","-63.828097","0","8523.3655957","1","8483.8054876",False,False
1016,"AVENIDA CARLOS GOMES","1135.0",NULL,"CENTRO",439844,"92239324","AVENIDA  CARLOS GOMES","1135",NULL,"CENTRO","100.0","100.0","100.0","90.0","-8.7607343","-63.9019859","110020505060003","-8.761064","-63.901891","110020505060003","-8.761064","-63.901891","0","38.11561865","1","0",True,NULL
1017,"RUA IDALINO KRUGER","82.0","NOVA MUTUM PARANA","CENTRO",502668,"99650013","AVENIDA  IDALINO KRIGUER","0",NULL,"NOVA MUTUM","100.0","0.0","25.0","70.0","-8.761534","-63.901745","110020505060003","-9.296965","-64.55349","110020520000021","-9.296784500000001","-64.552311","130.92451713","93098.4105907","1","92901.05212378",False,False
1018,"AREA RURAL",NULL,"EST. DOS PERIQUITOS","AREA RURAL DE PORTO VELHO",61985,"100166781","RUA  RURAL","1332","CASA VERDE","TEIXEIRAO","100.0",NULL,"29.41","100.0","-8.761158","-63.900436","110020505060003","-11.423637","-61.431678","110004905000096","-11.423649","-61.431728","5.6105921","400845.72464307","1","399730.28544563",False,NULL
1019,"MEDIO MADEIRA",NULL,"RAMAL N S DO ROSARIO","AREA RURAL DE PORTO VELHO",829672,"1400112","RUA  MADEIRA","330",NULL,"JARDIM AEROPORTO","100.0",NULL,"43.9","100.0","-8.761158","-63.900436","110020505060003","-10.734851","-62.245832","110015505000023","-10.734768","-62.245832","9.22919162","284676.84557235","1","283743.41867109",False,False
1020,"AREA RURAL",NULL,NULL,"AREA RURAL DE PORTO VELHO",61985,"100166781","RUA  RURAL","1332","CASA VERDE","TEIXEIRAO","100.0",NULL,"29.41","100.0","-8.761158","-63.900436","110020505060003","-11.423637","-61.431678","110004905000096","-11.423649","-61.431728","5.6105921","400845.72464307","1","399730.28544563",False,NULL
1021,"GLEBA RIO PRETO KM 17",NULL,"LINHA ELETRONICA KM",NULL,604757,"97806514","LINHA  KM 17","0","CASA 1","BANDEIRA BRANCA","100.0",NULL,"0.0","100.0","-8.761158","-63.900436","110020505060003","-11.02825","-61.875336","110025425000002","-11.0283375","-61.8745755","83.57051122","335784.48399255","1","334780.02601453",False,False
1022,"LOCALIDADE BRASILEIRA",NULL,"BAIXO MADEIRA",NULL,255476,"1244573","RUA  BRASILEIA","2526",NULL,"MARIO ANDREAZZA","100.0",NULL,"0.0","100.0","-8.761158","-63.900436","110020505060003","-10.893855","-61.910791","110012205000079","-10.893855","-61.9107665","2.67518518","322106.29698008","1","321176.18746015",False,False
1023,"AREA RURAL",NULL,"ESTRADA DA PENAL","AREA RURAL DE PORTO VELHO",61985,"100166781","RUA  RURAL","1332","CASA VERDE","TEIXEIRAO","100.0",NULL,"29.41","100.0","-8.761158","-63.900436","110020505060003","-11.423637","-61.431678","110004905000096","-11.423649","-61.431728","5.6105921","400845.72464307","1","399730.28544563",False,NULL
1024,"RAMAL DO PIONEIRO KM 23",NULL,NULL,"DISTRITO DE NOVA CALIFORNIA",601459,"180391697","RAMAL  PIONEIRO","2",NULL,"NOVA CALIFORNIA","100.0",NULL,"100.0","100.0","-8.761158","-63.900436","110020505060003","-9.867565","-66.645241","110020535000009","-9.866309000000001","-66.6463125","182.43905726","325337.303516","1","325234.39806921",False,False
1025,"AGROVILA RIO VERDE - RIO JAMARI",NULL,"DIST. SAO CARLOS",NULL,40962,"1553356","RUA  RIO VERDE","5770",NULL,"CENTRO","100.0",NULL,"0.0","100.0","-8.761158","-63.900436","110020505060003","-11.732673","-61.770762","110028805000012","-11.7326335","-61.770720499999996","6.30122623","404309.79291868","1","402888.47148643",False,False
1026,"ALDEIA PEDREIRA",NULL,"TERRA IND. KAXARARI",NULL,535663,"1627354","ALDEIA  ALDEINHA CURRAL","0",NULL,"VILHENA","100.0",NULL,"0.0","100.0","-8.761158","-63.900436","110020505060003","-11.670905","-60.189408","110030405000114","-11.670935","-60.189388","3.9838754","519197.0984845","1","518318.12254385",False,NULL
1027,"ALDEIA MARMELINHO",NULL,"TERRA IND KAXARARI",NULL,447034,"92003899","RUA  JOSE MARCELINO ALMEIDA","35",NULL,"ITAPORANGA","100.0",NULL,"0.0","100.0","-8.761158","-63.900436","110020505060003","-11.630117","-61.19693","110018920000001","-11.6302115","-61.1974835","61.19184996","435072.67151725","1","433900.93518122",False,False
1028,"ALDEIA PAXIUBA",NULL,NULL,NULL,535663,"1627354","ALDEIA  ALDEINHA CURRAL","0",NULL,"VILHENA","100.0",NULL,"0.0","100.0","-8.761158","-63.900436","110020505060003","-11.670905","-60.189408","110030405000114","-11.670935","-60.189388","3.9838754","519197.0984845","1","518318.12254385",False,NULL
1029,"ALDEIA BARRRINHA",NULL,"TERRA IND. KAXARARI",NULL,535663,"1627354","ALDEIA  ALDEINHA CURRAL","0",NULL,"VILHENA","100.0",NULL,"0.0","100.0","-8.761158","-63.900436","110020505060003","-11.670905","-60.189408","110030405000114","-11.670935","-60.189388","3.9838754","519197.0984845","1","518318.12254385",False,NULL
1030,"KM 13",NULL,"VILA CODARON","ZONA RURAL",15190,"98972083","TRAVESSAO  KM 13","3","LADO ESQ","LINHA ZERO UM","100.0",NULL,"34.78","100.0","-8.761158","-63.900436","110020505060003","-13.089327","-60.469229","110006405000037","-13.090603","-60.4690755","142.85558929","609823.67817719","1","607955.5402076",False,False
1031,"ALDEIA NOVA",NULL,"TERRA IND. KAXARARI",NULL,551554,"180235155","ALDEIA  NOVA CRISTA JIKI","0",NULL,"ALDEIA INDIGENA NOVA CRISTA JIKI","100.0",NULL,"0.0","100.0","-8.761158","-63.900436","110020505060003","-11.16298","-60.733146","110009805000049","-11.16298","-60.733143999999996","0.21818264","437755.94020241","1","437021.75542668",False,False
1032,"ALDEIA BURITI",NULL,"TERRA IND. KAXARARI",NULL,535663,"1627354","ALDEIA  ALDEINHA CURRAL","0",NULL,"VILHENA","100.0",NULL,"0.0","100.0","-8.761158","-63.900436","110020505060003","-11.670905","-60.189408","110030405000114","-11.670935","-60.189388","3.9838754","519197.0984845","1","518318.12254385",False,NULL
1033,"LC 95 TB 20",NULL,NULL,NULL,196944,"110638342","LINHA  LC 95 TB 10","0","CHACARA 1","PROJETO DE ASSENTAMENTO DIRIGIDO MARECHAL DUTRA","100.0",NULL,"0.0","100.0","-9.722209","-63.31236","110040305000036","-9.530349","-63.432281","110040305000012","-9.530349","-63.432281","0","25059.42320429","1","24149.88072321",False,False
1034,"ALDEIA KAWAPU",NULL,"TERRA IND KAXARARI",NULL,208400,"180372071","ALDEIA  KAWARY","0",NULL,"ALDEIA INDIGENA PARQUE ARIPUANA","100.0",NULL,"0.0","100.0","-8.761158","-63.900436","110020505060003","-11.884047","-60.377074","110030405000060","-11.884076","-60.377074","3.22465731","518752.36128772","1","517682.92412167",False,False
1035,"ALDEIA TSHAKUBY",NULL,"TERRA IND. KAXARARI",NULL,535663,"1627354","ALDEIA  ALDEINHA CURRAL","0",NULL,"VILHENA","100.0",NULL,"0.0","100.0","-8.761158","-63.900436","110020505060003","-11.670905","-60.189408","110030405000114","-11.670935","-60.189388","3.9838754","519197.0984845","1","518318.12254385",False,NULL
1036,"ALDEIA INDIGENA CENTRAL",NULL,NULL,NULL,581021,"110643949","ALDEIA  ALDEIA INDIGENA","0",NULL,"ALDEIA INDIGENA JAMARI","100.0",NULL,"0.0","100.0","-8.761158","-63.900436","110020505060003","-10.552564","-63.186472","110100515000013","-10.552564","-63.186472","0","214017.80991497","1","212950.57721878",False,False
1037,"RUA MARECHAL DEODORO","1856.0",NULL,"CENTRO",815871,"1335453","RUA MARECHAL DEODORO","1856",NULL,"CENTRO","100.0","100.0","100.0","90.0","-8.765252","-63.8982436","110020505060005","-8.765364","-63.898465","110020505060005","-8.765364","-63.898465","0","27.33311408","1","0",True,NULL
1038,"RUA IRMA CAPELLI","41.0",NULL,"CENTRO",444885,"1335658","RUA IRMA CAPELLI","41",NULL,"CENTRO","100.0","100.0","100.0","90.0","-8.765575200000002","-63.9025366","110020505060006","-8.765469","-63.902206","110020505060006","-8.765469","-63.902206","0","38.2026882","1","0",True,NULL
1039,"RUA MAJOR AMARANTE","391.0","FRENTE A ASSEMBLEIA","CENTRO",101530,"1336127","RUA MAJOR AMARANTE","391",NULL,"CENTRO","100.0","100.0","100.0","90.0","-8.7614278","-63.9115921","110020505060007","-8.761076","-63.911349","110020505060007","-8.761076","-63.911349","0","47.37089834","1","0",True,NULL
1040,"RESERVA EXTRATIVISTA DO LAGO DO CUNIA",NULL,"BAIXO MADEIRA",NULL,942323,"1432108","RUA  DO EXTRATIVISTA","2",NULL,"INDUSTRIAL","100.0",NULL,"0.0","100.0","-8.76149","-63.90731","110020505060008","-8.730944","-63.889802","110020505000038","-8.730937999999998","-63.889948000000004","16.06022113","3903.72445275","1","3514.65842446",False,NULL
1041,"RUA JOSE BONIFACIO","351.0",NULL,"CAIARI",739329,"1336395","RUA  JOSE BONIFACIO","409",NULL,"CAIARI","100.0","85.82","100.0","87.16","-8.7623191","-63.904776","110020505060008","-8.76151","-63.904684","110020505060008","-8.76151","-63.904684","0","90.53426711","1","0",True,NULL
1042,"RUA JOSE DE ALENCAR","3622.0",NULL,"OLARIA",300317,"1336639","RUA  JOSE DE ALENCAR","3648",NULL,"OLARIA","100.0","99.29","100.0","89.86","-8.75691477","-63.90671462","110020505060009","-8.756924","-63.907058","110020505060009","-8.756924","-63.907058","0","37.75103591","1","0",True,NULL
1043,"RUA DUQUE DE CAXIAS","2454.0",NULL,"SAO CRISTOVAO",578902,"1339682","RUA  DUQUE DE CAXIAS","2454",NULL,"SAO CRISTOVAO","100.0","100.0","100.0","90.0","-8.757077000000002","-63.890191","110020505060019","-8.757605","-63.890566","110020505060019","-8.7575565","-63.890572500000005","5.44006582","71.73154026","1","0",True,NULL
1044,"RUA TABAJARA","539.0","AO LADO DO TJ","PANAIR",297145,"1342436","RUA  TABAJARA","469",NULL,"PANAIR","100.0","87.01","100.0","87.4","-8.751444","-63.910695","110020505060010","-8.751905","-63.911454","110020505060029","-8.751905","-63.911454","0","97.90633913","1","45.28783369",False,True
1045,"RUA MATRINCHA","915.0",NULL,"LAGOA",736834,"215074659","RUA  MATRINCHA","850",NULL,"LAGOA","100.0","92.9","100.0","88.58","-8.750924100000002","-63.9092231","110020505060010","-8.770012","-63.868695","110020505070054","-8.770012","-63.868695","0","4933.82220902","1","4388.3510947",False,NULL
1046,"RUA TABAJARA","865.0","PROXIMO AO SESC","OLARIA",709243,"1337289","RUA  TABAJARA","865",NULL,"OLARIA","100.0","100.0","100.0","90.0","-8.750906000000002","-63.907699","110020505060010","-8.751022","-63.907685","110020505060010","-8.751022","-63.907685","0","12.99007138","1","0",True,NULL
1047,"AVENIDA CALAMA","937.0",NULL,"OLARIA",709115,"1337194","AVENIDA  CALAMA","937",NULL,"OLARIA","100.0","100.0","100.0","90.0","-8.7527783","-63.9076933","110020505060010","-8.753119","-63.906547","110020505060010","-8.753119","-63.906547","0","131.55142991","1","0",True,NULL
1048,"AVENIDA CALAMA","937.0","937 B","OLARIA",709115,"1337194","AVENIDA  CALAMA","937",NULL,"OLARIA","100.0","100.0","100.0","90.0","-8.753046","-63.906939","110020505060010","-8.753119","-63.906547","110020505060010","-8.753119","-63.906547","0","43.83886211","1","0",True,NULL
1049,"RUA BENJAMIN CONSTANT","1531.0",NULL,"OLARIA",931353,"1337781","RUA  BENJAMIN CONSTANT","1531",NULL,"OLARIA","100.0","100.0","100.0","90.0","-8.7555528","-63.9001412","110020505060012","-8.756091","-63.899967","110020505060012","-8.756091","-63.899967","0","62.83276788","1","0",True,NULL
1050,"AVENIDA CAMPOS SALES","3174.0",NULL,"OLARIA",445917,"1338182","AVENIDA  CAMPOS SALES","3174",NULL,"OLARIA","100.0","100.0","100.0","90.0","-8.7572172","-63.9027595","110020505060013","-8.75724","-63.902922","110020505060013","-8.75724","-63.902922","0","18.03761292","1","0",True,NULL
1051,"RUA JOAO GOULART C/ BENJAMIM CONSTAT","2263.0",NULL,"SAO CRISTOVAO",932185,"1339828","RUA  JOAO GOULART","2230",NULL,"SAO CRISTOVAO","100.0","98.54","100.0","89.71","-8.7547769","-63.8932095","110020505060014","-8.758664","-63.892775","110020505060019","-8.758664","-63.892775","0","434.85609469","1","425.60308401",False,False
1052,"RUA HERBERT DE AZEVEDO","1649.0",NULL,"SAO CRISTOVAO",299846,"1336586","RUA  HERBERT DE AZEVEDO","997",NULL,"OLARIA","100.0","60.46","31.58","82.09","-8.7555356","-63.8992061","110020505060014","-8.756543","-63.906347","110020505060009","-8.756495000000001","-63.906323","5.95350832","792.7331714","1","751.26974632",False,False
1053,"AV FARQUAR","1913.0",NULL,"ARIGOLANDIA",655288,"109757415","AVENIDA  FARQUAR","1987","SALA 2","ARIGOLANDIA","100.0","96.28","100.0","89.26","-8.7598182","-63.9098175","110020505060028","-8.758648","-63.909882","110020505060028","-8.758671","-63.909882","2.55748683","130.31341381","1","0",True,NULL
1054,"AVENIDA FARQUAR","1969.0",NULL,"ARIGOLANDIA",655288,"109757415","AVENIDA  FARQUAR","1987","SALA 2","ARIGOLANDIA","100.0","99.09","100.0","89.82","-8.7591584","-63.9097013","110020505060028","-8.758648","-63.909882","110020505060028","-8.758671","-63.909882","2.55748683","60.12801272","1","0",True,NULL
1055,"RUA JOSE DE ALENCAR","5033.0",NULL,"PEDRINHAS",70317,"1342884","RUA  JOSE DE ALENCAR","5053","FRENTE","PEDRINHAS","100.0","99.6","100.0","89.92","-8.7431581","-63.9100622","110020505060031","-8.744086","-63.909828","110020505060031","-8.74401","-63.9098365","8.50230205","106.33997615","1","0",True,NULL
1056,"AVENIDA TIRADENTES","3009.0",NULL,"INDUSTRIAL",930134,"1570832","AVENIDA  TIRADENTES","3009",NULL,"INDUSTRIAL","100.0","100.0","100.0","90.0","-8.749180880000004","-63.91100709","110020505060031","-8.743952","-63.886347","110020505070060","-8.743952","-63.886347","0","2771.85794887","1","2520.49995713",False,False
1057,"RUA MARIO QUINTANA","4725.0",NULL,"RIO MADEIRA",704050,"1569502","RUA  MARIO QUINTANA","4725",NULL,"RIO MADEIRA","100.0","100.0","100.0","90.0","-8.748698","-63.9108801","110020505060031","-8.735794","-63.874422","110020505070055","-8.735794","-63.874422","0","4256.02821589","1","3994.13890205",False,False
1058,"LC- 110 TB -10",NULL,NULL,NULL,196898,"110638256","LINHA  LC 105 TB 10","48","LOTE A","PROJETO DE ASSENTAMENTO DIRIGIDO MARECHAL DUTRA","100.0",NULL,"0.0","100.0","-9.766467","-63.220378","110040305000020","-9.530549","-63.43836","110040305000012","-9.5306335","-63.438176","22.25793726","35484.75430869","1","28555.32706099",False,False
1059,"RUA PIO XII","875.0",NULL,"PEDRINHAS",353505,"1343503","RUA  PIO XII","885",NULL,"PEDRINHAS","100.0","98.87","100.0","89.77","-8.74996475","-63.90849547","110020505060032","-8.750002","-63.907963","110020505060032","-8.750002","-63.907963","0","58.66535895","1","0",True,NULL
1060,"RUA DINAMARCA","2294.0","CONJUNTO IPASE NOVO","PEDRINHAS",293280,"98709756","RUA  DINAMARCA","2294",NULL,"PEDRINHAS","100.0","100.0","100.0","90.0","-8.74429092","-63.9044684","110020505060033","-8.744294","-63.904285","110020505060033","-8.744294","-63.904285","0","20.15905018","1","0",True,NULL
1061,"RUA EMIL GORAYEB","3505.0",NULL,"SAO JOAO BOSCO",725667,"1344750","RUA  EMIL GORAYEB","3505",NULL,"SAO JOAO BOSCO","100.0","100.0","100.0","90.0","-8.7508011","-63.9009256","110020505060035","-8.750537","-63.900736","110020505060035","-8.750537","-63.900736","0","36.00814466","1","0",True,NULL
1062,"RUA GETULIO VARGAS","3740.0",NULL,"SAO JOAO BOSCO",81963,"1344966","RUA  GETULIO VARGAS","3740",NULL,"SAO JOAO BOSCO","100.0","100.0","100.0","90.0","-8.7463856","-63.8984275","110020505060036","-8.746423","-63.898423","110020505060036","-8.746423","-63.898423","0","4.18799963","1","0",True,NULL
1063,"RUA PADRE CHIQUINHO","2375.0",NULL,"SAO JOAO BOSCO",82114,"1344982","RUA PADRE CHIQUINHO","2002",NULL,"SAO JOAO BOSCO","100.0","84.29","100.0","86.86","-8.7444809","-63.8954055","110020505060037","-8.745578","-63.897614","110020505060036","-8.745578","-63.897614","0","271.65200848","1","6.85296925",False,True
1064,"RUA RAFAEL VAZ E SILVA","2812.0",NULL,"LIBERDADE",183935,"215043556","RUA  RAFAEL VAZ E SILVA","2563","COBERTURA 1","LIBERDADE","100.0","91.15","100.0","88.23","-8.7505586","-63.8908812","110020505060044","-8.743961","-63.892673","110020505060042","-8.743961","-63.892673","0","759.59036563","1","546.0681758",False,False
1065,"RUA RAFAEL VAZ E SILVA","1250.0",NULL,"NOSSA SENHORA DAS GRACAS",724548,"92242400","RUA  RAFAEL VAZ E SILVA","1250",NULL,"NOSSA SENHORA DAS GRACAS","100.0","100.0","100.0","90.0","-8.764223100000002","-63.8878509","110020505060047","-8.764505","-63.888147","110020505060047","-8.764505","-63.888147","0","45.18233436","1","0",True,NULL
1066,"RUA JACY PARANA","1881.0",NULL,"NOSSA SENHORA DAS GRACAS",379240,"1349001","RUA  JACY PARANA","2013",NULL,"NOSSA SENHORA DAS GRACAS","100.0","93.44","100.0","88.69","-8.767707","-63.8933608","110020505060048","-8.767653","-63.892126","110020505060048","-8.767653","-63.892126","0","135.83200718","1","0",True,NULL
1067,"RUA SALGADO FILHO","404.0","PREDIO","MATO GROSSO",260403,"1359139","RUA  SALGADO FILHO","865",NULL,"MATO GROSSO","100.0","46.71","100.0","79.34","-8.7749996","-63.8903261","110020505060052","-8.76942","-63.89204","110020505060086","-8.76942","-63.89204","0","648.38335742","1","581.86154792",False,False
1068,"RUA CAPITAO ESRON DE MENEZES","1227.0",NULL,"AREAL",80761,"92243834","RUA CAPITAO ESRON DE MENEZES","1228","FRENTE","AREAL","100.0","99.92","100.0","89.98","-8.776059498","-63.90106337","110020505060054","-8.776079","-63.900881","110020505060060","-8.776079","-63.900881","0","20.15820763","1","2.69735465",False,True
1069,"AVENIDA CAMPOS SALES","881.0",NULL,"AREAL",710017,"1351316","AVENIDA  CAMPOS SALES","882","CASA","AREAL","100.0","99.89","100.0","89.98","-8.77181325573474","-63.9017337094992","110020505060055","-8.777063","-63.898646","110020505060056","-8.777060500000001","-63.8986285","1.94311404","675.20148573","1","83.23485562",False,True
1070,"RUA ALMIRANTE BARROSO","986.0",NULL,"SANTA BARBARA",880538,"214982686","RUA ALMIRANTE BARROSO","980",NULL,"SANTA BARBARA","100.0","99.39","100.0","89.88","-8.771382","-63.9027829","110020505060055","-8.7664","-63.900361","110020505060084","-8.7664","-63.900361","0","614.59405174","1","363.56676375",False,True
1071,"RUA ALEXANDRE GUIMARAES","1340.0",NULL,"AREAL",932611,"1351083","RUA  ALEXANDRE GUIMARAES","1341","FUNDOS","AREAL","100.0","99.93","100.0","89.99","-8.7735567","-63.9005132","110020505060060","-8.773289","-63.900623","110020505060055","-8.773284","-63.900635","1.43113726","32.11957039","1","15.42959995",False,True
1072,"RUA RIO MACHADO","888.0",NULL,"TRIANGULO",316357,"1353056","RUA  RIO MACHADO","888",NULL,"TRIANGULO","100.0","100.0","100.0","90.0","-8.775318800000004","-63.9091088","110020505060061","-8.777758","-63.910048","110020505060061","-8.777758","-63.910048","0","290.20120399","1","0",True,NULL
1073,"RUA BAHIA","2310.0",NULL,"TUCUMANZAL",450427,"1362556","RUA  BAHIA","2311",NULL,"TUCUMANZAL","100.0","99.96","100.0","89.99","-8.779849593","-63.89342712","110020505060082","-8.779957","-63.893667","110020505060082","-8.779957","-63.893667","0","28.94021795","1","0",True,NULL
1074,"RUA ALMIRANTE TAMANDARE","5770.0","ESC0LA","SAO SEBASTIAO II",475329,"92244472","RUA ALMIRANTE TAMANDARE","5710",NULL,"SAO SEBASTIAO","100.0","98.96","100.0","89.79","-8.738787468","-63.90945017","110020505060068","-8.739105","-63.909275","110020505060071","-8.739032","-63.90933","10.12068902","40.21555605","1","12.51051982",False,True
1075,"RUA CASTRO ALVES","5899.0",NULL,"SAO SEBASTIAO I",331043,"1354883","RUA  CASTRO ALVES","5934",NULL,"SAO SEBASTIAO","100.0","99.41","100.0","89.88","-8.7384867","-63.9081709","110020505060068","-8.738359","-63.908096","110020505060069","-8.738359","-63.908096","0","16.41316837","1","1.38275803",False,True
1076,"RUA CASTRO ALVES","5965.0",NULL,"SAO SEBASTIAO",732756,"1354504","RUA  CASTRO ALVES","5965",NULL,"SAO SEBASTIAO","100.0","100.0","100.0","90.0","-8.7379219","-63.9083219","110020505060068","-8.738022","-63.908148","110020505060068","-8.738022","-63.908148","0","22.11728557","1","0",True,NULL
1077,"RUA MONTES CLAROS","6614.0",NULL,"NACIONAL",319628,"1206518","RUA  MONTES CLAROS","5452",NULL,"SETOR 09 DE BAIXO","100.0","82.43","24.0","86.49","-8.7275472","-63.9090556","110020505060073","-9.930667","-63.01944","110002305000024","-9.9306345","-63.019411500000004","4.77536303","165605.47438714","1","164862.67478036",False,False
1078,"RUA ACACIA","1571.0",NULL,"SETOR 01",77281,"1332651","RUA  ACACIA","3397",NULL,"JO SATO","100.0","46.25","53.33","79.25","-9.91719355","-63.0413573","110002305000004","-13.126886","-60.547281","110006405000015","-13.126886","-60.547281","0","448552.81428864","1","447076.67455491",False,False
1079,"TRAVESSA GODOFREDO","2714.0",NULL,"SETOR 01",740311,"1278765","RUA  BELO HORIZONTE","2715","FUNDOS","SETOR 01","100.0","99.96","100.0","89.99","-9.916152","-63.04161","110002305000004","-10.433791","-62.475831","110011405000005","-10.433791","-62.475639","20.99643856","84542.20497604","1","84066.74617514",False,False
1080,"LINHA 148 COM A 65 KM 38",NULL,NULL,NULL,213591,"110643944","LINHA  KM 38","38","LADO DIREITO","KM 38","100.0",NULL,"0.0","100.0","-12.08884367","-62.10503397","110001535000001","-10.68402","-63.53803","110100515000010","-10.684397","-63.537173499999994","102.54733827","220907.83870261","1","220045.53910955",False,False
1081,"RUA SALVADOR","2463.0","AVENIDA TABAPUA","SETOR 03",288110,"1199617","RUA  SALVADOR","2472","CASA","SETOR 03","100.0","99.64","100.0","89.93","-9.909787159","-63.0414554","110002305000006","-9.909472","-63.041016","110002305000006","-9.909472","-63.041016","0","59.53657188","1","0",True,NULL
1082,"ALAMEDA VITORIA","2924.0",NULL,"SETOR 03",904166,"215143928","RUA  VITORIA","2923","BOX CASA B","SETOR 03","100.0","99.97","100.0","89.99","-9.9052441","-63.0417119","110002305000008","-9.905466","-63.042186","110002305000008","-9.905466","-63.042185","0.10953748","57.495401","1","0",True,NULL
1083,"RUA SALVADOR","2867.0",NULL,"SETOR 03",904222,"1200154","RUA  SALVADOR","2860",NULL,"SETOR 03","100.0","99.76","100.0","89.95","-9.905960821","-63.04133177","110002305000008","-9.905885","-63.041075","110002305000008","-9.905885","-63.041075","0","29.3623357","1","0",True,NULL
1084,"RUA SAO JORGE","2040.0",NULL,"SITIO BOA VISTA",340099,"1212213","RUA SAO JORGE","1015",NULL,"SAO GERALDO","100.0","49.75","38.46","79.95","-9.903959","-63.034621","110002305000009","-9.911194","-63.064928","110002305000161","-9.911194","-63.064928","0","3415.82052217","1","2782.76006632",False,NULL
1085,"RUA PAPOULAS","2710.0",NULL,"SETOR 04",943359,"216169028","RUA  PAPOULAS","2715","APARTAMENTO 8 ANDAR","SETOR 04","100.0","99.82","100.0","89.96","-9.9068607","-63.0284784","110002305000011","-9.906954","-63.028805","110002305000011","-9.906954","-63.028805","0","37.24869877","1","0",True,NULL
1086,"AVENIDA TANCREDO NEVES","3822.0",NULL,"SETOR INSTITUCIONAL",235999,"1197482","AVENIDA  TANCREDO NEVES","3756",NULL,"SETOR INSTITUCIONAL","100.0","98.27","100.0","89.65","-9.906865","-63.0296935","110002305000011","-9.897631","-63.034473","110002305000001","-9.897631","-63.034473","0","1152.54557804","1","744.83266792",False,True
1087,"RUA DAS ORQUIDEAS","2720.0",NULL,"SETOR 4",943228,"91941507","RUA  DAS ORQUIDEAS","2720",NULL,"SETOR 04","100.0","100.0","93.33","90.0","-9.9068763","-63.0296813","110002305000011","-9.906885","-63.029746","110002305000011","-9.906885","-63.029746","0","7.15276596","1","0",True,NULL
1088,"AV JUSCELINO KUBITSCHEK","2490.0","PREDIO","SETOR 4",89770,"91996190","AVENIDA  JUSCELINO KUBITSCHEK","2488",NULL,"SETOR 14","100.0","99.92","93.33","89.98","-9.908539","-63.031452","110002305000011","-11.725749","-62.318502","110014805000009","-11.725749","-62.318502","0","216547.97978936","1","215438.98482597",False,False
1089,"AVENIDA TABAPUA","4124.0",NULL,"SETOR 04",387340,"91941763","AVENIDA  TABAPOA","4124",NULL,"SETOR 04","100.0","100.0","100.0","90.0","-9.909002949","-63.02853763","110002305000014","-9.908952","-63.028644","110002305000014","-9.908952","-63.028644","0","12.95569284","1","0",True,NULL
1090,"RUA CARDEAL","1394.0",NULL,"SETOR 02",7724,"1204758","RUA  CARDEAL","1394",NULL,"SETOR 02","100.0","100.0","100.0","90.0","-9.9186845","-63.0246794","110002305000018","-9.918827","-63.024911","110002305000018","-9.918827","-63.024911","0","29.90988942","1","0",True,NULL
1091,"RUA CARDEAL","1778.0",NULL,"SETOR 02",7727,"1204766","RUA  CARDEAL","1778",NULL,"SETOR 02","100.0","100.0","100.0","90.0","-9.91520271","-63.02462328","110002305000018","-9.9153","-63.02495","110002305000018","-9.9153","-63.02495","0","37.38640864","1","0",True,NULL
1092,"RUA CARDEAL","1862.0",NULL,"SETOR 02",7794,"180195551","RUA  CARDEAL","1869",NULL,"SETOR 02","100.0","99.63","100.0","89.93","-9.9141444","-63.0249776","110002305000018","-9.914549","-63.025051","110002305000018","-9.914549","-63.025051","0","45.7022611","1","0",True,NULL
1093,"LINHA 60 COM A 156",NULL,"KM 18","ZONA RURAL",332946,"98781226","LINHA  155","155","CASA 11 LD DIR","ZONA RURAL","100.0",NULL,"100.0","100.0","-12.04266138","-62.03112723","110001535000006","-12.907402","-61.366647","110007205000022","-12.904425","-61.366783","331.35578372","120208.92840715","1","115894.90978152",False,False
1094,"AVENIDA JUSCELINO KUBITSCHEK","1903.0",NULL,"SETOR INSTITUCIONAL",957339,"1203071","AVENIDA  JUSCELINO KUBITSCHEK","1900","SALA","SETOR 02","100.0","99.84","76.92","89.97","-9.9142181","-63.0323238","110002305000001","-9.914222","-63.031534","110002305000015","-9.914222","-63.031534","0","86.51148395","1","19.62845939",False,NULL
1095,"TRAVESSA AQUARIQUARA","3683.0",NULL,"SETOR INSTITUCIONAL",732059,"1197460","TRAVESSA  AQUARIQUARA","3683",NULL,"SETOR INSTITUCIONAL","100.0","100.0","100.0","90.0","-9.9081102","-63.0326769","110002305000001","-9.908347","-63.03268","110002305000001","-9.908347","-63.03268","0","26.33318429","1","0",True,NULL
1096,"TRAVESSA AQUARIQUARA","3710.0",NULL,"SETOR INSTITUCIONAL",732058,"1197457","TRAVESSA  AQUARIQUARA","3716",NULL,"SETOR INSTITUCIONAL","100.0","99.84","100.0","89.97","-9.908690597","-63.03232541","110002305000001","-9.909011","-63.033455","110002305000001","-9.909011","-63.033455","0","128.75831203","1","0",True,NULL
1097,"AVENIDA JUSCELINO KUBITSCHEK","3349.0",NULL,"SETOR INSTITUCIONAL",618022,"180314631","AVENIDA  JUSCELINO KUBITSCHEK","3351",NULL,"SETOR 13","100.0","99.94","76.92","89.99","-9.901016713","-63.03225501","110002305000001","-11.726261","-62.310887","110014805000003","-11.726261","-62.310887","0","217713.16189701","1","214491.81763397",False,False
1098,"AVENIDA TANCREDO NEVES","3998.0","INSTITUICAO","SETOR INSTITUCIONAL",235997,"1197485","AVENIDA  TANCREDO NEVES","3998",NULL,"SETOR INSTITUCIONAL","100.0","100.0","100.0","90.0","-9.8956067","-63.0344029","110002305000001","-9.895383","-63.03452","110002305000001","-9.895383","-63.03452","0","27.98697137","1","0",True,NULL
1099,"RUA PARANAVAI","4678.0","7ª RUA","SETOR 09",299105,"91943866","RUA  PARANAVAI","4678",NULL,"SETOR 09","100.0","100.0","100.0","90.0","-9.9344283","-63.0281239","110002305000031","-9.934065","-63.027956","110002305000031","-9.934065","-63.027956","0","44.38596231","1","0",True,NULL
1100,"RUA RIO NEGRO","2396.0",NULL,"JARDIM JORGE TEIXEIRA",886291,"1209491","RUA  RIO NEGRO","2396",NULL,"JARDIM JORGE TEIXEIRA","100.0","100.0","100.0","90.0","-9.920515","-63.045055","110002305000035","-9.920488","-63.04502","110002305000035","-9.920488","-63.04502","0","4.86932998","1","0",True,NULL
1101,"RUA IARA","2416.0",NULL,"JARDIM JORGE TEIXEIRA",254580,"1210173","RUA  IARA","2416",NULL,"JARDIM JORGE TEIXEIRA","100.0","100.0","100.0","90.0","-9.923518333","-63.04594167","110002305000036","-9.923319","-63.045842","110002305000036","-9.923319","-63.045842","0","24.70751879","1","0",True,NULL
1102,"AVENIDA ARTHUR MANGABEIRA","2520.0",NULL,"MARECHAL RONDON 01",373648,"180197575","AVENIDA  ARTHUR MANGABEIRA","2520",NULL,"MARECHAL RONDON 01","100.0","100.0","100.0","90.0","-9.925813333","-63.055775","110002305000042","-9.92565","-63.055953","110002305000042","-9.92565","-63.055953","0","26.64515239","1","0",True,NULL
1103,"RODOVIA BR-364","941.0",NULL,"MARECHAL RONDON 02",706496,"215107296","RODOVIA  BR 364","946",NULL,"MARECHAL RONDON 02","100.0","99.47","100.0","89.89","-9.922672659","-63.05574571","110002305000042","-9.922919","-63.054815","110002305000038","-9.922919","-63.054815","0","105.55821946","1","26.83438627",False,True
1104,"AVENIDA GUAPORE","3087.0",NULL,"SETOR 05",290806,"1214420","AVENIDA  GUAPORE","3088","BLOCO 1","SETOR 05","100.0","99.97","100.0","89.99","-9.8989292","-63.0380071","110002305000054","-9.89936","-63.037447","110002305000054","-9.8993325","-63.037455","3.18095373","77.83886149","1","0",True,NULL
1105,"RUA GOIAS","3791.0",NULL,"SETOR 05",399960,"1215106","RUA  GOIAS","3791",NULL,"SETOR 05","100.0","100.0","100.0","90.0","-9.8975633","-63.0403266","110002305000056","-9.897574","-63.040275","110002305000056","-9.897574","-63.040275","0","5.77613651","1","0",True,NULL
1106,"RUA MONTEIRO LOBATO, 3348","3348.0",NULL,"SETOR 06",117748,"1216579","RUA  MONTEIRO LOBATO","3347","CASA","SETOR 06","100.0","99.97","100.0","89.99","-9.90095230333874","-63.0268276658131","110002305000060","-9.901109","-63.027125","110002305000060","-9.901109","-63.027125","0","36.93746379","1","0",True,NULL
1107,"RUA ALBINO SODE","3926.0",NULL,"SETOR 11",235852,"215025545","RUA  ALBINA SORDI","3923",NULL,"SETOR 11","100.0","99.92","100.0","89.98","-9.89597497","-63.02063503","110002305000065","-9.895941","-63.021498","110002305000064","-9.895941","-63.021498","0","94.60573966","1","6.23544686",False,True
1108,"RUA RAQUEL DE QUEIROZ","4825.0",NULL,"COLONIAL",798254,"1139133","RUA  RAQUEL DE QUEIROZ","5042","CASA","COLONIAL","100.0","95.7","100.0","89.14","-9.9026163","-63.0225496","110002305000066","-9.902408","-63.020661","110002305000073","-9.902408","-63.020661","0","208.16694052","1","21.40342227",False,True
1109,"RUA DO ZOOLOGICO","4947.0",NULL,"SETOR 08",38779,"91945345","RUA  DO ZOOLOGICO","4947",NULL,"SETOR 08","100.0","100.0","100.0","90.0","-9.906463333","-63.02090167","110002305000068","-9.906634","-63.020785","110002305000068","-9.906634","-63.020785","0","22.87924205","1","0",True,NULL
1110,"RUA MEXICO","932.0",NULL,"SETOR 10",807204,"91946869","RUA  MEXICO","931",NULL,"SETOR 10","100.0","99.89","100.0","89.98","-9.935204609","-63.01606916","110002305000079","-9.935385","-63.015782","110002305000079","-9.935368","-63.015761","2.97718844","37.30375856","1","0",True,NULL
1111,"BR-364, LC-70, GL 17, LT 64, KM 16",NULL,NULL,"AREA RURAL DE ARIQUEMES",729884,"1213006","RODOVIA  BR 364","2780","FRENTE","AREAS ESPECIAIS","100.0",NULL,"47.37","100.0","-9.840642242","-62.90160595","110002305000084","-9.906851","-63.055464","110002305000047","-9.9068205","-63.0554685","3.42708323","18392.56079425","1","2034.39199486",False,False
1112,"RO 257, KM 42, TRAV B 90, LINHA C 60, ASSENTAMENTO",NULL,NULL,"ASSENTAMENTO MIGRANTES",64518,"180201717","RODOVIA  RO 257","13",NULL,"PROJETO DE ASSENTAMENTO DIRIGIDO MARECHAL DUTRA","100.0",NULL,"70.59","100.0","-9.9328275","-62.6639232","110002305000086","-9.904608","-62.912684","110002305000109","-9.904608","-62.912684","0","27427.61632597","1","18722.19637821",False,NULL
1113,"AREA RURAL",NULL,NULL,"AREA RURAL DE ARIQUEMES",61985,"100166781","RUA  RURAL","1332","CASA VERDE","TEIXEIRAO","100.0",NULL,"31.25","100.0","-10.2451781","-62.72721159","110002305000087","-11.423637","-61.431678","110004905000096","-11.423649","-61.431728","5.6105921","192845.84953177","1","189971.47049164",False,NULL
1114,"BR 364 KM 491 - CAJAZEIRAS",NULL,NULL,"ZONA RURAL",529960,"110632407","RODOVIA  BR 391","27",NULL,"SD","100.0",NULL,"0.0","100.0","-10.09759956","-62.95986512","110002305000097","-12.415185","-60.775686","110030405000056","-12.415185","-60.775686","0","350914.19737231","1","344398.8673848",False,False
1115,"RUA URSA MAIOR","4563.0",NULL,"ROTA DO SOL",924379,"108773161","RUA  URSA MAIOR","4564","TERREO","ROTA DO SOL","100.0","99.98","100.0","90.0","-9.8905074","-63.0224938","110002305000117","-9.890532","-63.021887","110002305000117","-9.89052","-63.021896999999996","1.7263896","66.52663188","1","0",True,NULL
1116,"LINHA C 65 TB 40",NULL,NULL,"BR 421",390642,"1145031","RUA  C 65","38","SITIO","BR 421","100.0",NULL,"100.0","100.0","-9.8912332","-63.1332832","110002305000106","-9.897688","-63.459348","110002305000092","-9.895527","-63.459262499999994","240.47501821","35724.72505862","1","9979.35355659",False,True
1117,"RUA FRANCA","3187.0",NULL,"JARDIM EUROPA",761190,"108744817","RUA  FRANCA","3186",NULL,"JARDIM EUROPA","100.0","99.97","100.0","89.99","-9.88859800940354","-63.0366003452661","110002305000120","-9.888854","-63.036502","110002305000120","-9.888854","-63.036502","0","30.43531955","1","0",True,NULL
1118,"AREA RURAL",NULL,"JOELANDIA","AREA RURAL DE ARIQUEMES",61985,"100166781","RUA  RURAL","1332","CASA VERDE","TEIXEIRAO","100.0",NULL,"31.25","100.0","-10.1183021","-63.1278998","110002305000129","-11.423637","-61.431678","110004905000096","-11.423649","-61.431728","5.6105921","235367.20325976","1","234648.66467396",False,NULL
1119,"AREA RURAL",NULL,"RO 257 KM 13","AREA RURAL DE ARIQUEMES",61985,"100166781","RUA  RURAL","1332","CASA VERDE","TEIXEIRAO","100.0",NULL,"31.25","100.0","-9.949976667","-62.96257667","110002305000110","-11.423637","-61.431678","110004905000096","-11.423649","-61.431728","5.6105921","234159.75793582","1","228390.18951704",False,NULL
1120,"RUA UMUARAMA","4913.0",NULL,"JARDIM DAS PALMEIRAS",481595,"1148850","RUA  UMUARAMA","4749",NULL,"JARDIM DAS PALMEIRAS","100.0","96.66","100.0","89.33","-9.9316703","-63.0246516","110002305000111","-9.931234","-63.026181","110002305000111","-9.9312285","-63.026198","1.95985493","174.3971592","1","0",True,NULL
1121,"RUA UMUARAMA","4847.0",NULL,"JARDIM DAS PALMEIRAS",481595,"1148850","RUA  UMUARAMA","4749",NULL,"JARDIM DAS PALMEIRAS","100.0","97.98","100.0","89.6","-9.93119310706324","-63.0253486163825","110002305000111","-9.931234","-63.026181","110002305000111","-9.9312285","-63.026198","1.95985493","91.28336684","1","0",True,NULL
1122,"RUA MOEMA","3208.0",NULL,"JARDIM JORGE TEIXEIRA",953583,"1149310","RUA  MOEMA","3211","CASA","JARDIM JORGE TEIXEIRA","100.0","99.91","100.0","89.98","-9.92691","-63.039415","110002305000112","-9.926553","-63.039142","110002305000112","-9.926553","-63.039142","0","49.69849848","1","0",True,NULL
1123,"AREA RURAL","4090.0","GARIMPO BOM FUTURO","AREA RURAL DE ARIQUEMES",76469,"1177958","RUA  RURAL","3217",NULL,"TEIXEIRAO","100.0","78.66","31.25","85.73","-9.80844022948807","-63.5339007165763","110002305000158","-11.424915","-61.429638","110004905000095","-11.424915","-61.429638","0","291879.84899978","1","290607.0264457",False,False
1124,"BR 421 LINHA C 75 TB 0 RUA TOPAZIO","4268.0",NULL,"VILA EBESA",374199,"91944068","RODOVIA  BR 421","1680",NULL,"VILA DO SOSSEGO","100.0","39.36","57.14","77.87","-9.810131947","-63.53005565","110002305000158","-9.917986","-63.059399","110002305000044","-9.917986","-63.059399","0","52937.39361509","1","52452.06471431",False,NULL
1125,"RUA UMUARAMA","5131.0",NULL,"SETOR 09",8079,"1206984","RUA  UMUARAMA","5131",NULL,"SETOR 09","100.0","100.0","100.0","90.0","-9.9320635","-63.0230196","110002305000155","-9.932355","-63.023122","110002305000155","-9.932355","-63.023122","0","34.29896096","1","0",True,NULL
1126,"AVENIDA CAPITAO SILVIO","4199.0",NULL,"SETOR 02",323065,"91945964","AVENIDA CAPITAO SILVIO","4791",NULL,"SETOR 02","100.0","87.64","100.0","87.53","-9.9232609","-63.0279508","110002305000156","-9.925203","-63.02287","110002305000074","-9.9251895","-63.0228785","1.76640495","596.93751576","1","358.38630558",False,True
1127,"AVENIDA DOS DIAMANTES","1224.0",NULL,"PARQUE DAS GEMAS",933211,"91946323","AVENIDA  DOS DIAMANTES","1224",NULL,"PARQUE DAS GEMAS","100.0","100.0","100.0","90.0","-9.92007","-63.016978","110002305000163","-9.920096","-63.017138","110002305000163","-9.920096","-63.017138","0","17.76208058","1","0",True,NULL
1128,"RUA FORTALEZA","2237.0",NULL,"SETOR 03",699629,"1201547","RUA  FORTALEZA","2236","SALA 2","SETOR 03","100.0","99.96","100.0","89.99","-9.9110905","-63.0358343","110002305000170","-9.9113","-63.035473","110002305000010","-9.911287000000002","-63.035488","2.18840859","45.92244404","1","0",False,NULL
1129,"RUA DOS INOCENTES","131.0",NULL,"SETOR GRANDES AREAS",860531,"215140097","RUA  DOS INOCENTES","131",NULL,"GRANDES AREAS","100.0","100.0","100.0","90.0","-9.9236798","-63.032139","110002305000176","-9.923589","-63.032386","110002305000022","-9.923589","-63.032386","0","28.87685117","1","0",False,NULL
1130,"AVENIDA HUGO WALDEMAR FREY","5454.0",NULL,"JARDIM ALVORADA",924421,"108773262","AVENIDA  HUGO WALDEMAR FREY","5142",NULL,"ROTA DO SOL","100.0","94.28","30.77","88.86","-9.888461667","-63.01607167","110002305000182","-9.888233","-63.019337","110002305000117","-9.888233","-63.019337","0","358.59726877","1","250.56466641",False,False
1131,"RUA DOM PEDRO II","872.0",NULL,"MONTE CRISTO",339967,"91944515","RUA DOM PEDRO II","872","CASA","JAMARI","93.02","100.0","22.22","85.11","-9.911822914","-63.0634346","110002305000184","-9.912226","-63.06342","110002305000161","-9.912226","-63.06342","0","44.84970076","1","0",False,NULL
1132,"AVENIDA JUSCELINO KUBITSCHEK","4192.0",NULL,"BOM JESUS",270827,"109017852","AVENIDA  JUSCELINO KUBITSCHEK","4192",NULL,"BOM JESUS","100.0","100.0","100.0","90.0","-9.8928947","-63.0317548","110002305000192","-9.892872","-63.031988","110002305000119","-9.892872","-63.031988","0","25.66952305","1","0",False,NULL
1133,"AVENIDA TUPINIQUINS","4040.0",NULL,"CENTRO",548721,"91950226","RUA  TUPINIQUINS","4037","CASA","CENTRO","100.0","99.93","100.0","89.99","-13.4943629","-60.5411714","110003105000002","-13.494364","-60.541292","110003105000002","-13.4943595","-60.541298499999996","0.86274341","13.0404853","1","0",True,NULL
1134,"AVENIDA GUARANI","4125.0",NULL,"CENTRO",667569,"91950150","AVENIDA  GUARANI","4125",NULL,"CENTRO","100.0","100.0","100.0","90.0","-13.4934475","-60.5453881","110003105000002","-13.493619","-60.545273","110003105000002","-13.493619","-60.545273","0","22.77164615","1","0",True,NULL
1135,"AVENIDA TAPAJOS","4635.0","PREDIO PROPRIO","CENTRO",859860,"1152928","AVENIDA  TAPAJOS","4635",NULL,"CENTRO","100.0","100.0","100.0","90.0","-13.4890951","-60.5443113","110003105000003","-13.488978","-60.544052","110003105000003","-13.488978","-60.544052","0","30.91354594","1","0",True,NULL
1136,"AVENIDA TAPAJOS","4800.0","PREDIO","CENTRO",821621,"91950558","AVENIDA  TAPAJOS","4801",NULL,"CENTRO","100.0","99.98","100.0","90.0","-13.4876067","-60.5438167","110003105000004","-13.486912","-60.54449","110003105000004","-13.486912","-60.54449","0","106.14801131","1","0",True,NULL
1137,"RUA ANTNIO DE PAULA NUNES","1395.0",NULL,"CENTRO",86245,"1159173","RUA  ANTONIO DE PAULA NUNES","1395",NULL,"CENTRO","100.0","100.0","100.0","90.0","-11.4384699","-61.4486283","110004905000011","-11.43845","-61.448823","110004905000011","-11.43845","-61.448823","0","21.33474418","1","0",True,NULL
1138,"LINHA 8 RUMO COLORADO",NULL,"PREDIO CEDIDO","RURAL",391708,"110616581","LINHA  8 RUMO COLORADO KM 9 8","10","CASA CASA LARANJA","LINHA NOVE","100.0",NULL,"13.33","100.0","-13.3747071","-60.4170421","110003105000008","-13.373958","-60.458108","110003105000007","-13.373958","-60.458108","0","4443.26625868","1","4237.3424628",False,True
1139,"LINHA 8 KM 14 , ESQUINA COM ZERO EIXO",NULL,"PLANALTO SAO LUIZ","ZONA RURAL",553590,"110618772","LINHA  ZERO EIXO","12",NULL,"LINHA 5","100.0",NULL,"35.29","100.0","-13.3747568","-60.41686325","110003105000008","-13.13627","-60.389219","110006405000038","-13.13627","-60.39593","726.70304875","26686.81414965","1","26058.54378693",False,False
1140,"AV. TAPAJOS","3659.0","ESCOLA","CENTRO",947646,"1152446","AVENIDA  TAPAJOS","3659","PAVILHAO","CENTRO","100.0","100.0","100.0","90.0","-13.4978287","-60.5440282","110003105000021","-13.501773","-60.542432","110003105000001","-13.501773","-60.542432","0","471.32171226","1","141.2396238",False,NULL
1141,"AVENIDA SAO PAULO","3070.0",NULL,"CENTRO",59921,"1158461","AVENIDA SAO PAULO","3070",NULL,"CENTRO","100.0","100.0","100.0","90.0","-11.4325173","-61.449046","110004905000009","-11.432654","-61.449175","110004905000009","-11.432654","-61.449175","0","20.70561065","1","0",True,NULL
1142,"AVENIDA SAO PAULO","2666.0",NULL,"CENTRO",59962,"1158819","AVENIDA SAO PAULO","2666",NULL,"CENTRO","100.0","100.0","100.0","90.0","-11.435967","-61.4489704","110004905000009","-11.436066","-61.449118","110004905000009","-11.436066","-61.449118","0","19.49256721","1","0",True,NULL
1143,"RUA DOS PIONEIROS","1632.0",NULL,"CENTRO",60024,"215027048","RUA  DOS PIONEIROS","1632",NULL,"CENTRO","100.0","100.0","100.0","90.0","-11.4348166666667","-61.4462933333333","110004905000009","-11.43474","-61.446346","110004905000009","-11.43474","-61.446346","0","10.27729814","1","0",True,NULL
1144,"LINHA 9 KM 16 2ª EIXO RUMO ESCONDIDO",NULL,"PREDIO CEDIDO","ZONA RURAL",16394,"110616413","ENTRADA  LINHA 8 RUMO ESCONDIDO KM 9 8","9",NULL,"LINHA SETE","100.0",NULL,"30.0","100.0","-13.4066442","-60.6932089","110003105000023","-13.369836","-60.621913","110003105000014","-13.369836","-60.621913","0","8731.05870932","1","8385.29943566",False,False
1145,"LINHA 09 KM 16 RUMO ESCONDIDO",NULL,"ESTRELA DO OESTE","ZONA RURAL",16394,"110616413","ENTRADA  LINHA 8 RUMO ESCONDIDO KM 9 8","9",NULL,"LINHA SETE","100.0",NULL,"30.0","100.0","-13.40677737","-60.69314178","110003105000023","-13.369836","-60.621913","110003105000014","-13.369836","-60.621913","0","8731.60051049","1","8385.29943566",False,False
1146,"RUA ANTONIO DE PAULA NUNES","737.0","PREDIO","PRINCESA ISABEL",377299,"1155717","RUA  ANTONIO DE PAULA NUNES","730",NULL,"PRINCESA ISABEL","100.0","99.05","100.0","89.81","-11.4390726","-61.4429794","110004905000003","-11.438359","-61.442756","110004905000002","-11.438359","-61.442756","0","83.00022794","1","8.3720882",False,NULL
1147,"RUA JOSE DO PATROCINIO","2159.0",NULL,"CENTRO",108817,"1157540","RUA  JOSE DO PATROCINIO","2159",NULL,"CENTRO","100.0","100.0","100.0","90.0","-11.4378717","-61.4511333","110004905000006","-11.437546","-61.451212","110004905000006","-11.437546","-61.451212","0","37.21807791","1","0",True,NULL
1148,"AVENIDA GUAPORE","2620.0",NULL,"CENTRO",251706,"1636069","RUA  GUAPORE","2621",NULL,"CENTRO","100.0","99.96","100.0","89.99","-11.43544436","-61.4504395","110004905000008","-11.696677","-62.721143","110032005000002","-11.696677","-62.721143","0","141441.49631067","1","141380.23294297",False,False
1149,"AVENIDA SAO PAULO","2745.0",NULL,"CENTRO",394876,"1158406","AVENIDA SAO PAULO","2745",NULL,"CENTRO","100.0","100.0","100.0","90.0","-11.4354802","-61.4496041","110004905000008","-11.435424","-61.449372","110004905000008","-11.435424","-61.449372","0","26.05651698","1","0",True,NULL
1150,"AVENIDA DOIS DE JUNHO","2563.0",NULL,"CENTRO",46656,"1159126","AVENIDA  DOIS DE JUNHO","2563",NULL,"CENTRO","100.0","100.0","100.0","90.0","-11.4377447","-61.4480205","110004905000010","-11.437702","-61.447949","110004905000010","-11.437702","-61.447949","0","9.12511707","1","0",True,NULL
1151,"RUA ARACAJU","1458.0",NULL,"LIBERDADE",55258,"1322888","RUA  ARACAJU","1458",NULL,"CENTRO","100.0","100.0","26.67","90.0","-13.1948768","-60.8173657","110005605000001","-13.195042","-60.816998","110005605000001","-13.195042","-60.816998","0","43.84098679","1","0",True,NULL
1152,"AVENIDA CASTELO BRANCO","16999.0",NULL,"SANTO ANTONIO",391975,"91959509","AVENIDA  CASTELO BRANCO","16371",NULL,"SANTO ANTONIO","100.0","96.31","100.0","89.26","-11.4411399","-61.4525179","110004905000015","-11.448433","-61.432816","110004905000089","-11.448433","-61.432816","0","2295.23286452","1","2072.95127663",False,NULL
1153,"TRAVESSA ANCHIETA","1145.0",NULL,"LIBERDADE",102611,"91952965","TRAVESSA  ANCHIETA","1145",NULL,"LIBERDADE","100.0","100.0","100.0","90.0","-11.443131","-61.4523179","110004905000015","-11.442876","-61.452158","110004905000015","-11.442876","-61.452158","0","33.28183317","1","0",True,NULL
1154,"AVENIDA PARANA","401.0",NULL,"NOVO HORIZONTE",10057,"91953672","AVENIDA  PARANA","401",NULL,"NOVO HORIZONTE","100.0","100.0","100.0","90.0","-11.4341985","-61.4572278","110004905000017","-11.434161","-61.457104","110004905000017","-11.434161","-61.457104","0","14.12237139","1","0",True,NULL
1155,"AVENIDA RECIFE","1147.0",NULL,"NOVO CACOAL",885345,"91954267","AVENIDA  RECIFE","1147",NULL,"NOVO CACOAL","100.0","100.0","100.0","90.0","-11.4252512","-61.463256","110004905000020","-11.425244","-61.462985","110004905000020","-11.425244","-61.462985","0","29.54758169","1","0",True,NULL
1156,"AVENIDA GETULIO VARGAS","807.0",NULL,"NOVO CACOAL",885180,"91954325","AVENIDA  GETULIO VARGAS","807",NULL,"NOVO CACOAL","100.0","100.0","100.0","90.0","-11.42751711","-61.46085369","110004905000020","-11.427627","-61.46092","110004905000020","-11.427627","-61.46092","0","14.19653446","1","0",True,NULL
1157,"AVENIDA BELO HORIZONTE","3196.0","ESCOLA","JARDIM CLODOALDO",104470,"1170268","AVENIDA  BELO HORIZONTE","3044","EDIFICIO 1","JARDIM CLODOALDO","100.0","95.24","100.0","89.05","-11.4272939","-61.4541895","110004905000044","-11.428675","-61.454838","110004905000043","-11.428664000000001","-61.454836","1.24241756","169.05600019","1","20.5874712",False,True
1158,"AVENIDA BELO HORIZONTE","3196.0","ESCOLA","JARDIM CLODOALDO",104470,"1170268","AVENIDA  BELO HORIZONTE","3044","EDIFICIO 1","JARDIM CLODOALDO","100.0","95.24","100.0","89.05","-11.4272753","-61.4542986","110004905000044","-11.428675","-61.454838","110004905000043","-11.428664000000001","-61.454836","1.24241756","166.37289663","1","20.5874712",False,True
1159,"AVENIDA RECIFE","335.0",NULL,"NOVO CACOAL",756601,"214992374","AVENIDA  RECIFE","335",NULL,"NOVO CACOAL","100.0","100.0","100.0","90.0","-11.4288378","-61.4568083","110004905000024","-11.428768","-61.456822","110004905000024","-11.428768","-61.456822","0","7.90374176","1","0",True,NULL
1160,"AVENIDA PRIMAVERA","2293.0",NULL,"VISTA ALEGRE",948401,"91955343","AVENIDA  PRIMAVERA","2293",NULL,"JARDIM VISTA ALEGRE","97.7","100.0","100.0","88.39","-11.42451806","-61.47272665","110004905000029","-11.424352","-61.472538","110004905000029","-11.424352","-61.472538","0","27.63560364","1","0",True,NULL
1161,"RUA BASILIO DA GAMA","1078.0",NULL,"VISTA ALEGRE",834927,"1165488","RUA  BASILIO DA GAMA","1078",NULL,"JARDIM VISTA ALEGRE","100.0","100.0","100.0","90.0","-11.4288277","-61.4737447","110004905000030","-11.428852","-61.473475","110004905000030","-11.428852","-61.473475","0","29.51860001","1","0",True,NULL
1162,"RUA BASILIO DA GAMA","1272.0","PREDIO ESCOLAR","VISTA ALEGRE",834914,"1165783","RUA  BASILIO DA GAMA","1272",NULL,"JARDIM VISTA ALEGRE","100.0","100.0","100.0","90.0","-11.4285834","-61.4744069","110004905000030","-11.428862","-61.474541","110004905000030","-11.428862","-61.474541","0","34.25362805","1","0",True,NULL
1163,"RUA PROFESSORA ALZIRA SELLERI BARBOSA","1501.0",NULL,"HABITAR BRASIL",47179,"91955951","RUA PROFESSORA ALZIRA S BARBOSA","1501",NULL,"HABITAR BRASIL","97.6","100.0","100.0","88.32","-11.4224019","-61.4795461","110004905000033","-11.422215","-61.480242","110004905000033","-11.422215","-61.480242","0","78.64372554","1","0",True,NULL
1164,"TRAVESSA OURO","160.0",NULL,"CRISTAL DO ARCO-IRIS",254175,"1167364","TRAVESSA  OURO","160",NULL,"BALNEARIO ARCO IRIS","100.0","100.0","51.28","90.0","-11.4320983","-61.46435","110004905000035","-11.431995","-61.464094","110004905000035","-11.431995","-61.464094","0","30.17308316","1","0",True,NULL
1165,"RUA PADRE MANOEL DA NOBREGA","535.0",NULL,"NOVA ESPERANCA",108088,"1175576","RUA PADRE MANOEL DA NOBREGA","536","COMODO","NOVA ESPERANCA","100.0","99.81","100.0","89.96","-11.4230879","-61.4646104","110004905000056","-11.422982","-61.464225","110004905000056","-11.422982","-61.464225","0","43.625027","1","0",True,NULL
1166,"RUA PERIMETRAL LESTE","3401.0","ESCOLA","VILLAGE DO SOL",797073,"108740809","AVENIDA  PERIMETRAL LESTE","4421",NULL,"ROTA DO SOL","100.0","76.93","70.59","85.39","-11.422219","-61.435362","110004905000047","-9.891876","-63.01907","110002305000118","-9.891876","-63.01907","0","242704.50901888","1","241702.82784218",False,False
1167,"RUA ROSINEIA DE SOUZA","4072.0",NULL,"VILAGE DO SOL",49904,"1171776","RUA  ROSINEIA DE SOUZA","4073",NULL,"VILLAGE DO SOL","100.0","99.98","96.3","90.0","-11.4220988","-61.4358752","110004905000047","-11.42198","-61.436271","110004905000047","-11.42198","-61.436271","0","45.11661945","1","0",True,NULL
1168,"RUA EITOR OZIAS SCHUNDT","3844.0",NULL,"VILLAGE DO SOL II",276744,"91957203","RUA  EITOR OZIAS SCHUINDT","3851","FRENTE","VILLAGE DO SOL II","100.0","99.82","100.0","89.96","-11.4192485","-61.4332164","110004905000049","-11.418968","-61.433584","110004905000049","-11.418983","-61.433584","1.6679262","50.77528548","1","0",True,NULL
1169,"RUA UIRAPURU","2560.0","ESCOLA","FLORESTA",60692,"1174202","RUA  UIRAPURU","2457",NULL,"FLORESTA","100.0","95.98","100.0","89.2","-11.4331223","-61.4310214","110004905000149","-11.434308","-61.431486","110004905000106","-11.434308","-61.431486","0","141.23330534","1","45.79947703",False,NULL
1170,"RUA PADRE EZEQUIEL RAMIM","1308.0",NULL,"TEIXEIRAO",191945,"92573370","ESTRADA PADRE EZEQUIEL RAMIM","2500",NULL,"GLEBA 2","100.0","52.32","25.0","80.46","-11.4266733","-61.4350361","110004905000060","-11.044175","-62.601001","110130205000025","-11.044175","-62.601001","0","134088.64851575","1","133974.25751724",False,NULL
1171,"RUA MARIA AURORA DO NASCIMENTO","1373.0",NULL,"TEIXEIRAO",707227,"1177529","RUA  MARIA AURORA DO NASCIMENTO","1373",NULL,"TEIXEIRAO","100.0","100.0","100.0","90.0","-11.4257276","-61.433399","110004905000060","-11.425868","-61.433268","110004905000060","-11.425868","-61.433268","0","21.15622183","1","0",True,NULL
1172,"RUA MONTEIRO LOBATO","1787.0","PREDIO PROPRIO","TEIXEIRAO",105172,"91959218","RUA  MONTEIRO LOBATO","1787",NULL,"TEIXEIRAO","100.0","100.0","100.0","90.0","-11.433","-61.43605","110004905000064","-11.43311","-61.435668","110004905000064","-11.43311","-61.435668","0","43.39320293","1","0",True,NULL
1173,"RUA DOS SURUIS","3500.0",NULL,"TEIXEIRAO",105133,"91959219","RUA  DOS SURUIS","3500",NULL,"TEIXEIRAO","100.0","100.0","100.0","90.0","-11.4324933","-61.4360371","110004905000064","-11.432115","-61.435854","110004905000064","-11.432115","-61.435854","0","46.55866557","1","0",True,NULL
1174,"RUA SANTO ANTONIO","1245.0","ESCOLAR","SANTO ANTONIO",743882,"214997734","RUA SANTO ANTONIO","1246","LADO 1","SANTO ANTONIO","100.0","99.92","100.0","89.98","-11.452412","-61.4415052","110004905000065","-11.452683","-61.441302","110004905000065","-11.452683","-61.441302","0","37.39584743","1","0",True,NULL
1175,"RODOVIA 383 KM 05 LOTE 26 GLEBA 05",NULL,"ESCOLA","ZONA RURAL",194938,"113560112","ESTRADA  C 85 LOTE 76","0","GLEBA 43","PROJETO DE ASSENTAMENTO DIRIGIDO MARECHAL DUTRA","100.0",NULL,"24.56","100.0","-11.4810478","-61.4739314","110004905000067","-9.708753","-63.27677","110040305000023","-9.708753","-63.27677","0","278678.33054114","1","266793.04515663",False,False
1176,"RESERVA BIOLOGICA VALE DO GUAPORE",NULL,"ALDEIA PALHAL","RURAL",958852,"106851676","RUA  VALE DO GUAPORE","0",NULL,"SETOR 26 OU EMBRATEL","100.0",NULL,"24.0","100.0","-11.928726","-61.995871","110001505000016","-12.741915","-60.106671","110030405000126","-12.7419185","-60.106666000000004","0.66748392","224255.54928755","1","223789.5616631",False,False
1177,"RUA VANDERLEI DANTAS","3298.0",NULL,"NACIONAL",782130,"1357367","RUA  VANDERLEI PONTES","3326",NULL,"NACIONAL","100.0","99.16","100.0","89.83","-8.73168460093439","-63.91078666783869","110020505060078","-8.731444","-63.91061","110020505060078","-8.731444","-63.91061","0","33.05713388","1","0",True,NULL
1178,"RUA DAS ASSOCIACOES, ESQUINA COM RUA 28 DE SETEMBRO","2899.0",NULL,"COSTA E SILVA",850518,"215166019","RUA  DAS ASSOCIACOES","2899",NULL,"COSTA E SILVA","100.0","100.0","100.0","90.0","-8.7379722","-63.8982589","110020505060089","-8.738333","-63.897876","110020505060089","-8.738333","-63.897876","0","58.14187799","1","0",True,NULL
1179,"RUA ANTONIO DA FONSECA","3047.0",NULL,"COSTA E SILVA",19615,"92246970","RUA  ANTONIO DA FONSECA","3048","CASA","COSTA E SILVA","100.0","99.97","100.0","89.99","-8.73749","-63.8957467","110020505060091","-8.73769","-63.895592","110020505060091","-8.737826","-63.895594","15.12412824","27.99375003","1","0",True,NULL
1180,"RUA JARDIM","3418.0",NULL,"COSTA E SILVA",913572,"1360413","RUA  JARDIM","3369",NULL,"COSTA E SILVA","100.0","98.57","100.0","89.71","-8.7370779","-63.89204","110020505060092","-8.736968","-63.892965","110020505060104","-8.736968","-63.892965","0","102.39375088","1","31.32746839",False,True
1181,"RUA LIBERO BADARO","3429.0",NULL,"COSTA E SILVA",858804,"92247336","RUA  LIBERO BADARO","3428",NULL,"COSTA E SILVA","100.0","99.97","100.0","89.99","-8.7381852","-63.8923458","110020505060092","-8.73848","-63.89225","110020505060092","-8.73848","-63.89225","0","34.42971323","1","0",True,NULL
1182,"AVENIDA DOS IMIGRANTES","3239.0",NULL,"COSTA E SILVA",858578,"92247099","AVENIDA  DOS IMIGRANTES","3239",NULL,"COSTA E SILVA","100.0","100.0","100.0","90.0","-8.7405141","-63.8939621","110020505060092","-8.740611","-63.893988","110020505060092","-8.740611","-63.893988","0","11.14445975","1","0",True,NULL
1183,"RUA JURUNA","191.0","PREDIO","VILA TUPY",658163,"1362076","RUA  JURUNA","191",NULL,"TUPI","100.0","100.0","61.54","90.0","-8.7837093","-63.8984789","110020505060095","-8.7836","-63.898225","110020505060095","-8.7836","-63.898225","0","30.43343904","1","0",True,NULL
1184,"AVENIDA CAMPOS SALES","395.0",NULL,"TUPY",657934,"1361951","AVENIDA  CAMPOS SALES","395",NULL,"TUPI","100.0","100.0","75.0","90.0","-8.7812793","-63.8985491","110020505060095","-8.781124","-63.898218","110020505060095","-8.781124","-63.898218","0","40.27509367","1","0",True,NULL
1185,"RUA JOSE CAMACHO","1340.0",NULL,"SAO JOAO BOSCO",759566,"1344380","RUA  JOSE CAMACHO","1340",NULL,"SAO JOAO BOSCO","100.0","100.0","100.0","90.0","-8.7514705","-63.9035676","110020505060103","-8.751391","-63.903578","110020505060103","-8.751391","-63.903578","0","8.91359221","1","0",True,NULL
1186,"AVENIDA CALAMA","3239.0",NULL,"EMBRATEL",775035,"1363147","AVENIDA  CALAMA","3239",NULL,"EMBRATEL","100.0","100.0","100.0","90.0","-8.7487288","-63.8869958","110020505070002","-8.748975","-63.886921","110020505070002","-8.748975","-63.886921","0","28.5838488","1","0",True,NULL
1187,"AVENIDA TIRADENTES",NULL,"DISTRITO ABUNA","CENTRO",38245,"92293748","AVENIDA  TIRADENTES","1425",NULL,"CENTRO","100.0",NULL,"100.0","100.0","-8.743938","-63.883447","110020505070004","-11.17126","-61.900467","110025405000011","-11.171212","-61.900417","7.63138583","346420.23009282","1","345007.82102091",False,NULL
1188,"RUA BELO HORIZONTE","331.0",NULL,"EMBRATEL",579421,"1363685","RUA  BELO HORIZONTE","331","FUNDOS","EMBRATEL","100.0","100.0","100.0","90.0","-8.7453922","-63.882359","110020505070004","-8.745113","-63.881397","110020505070005","-8.745113","-63.881397","0","110.18997638","1","71.45744906",False,True
1189,"RUA SALVADOR","421.0",NULL,"EMBRATEL",579517,"1363716","RUA  SALVADOR","421",NULL,"EMBRATEL","100.0","100.0","100.0","90.0","-8.744236900000002","-63.8806848","110020505070005","-8.744249","-63.880933","110020505070005","-8.744249","-63.880933","0","27.31099607","1","0",True,NULL
1190,"RUA DA PENHA","3968.0","PREDIO","EMBRATEL",107715,"92248165","RUA  DA PENHA","330",NULL,"EMBRATEL","100.0","8.32","100.0","71.66","-8.7450978","-63.8801291","110020505070005","-8.744726","-63.87992","110020505070006","-8.744726","-63.87992","0","47.30006635","1","1.59897757",False,True
1191,"AVENIDA JOSE VIEIRA CAULA","4942.0",NULL,"AGENOR DE CARVALHO",73094,"92253743","AVENIDA  JOSE VIEIRA CAULA","4902",NULL,"AGENOR M DE CARVALHO","100.0","99.19","100.0","89.84","-8.754025","-63.883638","110020505070012","-8.753602","-63.863959","110020505070051","-8.753602","-63.863959","0","2163.22978933","1","2078.98605753",False,NULL
1192,"URUGUAI","1834.0",NULL,"EMBRATEL",389184,"1366150","RUA  URUGUAI","1834",NULL,"EMBRATEL","100.0","100.0","100.0","90.0","-8.756839190000004","-63.8831673","110020505070013","-8.756568","-63.883273","110020505070013","-8.756568","-63.883273","0","32.31505111","1","0",True,NULL
1193,"RUA BUENOS AIRES","1504.0",NULL,"NOVA PORTO VELHO",324700,"1366728","RUA  BUENOS AIRES","1504",NULL,"NOVA PORTO VELHO","100.0","100.0","100.0","90.0","-8.7605659","-63.8812689","110020505070016","-8.760398","-63.881417","110020505070016","-8.760398","-63.881417","0","24.76812319","1","0",True,NULL
1194,"AVENIDA SETE DE SETEMBRO","3697.0","CENTRO NORTE","NOVA PORTO VELHO",293746,"215104717","AVENIDA  SETE DE SETEMBRO","3824",NULL,"NOVA PORTO VELHO","100.0","96.68","100.0","89.34","-8.7587267","-63.877475","110020505070018","-8.758889","-63.875969","110020505070019","-8.758889","-63.875969","0","166.48791083","1","92.64262147",False,True
1195,"RUA ROSALINA GOMES","9851.0",NULL,"MARIANA",900600,"1515433","RUA  ROSALINA GOMES","9851",NULL,"MARIANA","100.0","100.0","100.0","90.0","-8.7709675","-63.8194326","110020505100015","-8.771069","-63.819338","110020505100015","-8.771069","-63.819338","0","15.34464884","1","0",True,NULL
1196,"RUA ROSALINA GOMES","9991.0","ZONA LESTE","MARIANA",532306,"1515844","RUA  ROSALINA GOMES","9980",NULL,"MARIANA","100.0","99.89","100.0","89.98","-8.7706343","-63.8182842","110020505100015","-8.770924","-63.818159","110020505100016","-8.770924","-63.818159","0","35.02851057","1","11.35110829",False,True
1197,"RUA EQUADOR","2188.0",NULL,"NOVA PORTO VELHO",844872,"1367456","RUA  EQUADOR","2191","APARTAMENTO 502","NOVA PORTO VELHO","100.0","99.86","100.0","89.97","-8.757458700000004","-63.8768706","110020505070019","-8.757655","-63.877375","110020505070018","-8.757655","-63.877375","0","59.57559083","1","27.59630035",False,True
1198,"RODOVIA BR-364",NULL,"KM 24","ZONA RURAL",1509,"180194914","RODOVIA  BR 364","521","BARRACAO 1","PROJETO DE ASSENTAMENTO DIRIGIDO BURAREIRO","100.0",NULL,"19.23","100.0","-8.7639731","-63.8742916","110020505070020","-9.863406","-63.057612","110002305000084","-9.8633685","-63.057612","4.16981549","151577.58458976","1","150965.13307287",False,False
1199,"RUA RAIMUNDO CANTUARIA","3862.0","PREDIO ANEXO IGREJA","NOVA PORTO VELHO",580074,"92250756","AVENIDA  RAIMUNDO CANTUARIA","3802","TERREO","NOVA PORTO VELHO","100.0","98.45","100.0","89.69","-8.76598847","-63.8755085","110020505070021","-8.766141","-63.876284","110020505070021","-8.766129","-63.876284","1.33434096","86.89577694","1","0",True,NULL
1200,"RUA MANOEL LAURENTINO DE SOUZA","1299.0","ESCOLA","NOVA PORTO VELHO",776120,"1557704","RUA  MANOEL LAURENTINO DE SOUZA","1295",NULL,"NOVA PORTO VELHO","100.0","99.69","100.0","89.94","-8.764006266000004","-63.8782668","110020505070022","-8.763945","-63.877689","110020505070022","-8.763945","-63.877689","0","63.86277117","1","0",True,NULL
1201,"RUA MEXICO","1056.0",NULL,"NOVA PORTO VELHO",74282,"92251377","RUA  MEXICO","1056",NULL,"NOVA PORTO VELHO","100.0","100.0","100.0","90.0","-8.768632500000002","-63.8754712","110020505070023","-8.76834","-63.87574","110020505070023","-8.76834","-63.87574","0","43.93692005","1","0",True,NULL
1202,"RUA ALEXANDRE GUIMARAES","3862.0",NULL,"NOVA PORTO VELHO",73954,"99515252","RUA  ALEXANDRE GUIMARAES","3862",NULL,"NOVA PORTO VELHO","100.0","100.0","100.0","90.0","-8.768688300000004","-63.87812","110020505070023","-8.768294","-63.878286","110020505070023","-8.768294","-63.878286","0","47.48799682","1","0",True,NULL
1203,"AVENIDA CALAMA","4985.0","LOTE 994, QUADRA 169","FLODOALDO PONTES PINTO",840180,"1560673","AVENIDA  CALAMA","4985",NULL,"FLODOALDO PONTES PINTO","100.0","100.0","100.0","90.0","-8.745097100000002","-63.8715495","110020505070030","-8.74542","-63.871395","110020505070030","-8.74542","-63.871395","0","39.71748472","1","0",True,NULL
1204,"RUA MESTRE GABRIEL","5145.0",NULL,"FLODOALDO PONTES PINTO",840602,"1560454","RUA MESTRE GABRIEL","5145",NULL,"FLODOALDO PONTES PINTO","100.0","100.0","100.0","90.0","-8.742805000000002","-63.869931","110020505070030","-8.743007","-63.869841","110020505070030","-8.743007","-63.869841","0","24.5428613","1","0",True,NULL
1205,"RUA DA CASSITERITA","4608.0","CONJ MARECHAL RONDON","FLODOALDO PONTES PINTO",814463,"1560886","RUA  DA CASSITERITA","4608",NULL,"FLODOALDO PONTES PINTO","100.0","100.0","100.0","90.0","-8.742152300000004","-63.8753613","110020505070031","-8.742041","-63.875926","110020505070031","-8.742041","-63.875926","0","63.28431253","1","0",True,NULL
1206,"ALDEIA DO TONHAO KM 130",NULL,NULL,"ZONA RURAL",535663,"1627354","ALDEIA  ALDEINHA CURRAL","0",NULL,"VILHENA","100.0",NULL,"35.29","100.0","-10.9878534","-60.8009754","510757805000054","-11.670905","-60.189408","110030405000114","-11.670935","-60.189388","3.9838754","101067.4109939","1","100307.59668455",False,NULL
1207,"RUA NEREU RAMOS","4581.0",NULL,"REDONDO",371688,"1187815","RUA  NEREU RAMOS","4581",NULL,"REDONDO","100.0","100.0","100.0","90.0","-11.934471","-62.0028328","110001505000002","-11.934376","-62.003306","110001505000002","-11.934376","-62.003306","0","52.5528035","1","0",True,NULL
1208,"AVENIDA ALTA FLORESTA","2973.0",NULL,"PRINCESA IZABEL",76765,"109258256","TRAVESSA  ALTA FLORESTA","1914",NULL,"COQUEIRAL","100.0","64.38","25.0","82.88","-11.9239175","-62.0032528","110001505000006","-9.913889","-63.014976","110002305000125","-9.913889","-63.014976","0","249309.16575243","1","247564.62874437",False,NULL
1209,"RUA TERESINA",NULL,"PREDIO","REDONDO",118105,"1318983","RUA  TERESINA","738","BARRACAO INDUSTRIA","NOVA BRASILIA","100.0",NULL,"30.0","100.0","-11.92321819","-62.00246545","110001505000007","-10.891302","-61.923225","110012205000060","-10.891285","-61.923215","2.18302289","115068.60282736","1","113872.13641731",False,False
1210,"AVENIDA AMAPA","4503.0",NULL,"SANTA FELICIDADE",788712,"1190037","AVENIDA  AMAPA","4506","FUNDOS","SANTA FELICIDADE","100.0","99.93","100.0","89.99","-11.9246006","-61.9893275","110001505000011","-11.924974","-61.989176","110001505000011","-11.924959000000001","-61.9892255","5.6377481","44.67218086","1","0",True,NULL
1211,"RUA TANCREDO NEVES","4849.0",NULL,"SANTA FELICIDADE",68672,"180201853","RUA  TANCREDO NEVES","4849",NULL,"SANTA FELICIDADE","100.0","100.0","100.0","90.0","-11.924405","-61.985317","110001505000012","-11.9245","-61.985317","110001505000012","-11.9245","-61.985317","0","10.56353257","1","0",True,NULL
1212,"AVENIDA MATO GROSSO","3861.0",NULL,"CENTRO",333361,"1191563","AVENIDA  MATO GROSSO","3861",NULL,"CENTRO","100.0","100.0","100.0","90.0","-11.9273293","-61.995058","110001505000016","-11.92751","-61.995092","110001505000016","-11.92751","-61.995092","0","20.43059833","1","0",True,NULL
1213,"TERRA INDIGENA RIO BRANCO",NULL,"ALDEIA COLORADO","RURAL",897342,"98875626","RUA  TERRA","0","CASA","PLANALTO","100.0",NULL,"30.77","100.0","-11.928726","-61.995871","110001505000016","-8.731986","-63.837347","110020505000147","-8.732005","-63.837343000000004","2.15796176","408559.68464417","1","406826.67701433",False,NULL
1214,"TERRA INDIGENA RIO BRANCO",NULL,"ALDEIA CAJUI","RURAL",897342,"98875626","RUA  TERRA","0","CASA","PLANALTO","100.0",NULL,"30.77","100.0","-11.928726","-61.995871","110001505000016","-8.731986","-63.837347","110020505000147","-8.732005","-63.837343000000004","2.15796176","408559.68464417","1","406826.67701433",False,NULL
1215,"LINHA 16 DISTRITO DE NOVA ALINCA",NULL,"DISTRITO NOVAALIANCA",NULL,37851,"1229453","LINHA  16","0",NULL,"SERRA GRANDE","100.0",NULL,"0.0","100.0","-11.1899956","-62.4877038","110170805000020","-12.27008","-64.400694","110008005000026","-12.2691","-64.401081","116.80275656","240416.26958499","1","240054.24475547",False,False
1216,"LINHA T- 10, LOTE 01, GLEBA 16",NULL,"ESQUINA COM A C 40",NULL,584902,"1692931","GLEBA  1","0","BARRACAO","ASSENTAMENTO PADRE EZEQUIEL RAMIN","100.0",NULL,"0.0","100.0","-11.0335265","-62.5009848","110170805000022","-11.048582","-62.595987","110130205000009","-11.050633000000001","-62.596851","246.78484495","10502.52744763","1","4708.70120651",False,True
1217,"LINHA MA 04 KM 10",NULL,"SAO MARCOS","ZONA RURAL",594653,"180513131","LINHA  MA 4","0",NULL,"GLEBA MACHADINHO","100.0",NULL,"23.08","100.0","-9.6695137","-62.1013727","110175705000020","-9.691402","-62.121824","110175705000012","-9.6920975","-62.1229175","142.64097437","3308.92150165","1","2894.24749118",False,True
1218,"AVENIDA PRESIDENTE DUTRA","3603.0",NULL,"CENTRO",934879,"1735408","AVENIDA PRESIDENTE DUTRA","3602",NULL,"CENTRO","100.0","99.97","100.0","89.99","-9.8565403","-62.1780536","110175705000027","-9.864549","-62.177359","110175705000003","-9.864549","-62.177359","0","893.77326555","1","335.97503007",False,NULL
1219,"AV. TANCREDO NEVES","331.0","ATRAS DA PREFEITURA","SETOR 02",77502,"1197896","AVENIDA  TANCREDO NEVES","1501","ANDAR 3","SETOR 01","100.0","22.05","87.5","74.41","-9.8555488","-62.1771266","110175705000027","-9.91807","-63.034065","110002305000002","-9.918031","-63.034097","5.57598876","94129.25715575","1","93647.73743358",False,NULL
1220,"AVENIDA 23 DE AGOSTO","4492.0","PREDIO","CENTRO",907689,"1734700","AVENIDA  23 DE AGOSTO","4406",NULL,"CENTRO","100.0","98.09","100.0","89.62","-9.8570736","-62.173646","110175705000028","-9.858049","-62.173829","110175705000002","-9.858049","-62.173829","0","110.29703472","1","0",False,NULL
1221,"RUA PALMAS","1037.0",NULL,"CENTRO",621957,"215082268","RUA  PALMAS","1038",NULL,"CENTRO","100.0","99.9","100.0","89.98","-9.863662","-62.1753376","110175705000029","-9.863398","-62.173265","110175705000003","-9.863398","-62.173265","0","228.94613148","1","0",False,NULL
1222,"RUA XV DE NOVEMBRO COM/ RUA DAS ORQUIDEAS","2663.0","PROXIMA A PREFEITURA","SETOR 01",253640,"91998167","AVENIDA  XV DE NOVEMBRO","1273",NULL,"UNIAO","95.03","47.8","15.38","76.08","-10.427779","-62.1331797","110180705000001","-10.721466","-62.260717","110015505000002","-10.721464999999998","-62.260701","1.75159647","35507.63397497","1","34473.89267474",False,False
1223,"LINHA PA 13 ASSENTAMENTO PALMA ARRUDA",NULL,NULL,"ZONA RURAL",132551,"1738343","LINHA  PA 13","23",NULL,"IRAMACERA","100.0",NULL,"31.58","100.0","-9.7274288","-61.9162651","110175705000015","-9.728349","-61.911189","110175705000015","-9.729652","-61.9109455","147.3243766","565.65301603","1","0",True,NULL
1224,"LH 614 DISTRITO DE SANTA ROSA",NULL,"AVENIDA PRINCIPAL","ZONA RURAL",253499,"1740018","AVENIDA  SANTA ROSA","0",NULL,"SANTA ROSA","100.0",NULL,"50.0","100.0","-10.1974052","-62.0191485","110180705000006","-10.198936","-62.020067","110180705000006","-10.1988395","-62.020067499999996","10.73046471","197.68172637","1","0",True,NULL
1225,"LINHA 200 LOTE 04 GLEBA 26 KM 14",NULL,NULL,"ZONA RURAL",464963,"1547593","LOTE  14","0",NULL,"VILA CAMARGO","100.0",NULL,"27.27","100.0","-10.617233","-62.1815689","110180705000011","-11.138451","-62.128716","110025430000009","-11.138451","-62.128716","0","58243.52505865","1","55632.98303786",False,False
1226,"TERRA INDIGENA VALE DO GUAPORE - ALDEIA MAMAINDE CABIXI",NULL,"ALDEIA INDIGENA","ZONA RURAL",581021,"110643949","ALDEIA  ALDEIA INDIGENA","0",NULL,"ALDEIA INDIGENA JAMARI","100.0",NULL,"31.25","100.0","-13.2099978","-60.3133243","510330420000025","-10.552564","-63.186472","110100515000013","-10.552564","-63.186472","0","430158.86571843","1","429190.56924151",False,False
1227,"TERRA INDIGENA RIO BRANCO",NULL,"ALDEIA SAO LUIZ","RURAL",897342,"98875626","RUA  TERRA","0","CASA","PLANALTO","100.0",NULL,"30.77","100.0","-11.928726","-61.995871","110001505000016","-8.731986","-63.837347","110020505000147","-8.732005","-63.837343000000004","2.15796176","408559.68464417","1","406826.67701433",False,NULL
1228,"TERRA INDIGENA RIO BRANCO",NULL,"ALDEIA POCAO","RURAL",897342,"98875626","RUA  TERRA","0","CASA","PLANALTO","100.0",NULL,"30.77","100.0","-11.928726","-61.995871","110001505000016","-8.731986","-63.837347","110020505000147","-8.732005","-63.837343000000004","2.15796176","408559.68464417","1","406826.67701433",False,NULL
1229,"TERRA INDIGENA RIO BRANCO",NULL,"ALDEIA FIGUEIRA","RURAL",897342,"98875626","RUA  TERRA","0","CASA","PLANALTO","100.0",NULL,"30.77","100.0","-11.928726","-61.995871","110001505000016","-8.731986","-63.837347","110020505000147","-8.732005","-63.837343000000004","2.15796176","408559.68464417","1","406826.67701433",False,NULL
1230,"TERRA INDIGENA RIO BRANCO",NULL,"ALDEIA SERRINHA","RURAL",897342,"98875626","RUA  TERRA","0","CASA","PLANALTO","100.0",NULL,"30.77","100.0","-11.928726","-61.995871","110001505000016","-8.731986","-63.837347","110020505000147","-8.732005","-63.837343000000004","2.15796176","408559.68464417","1","406826.67701433",False,NULL
1231,"LINHA P 50 KM 22",NULL,"ZONA RURAL","LINHA P.50",482580,"110632020","LINHA  P 22","89",NULL,"JOEL P 22","100.0",NULL,"31.58","100.0","-12.12982012","-61.99334879","110001505000020","-12.176248","-61.729358","110029605000017","-12.176248","-61.729358","0","29157.28235949","1","29074.52008152",False,False
1232,"AV MINAS GERAIS ESQUINA COM A FORTALEZA","4405.0",NULL,"CIDADE ALTA",372072,"216096893","AVENIDA  MINAS GERAIS","4343",NULL,"CIDADE ALTA","100.0","98.59","100.0","89.72","-11.9326001","-61.983286","110001505000056","-11.93218","-61.985022","110001505000013","-11.93218","-61.985022","0","194.55481123","1","174.63116613",False,NULL
1233,"RUA FORTALEZA","4321.0",NULL,"CIDADE ALTA",372217,"91939134","RUA  FORTALEZA","4314",NULL,"CIDADE ALTA","100.0","99.84","100.0","89.97","-11.93184753","-61.9831682","110001505000056","-11.931914","-61.983537","110001505000013","-11.931914","-61.983537","0","40.79780775","1","12.54698493",False,NULL
1234,"AVENIDA BRASIL","2934.0",NULL,"REDONDO",696755,"217074476","AVENIDA  BRASIL","3088",NULL,"REDONDO","100.0","95.01","100.0","89.0","-11.9297843","-62.0035214","110001505000057","-11.929456","-62.001987","110001505000001","-11.929456","-62.001987","0","170.87770624","1","0",False,NULL
1235,"RUA ACRE ESQUINA COM AVENIDA NILO PECANHA","4357.0",NULL,"REDONDO",286103,"1188100","AVENIDA  NILO PECANHA","4858",NULL,"REDONDO","100.0","89.69","100.0","87.94","-11.93256197","-61.99928624","110001505000057","-11.933121","-62.004848","110001505000003","-11.933121","-62.004848","0","608.26087687","1","69.36293562",False,True
1236,"AVENIDA RIO DE JANEIRO","4776.0","ESCOLA","CIDADE ALTA",372092,"91939418","AVENIDA  RIO DE JANEIRO","4776",NULL,"CIDADE ALTA","100.0","100.0","100.0","90.0","-11.9309573","-61.9865132","110001505000059","-11.930747","-61.9865","110001505000013","-11.930747","-61.9865","0","23.42837936","1","0",False,NULL
1237,"AV. BAHIA","4598.0",NULL,"CIDADE ALTA",372382,"91939399","AVENIDA  BAHIA","4618",NULL,"CIDADE ALTA","100.0","99.57","100.0","89.91","-11.9318066","-61.9882186","110001505000059","-11.931601","-61.988054","110001505000013","-11.931601","-61.988054","0","29.04011392","1","0",False,NULL
1238,"LINHA 138 KM 100",NULL,"DISTRITO","IZIDOLANDIA",376006,"102290829","LINHA  138","0",NULL,"IZIDOLANDIA","100.0",NULL,"100.0","100.0","-12.60328476","-62.17533345","110001520000001","-12.612765","-62.176297","110001520000004","-12.6121445","-62.17627950000001","69.02267406","1059.32876156","1","435.80246736",False,True
1239,"LINHA 42,5 KM 17",NULL,NULL,NULL,604757,"97806514","LINHA  KM 17","0","CASA 1","BANDEIRA BRANCA","100.0",NULL,"0.0","100.0","-11.88567737","-62.06721101","110001505000069","-11.02825","-61.875336","110025425000002","-11.0283375","-61.8745755","83.57051122","97607.77381391","1","92810.43055268",False,False
1240,"LINHA 47,5",NULL,NULL,NULL,5960,"111065987","LINHA  47","0",NULL,"ALDEIA INDIGENA BARRANCO ALTO","100.0",NULL,"0.0","100.0","-11.91801765","-62.32095124","110001525000001","-12.046508","-62.544542","110001525000010","-11.922496","-62.544219999999996","13789.56870771","28206.71136009","1","27817.16525621",False,NULL
1241,"LINHA 105 COM A 152",NULL,"DISTR. DE FILADELFIA","ZONA RURAL",332946,"98781226","LINHA  155","155","CASA 11 LD DIR","ZONA RURAL","100.0",NULL,"100.0","100.0","-12.43655517","-62.0426595","110001515000001","-12.907402","-61.366647","110007205000022","-12.904425","-61.366783","331.35578372","90108.83184099","1","89754.36217568",False,False
1242,"LINHA 50 COM A 134",NULL,NULL,NULL,279407,"109040461","LINHA  154","0",NULL,"IZIDOLANDIA","100.0",NULL,"0.0","100.0","-11.94904005","-62.22953537","110001525000007","-12.686478","-62.035253","110001530000005","-12.686478","-62.037073","197.43434197","84672.11122491","1","64195.24952871",False,False
