"_id","_data_ingestion_id","_created_at","_updated_at","_geom","_geog","co_entidade","nu_ano_censo","sg_uf","co_municipio","no_municipio","no_distrito","co_distrito","no_entidade","tp_localizacao","tp_localizacao_diferenciada","ds_endereco","nu_endereco","ds_complemento","no_bairro","co_cep","fonte_geo","tipo_geo","latitude","longitude","cd_setor_2022","lat","lon","precisao","tipo_resultado","desvio_metros","endereco_encontrado","contagem_cnefe","empate","cd_setor_verdadeiro","cd_setor_resultante","med_lat","med_lon","dist_mediana","desvio_metros_final","rn","distancia_metros_setor","setor_correspondente","setor_vizinho_verdadeiro"
1,8,"2025-08-26 09:59:31-03","2025-08-26 09:59:31-03","0101000020E610000096AFCBF09F0E50C05B3FFD67CDDF28C0","0101000020E610000096AFCBF09F0E50C05B3FFD67CDDF28C0",11041420,2024,"RO",1100080,"Costa Marques","Costa Marques",110008005,"EPMEIF MARIA LUCINETE FIRMINO MIRANDA",2,0,"BR 429 KM 15",NULL,"ZONA RURAL",NULL,"76937000","Coordenadas Sede do Município","3","-12.437114","-64.228512","110008005000033","-12.259768923746275","-64.161521365258","municipio","dm01","44900","COSTA MARQUES - RO",5711,False,"110008005000033","110008005000011","-12.259768923746275","-64.161521365258","0","21019.62692116","1","20194.74108694",False,False
2,8,"2025-08-26 09:59:31-03","2025-08-26 09:59:31-03","0101000020E6100000E48409A3593D4FC0AF5A99F04BDD24C0","0101000020E6100000E48409A3593D4FC0AF5A99F04BDD24C0",11049057,2024,"RO",1100114,"Jaru","Jaru",110011405,"EIEEF JAVEVYRA",2,2,"LINHA 625 KM 95","S/N","AREA INDIGENA","ZONA RURAL","76890000","Coordenadas Sede do Município","3","-10.43222","-62.479298","110011405000029","-10.465247073210952","-62.49459800923825","municipio","dm01","61101","JARU - RO",16764,False,"110011405000029","110011405000052","-10.465247073210952","-62.49459800923825","0","4035.59811259","1","3954.31989744",False,False
7018,8,"2025-08-26 09:59:31-03","2025-08-26 09:59:31-03","0101000020E6100000BB922E47D9A44FC085B762DA920C24C0","0101000020E6100000BB922E47D9A44FC085B762DA920C24C0",11010932,2024,"RO",1101401,"Monte Negro","Monte Negro",110140105,"EMEIEF MARIO PALMERIO",2,0,"BR 421, LINHA C-50","LOTE 41",NULL,"ZONA RURAL","76888000","Catálogo de Escolas - agosto/2024","0","-10.0245579","-63.2878808","110140105000016","-10.231143613329785","-63.308743965355674","municipio","dm01","25311","MONTE NEGRO - RO",2370,False,"110140105000016","110140105000006","-10.231143613329785","-63.308743965355674","0","23084.55619506","1","19351.2485049",False,False
7035,8,"2025-08-26 09:59:31-03","2025-08-26 09:59:31-03","0101000020E61000007519A31A9BF44FC0B986BE60DC0E24C0","0101000020E61000007519A31A9BF44FC0B986BE60DC0E24C0",11041641,2024,"RO",1100452,"Buritis","Buritis",110045205,"EMEIEF TIRADENTES",2,0,"LINHA 01, MARCO 20",NULL,NULL,NULL,"76880000","Catálogo de Escolas - agosto/2024","0","-10.0290251","-63.9109834","110045205000026","-10.20447469169859","-63.83498092958366","municipio","dm01","16924","BURITIS - RO",3349,False,"110045205000026","110045205000002","-10.20447469169859","-63.83498092958366","0","21209.04492445","1","9687.31930464",False,False
7039,8,"2025-08-26 09:59:31-03","2025-08-26 09:59:31-03","0101000020E6100000BEC92544AF2C4FC0A185048C2E0F24C0","0101000020E6100000BEC92544AF2C4FC0A185048C2E0F24C0",11040238,2024,"RO",1101609,"Theobroma","Theobroma",110160905,"EMEIEF MANOEL RIBEIRO",2,1,"AVENIDA BRASIL Nº 2443",NULL,"AREA ASSENTAMENTO","ZONA RURAL","76866000","Catálogo de Escolas - agosto/2024","0","-10.029652","-62.3490987","110160905000016","-10.159759542664064","-62.385572742930464","municipio","dm01","28461","THEOBROMA - RO",1707,False,"110160905000016","110160905000012","-10.159759542664064","-62.385572742930464","0","15008.22906867","1","14391.3366211",False,False
7077,8,"2025-08-26 09:59:31-03","2025-08-26 09:59:31-03","0101000020E6100000EBC37AA3563C4FC047640E38011824C0","0101000020E6100000EBC37AA3563C4FC047640E38011824C0",11047240,2024,"RO",1101609,"Theobroma","Theobroma",110160905,"EMEIEF JOSUE DE CASTRO",2,1,"LH C-50 ASSENTAMENTO ANTONIO CONSELHEIRO I",NULL,"AREA DE ASSENTAMENTO","ZONA RURAL","76866000","Catálogo de Escolas - agosto/2024","0","-10.0468843","-62.471394","110160905000012","-10.159759542664064","-62.385572742930464","municipio","dm01","28461","THEOBROMA - RO",1707,False,"110160905000012","110160905000012","-10.159759542664064","-62.385572742930464","0","15677.89513904","1","0",True,NULL
7144,8,"2025-08-26 09:59:31-03","2025-08-26 09:59:31-03","0101000020E6100000B283C623239B4FC073A81931372624C0","0101000020E6100000B283C623239B4FC073A81931372624C0",11011106,2024,"RO",1101401,"Monte Negro","Monte Negro",110140105,"EMEIEF SANTA LUCIA",2,0,"BR 421 KM 25 LOTE 10","S/N","PREDIO PROPRIO","ZONA RURAL","76888000","Catálogo de Escolas - agosto/2024","0","-10.07463983","-63.21200988","110140105000017","-10.231143613329785","-63.308743965355674","municipio","dm01","25311","MONTE NEGRO - RO",2370,False,"110140105000017","110140105000006","-10.231143613329785","-63.308743965355674","0","20370.30302572","1","7376.38351241",False,True
7188,8,"2025-08-26 09:59:31-03","2025-08-26 09:59:31-03","0101000020E61000004E7C39DCDC7A4FC0A59BCC91F83124C0","0101000020E61000004E7C39DCDC7A4FC0A59BCC91F83124C0",11007346,2024,"RO",1100023,"Ariquemes","Ariquemes",110002305,"EMEIEF JORGE LUIZ MOULAZ",2,0,"BR 364 KM 491 - CAJAZEIRAS","KM 491",NULL,"ZONA RURAL","76878899","Catálogo de Escolas - agosto/2024","0","-10.09759956","-62.95986512","110002305000097","-9.914413869624408","-63.03236814099321","municipio","dm01","55536","ARIQUEMES - RO",35565,False,"110002305000097","110002305000001","-9.914413869624408","-63.03236814099321","0","21861.92076506","1","19548.68508289",False,False
7194,8,"2025-08-26 09:59:31-03","2025-08-26 09:59:31-03","0101000020E6100000A8E8A3E7711C4FC01D5723BBD23224C0","0101000020E6100000A8E8A3E7711C4FC01D5723BBD23224C0",11041692,2024,"RO",1101609,"Theobroma","Theobroma",110160905,"EMEIEF JOSILEI DA SILVA NASCIMENTO",2,0,"LINHA 605 KM 45 TV 10",NULL,"RURAL","RURAL","76866000","Catálogo de Escolas - agosto/2024","0","-10.099264","-62.2222261","110160905000004","-10.239700230685147","-62.39457633278587","localidade","db01","8032","RURAL, THEOBROMA - RO",12,False,"110160905000004","110160905000008","-10.239700230685147","-62.39457633278587","0","24488.40874585","1","17089.38846963",False,False
7208,8,"2025-08-26 09:59:31-03","2025-08-26 09:59:31-03","0101000020E610000081B80611840550C01D1EC2F8693C24C0","0101000020E610000081B80611840550C01D1EC2F8693C24C0",11062800,2024,"RO",1100452,"Buritis","Buritis",110045205,"EMEIEF MARIA MARTA BRAGA",2,0,"LINHA 3 KM 35 PA SAO DOMINGOS",NULL,NULL,NULL,"76880000","Catálogo de Escolas - agosto/2024","0","-10.117996","-64.0861857","110045205000027","-10.20447469169859","-63.83498092958366","municipio","dm01","16924","BURITIS - RO",3349,False,"110045205000027","110045205000002","-10.20447469169859","-63.83498092958366","0","29127.67082324","1","21825.69061046",False,False
7210,8,"2025-08-26 09:59:31-03","2025-08-26 09:59:31-03","0101000020E61000001D1549055F904FC0A318C517923C24C0","0101000020E61000001D1549055F904FC0A318C517923C24C0",11041986,2024,"RO",1100023,"Ariquemes","Ariquemes",110002305,"EMEIEF PAULINA MAFINI",2,0,"AREA RURAL",NULL,"JOELANDIA","AREA RURAL DE ARIQUEMES","76878899","Catálogo de Escolas - agosto/2024","0","-10.1183021","-63.1278998","110002305000129","-9.914413869624408","-63.03236814099321","municipio","dm01","55536","ARIQUEMES - RO",35565,False,"110002305000129","110002305000001","-9.914413869624408","-63.03236814099321","0","24968.33821331","1","24731.11419613",False,False
7322,8,"2025-08-26 09:59:31-03","2025-08-26 09:59:31-03","0101000020E61000001BD5E940D6F34FC082EA7AFDA44D24C0","0101000020E61000001BD5E940D6F34FC082EA7AFDA44D24C0",11044306,2024,"RO",1100452,"Buritis","Buritis",110045205,"EMEIEF JOSE AMERICO DE ALMEIDA",2,0,"LINHA 20, KM 12 GLEBA 05 LOTE 29",NULL,NULL,NULL,"76880000","Catálogo de Escolas - agosto/2024","0","-10.1516494","-63.904976","110045205000039","-10.20447469169859","-63.83498092958366","municipio","dm01","16924","BURITIS - RO",3349,False,"110045205000039","110045205000002","-10.20447469169859","-63.83498092958366","0","9653.39600577","1","535.01921063",False,False
7355,8,"2025-08-26 09:59:31-03","2025-08-26 09:59:31-03","0101000020E6100000D79B621FAEA84FC0062B4EB5165224C0","0101000020E6100000D79B621FAEA84FC0062B4EB5165224C0",11043210,2024,"RO",1101401,"Monte Negro","Monte Negro",110140105,"EMEIEF FRANCISCO DOS SANTOS",2,0,"BR 421, L. C. 35, KM 10","S/N",NULL,"ZONA RURAL","76888000","Catálogo de Escolas - agosto/2024","0","-10.1603295","-63.3178138","110140105000014","-10.231143613329785","-63.308743965355674","municipio","dm01","25311","MONTE NEGRO - RO",2370,False,"110140105000014","110140105000006","-10.231143613329785","-63.308743965355674","0","7936.49615336","1","5317.77797261",False,True
7499,8,"2025-08-26 09:59:31-03","2025-08-26 09:59:31-03","0101000020E6100000385ECB7564D64FC04F5D54E6416124C0","0101000020E6100000385ECB7564D64FC04F5D54E6416124C0",11044292,2024,"RO",1100452,"Buritis","Buritis",110045205,"EMEIEF JOSE BONIFACIO DE ANDRADA E SILVA",2,0,"LINHA C 34, PA RIO ALTO KM 25",NULL,NULL,NULL,"76880000","Catálogo de Escolas - agosto/2024","0","-10.1899559","-63.6749408","110045205000040","-10.20447469169859","-63.83498092958366","municipio","dm01","16924","BURITIS - RO",3349,False,"110045205000040","110045205000002","-10.20447469169859","-63.83498092958366","0","17588.82573322","1","11014.44083142",False,False
7507,8,"2025-08-26 09:59:31-03","2025-08-26 09:59:31-03","0101000020E61000000EE5FA2DF0234FC0F03A76AB426224C0","0101000020E61000000EE5FA2DF0234FC0F03A76AB426224C0",11041340,2024,"RO",1101609,"Theobroma","Theobroma",110160905,"EMEIEF JOAO MARQUES FERREIRA",2,0,"RO 133 KM 15 TV 04",NULL,"ZONA RURAL","ZONA RURAL","76866000","Catálogo de Escolas - agosto/2024","0","-10.1919149","-62.2807672","110160905000021","-10.159759542664064","-62.385572742930464","municipio","dm01","28461","THEOBROMA - RO",1707,False,"110160905000021","110160905000012","-10.159759542664064","-62.385572742930464","0","12014.89857357","1","11367.07509416",False,False
7529,8,"2025-08-26 09:59:31-03","2025-08-26 09:59:31-03","0101000020E61000003CA2427573024FC0E51E5C4B126524C0","0101000020E61000003CA2427573024FC0E51E5C4B126524C0",11021217,2024,"RO",1101807,"Vale do Paraíso","Vale do Paraíso",110180705,"EMEIEF JORGE TEIXEIRA",2,0,"LH 614 DISTRITO DE SANTA ROSA","S /Nº","AVENIDA PRINCIPAL","ZONA RURAL","76923000","Catálogo de Escolas - agosto/2024","0","-10.1974052","-62.0191485","110180705000006","-10.404200605688423","-62.11682692231803","municipio","dm01","25449","VALE DO PARAISO - RO",1221,False,"110180705000006","110180705000004","-10.404200605688423","-62.11682692231803","0","25356.4588237","1","24410.71643002",False,False
7534,8,"2025-08-26 09:59:31-03","2025-08-26 09:59:31-03","0101000020E61000009A63D410B0EA4FC05EE7F05A536624C0","0101000020E61000009A63D410B0EA4FC05EE7F05A536624C0",11047399,2024,"RO",1100452,"Buritis","Buritis",110045205,"EMEIEF JOSUE DE CASTRO",1,0,"AV RONDONIA ESQUINA COM PETROPOLIS","2109",NULL,"SETOR 06","76880000","Catálogo de Escolas - agosto/2024","0","-10.1998547","-63.8334981","110045205000061","-10.20447469169859","-63.83498092958366","municipio","dm01","16924","BURITIS - RO",3349,False,"110045205000061","110045205000002","-10.20447469169859","-63.83498092958366","0","538.7413231","1","180.34309952",False,True
7536,8,"2025-08-26 09:59:31-03","2025-08-26 09:59:31-03","0101000020E61000005F0196A652EA4FC05E13D21A836624C0","0101000020E61000005F0196A652EA4FC05E13D21A836624C0",11039582,2024,"RO",1100452,"Buritis","Buritis",110045205,"EEEMTI MARECHAL RONDON",1,0,"RUA CHUPINGUAIA","2220","ESCOLA","SETOR 04","76880000","Catálogo de Escolas - agosto/2024","0","-10.200219","-63.8306473","110045205000060","-10.200190544128418","-63.83049392700195","numero","dn03","6","RUA CHUPINGUAIA, 2220 - SETOR 04, BURITIS - RO, 76880-000",1,False,"110045205000060","110045205000060","-10.200190544128418","-63.83049392700195","0","17.08041748","1","0",True,NULL
7538,8,"2025-08-26 09:59:31-03","2025-08-26 09:59:31-03","0101000020E6100000B1D039059AE94FC07D9F3FA7FF6624C0","0101000020E6100000B1D039059AE94FC07D9F3FA7FF6624C0",11044187,2024,"RO",1100452,"Buritis","Buritis",110045205,"EMEIEF SEBASTIAO THEODORO BERNARDO FILHO",1,0,"RUA FORTE PRINCIPE DA BEIRA","1506","ESCOLA","SETOR 05","76880000","Catálogo de Escolas - agosto/2024","0","-10.20116923","-63.82501283","110045205000004","-10.196229818034974","-63.825947297822445","localidade","db01","407","SETOR 05, BURITIS - RO",345,False,"110045205000004","110045205000043","-10.196229818034974","-63.825947297822445","0","558.6780307","1","406.5103677",False,True
7550,8,"2025-08-26 09:59:31-03","2025-08-26 09:59:31-03","0101000020E61000004477FF0EFBEA4FC06B8B21EF0B6A24C0","0101000020E61000004477FF0EFBEA4FC06B8B21EF0B6A24C0",11045914,2024,"RO",1100452,"Buritis","Buritis",110045205,"EEEFM MARIA DE ABREU BIANCO",1,0,"AV. FOZ DO IGUACU","2400",NULL,"SETOR 03","76880000","Catálogo de Escolas - agosto/2024","0","-10.2071223","-63.8357867","110045205000002","-10.2046006827185","-63.83165253382649","localidade","db01","555","SETOR 03, BURITIS - RO",1037,False,"110045205000002","110045205000009","-10.2046006827185","-63.83165253382649","0","532.26689654","1","96.9490257",False,True
7552,8,"2025-08-26 09:59:31-03","2025-08-26 09:59:31-03","0101000020E61000007E62AE5637EA4FC0B876A224246A24C0","0101000020E61000007E62AE5637EA4FC0B876A224246A24C0",11004428,2024,"RO",1100452,"Buritis","Buritis",110045205,"EEEFM BURITI",1,0,"RUA BARRETOS","1870",NULL,"SETOR 03","76880000","Catálogo de Escolas - agosto/2024","0","-10.207307","-63.8298138","110045205000008","-10.20567825797421","-63.83430454954461","numero_aproximado","da03","6","RUA BARRETOS, 1870 (aprox) - SETOR 03, BURITIS - RO",1,False,"110045205000008","110045205000002","-10.20567825797421","-63.83430454954461","0","523.75625133","1","126.70862447",False,True
7556,8,"2025-08-26 09:59:31-03","2025-08-26 09:59:31-03","0101000020E61000006CED7DAA0AEB4FC0706072A3C86A24C0","0101000020E61000006CED7DAA0AEB4FC0706072A3C86A24C0",11051221,2024,"RO",1100452,"Buritis","Buritis",110045205,"QI ESCOLA DE PROFISSOES-CENTRO DE ENSINO DEKOLE DE BURITIS",1,0,"AVENIDA AYRTON SENNA","2454","PREDIO","SETOR 3","76880000","Google 2025","1","-10.208562","-63.836263","110045205000002","-10.208241043613567","-63.83811431468145","numero_aproximado","da04","6","AVENIDA AYRTON SENNA, 2454 (aprox) - SETOR 07, BURITIS - RO",1,False,"110045205000002","110045205000063","-10.208241043613567","-63.83811431468145","0","205.7176596","1","107.06917289",False,True
7564,8,"2025-08-26 09:59:31-03","2025-08-26 09:59:31-03","0101000020E6100000ACF82B09F5EB4FC0763CC159A56B24C0","0101000020E6100000ACF82B09F5EB4FC0763CC159A56B24C0",11046341,2024,"RO",1100452,"Buritis","Buritis",110045205,"CRECHE CHAPEUZINHO VERMELHO",1,0,"AVENIDA RONDONIA","2214","SETOR 06",NULL,"76880000","Catálogo de Escolas - agosto/2024","0","-10.2102459","-63.8434154","110045205000064","-10.203924519162225","-63.83498289608964","numero_aproximado","da04","6","AVENIDA RONDONIA, 2214 (aprox) - SETOR 03, BURITIS - RO",2,False,"110045205000064","110045205000002","-10.203924519162225","-63.83498289608964","0","1160.02671814","1","637.4817785",False,False
7566,8,"2025-08-26 09:59:31-03","2025-08-26 09:59:31-03","0101000020E610000018528F7E45E94FC0D11044CCDB6B24C0","0101000020E610000018528F7E45E94FC0D11044CCDB6B24C0",11045558,2024,"RO",1100452,"Buritis","Buritis",110045205,"EMEIEF PAULO FREIRE",1,0,"RUA MARECHAL HERMES DA FONSECA","1370",NULL,"SETOR 02","76880000","Catálogo de Escolas - agosto/2024","0","-10.2106613","-63.8224333","110045205000016","-10.20629153781467","-63.825105616251626","localidade","db01","370","SETOR 02, BURITIS - RO",474,False,"110045205000016","110045205000005","-10.20629153781467","-63.825105616251626","0","567.11435497","1","253.33926031",False,True
7573,8,"2025-08-26 09:59:31-03","2025-08-26 09:59:31-03","0101000020E6100000AAF1D24D62EA4FC0FED137691A6C24C0","0101000020E6100000AAF1D24D62EA4FC0FED137691A6C24C0",11049278,2024,"RO",1100452,"Buritis","Buritis",110045205,"INSTITUICAO DE ENSINO MUNDO FELIZ DE EDUCACAO INFANTIL FUNDAMENTAL E MEDIO",1,0,"RUA ARIQUEMES","1215",NULL,"SETOR 02","76880000","Catálogo de Escolas - agosto/2024","0","-10.211139","-63.831125","110045205000007","-10.207268264125466","-63.82523832498817","numero_aproximado","da03","6","RUA ARIQUEMES, 1215 (aprox) - SETOR 02, BURITIS - RO",1,False,"110045205000007","110045205000005","-10.207268264125466","-63.82523832498817","0","774.75857795","1","669.38147983",False,False
7574,8,"2025-08-26 09:59:31-03","2025-08-26 09:59:31-03","0101000020E61000005ECF7C7324EC4FC060E4654D2C6C24C0","0101000020E61000005ECF7C7324EC4FC060E4654D2C6C24C0",11045906,2024,"RO",1100452,"Buritis","Buritis",110045205,"EMEIEF FRANCISCO JOSE CHIQUILITO ERSE",1,0,"RUA ANNA MARIA KLEIN","2030",NULL,"SETOR 07","76880000","Catálogo de Escolas - agosto/2024","0","-10.2112755","-63.8448624","110045205000052","-10.210034744213738","-63.84400590648242","numero_aproximado","pa03","6","RUA ANA MARIA KLEN, 2030 (aprox) - SETOR 07, BURITIS - RO",1,False,"110045205000052","110045205000064","-10.210034744213738","-63.84400590648242","0","166.79277213","1","99.05907352",False,True
7576,8,"2025-08-26 09:59:31-03","2025-08-26 09:59:31-03","0101000020E6100000EA99B91B9FEB4FC01BFBED467A6C24C0","0101000020E6100000EA99B91B9FEB4FC01BFBED467A6C24C0",11044420,2024,"RO",1100452,"Buritis","Buritis",110045205,"ESCOLA DE ENSINO ESPECIAL SONHO MEU - APAE",1,0,"RUA BRASILIA","2790","QUADRA 33","SETOR 07","76880000","Catálogo de Escolas - agosto/2024","0","-10.2118704","-63.8407931","110045205000063","-10.211493401186933","-63.841205569395484","numero_aproximado","da03","6","RUA BRASILIA, 2790 (aprox) - SETOR 07, BURITIS - RO",1,False,"110045205000063","110045205000064","-10.211493401186933","-63.841205569395484","0","61.60165975","1","8.51655375",False,True
7590,8,"2025-08-26 09:59:31-03","2025-08-26 09:59:31-03","0101000020E6100000A81C93C5FDE94FC072135A7B446D24C0","0101000020E6100000A81C93C5FDE94FC072135A7B446D24C0",11042028,2024,"RO",1100452,"Buritis","Buritis",110045205,"EEEFM PROF ELVANDAS MARIA DE SIQUEIRA",1,0,"AVENIDA PORTO VELHO","880","ESCOLA","CENTRO","76880000","Catálogo de Escolas - agosto/2024","0","-10.2134131","-63.828057","110045205000006","-10.206896046163795","-63.82758375311219","numero_aproximado","da04","6","AVENIDA PORTO VELHO, 880 (aprox) - SETOR 02, BURITIS - RO",1,True,"110045205000006","110045205000005","-10.202689949927036","-63.82754953455816","467.71219783","726.51257409","1","584.94083905",False,False
7643,8,"2025-08-26 09:59:31-03","2025-08-26 09:59:31-03","0101000020E6100000A9C53B1B4DEA4FC02954DC5D0C7224C0","0101000020E6100000A9C53B1B4DEA4FC02954DC5D0C7224C0",11044225,2024,"RO",1100452,"Buritis","Buritis",110045205,"EMEIEF PEDRO EUGENIO MARCILIO",1,0,"RUA PADRE FIOVO CAMAIONE","1844",NULL,"BAIRRO NOVA PORTO VELHO","76880000","Catálogo de Escolas - agosto/2024","0","-10.2227506","-63.8304781","110045205000056","-10.20447469169859","-63.83498092958366","municipio","dm01","16924","BURITIS - RO",3349,False,"110045205000056","110045205000002","-10.20447469169859","-63.83498092958366","0","2091.07898079","1","1951.91761229",False,False
7723,8,"2025-08-26 09:59:31-03","2025-08-26 09:59:31-03","0101000020E61000003D29F644155D4FC00E64E2FB877D24C0","0101000020E61000003D29F644155D4FC00E64E2FB877D24C0",11007443,2024,"RO",1100023,"Ariquemes","Ariquemes",110002305,"EMEIEF MAFALDA RODRIGUES",2,0,"AREA RURAL",NULL,NULL,"AREA RURAL DE ARIQUEMES","76878899","Catálogo de Escolas - agosto/2024","0","-10.2451781","-62.72721159","110002305000087","-9.914413869624408","-63.03236814099321","municipio","dm01","55536","ARIQUEMES - RO",35565,False,"110002305000087","110002305000001","-9.914413869624408","-63.03236814099321","0","49687.25262334","1","36246.58104588",False,False
7726,8,"2025-08-26 09:59:31-03","2025-08-26 09:59:31-03","0101000020E610000087D4FE18842C4FC0EA0F83AF9E7D24C0","0101000020E610000087D4FE18842C4FC0EA0F83AF9E7D24C0",11116820,2024,"RO",1101609,"Theobroma","Theobroma",110160905,"CMEJA PAULO FREIRE",1,0,"AVENIDA DOS PIONEIROS","1468","CENTRO","01","76866000","Catálogo de Escolas - agosto/2024","0","-10.2453513","-62.3477813","110160905000001","-10.245422302034639","-62.34747391900631","numero_aproximado","da04","6","AVENIDA DOS PIONEIROS, 1468 (aprox) - CENTRO, THEOBROMA - RO",1,False,"110160905000001","110160905000001","-10.245422302034639","-62.34747391900631","0","34.54846062","1","0",True,NULL
7732,8,"2025-08-26 09:59:31-03","2025-08-26 09:59:31-03","0101000020E61000008EE6C8CA2FA54FC0FE800706107E24C0","0101000020E61000008EE6C8CA2FA54FC0FE800706107E24C0",11038144,2024,"RO",1101401,"Monte Negro","Monte Negro",110140105,"EMEIEF JUSTINO LUIZ RONCONI",2,0,"BR 421, KM 74","S/N",NULL,"ZONA RURAL","76888000","Coordenadas Sede do Município","3","-10.246216","-63.290521","110140105000007","-10.231143613329785","-63.308743965355674","municipio","dm01","25311","MONTE NEGRO - RO",2370,False,"110140105000007","110140105000006","-10.231143613329785","-63.308743965355674","0","2604.81785825","1","118.6078333",False,True
7734,8,"2025-08-26 09:59:31-03","2025-08-26 09:59:31-03","0101000020E61000006049A8CFC42C4FC0A81721E1207E24C0","0101000020E61000006049A8CFC42C4FC0A81721E1207E24C0",11020326,2024,"RO",1101609,"Theobroma","Theobroma",110160905,"EEEFM PRIMAVERA",1,0,"AV. 13 DE FEVEREIRO","1460","PREDIO","CENTRO","76866000","Catálogo de Escolas - agosto/2024","0","-10.2463446","-62.3497562","110160905000002","-10.245966330096497","-62.349343200228105","localidade","db01","926","CENTRO, THEOBROMA - RO",847,False,"110160905000002","110160905000001","-10.245966330096497","-62.349343200228105","0","61.7368125","1","33.72726838",False,True
7738,8,"2025-08-26 09:59:31-03","2025-08-26 09:59:31-03","0101000020E610000062E843DDA8904FC0900B9435667F24C0","0101000020E610000062E843DDA8904FC0900B9435667F24C0",11043067,2024,"RO",1100601,"Cacaulândia","Cacaulândia",110060105,"EMEF VALDIR ALBERTON",2,0,"LINHA C 25 RO 144 TB 40","000",NULL,"ZONA RURAL","76889000","Catálogo de Escolas - agosto/2024","0","-10.24882667","-63.13015333","110060105000012","-10.340015421010028","-62.89406063580754","municipio","dm01","17497","CACAULANDIA - RO",626,False,"110060105000012","110060105000003","-10.340015421010028","-62.89406063580754","0","27748.69363561","1","26965.85116864",False,False
7741,8,"2025-08-26 09:59:31-03","2025-08-26 09:59:31-03","0101000020E6100000A1C7DE41A2A64FC008ADEA59CE7F24C0","0101000020E6100000A1C7DE41A2A64FC008ADEA59CE7F24C0",11044748,2024,"RO",1101401,"Monte Negro","Monte Negro",110140105,"CMEI SAO FRANCISCO DE ASSIS",1,0,"AVENIDA 02","S/N",NULL,"SETOR 04","76888000","Catálogo de Escolas - agosto/2024","0","-10.24962121","-63.3018267","110140105000028","-10.231143613329785","-63.308743965355674","municipio","dm01","25311","MONTE NEGRO - RO",2370,False,"110140105000028","110140105000006","-10.231143613329785","-63.308743965355674","0","2189.60555071","1","2054.29946947",False,True
7743,8,"2025-08-26 09:59:31-03","2025-08-26 09:59:31-03","0101000020E610000062669FC7282C4FC05454FD4AE77F24C0","0101000020E610000062669FC7282C4FC05454FD4AE77F24C0",11049138,2024,"RO",1101609,"Theobroma","Theobroma",110160905,"CMEI JEREMIAS ANTERO DIAS",1,0,"RUA ULISSES GUIMARAES","2302",NULL,"CENTRO","76866000","Catálogo de Escolas - agosto/2024","0","-10.2498115","-62.3449945","110160905000001","-10.245966330096497","-62.349343200228105","localidade","db01","926","CENTRO, THEOBROMA - RO",847,False,"110160905000001","110160905000001","-10.245966330096497","-62.349343200228105","0","639.71455188","1","0",True,NULL
7765,8,"2025-08-26 09:59:31-03","2025-08-26 09:59:31-03","0101000020E6100000A18A76700BA64FC083088211458224C0","0101000020E6100000A18A76700BA64FC083088211458224C0",11046082,2024,"RO",1101401,"Monte Negro","Monte Negro",110140105,"EMEF MARIA DE ABREU BIANCO",1,0,"RUA JOSE VALADARES","S/N","PREDIO","SETOR 03","76888000","Catálogo de Escolas - agosto/2024","0","-10.2544332","-63.2972241","110140105000029","-10.260379016399384","-63.29206347465515","logradouro","dl04","65","RUA JOSE VALADARES - CENTRO, MONTE NEGRO - RO",17,False,"110140105000029","110140105000001","-10.260379016399384","-63.29206347465515","0","869.45953321","1","628.24545491",False,False
7786,8,"2025-08-26 09:59:31-03","2025-08-26 09:59:31-03","0101000020E61000002BC47EAA65E24FC0F798A322A98424C0","0101000020E61000002BC47EAA65E24FC0F798A322A98424C0",11044233,2024,"RO",1100452,"Buritis","Buritis",110045205,"EMEIEF MARIA ALVES DE SOUZA",2,0,"LINHA C 15, KM 11 ,MARCO SATELITE",NULL,NULL,NULL,"76880000","Catálogo de Escolas - agosto/2024","0","-10.2591029","-63.7687276","110045205000024","-10.20447469169859","-63.83498092958366","municipio","dm01","16924","BURITIS - RO",3349,False,"110045205000024","110045205000002","-10.20447469169859","-63.83498092958366","0","9458.27976702","1","4741.90993171",False,False
7790,8,"2025-08-26 09:59:31-03","2025-08-26 09:59:31-03","0101000020E6100000892650C422A64FC0857CD0B3598524C0","0101000020E6100000892650C422A64FC0857CD0B3598524C0",11051019,2024,"RO",1101401,"Monte Negro","Monte Negro",110140105,"CMEI CRIANCA FELIZ",1,0,"AV. GOVERNADOR JORGE TEIXEIRA","3170",NULL,"SETOR BELA VISTA","76888000","Google 2025","2","-10.26045","-63.297936","110140105000002","-10.256197336648343","-63.30205666426756","numero_aproximado","da04","6","AVENIDA GOVERNADOR JORGE TEIXEIRA, 3170 (aprox) - SETOR 02, MONTE NEGRO - RO",1,False,"110140105000002","110140105000025","-10.256197336648343","-63.30205666426756","0","653.37405901","1","462.78012579",False,False
7795,8,"2025-08-26 09:59:31-03","2025-08-26 09:59:31-03","0101000020E610000090D97A0238A64FC0B9CB555EB88624C0","0101000020E610000090D97A0238A64FC0B9CB555EB88624C0",11010665,2024,"RO",1101401,"Monte Negro","Monte Negro",110140105,"EEEFM AURELIO BUARQUE DE HOLANDA FERREIRA",1,0,"RUA JUSTINO LUIZ RONCONI","2122",NULL,"SETOR 01","76888000","Catálogo de Escolas - agosto/2024","0","-10.26312537","-63.29858428","110140105000002","-10.231143613329785","-63.308743965355674","municipio","dm01","25311","MONTE NEGRO - RO",2370,False,"110140105000002","110140105000006","-10.231143613329785","-63.308743965355674","0","3725.92370935","1","3238.9207431",False,False
7797,8,"2025-08-26 09:59:31-03","2025-08-26 09:59:31-03","0101000020E6100000F44D9A0645A64FC0153C2232EE8624C0","0101000020E6100000F44D9A0645A64FC0153C2232EE8624C0",11010940,2024,"RO",1101401,"Monte Negro","Monte Negro",110140105,"EEEFM MATO GROSSO",1,0,"RUA JUSTINO LUIZ RONCONI","2080","SETOR 01","SETOR 01","76888000","Catálogo de Escolas - agosto/2024","0","-10.26353604","-63.2989815","110140105000002","-10.231143613329785","-63.308743965355674","municipio","dm01","25311","MONTE NEGRO - RO",2370,False,"110140105000002","110140105000006","-10.231143613329785","-63.308743965355674","0","3756.94398188","1","3238.9207431",False,False
7802,8,"2025-08-26 09:59:31-03","2025-08-26 09:59:31-03","0101000020E610000069092A91E10350C0B89CE0D5518724C0","0101000020E610000069092A91E10350C0B89CE0D5518724C0",11076801,2024,"RO",1100700,"Campo Novo de Rondôni","Campo Novo de Rondônia",110070005,"EEEFM RUTH ROCHA",2,0,"RUA CASTRO ALVES - DISTRITO RIO BRANCO","SN","DISTRITO RIO BRANCO","AREA RURAL","76887000","Catálogo de Escolas - agosto/2024","0","-10.26429623","-64.06064252","110070005000009",NULL,NULL,NULL,NULL,NULL,NULL,NULL,False,"110070005000009",NULL,NULL,NULL,NULL,NULL,"1",NULL,NULL,NULL
7803,8,"2025-08-26 09:59:31-03","2025-08-26 09:59:31-03","0101000020E6100000B6FCFA00E80350C04E17D64B5B8724C0","0101000020E6100000B6FCFA00E80350C04E17D64B5B8724C0",11039779,2024,"RO",1100700,"Campo Novo de Rondôni","Campo Novo de Rondônia",110070005,"EMEIEF RIO BRANCO",2,0,"LH 02 BR 421","S /Nº","DISTRITO RIO BRANCO","RURAL","76887000","Catálogo de Escolas - agosto/2024","0","-10.26436841","-64.06103539","110070005000009",NULL,NULL,NULL,NULL,NULL,NULL,NULL,False,"110070005000009",NULL,NULL,NULL,NULL,NULL,"1",NULL,NULL,NULL
7814,8,"2025-08-26 09:59:31-03","2025-08-26 09:59:31-03","0101000020E6100000376896A13D1250C02A4E7B6BDC8824C0","0101000020E6100000376896A13D1250C02A4E7B6BDC8824C0",11046945,2024,"RO",1100338,"Nova Mamoré","Jacynópolis",110033812,"EMEIF OZEIAS MARTINS DA SILVA",1,0,"LOCALIZADA NA RUA MARECHAL RONDOM","1212","SETOR 1","ZONA RURAL","76857000","Catálogo de Escolas - agosto/2024","0","-10.26730667","-64.28501167","110033812000012","-10.380757582804163","-65.03814795741512","municipio","dm01","88437","NOVA MAMORE - RO",4845,False,"110033812000012","110033820000019","-10.380757582804163","-65.03814795741512","0","83349.38363897","1","82468.89050224",False,False
7822,8,"2025-08-26 09:59:31-03","2025-08-26 09:59:31-03","0101000020E61000008EC3686F131250C08ADED2FFAC8A24C0","0101000020E61000008EC3686F131250C08ADED2FFAC8A24C0",11049855,2024,"RO",1100338,"Nova Mamoré","Jacynópolis",110033812,"EEEFM PEDRO MENDES CARDOSO",1,0,"ZONA URBANA","S/N","DISTRITO JACINOPOLIS","CENTRO","76857000","Catálogo de Escolas - agosto/2024","0","-10.27085113","-64.28243623","110033812000011","-10.391287353822058","-65.11145567181919","localidade","db01","34157","CENTRO, NOVA MAMORE - RO",1023,False,"110033812000011","110033820000019","-10.391287353822058","-65.11145567181919","0","91671.82132344","1","90488.80544187",False,False
7850,8,"2025-08-26 09:59:31-03","2025-08-26 09:59:31-03","0101000020E6100000946181542F3F4FC07121EA99B98F24C0","0101000020E6100000946181542F3F4FC07121EA99B98F24C0",11020296,2024,"RO",1101609,"Theobroma","Theobroma",110160905,"EMEIEF PAPA PAULO VI",2,0,"ESTRADA LINHA 599 KM 12",NULL,"SITIO","ZONA RURAL","76866000","Catálogo de Escolas - agosto/2024","0","-10.2807129","-62.4936319","110160905000009","-10.159759542664064","-62.385572742930464","municipio","dm01","28461","THEOBROMA - RO",1707,False,"110160905000009","110160905000012","-10.159759542664064","-62.385572742930464","0","17908.58127634","1","749.21348939",False,True
7964,8,"2025-08-26 09:59:31-03","2025-08-26 09:59:31-03","0101000020E610000076553DEC074950C01AF620A92A9B24C0","0101000020E610000076553DEC074950C01AF620A92A9B24C0",11004053,2024,"RO",1100338,"Nova Mamoré","Nova Mamoré",110033805,"EEIEF FRANCISCO MEIRELLES",2,2,"LINHA 10 - ALDEIA RIBEIRAO","00","ZONA RURAL","TERRA INDIGENA","76857000","Catálogo de Escolas - agosto/2024","0","-10.30305985","-65.14110857","110033820000013","-10.380757582804163","-65.03814795741512","municipio","dm01","88437","NOVA MAMORE - RO",4845,False,"110033820000013","110033820000019","-10.380757582804163","-65.03814795741512","0","14194.77264818","1","13047.36506607",False,False
7989,8,"2025-08-26 09:59:31-03","2025-08-26 09:59:31-03","0101000020E61000007B336ABE4A5F4FC09566B11C3AA024C0","0101000020E61000007B336ABE4A5F4FC09566B11C3AA024C0",11041463,2024,"RO",1100601,"Cacaulândia","Cacaulândia",110060105,"EMEB WALDEMIRO DA SILVA MOURA",2,0,"LC 03 TB 80 LOTE 21 A","S/N",NULL,"ZONA RURAL","76889000","Catálogo de Escolas - agosto/2024","0","-10.31294336","-62.7444685","110060105000016","-10.340015421010028","-62.89406063580754","municipio","dm01","17497","CACAULANDIA - RO",626,False,"110060105000016","110060105000003","-10.340015421010028","-62.89406063580754","0","16639.04828203","1","14392.42998754",False,True
8006,8,"2025-08-26 09:59:31-03","2025-08-26 09:59:31-03","0101000020E6100000E4BE1757C31E4FC0C0545CEA5AA224C0","0101000020E6100000E4BE1757C31E4FC0C0545CEA5AA224C0",11012277,2024,"RO",1100114,"Jaru","Bom Jesus",110011410,"EEEFM MARECHAL COSTA E SILVA",1,0,"RUA JOSE ZUPELLI","S/Nº","LINHA 610 KM 30","DISTRITO DE BOM JESUS","76890000","Catálogo de Escolas - agosto/2024","0","-10.31709988","-62.24033631","110011410000001","-10.465247073210952","-62.49459800923825","municipio","dm01","61101","JARU - RO",16764,False,"110011410000001","110011405000052","-10.465247073210952","-62.49459800923825","0","32321.89999103","1","32125.07225944",False,False
8096,8,"2025-08-26 09:59:31-03","2025-08-26 09:59:31-03","0101000020E6100000BD32141C03734FC0315D88D51FAD24C0","0101000020E6100000BD32141C03734FC0315D88D51FAD24C0",11046074,2024,"RO",1100601,"Cacaulândia","Cacaulândia",110060105,"EMEF NELSO ALQUIERI",1,0,"RUA ALTO PARAISO","1848","PREDIO","SETOR 05","76889000","Catálogo de Escolas - agosto/2024","0","-10.3381335","-62.8985324","110060105000002","-10.338379806398065","-62.898833142299516","numero_aproximado","da03","6","RUA ALTO PARAISO, 1848 (aprox) - SETOR 05, CACAULANDIA - RO",1,False,"110060105000002","110060105000002","-10.338379806398065","-62.898833142299516","0","42.8064822","1","0",True,NULL
8116,8,"2025-08-26 09:59:31-03","2025-08-26 09:59:31-03","0101000020E610000044E6957DE9D34FC0C7729C4909AF24C0","0101000020E610000044E6957DE9D34FC0C7729C4909AF24C0",11004738,2024,"RO",1100700,"Campo Novo de Rondôni","Campo Novo de Rondônia",110070005,"EMEIEF TANCREDO NEVES II",2,0,"RO 460 KM 30 DISTRITO DE VILA UNIAO","SN",NULL,"ZONA RURAL","76887000","Catálogo de Escolas - agosto/2024","0","-10.3418677333333","-63.6555630666667","110070005000019",NULL,NULL,NULL,NULL,NULL,NULL,NULL,False,"110070005000019",NULL,NULL,NULL,NULL,NULL,"1",NULL,NULL,NULL
8122,8,"2025-08-26 09:59:31-03","2025-08-26 09:59:31-03","0101000020E610000019A1E93672734FC0EF2A5A6F8AAF24C0","0101000020E610000019A1E93672734FC0EF2A5A6F8AAF24C0",11038527,2024,"RO",1100601,"Cacaulândia","Cacaulândia",110060105,"EMEI CRIANCA FELIZ",1,0,"TRAVESSA 01","1423",NULL,"SETOR 01","76889000","Catálogo de Escolas - agosto/2024","0","-10.34285305","-62.90192305","110060105000001","-10.340015421010028","-62.89406063580754","municipio","dm01","17497","CACAULANDIA - RO",626,False,"110060105000001","110060105000003","-10.340015421010028","-62.89406063580754","0","916.1125994","1","653.55544887",False,True
8124,8,"2025-08-26 09:59:31-03","2025-08-26 09:59:31-03","0101000020E6100000892D98535D734FC0A3CEDC43C2AF24C0","0101000020E6100000892D98535D734FC0A3CEDC43C2AF24C0",11010290,2024,"RO",1100601,"Cacaulândia","Cacaulândia",110060105,"EEEFM FREI HENRIQUE DE COIMBRA",1,0,"RUA TEREZA MAZZORANA BORTOLOTTO","2128","CENTRO","SETOR 01","76889000","Catálogo de Escolas - agosto/2024","0","-10.343279","-62.9012856","110060105000001","-10.340015421010028","-62.89406063580754","municipio","dm01","17497","CACAULANDIA - RO",626,False,"110060105000001","110060105000003","-10.340015421010028","-62.89406063580754","0","869.66232739","1","653.55544887",False,True
8175,8,"2025-08-26 09:59:31-03","2025-08-26 09:59:31-03","0101000020E6100000DBDC989EB01850C01DEFC8375FB724C0","0101000020E6100000DBDC989EB01850C01DEFC8375FB724C0",11093846,2024,"RO",1100338,"Nova Mamoré","Jacynópolis",110033812,"EMEIF 19 DE NOVEMBRO",2,0,"LINHA 06 KM 09 - DISTRITO DE JACINOPOLIS","S/N",NULL,"ZONA RURAL","76857000","Catálogo de Escolas - agosto/2024","0","-10.35814833","-64.38578","110033812000009","-10.380757582804163","-65.03814795741512","municipio","dm01","88437","NOVA MAMORE - RO",4845,False,"110033812000009","110033820000019","-10.380757582804163","-65.03814795741512","0","71399.61249526","1","63018.68629808",False,False
8196,8,"2025-08-26 09:59:31-03","2025-08-26 09:59:31-03","0101000020E6100000DDCD531D723350C07ACB0F3BD7BA24C0","0101000020E6100000DDCD531D723350C07ACB0F3BD7BA24C0",11004240,2024,"RO",1100338,"Nova Mamoré","Nova Dimensão",110033815,"EMEIF ONORINA DE SOUZA",1,0,"AVENIDA CAMPO GRANDE","580",NULL,"CENTRO","76857000","Catálogo de Escolas - agosto/2024","0","-10.36492333","-64.80384","110033815000009","-10.363501587078801","-64.80419380240066","numero_aproximado","da03","6","AVENIDA CAMPO GRANDE, 580 (aprox) - CENTRO, NOVA MAMORE - RO",1,False,"110033815000009","110033815000009","-10.363501587078801","-64.80419380240066","0","162.75851597","1","0",True,NULL
8214,8,"2025-08-26 09:59:31-03","2025-08-26 09:59:31-03","0101000020E610000008FAF29F813350C05938839E51BD24C0","0101000020E610000008FAF29F813350C05938839E51BD24C0",11048247,2024,"RO",1100338,"Nova Mamoré","Nova Dimensão",110033815,"EEEFM PROFESSORA MARIA LAURINDA GROFF",1,0,"LOCALIDADE","5559","DISTRITO DE NOVA DIM","NOVO HORIZONTE","76857000","Catálogo de Escolas - agosto/2024","0","-10.36976333","-64.80478667","110033815000010","-10.40360005398824","-65.28033854643131","localidade","db01","52328","NOVO HORIZONTE, NOVA MAMORE - RO",450,False,"110033815000010","110033805000009","-10.40360005398824","-65.28033854643131","0","52148.4232633","1","52097.89320877",False,False
8296,8,"2025-08-26 09:59:31-03","2025-08-26 09:59:31-03","0101000020E61000007576112AA12F50C0051FBDC030CD24C0","0101000020E61000007576112AA12F50C0051FBDC030CD24C0",11049227,2024,"RO",1100338,"Nova Mamoré","Nova Mamoré",110033805,"EMEIF MANOEL JOSE DOS SANTOS",2,0,"LH 29 C",NULL,"KM 11",NULL,"76857000","Catálogo de Escolas - agosto/2024","0","-10.40076258","-64.74421169","110033815000013","-10.380757582804163","-65.03814795741512","municipio","dm01","88437","NOVA MAMORE - RO",4845,False,"110033815000013","110033820000019","-10.380757582804163","-65.03814795741512","0","32225.12933578","1","17414.20008235",False,True
8303,8,"2025-08-26 09:59:31-03","2025-08-26 09:59:31-03","0101000020E6100000342540EAC25550C039BDC5A26DCF24C0","0101000020E6100000342540EAC25550C039BDC5A26DCF24C0",11047496,2024,"RO",1100338,"Nova Mamoré","Nova Mamoré",110033805,"CENTRO EDUCACIONAL SESC LER NOVA MAMORE",1,0,"AV. 12 DE OUTUBRO","4042","NOVO HORIZONTE","NOVO HORIZONTE","76857000","Catálogo de Escolas - agosto/2024","0","-10.40513333","-65.34002167","110033805000013","-10.40360005398824","-65.28033854643131","localidade","db01","52328","NOVO HORIZONTE, NOVA MAMORE - RO",450,False,"110033805000013","110033805000009","-10.40360005398824","-65.28033854643131","0","6529.57714923","1","6214.90047692",False,True
8304,8,"2025-08-26 09:59:31-03","2025-08-26 09:59:31-03","0101000020E6100000F945F05C2B5550C00EDFFC657BCF24C0","0101000020E6100000F945F05C2B5550C00EDFFC657BCF24C0",11003987,2024,"RO",1100338,"Nova Mamoré","Nova Mamoré",110033805,"EMEF CORONEL JORGE TEIXEIRA DE OLIVEIRA",1,0,"AVENIDA RAIMUNDO FERNANDES","4312",NULL,"PLANALTO","76857000","Catálogo de Escolas - agosto/2024","0","-10.40523833","-65.33077167","110033805000012","-10.41736012988551","-65.33605328435871","numero_aproximado","da04","6","AVENIDA RAIMUNDO FERNANDES, 4312 (aprox) - CIDADE NOVA, NOVA MAMORE - RO",1,True,"110033805000012","110033805000043","-10.413529257857746","-65.33436213076305","464.39234547","1466.43713023","1","1242.50216587",False,False
8307,8,"2025-08-26 09:59:31-03","2025-08-26 09:59:31-03","0101000020E6100000EAD34397245550C09D4B7155D9CF24C0","0101000020E6100000EAD34397245550C09D4B7155D9CF24C0",11047798,2024,"RO",1100338,"Nova Mamoré","Nova Mamoré",110033805,"CRECHE MUNICIPAL PROFESSORA LUCIMAR MARTINS DE CARVALHO",1,0,"AVENIDA MANOEL DIAS DE ABREU","6895",NULL,"PLANALTO","76857000","Catálogo de Escolas - agosto/2024","0","-10.405955","-65.33035833","110033805000012","-10.380757582804163","-65.03814795741512","municipio","dm01","88437","NOVA MAMORE - RO",4845,False,"110033805000012","110033820000019","-10.380757582804163","-65.03814795741512","0","32081.81402584","1","31645.43630416",False,False
8321,8,"2025-08-26 09:59:31-03","2025-08-26 09:59:31-03","0101000020E610000036E50AEF725550C073D87DC7F0D024C0","0101000020E610000036E50AEF725550C073D87DC7F0D024C0",11004118,2024,"RO",1100338,"Nova Mamoré","Palmeiras",110033820,"EMEIF LUCIANA MARONARI",2,0,"AVENIDA MARACATIARA","391","DISTRITO PALMEIRAS","CENTRO","76857000","Coordenadas Sede do Município","3","-10.408087","-65.33514","110033805000003","-10.391287353822058","-65.11145567181919","localidade","db01","34157","CENTRO, NOVA MAMORE - RO",1023,False,"110033805000003","110033820000019","-10.391287353822058","-65.11145567181919","0","24535.21720658","1","24279.20447555",False,False
8322,8,"2025-08-26 09:59:31-03","2025-08-26 09:59:31-03","0101000020E610000036E50AEF725550C073D87DC7F0D024C0","0101000020E610000036E50AEF725550C073D87DC7F0D024C0",11004169,2024,"RO",1100338,"Nova Mamoré","Araras",110033810,"EMEIF NAPOLEAO LOBO DE MIRANDA",2,0,"BR 425, KM 42",NULL,"ZONA RURAL",NULL,"76857000","Coordenadas Sede do Município","3","-10.408087","-65.33514","110033805000003","-10.380757582804163","-65.03814795741512","municipio","dm01","88437","NOVA MAMORE - RO",4845,False,"110033805000003","110033820000019","-10.380757582804163","-65.03814795741512","0","32623.9397813","1","32374.5445331",False,False
8323,8,"2025-08-26 09:59:31-03","2025-08-26 09:59:31-03","0101000020E610000036E50AEF725550C073D87DC7F0D024C0","0101000020E610000036E50AEF725550C073D87DC7F0D024C0",11004185,2024,"RO",1100338,"Nova Mamoré","Nova Mamoré",110033805,"EMEIF OLAVO PIRES",2,0,"LINHA 25 B, KM 18",NULL,NULL,NULL,"76857000","Coordenadas Sede do Município","3","-10.408087","-65.33514","110033805000003","-10.380757582804163","-65.03814795741512","municipio","dm01","88437","NOVA MAMORE - RO",4845,False,"110033805000003","110033820000019","-10.380757582804163","-65.03814795741512","0","32623.9397813","1","32374.5445331",False,False
8324,8,"2025-08-26 09:59:31-03","2025-08-26 09:59:31-03","0101000020E610000036E50AEF725550C073D87DC7F0D024C0","0101000020E610000036E50AEF725550C073D87DC7F0D024C0",11004207,2024,"RO",1100338,"Nova Mamoré","Nova Mamoré",110033805,"EMEIF PAULO CARRATH",2,0,"LINHA 21 B, KM 18",NULL,NULL,NULL,"76857000","Coordenadas Sede do Município","3","-10.408087","-65.33514","110033805000003","-10.380757582804163","-65.03814795741512","municipio","dm01","88437","NOVA MAMORE - RO",4845,False,"110033805000003","110033820000019","-10.380757582804163","-65.03814795741512","0","32623.9397813","1","32374.5445331",False,False
8325,8,"2025-08-26 09:59:31-03","2025-08-26 09:59:31-03","0101000020E610000036E50AEF725550C073D87DC7F0D024C0","0101000020E610000036E50AEF725550C073D87DC7F0D024C0",11038225,2024,"RO",1100338,"Nova Mamoré","Nova Mamoré",110033805,"EMEIF TANCREDO NEVES",2,0,"LINHA 23, KM 18",NULL,NULL,NULL,"76857000","Coordenadas Sede do Município","3","-10.408087","-65.33514","110033805000003","-10.380757582804163","-65.03814795741512","municipio","dm01","88437","NOVA MAMORE - RO",4845,False,"110033805000003","110033820000019","-10.380757582804163","-65.03814795741512","0","32623.9397813","1","32374.5445331",False,False
8326,8,"2025-08-26 09:59:31-03","2025-08-26 09:59:31-03","0101000020E610000036E50AEF725550C073D87DC7F0D024C0","0101000020E610000036E50AEF725550C073D87DC7F0D024C0",11038357,2024,"RO",1100338,"Nova Mamoré","Nova Mamoré",110033805,"EMEIF PROFª MARIA ALEUDA NUNES DE SOUZA",2,0,"LINHA 08 D,KM16","S/N","ZONA RURAL","PROJETO SIDNEY GIRAO","76857000","Coordenadas Sede do Município","3","-10.408087","-65.33514","110033805000003","-10.362610439262768","-64.83571821156114","localidade","db01","8601","PROJETO SIDNEY GIRAO, NOVA MAMORE - RO",107,False,"110033805000003","110033815000002","-10.362610439262768","-64.83571821156114","0","54857.03650282","1","54633.80911804",False,False
8327,8,"2025-08-26 09:59:31-03","2025-08-26 09:59:31-03","0101000020E610000036E50AEF725550C073D87DC7F0D024C0","0101000020E610000036E50AEF725550C073D87DC7F0D024C0",11040327,2024,"RO",1100338,"Nova Mamoré","Nova Marechal Rondon",110033825,"EMEIF MARECHAL CANDIDO RONDON",2,0,"3ª LINHA DO RIBEIRAO KM 12",NULL,"DISTRIMARECHAL RONDO","ZONA RURAL","76857000","Coordenadas Sede do Município","3","-10.408087","-65.33514","110033805000003","-10.380757582804163","-65.03814795741512","municipio","dm01","88437","NOVA MAMORE - RO",4845,False,"110033805000003","110033820000019","-10.380757582804163","-65.03814795741512","0","32623.9397813","1","32374.5445331",False,False
8328,8,"2025-08-26 09:59:31-03","2025-08-26 09:59:31-03","0101000020E610000036E50AEF725550C073D87DC7F0D024C0","0101000020E610000036E50AEF725550C073D87DC7F0D024C0",11044039,2024,"RO",1100338,"Nova Mamoré","Nova Mamoré",110033805,"EEIEF MOROXIN PIRAIN TOPI ORO EO",2,2,"ALDEIA DA LINHA 26",NULL,"LINHA 26","ALDEIA LINHA 26","76857000","Coordenadas Sede do Município","3","-10.408087","-65.33514","110033805000003","-10.380757582804163","-65.03814795741512","municipio","dm01","88437","NOVA MAMORE - RO",4845,False,"110033805000003","110033820000019","-10.380757582804163","-65.03814795741512","0","32623.9397813","1","32374.5445331",False,False
8329,8,"2025-08-26 09:59:31-03","2025-08-26 09:59:31-03","0101000020E610000036E50AEF725550C073D87DC7F0D024C0","0101000020E610000036E50AEF725550C073D87DC7F0D024C0",11044047,2024,"RO",1100338,"Nova Mamoré","Nova Mamoré",110033805,"EIEEF WAO TO AM ORO WARAN XIJIEN",2,2,"ALDEIA DA LINHA 14","S/N","ALDEIA LINHA 14","ALDEIA LINHA 14","76857000","Coordenadas Sede do Município","3","-10.408087","-65.33514","110033805000003","-10.380757582804163","-65.03814795741512","municipio","dm01","88437","NOVA MAMORE - RO",4845,False,"110033805000003","110033820000019","-10.380757582804163","-65.03814795741512","0","32623.9397813","1","32374.5445331",False,False
8330,8,"2025-08-26 09:59:31-03","2025-08-26 09:59:31-03","0101000020E610000036E50AEF725550C073D87DC7F0D024C0","0101000020E610000036E50AEF725550C073D87DC7F0D024C0",11046201,2024,"RO",1100338,"Nova Mamoré","Nova Mamoré",110033805,"EMEIF PROFª APARECIDA LEME RODRIGUES",2,0,"LINHA 29 B, KM 14",NULL,"ZONA RURAL",NULL,"76857000","Coordenadas Sede do Município","3","-10.408087","-65.33514","110033805000003","-10.380757582804163","-65.03814795741512","municipio","dm01","88437","NOVA MAMORE - RO",4845,False,"110033805000003","110033820000019","-10.380757582804163","-65.03814795741512","0","32623.9397813","1","32374.5445331",False,False
8331,8,"2025-08-26 09:59:31-03","2025-08-26 09:59:31-03","0101000020E610000036E50AEF725550C073D87DC7F0D024C0","0101000020E610000036E50AEF725550C073D87DC7F0D024C0",11046210,2024,"RO",1100338,"Nova Mamoré","Nova Dimensão",110033815,"EMEIF OSVALDO RIBEIRO DO NASCIMENTO",2,0,"LINHA 34 D KM 87",NULL,NULL,"ZONA RURAL","76857000","Coordenadas Sede do Município","3","-10.408087","-65.33514","110033805000003","-10.380757582804163","-65.03814795741512","municipio","dm01","88437","NOVA MAMORE - RO",4845,False,"110033805000003","110033820000019","-10.380757582804163","-65.03814795741512","0","32623.9397813","1","32374.5445331",False,False
8332,8,"2025-08-26 09:59:31-03","2025-08-26 09:59:31-03","0101000020E610000036E50AEF725550C073D87DC7F0D024C0","0101000020E610000036E50AEF725550C073D87DC7F0D024C0",11046970,2024,"RO",1100338,"Nova Mamoré","Nova Mamoré",110033805,"EMEIF JULIO ALVES",2,0,"LINHA 21 B KM 27",NULL,"ZONA RURAL",NULL,"76857000","Coordenadas Sede do Município","3","-10.408087","-65.33514","110033805000003","-10.380757582804163","-65.03814795741512","municipio","dm01","88437","NOVA MAMORE - RO",4845,False,"110033805000003","110033820000019","-10.380757582804163","-65.03814795741512","0","32623.9397813","1","32374.5445331",False,False
8333,8,"2025-08-26 09:59:31-03","2025-08-26 09:59:31-03","0101000020E610000036E50AEF725550C073D87DC7F0D024C0","0101000020E610000036E50AEF725550C073D87DC7F0D024C0",11047003,2024,"RO",1100338,"Nova Mamoré","Nova Mamoré",110033805,"EMEIF JESUS NOGUEIRA DA SILVA",2,0,"LINHA 32 KM 37",NULL,NULL,NULL,"76857000","Coordenadas Sede do Município","3","-10.408087","-65.33514","110033805000003","-10.380757582804163","-65.03814795741512","municipio","dm01","88437","NOVA MAMORE - RO",4845,False,"110033805000003","110033820000019","-10.380757582804163","-65.03814795741512","0","32623.9397813","1","32374.5445331",False,False
8334,8,"2025-08-26 09:59:31-03","2025-08-26 09:59:31-03","0101000020E610000036E50AEF725550C073D87DC7F0D024C0","0101000020E610000036E50AEF725550C073D87DC7F0D024C0",11047720,2024,"RO",1100338,"Nova Mamoré","Nova Mamoré",110033805,"EMEIF VALDOMIRO BENTO DA PAZ",2,0,"LINHA 25 B, KM 7,5",NULL,NULL,NULL,"76857000","Coordenadas Sede do Município","3","-10.408087","-65.33514","110033805000003","-10.380757582804163","-65.03814795741512","municipio","dm01","88437","NOVA MAMORE - RO",4845,False,"110033805000003","110033820000019","-10.380757582804163","-65.03814795741512","0","32623.9397813","1","32374.5445331",False,False
8335,8,"2025-08-26 09:59:31-03","2025-08-26 09:59:31-03","0101000020E610000036E50AEF725550C073D87DC7F0D024C0","0101000020E610000036E50AEF725550C073D87DC7F0D024C0",11047747,2024,"RO",1100338,"Nova Mamoré","Nova Mamoré",110033805,"EMEIF PAULO LUIZ HIPOLITO",2,0,"LINHA 29 B, KM 33",NULL,NULL,NULL,"76857000","Coordenadas Sede do Município","3","-10.408087","-65.33514","110033805000003","-10.380757582804163","-65.03814795741512","municipio","dm01","88437","NOVA MAMORE - RO",4845,False,"110033805000003","110033820000019","-10.380757582804163","-65.03814795741512","0","32623.9397813","1","32374.5445331",False,False
8336,8,"2025-08-26 09:59:31-03","2025-08-26 09:59:31-03","0101000020E610000036E50AEF725550C073D87DC7F0D024C0","0101000020E610000036E50AEF725550C073D87DC7F0D024C0",11047763,2024,"RO",1100338,"Nova Mamoré","Nova Mamoré",110033805,"EMEIF 21 DE JULHO",2,0,"LINHA 27 B KM 07",NULL,NULL,NULL,"76857000","Coordenadas Sede do Município","3","-10.408087","-65.33514","110033805000003","-10.380757582804163","-65.03814795741512","municipio","dm01","88437","NOVA MAMORE - RO",4845,False,"110033805000003","110033820000019","-10.380757582804163","-65.03814795741512","0","32623.9397813","1","32374.5445331",False,False
8337,8,"2025-08-26 09:59:31-03","2025-08-26 09:59:31-03","0101000020E610000036E50AEF725550C073D87DC7F0D024C0","0101000020E610000036E50AEF725550C073D87DC7F0D024C0",11047771,2024,"RO",1100338,"Nova Mamoré","Nova Mamoré",110033805,"EMEIF ZUNIRA BARBOSA DA SILVA",2,0,"2ª LINHA DO RIBEIRAO, KM 30",NULL,NULL,NULL,"76857000","Coordenadas Sede do Município","3","-10.408087","-65.33514","110033805000003","-10.380757582804163","-65.03814795741512","municipio","dm01","88437","NOVA MAMORE - RO",4845,False,"110033805000003","110033820000019","-10.380757582804163","-65.03814795741512","0","32623.9397813","1","32374.5445331",False,False
8338,8,"2025-08-26 09:59:31-03","2025-08-26 09:59:31-03","0101000020E610000036E50AEF725550C073D87DC7F0D024C0","0101000020E610000036E50AEF725550C073D87DC7F0D024C0",11048220,2024,"RO",1100338,"Nova Mamoré","Nova Mamoré",110033805,"EMEIF EDIMAR DE OLIVEIRA",2,0,"LINHA 29 B, KM 05",NULL,NULL,NULL,"76857000","Coordenadas Sede do Município","3","-10.408087","-65.33514","110033805000003","-10.380757582804163","-65.03814795741512","municipio","dm01","88437","NOVA MAMORE - RO",4845,False,"110033805000003","110033820000019","-10.380757582804163","-65.03814795741512","0","32623.9397813","1","32374.5445331",False,False
8339,8,"2025-08-26 09:59:31-03","2025-08-26 09:59:31-03","0101000020E610000036E50AEF725550C073D87DC7F0D024C0","0101000020E610000036E50AEF725550C073D87DC7F0D024C0",11049600,2024,"RO",1100338,"Nova Mamoré","Nova Mamoré",110033805,"EMEIF MANOEL BANDEIRA",2,0,"LINHA 29 B, KM 25",NULL,NULL,NULL,"76857000","Coordenadas Sede do Município","3","-10.408087","-65.33514","110033805000003","-10.380757582804163","-65.03814795741512","municipio","dm01","88437","NOVA MAMORE - RO",4845,False,"110033805000003","110033820000019","-10.380757582804163","-65.03814795741512","0","32623.9397813","1","32374.5445331",False,False
8340,8,"2025-08-26 09:59:31-03","2025-08-26 09:59:31-03","0101000020E610000036E50AEF725550C073D87DC7F0D024C0","0101000020E610000036E50AEF725550C073D87DC7F0D024C0",11049804,2024,"RO",1100338,"Nova Mamoré","Nova Mamoré",110033805,"EMEIF PROF NATALICIO BEZERRA",2,0,"8ª LINHA DO RIBEIRAO, KM 20",NULL,NULL,NULL,"76857000","Coordenadas Sede do Município","3","-10.408087","-65.33514","110033805000003","-10.380757582804163","-65.03814795741512","municipio","dm01","88437","NOVA MAMORE - RO",4845,False,"110033805000003","110033820000019","-10.380757582804163","-65.03814795741512","0","32623.9397813","1","32374.5445331",False,False
8341,8,"2025-08-26 09:59:31-03","2025-08-26 09:59:31-03","0101000020E610000036E50AEF725550C073D87DC7F0D024C0","0101000020E610000036E50AEF725550C073D87DC7F0D024C0",11050209,2024,"RO",1100338,"Nova Mamoré","Nova Mamoré",110033805,"EMEIF VIDA NOVA",2,0,"7ª LINHA DO RIBEIRAO, KM 23",NULL,NULL,NULL,"76857000","Coordenadas Sede do Município","3","-10.408087","-65.33514","110033805000003","-10.380757582804163","-65.03814795741512","municipio","dm01","88437","NOVA MAMORE - RO",4845,False,"110033805000003","110033820000019","-10.380757582804163","-65.03814795741512","0","32623.9397813","1","32374.5445331",False,False
8342,8,"2025-08-26 09:59:31-03","2025-08-26 09:59:31-03","0101000020E610000036E50AEF725550C073D87DC7F0D024C0","0101000020E610000036E50AEF725550C073D87DC7F0D024C0",11050284,2024,"RO",1100338,"Nova Mamoré","Nova Mamoré",110033805,"EIEEF WAL TRAN ORO WARAM",2,2,"LINHA 06, PROJETO SIDNEY GIRAO , NOVA MAMORE","KM.18","TERRA INDIGENA","ALDEIA LINHA 06","76857000","Coordenadas Sede do Município","3","-10.408087","-65.33514","110033805000003","-10.380757582804163","-65.03814795741512","municipio","dm01","88437","NOVA MAMORE - RO",4845,False,"110033805000003","110033820000019","-10.380757582804163","-65.03814795741512","0","32623.9397813","1","32374.5445331",False,False
8343,8,"2025-08-26 09:59:31-03","2025-08-26 09:59:31-03","0101000020E610000036E50AEF725550C073D87DC7F0D024C0","0101000020E610000036E50AEF725550C073D87DC7F0D024C0",11050292,2024,"RO",1100338,"Nova Mamoré","Nova Mamoré",110033805,"EIEEF TOP ARAN ORO WARAM XIJEIN",2,2,"ALDEIA LINHA 20 PROJETO SIDNEY GIRAO","KM.50","TERRA INDIGENA","ALDEIA LINHA 20","76857000","Coordenadas Sede do Município","3","-10.408087","-65.33514","110033805000003","-10.380757582804163","-65.03814795741512","municipio","dm01","88437","NOVA MAMORE - RO",4845,False,"110033805000003","110033820000019","-10.380757582804163","-65.03814795741512","0","32623.9397813","1","32374.5445331",False,False
8344,8,"2025-08-26 09:59:31-03","2025-08-26 09:59:31-03","0101000020E610000036E50AEF725550C073D87DC7F0D024C0","0101000020E610000036E50AEF725550C073D87DC7F0D024C0",11050306,2024,"RO",1100338,"Nova Mamoré","Nova Mamoré",110033805,"EIEEF AWO CAMIP ORO MON",2,2,"ALDEIA  LINHA 12. TERRA IND IGARAPE RIBEIRAO","KM.36","TERRA INDIGENA","ALDEIA LINHA 12","76857000","Coordenadas Sede do Município","3","-10.408087","-65.33514","110033805000003","-10.380757582804163","-65.03814795741512","municipio","dm01","88437","NOVA MAMORE - RO",4845,False,"110033805000003","110033820000019","-10.380757582804163","-65.03814795741512","0","32623.9397813","1","32374.5445331",False,False
8345,8,"2025-08-26 09:59:31-03","2025-08-26 09:59:31-03","0101000020E610000036E50AEF725550C073D87DC7F0D024C0","0101000020E610000036E50AEF725550C073D87DC7F0D024C0",11050454,2024,"RO",1100338,"Nova Mamoré","Nova Mamoré",110033805,"EMEIEF MARIA DALVA DA PAZ",2,0,"LINHA 21 KM 55 - TRAVESSAO C/8 LINHA DO RIBEIRAO",NULL,NULL,NULL,"76857000","Coordenadas Sede do Município","3","-10.408087","-65.33514","110033805000003","-10.380757582804163","-65.03814795741512","municipio","dm01","88437","NOVA MAMORE - RO",4845,False,"110033805000003","110033820000019","-10.380757582804163","-65.03814795741512","0","32623.9397813","1","32374.5445331",False,False
8346,8,"2025-08-26 09:59:31-03","2025-08-26 09:59:31-03","0101000020E610000036E50AEF725550C073D87DC7F0D024C0","0101000020E610000036E50AEF725550C073D87DC7F0D024C0",11050705,2024,"RO",1100338,"Nova Mamoré","Jacynópolis",110033812,"EMEIEF CAPIVARI",2,0,"LINHA 03 KM 29",NULL,"ZONA RURAL",NULL,"76857000","Coordenadas Sede do Município","3","-10.408087","-65.33514","110033805000003","-10.380757582804163","-65.03814795741512","municipio","dm01","88437","NOVA MAMORE - RO",4845,False,"110033805000003","110033820000019","-10.380757582804163","-65.03814795741512","0","32623.9397813","1","32374.5445331",False,False
8347,8,"2025-08-26 09:59:31-03","2025-08-26 09:59:31-03","0101000020E610000036E50AEF725550C073D87DC7F0D024C0","0101000020E610000036E50AEF725550C073D87DC7F0D024C0",11067802,2024,"RO",1100338,"Nova Mamoré","Nova Mamoré",110033805,"EEIEF MAXUN TAPEREPE E EO ORO WARAM",2,2,"ALDEIA DO LIMAO - LINHA DO LIMAO","KM.52","TERRA INDIGENA","ALDEIA DO LIMAO","76857000","Coordenadas Sede do Município","3","-10.408087","-65.33514","110033805000003","-10.380757582804163","-65.03814795741512","municipio","dm01","88437","NOVA MAMORE - RO",4845,False,"110033805000003","110033820000019","-10.380757582804163","-65.03814795741512","0","32623.9397813","1","32374.5445331",False,False
8348,8,"2025-08-26 09:59:31-03","2025-08-26 09:59:31-03","0101000020E610000036E50AEF725550C073D87DC7F0D024C0","0101000020E610000036E50AEF725550C073D87DC7F0D024C0",11069813,2024,"RO",1100338,"Nova Mamoré","Nova Mamoré",110033805,"EMEIF JOSE NUNES DA SILVA",2,0,"LINHA 23 KM 30",NULL,NULL,NULL,"76857000","Coordenadas Sede do Município","3","-10.408087","-65.33514","110033805000003","-10.380757582804163","-65.03814795741512","municipio","dm01","88437","NOVA MAMORE - RO",4845,False,"110033805000003","110033820000019","-10.380757582804163","-65.03814795741512","0","32623.9397813","1","32374.5445331",False,False
8349,8,"2025-08-26 09:59:31-03","2025-08-26 09:59:31-03","0101000020E610000036E50AEF725550C073D87DC7F0D024C0","0101000020E610000036E50AEF725550C073D87DC7F0D024C0",11071800,2024,"RO",1100338,"Nova Mamoré","Nova Mamoré",110033805,"EMEIF ANTONIO CARLOS DA SILVA",2,0,"LINHA 32 B, KM 46",NULL,NULL,NULL,"76857000","Coordenadas Sede do Município","3","-10.408087","-65.33514","110033805000003","-10.380757582804163","-65.03814795741512","municipio","dm01","88437","NOVA MAMORE - RO",4845,False,"110033805000003","110033820000019","-10.380757582804163","-65.03814795741512","0","32623.9397813","1","32374.5445331",False,False
8350,8,"2025-08-26 09:59:31-03","2025-08-26 09:59:31-03","0101000020E610000036E50AEF725550C073D87DC7F0D024C0","0101000020E610000036E50AEF725550C073D87DC7F0D024C0",11072806,2024,"RO",1100338,"Nova Mamoré","Nova Mamoré",110033805,"EMEIF PROFº DOMINGOS PEREIRA AQUINO",2,0,"LINHA 23, KM 46",NULL,NULL,NULL,"76857000","Coordenadas Sede do Município","3","-10.408087","-65.33514","110033805000003","-10.380757582804163","-65.03814795741512","municipio","dm01","88437","NOVA MAMORE - RO",4845,False,"110033805000003","110033820000019","-10.380757582804163","-65.03814795741512","0","32623.9397813","1","32374.5445331",False,False
8351,8,"2025-08-26 09:59:31-03","2025-08-26 09:59:31-03","0101000020E610000036E50AEF725550C073D87DC7F0D024C0","0101000020E610000036E50AEF725550C073D87DC7F0D024C0",11106883,2024,"RO",1100338,"Nova Mamoré","Nova Mamoré",110033805,"EMEIF MARACATIARA",2,0,"6ª LINHA DO RIBEIRAO KM 30",NULL,NULL,NULL,"76857000","Coordenadas Sede do Município","3","-10.408087","-65.33514","110033805000003","-10.380757582804163","-65.03814795741512","municipio","dm01","88437","NOVA MAMORE - RO",4845,False,"110033805000003","110033820000019","-10.380757582804163","-65.03814795741512","0","32623.9397813","1","32374.5445331",False,False
8352,8,"2025-08-26 09:59:31-03","2025-08-26 09:59:31-03","0101000020E610000036E50AEF725550C073D87DC7F0D024C0","0101000020E610000036E50AEF725550C073D87DC7F0D024C0",11106905,2024,"RO",1100338,"Nova Mamoré","Nova Mamoré",110033805,"EMEIF RIO AZUL",2,0,"LINHA 30B, KM 32",NULL,NULL,NULL,"76857000","Coordenadas Sede do Município","3","-10.408087","-65.33514","110033805000003","-10.380757582804163","-65.03814795741512","municipio","dm01","88437","NOVA MAMORE - RO",4845,False,"110033805000003","110033820000019","-10.380757582804163","-65.03814795741512","0","32623.9397813","1","32374.5445331",False,False
8359,8,"2025-08-26 09:59:31-03","2025-08-26 09:59:31-03","0101000020E6100000A8A0894D775550C0FCBDDA72AAD224C0","0101000020E6100000A8A0894D775550C0FCBDDA72AAD224C0",11048158,2024,"RO",1100338,"Nova Mamoré","Nova Mamoré",110033805,"EMEI -PARAISO DA CRIANCA",1,0,"AVENIDA ANTONIO PEREIRA DE SOUZA","6592","PROXIMO AO PALACIUS","SAO JOSE","76857000","Catálogo de Escolas - agosto/2024","0","-10.41145667","-65.33540667","110033805000003","-10.41128729126549","-65.33537380222864","numero_aproximado","da03","6","AVENIDA ANTONIO PEREIRA DE SOUZA, 6592 (aprox) - SAO JOSE, NOVA MAMORE - RO",1,False,"110033805000003","110033805000003","-10.41128729126549","-65.33537380222864","0","19.17403226","1","0",True,NULL
8364,8,"2025-08-26 09:59:31-03","2025-08-26 09:59:31-03","0101000020E61000007C9C69C2F65450C0772CB64945D324C0","0101000020E61000007C9C69C2F65450C0772CB64945D324C0",11049219,2024,"RO",1100338,"Nova Mamoré","Nova Dimensão",110033815,"EMEIF 12 DE OUTUBRO",2,0,"29 B, KM 42","S/N",NULL,NULL,"76857000","GEO LIDAS 2015","1","-10.412638","-65.327561","110033805000039","-10.380757582804163","-65.03814795741512","municipio","dm01","88437","NOVA MAMORE - RO",4845,False,"110033805000039","110033820000019","-10.380757582804163","-65.03814795741512","0","31850.83606732","1","31306.58736797",False,False
8365,8,"2025-08-26 09:59:31-03","2025-08-26 09:59:31-03","0101000020E6100000F9FCAC09145550C08EF90CEA53D324C0","0101000020E6100000F9FCAC09145550C08EF90CEA53D324C0",11003979,2024,"RO",1100338,"Nova Mamoré","Nova Mamoré",110033805,"EEEFM CASIMIRO DE ABREU",1,0,"AVENIDA JOSE RIBEIRO DA COSTA","7198",NULL,"CENTRO","76857000","Catálogo de Escolas - agosto/2024","0","-10.41274959","-65.32934801","110033805000001","-10.411243643362447","-65.33239088657123","numero_aproximado","da03","6","AVENIDA JOSE RIBEIRO DA COSTA, 7198 (aprox) - CENTRO, NOVA MAMORE - RO",1,False,"110033805000001","110033805000002","-10.411243643362447","-65.33239088657123","0","372.53764691","1","158.12360257",False,True
8366,8,"2025-08-26 09:59:31-03","2025-08-26 09:59:31-03","0101000020E610000085949F54FB5450C01C96067E54D324C0","0101000020E610000085949F54FB5450C01C96067E54D324C0",11049200,2024,"RO",1100338,"Nova Mamoré","Nova Mamoré",110033805,"EMEIF PROFª CLAUDIANA CARVALHO DOS SANTOS",2,0,"LNHA 27 B KM 45",NULL,NULL,NULL,"76857000","GEO LIDAS 2015","1","-10.412754","-65.32784","110033805000001","-10.380757582804163","-65.03814795741512","municipio","dm01","88437","NOVA MAMORE - RO",4845,False,"110033805000001","110033820000019","-10.380757582804163","-65.03814795741512","0","31882.59169896","1","31685.65563548",False,False
8370,8,"2025-08-26 09:59:31-03","2025-08-26 09:59:31-03","0101000020E6100000372ECA09265550C0153E95B290D324C0","0101000020E6100000372ECA09265550C0153E95B290D324C0",11003839,2024,"RO",1100338,"Nova Mamoré","Nova Mamoré",110033805,"CEEJA PROFª DORALICE SALES CAVALCANTE",1,0,"AV ANTONIO PEREIRA DE SOUZA","7104",NULL,"CENTRO","76857000","Catálogo de Escolas - agosto/2024","0","-10.41321333","-65.33044667","110033805000001","-10.41221691398895","-65.33282847283601","numero_aproximado","da03","6","AVENIDA ANTONIO PEREIRA DE SOUZA, 7104 (aprox) - CENTRO, NOVA MAMORE - RO",1,False,"110033805000001","110033805000002","-10.41221691398895","-65.33282847283601","0","283.06772739","1","162.7906803",False,True
8373,8,"2025-08-26 09:59:31-03","2025-08-26 09:59:31-03","0101000020E6100000FEE882972C5550C0C118577D2AD424C0","0101000020E6100000FEE882972C5550C0C118577D2AD424C0",11042796,2024,"RO",1100338,"Nova Mamoré","Nova Mamoré",110033805,"CENTRO EDUCACIONAL PAULO FREIRE",1,0,"AV. ANTONIO LUCAS DE ARAUJO","3465",NULL,"CENTRO","76857000","Catálogo de Escolas - agosto/2024","0","-10.41438667","-65.33084667","110033805000001","-10.415783785750198","-65.33110107831163","numero_aproximado","da04","6","AVENIDA ANTONIO LUCAS DE ARAUJO, 3465 (aprox) - JOAO FRANCISCO CLIMACO, NOVA MAMORE - RO",1,False,"110033805000001","110033805000007","-10.415783785750198","-65.33110107831163","0","157.82420261","1","68.76604022",False,True
8377,8,"2025-08-26 09:59:31-03","2025-08-26 09:59:31-03","0101000020E61000000196A6527D5550C04C07A17202D524C0","0101000020E61000000196A6527D5550C04C07A17202D524C0",11004274,2024,"RO",1100338,"Nova Mamoré","Nova Mamoré",110033805,"EEEFM PROFESSOR SALOMAO SILVA",1,0,"AV. RAIMUNDO FERNANDES","3055","PREDIO","CIDADE NOVA","76857000","Catálogo de Escolas - agosto/2024","0","-10.4160343","-65.3357741","110033805000043","-10.416136741638184","-65.33535766601562","numero","dn03","6","AVENIDA RAIMUNDO FERNANDES, 3055 - CIDADE NOVA, NOVA MAMORE - RO, 76857-000",1,False,"110033805000043","110033805000043","-10.416136741638184","-65.33535766601562","0","46.94527669","1","0",True,NULL
8378,8,"2025-08-26 09:59:31-03","2025-08-26 09:59:31-03","0101000020E610000070B6B9313D5550C05AD8D30E7FD524C0","0101000020E610000070B6B9313D5550C05AD8D30E7FD524C0",11048239,2024,"RO",1100338,"Nova Mamoré","Nova Mamoré",110033805,"APAE - ESCOLA ESPECIAL TUDO POR AMOR",1,0,"AV ANTONIO LUCAS DE ARAUJO","3175",NULL,"JOAO FRANCISCO CLIMACO","76857000","Catálogo de Escolas - agosto/2024","0","-10.416985","-65.33186","110033805000007","-10.416021331106244","-65.33122447512997","numero_aproximado","da03","6","AVENIDA ANTONIO LUCAS DE ARAUJO, 3175 (aprox) - JOAO FRANCISCO CLIMACO, NOVA MAMORE - RO",1,False,"110033805000007","110033805000007","-10.416021331106244","-65.33122447512997","0","127.72179573","1","0",True,NULL
8379,8,"2025-08-26 09:59:31-03","2025-08-26 09:59:31-03","0101000020E61000009A8BA650295550C0DA03ADC090D524C0","0101000020E61000009A8BA650295550C0DA03ADC090D524C0",11073802,2024,"RO",1100338,"Nova Mamoré","Nova Mamoré",110033805,"CRECHE MUNICIPAL CANTINHO DA ALEGRIA",1,0,"AVENIDA AFONSO PENA","7122","CRECHE","JOAO FRANCISCO CLIMACO","76857000","Catálogo de Escolas - agosto/2024","0","-10.41712","-65.33064667","110033805000007","-10.416170120239258","-65.33146667480469","numero","dn03","6","AVENIDA AFONSO PENA, 7122 - JOAO FRANCISCO CLIMACO, NOVA MAMORE - RO, 76857-000",1,False,"110033805000007","110033805000007","-10.416170120239258","-65.33146667480469","0","138.55719701","1","0",True,NULL
8387,8,"2025-08-26 09:59:31-03","2025-08-26 09:59:31-03","0101000020E61000006D80E37CFB3C4FC07D5D86FF74D724C0","0101000020E61000006D80E37CFB3C4FC07D5D86FF74D724C0",11011661,2024,"RO",1100114,"Jaru","Jaru",110011405,"EEEFM PROF DAYSE MARA DE OLIVEIRA MARTINS",1,0,"RUA ONOFRE DUARTE DE OLIVEIRA","3290","SETOR 06","JARDIM ELDORADO","76890000","Catálogo de Escolas - agosto/2024","0","-10.4208145","-62.4764248","110011405000031","-10.42166175088758","-62.47764704016646","numero_aproximado","da04","6","RUA ONOFRE DUARTE DE OLIVEIRA, 3290 (aprox) - SETOR 06, JARU - RO",1,False,"110011405000031","110011405000030","-10.42166175088758","-62.47764704016646","0","163.52964218","1","88.4743736",False,True
8391,8,"2025-08-26 09:59:31-03","2025-08-26 09:59:31-03","0101000020E61000006B63EC84975550C09D685721E5D724C0","0101000020E61000006B63EC84975550C09D685721E5D724C0",11048840,2024,"RO",1100338,"Nova Mamoré","Nova Mamoré",110033805,"EMEIF 16 DE JUNHO",2,0,"LINHA 21 B, KM 35",NULL,NULL,NULL,"76857000","GEO LIDAS 2015","1","-10.42167","-65.337373","110033805000009","-10.380757582804163","-65.03814795741512","municipio","dm01","88437","NOVA MAMORE - RO",4845,False,"110033805000009","110033820000019","-10.380757582804163","-65.03814795741512","0","33040.29575398","1","20503.43790128",False,False
8394,8,"2025-08-26 09:59:31-03","2025-08-26 09:59:31-03","0101000020E61000008E23D6E2535550C0AB3A715A6CD824C0","0101000020E61000008E23D6E2535550C0AB3A715A6CD824C0",11049111,2024,"RO",1100338,"Nova Mamoré","Nova Mamoré",110033805,"EMEF EDUARDO VALVERDE",1,0,"AVENIDA ULISSES GUIMARAES","7224",NULL,"NOVA REDENCAO","76857000","Catálogo de Escolas - agosto/2024","0","-10.42270167","-65.333245","110033805000014","-10.419978459676107","-65.33902740478516","logradouro","dl04","94","AVENIDA ULISSES GUIMARAES - CIDADE NOVA, NOVA MAMORE - RO",4,False,"110033805000014","110033805000043","-10.419978459676107","-65.33902740478516","0","701.12939164","1","475.70459765",False,True
8411,8,"2025-08-26 09:59:31-03","2025-08-26 09:59:31-03","0101000020E6100000DCFE4B080C114FC0C7D45DD905DB24C0","0101000020E6100000DCFE4B080C114FC0C7D45DD905DB24C0",11021403,2024,"RO",1101807,"Vale do Paraíso","Vale do Paraíso",110180705,"EEEFM TUBARAO",1,0,"RUA XV DE NOVEMBRO COM/ RUA DAS ORQUIDEAS","2663","PROXIMA A PREFEITURA","SETOR 01","76923000","Catálogo de Escolas - agosto/2024","0","-10.427779","-62.1331797","110180705000001","-10.404200605688423","-62.11682692231803","municipio","dm01","25449","VALE DO PARAISO - RO",1221,False,"110180705000001","110180705000004","-10.404200605688423","-62.11682692231803","0","3173.66663036","1","2930.28746458",False,True
8413,8,"2025-08-26 09:59:31-03","2025-08-26 09:59:31-03","0101000020E61000004F9B278D87104FC073D30BE313DB24C0","0101000020E61000004F9B278D87104FC073D30BE313DB24C0",11038420,2024,"RO",1101807,"Vale do Paraíso","Vale do Paraíso",110180705,"CENTRO EDUCACIONAL PROFESSORA MARIA MATILDE",1,0,"RUA PRIMAVERA","4015","PREDIO PROPRIO","CENTRO","76923000","Catálogo de Escolas - agosto/2024","0","-10.4278861","-62.1291367","110180705000015","-10.427889823913574","-62.12926483154297","numero","dn04","6","RUA PRIMAVERA, 4015 - SETOR 4, VALE DO PARAISO - RO",1,False,"110180705000015","110180705000015","-10.427889823913574","-62.12926483154297","0","14.01839352","1","0",True,NULL
8414,8,"2025-08-26 09:59:31-03","2025-08-26 09:59:31-03","0101000020E6100000409F6DDA313C4FC0027855B142DB24C0","0101000020E6100000409F6DDA313C4FC0027855B142DB24C0",11045469,2024,"RO",1100114,"Jaru","Jaru",110011405,"ESCOLA ADVENTISTA DE JARU",1,0,"RUA PLACIDO DE CASTRO","2526",NULL,"SETOR 5","76890000","Catálogo de Escolas - agosto/2024","0","-10.4282432","-62.4702714","110011405000029","-10.428301811218262","-62.470375061035156","numero","dn04","6","RUA PLACIDO DE CASTRO, 2526 - SETOR 05, JARU - RO",1,False,"110011405000029","110011405000029","-10.428301811218262","-62.470375061035156","0","13.07610208","1","0",True,NULL
8416,8,"2025-08-26 09:59:31-03","2025-08-26 09:59:31-03","0101000020E610000062CB3C03343C4FC0260D7F9763DB24C0","0101000020E610000062CB3C03343C4FC0260D7F9763DB24C0",11012994,2024,"RO",1100114,"Jaru","Jaru",110011405,"EEEFM PLACIDO DE CASTRO",1,0,"RUA PLACIDO DE CASTRO","2648","ZONA URBANA","SETOR 05","76890000","Catálogo de Escolas - agosto/2024","0","-10.4284942","-62.4703373","110011405000029","-10.427424430847168","-62.47097396850586","numero","dn03","6","RUA PLACIDO DE CASTRO, 2648 - SETOR 05, JARU - RO, 76890-000",1,False,"110011405000029","110011405000029","-10.427424430847168","-62.47097396850586","0","137.8313763","1","0",True,NULL
8419,8,"2025-08-26 09:59:31-03","2025-08-26 09:59:31-03","0101000020E610000091ED2186C20F4FC0A01FA1C101DC24C0","0101000020E610000091ED2186C20F4FC0A01FA1C101DC24C0",11043903,2024,"RO",1101807,"Vale do Paraíso","Vale do Paraíso",110180705,"EMEF PROFESSORA IVONETE VENANCIO",1,0,"RUA 19 DE NOVEMBRO","1438","ESCOLA","SETOR 04","76923000","Catálogo de Escolas - agosto/2024","0","-10.4297009","-62.1231239","110180705000017","-10.404200605688423","-62.11682692231803","municipio","dm01","25449","VALE DO PARAISO - RO",1221,False,"110180705000017","110180705000004","-10.404200605688423","-62.11682692231803","0","2917.93479987","1","2843.86972708",False,False
8420,8,"2025-08-26 09:59:31-03","2025-08-26 09:59:31-03","0101000020E61000007814426216104FC04CD98E4E02DC24C0","0101000020E61000007814426216104FC04CD98E4E02DC24C0",11042761,2024,"RO",1101807,"Vale do Paraíso","Vale do Paraíso",110180705,"CEI PEQUENO PARAISO",1,0,"RUA 13 DE FEVEREIRO","0","HOSPITAL MUNICIPAL","SETOR 04","76923000","Catálogo de Escolas - agosto/2024","0","-10.4297051","-62.1256831","110180705000017","-10.404200605688423","-62.11682692231803","municipio","dm01","25449","VALE DO PARAISO - RO",1221,False,"110180705000017","110180705000004","-10.404200605688423","-62.11682692231803","0","2996.79918414","1","2843.86972708",False,False
8421,8,"2025-08-26 09:59:31-03","2025-08-26 09:59:31-03","0101000020E6100000B8A69F5DAB3C4FC0FBDBAF4C09DC24C0","0101000020E6100000B8A69F5DAB3C4FC0FBDBAF4C09DC24C0",11051060,2024,"RO",1100114,"Jaru","Jaru",110011405,"MAX CENTRO EDUCACIONAL JARU",1,0,"AVENIDA PADRE ADOLPHO ROHL","2600",NULL,"CENTRO","76890000","Catálogo de Escolas - agosto/2024","0","-10.42975845","-62.47397966666671","110011405000029","-10.4297456741333","-62.4738655090332","numero","dn04","6","AVENIDA PADRE ADOLPHO ROHL, 2600 - SETOR 05, JARU - RO",1,False,"110011405000029","110011405000029","-10.4297456741333","-62.4738655090332","0","12.56460461","1","0",True,NULL
8425,8,"2025-08-26 09:59:31-03","2025-08-26 09:59:31-03","0101000020E61000009D5E313CD9424FC0D2A2E30FABDC24C0","0101000020E61000009D5E313CD9424FC0D2A2E30FABDC24C0",11049014,2024,"RO",1100114,"Jaru","Jaru",110011405,"ESCOLA FAMILIA AGRICOLA DOM ANTONIO POSSAMAI",2,0,"LINHA 623 KM 2",NULL,NULL,"ZONA RURAL","76890000","Catálogo de Escolas - agosto/2024","0","-10.4309926","-62.52225449","110011405000070","-10.465247073210952","-62.49459800923825","municipio","dm01","61101","JARU - RO",16764,False,"110011405000070","110011405000052","-10.465247073210952","-62.49459800923825","0","4863.55625275","1","59.91321654",False,True
8426,8,"2025-08-26 09:59:31-03","2025-08-26 09:59:31-03","0101000020E610000091D849D8123B4FC0BC8B417111DD24C0","0101000020E610000091D849D8123B4FC0BC8B417111DD24C0",11011190,2024,"RO",1100114,"Jaru","Jaru",110011405,"EMEI TANIA BARRETO",1,0,"RUA RIO GRANDE DO NORTE","3267",NULL,"SETOR 5","76890000","Catálogo de Escolas - agosto/2024","0","-10.4317737","-62.4615126","110011405000034","-10.432131150284441","-62.46907905008089","numero_aproximado","da04","6","RUA RIO GRANDE DO NORTE, 3267 (aprox) - SETOR 01, JARU - RO",1,True,"110011405000034","110011405000007","-10.429656334345083","-62.47070255810399","327.48969619","828.39909141","1","415.67376454",False,True
8430,8,"2025-08-26 09:59:31-03","2025-08-26 09:59:31-03","0101000020E6100000FEA94D937CD34EC0917CBD5DDCDD24C0","0101000020E6100000FEA94D937CD34EC0917CBD5DDCDD24C0",11037890,2024,"RO",1100122,"Ji-Paraná","Ji-Paraná",110012205,"EIEEF XINEPUABA",2,2,"AREA RURAL",NULL,"TI IGARAPE LOURDES","AREA RURAL DE JI-PARANA","76914899","Catálogo de Escolas - agosto/2024","0","-10.433321885472","-61.6522392396182","110012205000246","-10.882369258471263","-61.941406437590736","municipio","dm01","22910","JI-PARANA - RO",45594,False,"110012205000246","110012205000075","-10.882369258471263","-61.941406437590736","0","59090.60517998","1","58389.7954687",False,False
8431,8,"2025-08-26 09:59:31-03","2025-08-26 09:59:31-03","0101000020E6100000D6FD63213A3C4FC09A0645F300DE24C0","0101000020E6100000D6FD63213A3C4FC09A0645F300DE24C0",11051213,2024,"RO",1100114,"Jaru","Jaru",110011405,"QI ESCOLA DE PROFISSOES-CENTRO DE ENSINO DEKOLE DE JARU",1,0,"AVENIDA RIO BRANCO","2017","PREDIO","SETOR 1","76890000","Google 2025","1","-10.433601","-62.470524","110011405000009","-10.433594703674316","-62.47031021118164","numero","dn04","6","AVENIDA RIO BRANCO, 2017 - SETOR 01, JARU - RO",2,False,"110011405000009","110011405000009","-10.433594703674316","-62.47031021118164","0","23.38968158","1","0",True,NULL
8441,8,"2025-08-26 09:59:31-03","2025-08-26 09:59:31-03","0101000020E61000004A07EBFF1C3E4FC01E166A4DF3DE24C0","0101000020E61000004A07EBFF1C3E4FC01E166A4DF3DE24C0",11044918,2024,"RO",1100114,"Jaru","Jaru",110011405,"EEI PROFª MARIA DA CONCEICAO DOS SANTOS",1,0,"RUA MINAS GERAIS","1640","PREDIO","JARDIM NOVO HORIZONTE","76890000","Catálogo de Escolas - agosto/2024","0","-10.43545","-62.48526","110011405000024","-10.428821107410522","-62.47825771547883","numero_aproximado","da04","6","RUA MINAS GERAIS, 1640 (aprox) - SETOR 05, JARU - RO",2,False,"110011405000024","110011405000026","-10.428821107410522","-62.47825771547883","0","1062.86799808","1","421.47175897",False,False
8443,8,"2025-08-26 09:59:31-03","2025-08-26 09:59:31-03","0101000020E6100000BEFE7FF7E9394FC0432D173B2BDF24C0","0101000020E6100000BEFE7FF7E9394FC0432D173B2BDF24C0",11050322,2024,"RO",1100114,"Jaru","Jaru",110011405,"IFRO - CAMPUS JARU",1,0,"AVENIDA VEREADOR OTAVIANO PEREIRA NETO","874",NULL,"SETOR 2","76890000","Catálogo de Escolas - agosto/2024","0","-10.4358767","-62.4524526","110011405000072","-10.465247073210952","-62.49459800923825","municipio","dm01","61101","JARU - RO",16764,False,"110011405000072","110011405000052","-10.465247073210952","-62.49459800923825","0","5648.46260245","1","4904.88077744",False,False
8446,8,"2025-08-26 09:59:31-03","2025-08-26 09:59:31-03","0101000020E610000084A2D4B9FD3D4FC07B0ED18D55DF24C0","0101000020E610000084A2D4B9FD3D4FC07B0ED18D55DF24C0",11012684,2024,"RO",1100114,"Jaru","Jaru",110011405,"COLEGIO TIRADENTES DA POLICIA MILITAR - CTPM XIII",1,0,"AVENIDA DOM PEDRO I","1625","PREDIO","JARDIM NOVO HORIZONTE","76890000","Catálogo de Escolas - agosto/2024","0","-10.4361996","-62.4843056","110011405000024","-10.429848686574799","-62.47603244859206","numero_aproximado","da04","6","AVENIDA DOM PEDRO I, 1625 (aprox) - SETOR 05, JARU - RO",1,True,"110011405000024","110011405000029","-10.429848686574799","-62.47603244859206","0","1147.70709058","1","492.26168575",False,True
8451,8,"2025-08-26 09:59:31-03","2025-08-26 09:59:31-03","0101000020E6100000FB07910C393C4FC07615F7C4DFDF24C0","0101000020E6100000FB07910C393C4FC07615F7C4DFDF24C0",11051094,2024,"RO",1100114,"Jaru","Jaru",110011405,"MD CURSOS",1,0,"AVENIDA BRASIL","1676",NULL,"SETOR 01","76890000","Catálogo de Escolas - agosto/2024","0","-10.4372541","-62.470491","110011405000009","-10.4371337890625","-62.47003936767578","numero","dn03","6","AVENIDA BRASIL, 1676 - SETOR 01, JARU - RO, 76890-000",1,False,"110011405000009","110011405000009","-10.4371337890625","-62.47003936767578","0","51.16816725","1","0",True,NULL
8455,8,"2025-08-26 09:59:31-03","2025-08-26 09:59:31-03","0101000020E6100000AA719514C53A4FC01CACA4BA25E024C0","0101000020E6100000AA719514C53A4FC01CACA4BA25E024C0",11050799,2024,"RO",1100114,"Jaru","Jaru",110011405,"EMEI MARIA DO SOCORRO LOPES SOARES",1,0,"RUA GOIAS","3875","PROXIMO AO BB","SETOR 2","76890000","Catálogo de Escolas - agosto/2024","0","-10.43778785","-62.4591394166667","110011405000074","-10.437907218933105","-62.459129333496094","numero","dn04","6","RUA GOIAS, 3875 - SETOR 02, JARU - RO",1,False,"110011405000074","110011405000074","-10.437907218933105","-62.459129333496094","0","13.31895922","1","0",True,NULL
8464,8,"2025-08-26 09:59:31-03","2025-08-26 09:59:31-03","0101000020E6100000E23C9CC0743C4FC09812EE3AC0E024C0","0101000020E6100000E23C9CC0743C4FC09812EE3AC0E024C0",11043318,2024,"RO",1100114,"Jaru","Jaru",110011405,"EEIEF PADRE ADOLFO KOLPING",1,0,"RUA MARECHAL RONDON","2579","UNIDADE DE ENSINO","SETOR 04","76890000","Catálogo de Escolas - agosto/2024","0","-10.4389666","-62.472313","110011405000002","-10.439122200012207","-62.47195053100586","numero","dn03","6","RUA MARECHAL RONDON, 2579 - SETOR 04, JARU - RO, 76890-000",1,False,"110011405000002","110011405000002","-10.439122200012207","-62.47195053100586","0","43.24929172","1","0",True,NULL
8465,8,"2025-08-26 09:59:31-03","2025-08-26 09:59:31-03","0101000020E61000008D6E7319ED3B4FC0E0FB766DCAE024C0","0101000020E61000008D6E7319ED3B4FC0E0FB766DCAE024C0",11011491,2024,"RO",1100114,"Jaru","Jaru",110011405,"EEEMTI CAPITAO SILVIO DE FARIAS",1,0,"RUA FLORIANOPOLIS","2945","ESCOLA","SETOR 02","76890000","Catálogo de Escolas - agosto/2024","0","-10.4390444","-62.4681732","110011405000010","-10.437243135684342","-62.46538147630183","numero_aproximado","da03","6","RUA FLORIANOPOLIS, 2945 (aprox) - SETOR 02, JARU - RO",1,False,"110011405000010","110011405000010","-10.437243135684342","-62.46538147630183","0","365.12734979","1","0",True,NULL
8469,8,"2025-08-26 09:59:31-03","2025-08-26 09:59:31-03","0101000020E6100000A5FD6A69C93B4FC0BBFBD29112E124C0","0101000020E6100000A5FD6A69C93B4FC0BBFBD29112E124C0",11012447,2024,"RO",1100114,"Jaru","Jaru",110011405,"EEEFM OLGA DELLAIA",1,0,"AVENIDA PADRE ADOLPHO RHOL","1260","CENTRO","SETOR 02","76890000","Catálogo de Escolas - agosto/2024","0","-10.4395948","-62.4670841","110011405000011","-10.438075775599811","-62.46845257500187","numero_aproximado","pa03","8","AVENIDA PADRE ADOLPHO ROHL, 1260 (aprox) - SETOR 02, JARU - RO",3,False,"110011405000011","110011405000010","-10.438075775599811","-62.46845257500187","0","225.66522021","1","118.41651184",False,True
8483,8,"2025-08-26 09:59:31-03","2025-08-26 09:59:31-03","0101000020E6100000AE5406C4DA3A4FC026A36F777BE124C0","0101000020E6100000AE5406C4DA3A4FC026A36F777BE124C0",11011157,2024,"RO",1100114,"Jaru","Jaru",110011405,"APAE PRECISO DE CARINHO",1,0,"RUA TAPAJOS","3647",NULL,"SETOR 2","76890000","Catálogo de Escolas - agosto/2024","0","-10.4403951","-62.4598012","110011405000074","-10.44048023223877","-62.45966720581055","numero","dn04","6","RUA TAPAJOS, 3647 - SETOR 02, JARU - RO",1,False,"110011405000074","110011405000074","-10.44048023223877","-62.45966720581055","0","17.44464345","1","0",True,NULL
8487,8,"2025-08-26 09:59:31-03","2025-08-26 09:59:31-03","0101000020E6100000A57D18C6823B4FC057AF22A303E224C0","0101000020E6100000A57D18C6823B4FC057AF22A303E224C0",11011165,2024,"RO",1100114,"Jaru","Jaru",110011405,"CEEJA DE JARU",1,0,"RUA GOIAS","3143",NULL,"SETOR 02","76890000","Catálogo de Escolas - agosto/2024","0","-10.441434","-62.4649284","110011405000011","-10.438295455684","-62.4596610553965","numero_aproximado","da03","6","RUA GOIAS, 3143 (aprox) - SETOR 02, JARU - RO",1,False,"110011405000011","110011405000074","-10.438295455684","-62.4596610553965","0","673.482298","1","299.79219435",False,True
8489,8,"2025-08-26 09:59:31-03","2025-08-26 09:59:31-03","0101000020E6100000E6A03A0C9C3B4FC01C9EB9E23DE224C0","0101000020E6100000E6A03A0C9C3B4FC01C9EB9E23DE224C0",11043687,2024,"RO",1100114,"Jaru","Jaru",110011405,"EMEI PATO DONALD",1,0,"AVENIDA RIO BRANCO","1253","SETOR 02","CENTRO","76890000","Catálogo de Escolas - agosto/2024","0","-10.4418784","-62.4656997","110011405000011","-10.433964833811393","-62.47004646993097","numero_aproximado","da04","7","AVENIDA RIO BRANCO, 1253 (aprox) - SETOR 01, JARU - RO",1,True,"110011405000011","110011405000009","-10.433964833811393","-62.47004646993097","0","1000.13020408","1","593.10887434",False,False
8490,8,"2025-08-26 09:59:31-03","2025-08-26 09:59:31-03","0101000020E61000002C5B35199F3B4FC0751195FC3EE224C0","0101000020E61000002C5B35199F3B4FC0751195FC3EE224C0",11012170,2024,"RO",1100114,"Jaru","Jaru",110011405,"EMEIEF JUSCELINO KUBITSCHEK",2,0,"LINHA 617","KM 12",NULL,"ZONA RURAL","76890000","Catálogo de Escolas - agosto/2024","0","-10.4418868","-62.4657928","110011405000011","-10.451092933353625","-62.71601857637104","logradouro","dl04","11058","LINHA 617 - LINHA 617, JARU - RO",80,True,"110011405000011","110011405000056","-10.451092933353625","-62.68956402369908","2892.81498673","27381.82649704","1","27066.48766985",False,False
8491,8,"2025-08-26 09:59:31-03","2025-08-26 09:59:31-03","0101000020E61000002F26474B2F3C4FC0DEE3F15943E224C0","0101000020E61000002F26474B2F3C4FC0DEE3F15943E224C0",11050047,2024,"RO",1100114,"Jaru","Jaru",110011405,"SERVICO NACIONAL DE APRENDIZAGEM COMERCIAL - SENAC JARU",1,0,"RUA FLORIANOPOLIS","3045","ENFRENTE CEF","SETOR 2","76890000","Catálogo de Escolas - agosto/2024","0","-10.4419201","-62.4701933","110011405000017","-10.438737869262695","-62.467620849609375","numero","dn04","6","RUA FLORIANOPOLIS, 3045 - SETOR 02, JARU - RO",1,False,"110011405000017","110011405000010","-10.438737869262695","-62.467620849609375","0","452.04309038","1","191.78425891",False,True
8492,8,"2025-08-26 09:59:31-03","2025-08-26 09:59:31-03","0101000020E6100000ECD973999A3B4FC081107F0349E224C0","0101000020E6100000ECD973999A3B4FC081107F0349E224C0",11011270,2024,"RO",1100114,"Jaru","Jaru",110011405,"EMEF ABRAO ROCHA",1,0,"RUA MARECHAL RONDON","2258",NULL,"SETOR 03","76890000","Catálogo de Escolas - agosto/2024","0","-10.4419633","-62.4656555","110011405000011","-10.44063739607822","-62.47395020306253","numero_aproximado","da03","7","RUA MARECHAL RONDON, 2258 (aprox) - SETOR 03, JARU - RO",1,False,"110011405000011","110011405000018","-10.44063739607822","-62.47395020306253","0","918.96130903","1","543.45871828",False,True
8493,8,"2025-08-26 09:59:31-03","2025-08-26 09:59:31-03","0101000020E6100000105432A59A3B4FC0333FEDA64AE224C0","0101000020E6100000105432A59A3B4FC0333FEDA64AE224C0",11043709,2024,"RO",1100114,"Jaru","Jaru",110011405,"EMEF MENEZIO DE VICTO",1,0,"RUA JEAN CARLOS","4029",NULL,"JARDIM NOVO ESTADO","76890000","Catálogo de Escolas - agosto/2024","0","-10.4419758","-62.4656569","110011405000011","-10.465247073210952","-62.49459800923825","municipio","dm01","61101","JARU - RO",16764,False,"110011405000011","110011405000052","-10.465247073210952","-62.49459800923825","0","4087.93757507","1","3915.06761686",False,False
8494,8,"2025-08-26 09:59:31-03","2025-08-26 09:59:31-03","0101000020E6100000937A05589A3B4FC049A35DE04DE224C0","0101000020E6100000937A05589A3B4FC049A35DE04DE224C0",11011998,2024,"RO",1100114,"Jaru","Jaru",110011405,"EMEF JEAN CARLOS MUNIZ",1,0,"AVENIDA BRASIL","2633","EM FRENTE A IGREJA","SETOR 05","76890000","Catálogo de Escolas - agosto/2024","0","-10.4420004","-62.4656477","110011405000011","-10.429914474487305","-62.47492218017578","numero","dn03","6","AVENIDA BRASIL, 2633 - SETOR 05, JARU - RO, 76890-000",1,False,"110011405000011","110011405000029","-10.429914474487305","-62.47492218017578","0","1683.65419645","1","1259.6240452",False,False
8495,8,"2025-08-26 09:59:31-03","2025-08-26 09:59:31-03","0101000020E6100000348C71B4993B4FC08B92EB014EE224C0","0101000020E6100000348C71B4993B4FC08B92EB014EE224C0",11011181,2024,"RO",1100114,"Jaru","Jaru",110011405,"EMEI PROFESSORA ZENIR CARVALHO",1,0,"RUA RAIMUNDO BARRETO","890",NULL,"SETOR 07","76890000","Catálogo de Escolas - agosto/2024","0","-10.4420014","-62.4656282","110011405000011","-10.450637817382812","-62.47710037231445","numero","dn03","6","RUA RAIMUNDO BARRETO, 890 - SETOR 07, JARU - RO, 76890-000",1,False,"110011405000011","110011405000019","-10.450637817382812","-62.47710037231445","0","1579.87728249","1","1410.48230735",False,False
8496,8,"2025-08-26 09:59:31-03","2025-08-26 09:59:31-03","0101000020E6100000D9EC48F59D3B4FC0B46DBD4B4EE224C0","0101000020E6100000D9EC48F59D3B4FC0B46DBD4B4EE224C0",11046260,2024,"RO",1100114,"Jaru","Tarilândia",110011425,"EMEIEF DJARU UARU",2,0,"LINHA 627 KM 90 JARU UARU","S/N","JARU UARU","ZONA RURAL","76897890","Catálogo de Escolas - agosto/2024","0","-10.4420036","-62.465758","110011405000011","-10.465247073210952","-62.49459800923825","municipio","dm01","61101","JARU - RO",16764,False,"110011405000011","110011405000052","-10.465247073210952","-62.49459800923825","0","4077.42487458","1","3915.06761686",False,False
8497,8,"2025-08-26 09:59:31-03","2025-08-26 09:59:31-03","0101000020E6100000FFD4D3A2993B4FC0086C184F4EE224C0","0101000020E6100000FFD4D3A2993B4FC0086C184F4EE224C0",11047232,2024,"RO",1100114,"Jaru","Jaru",110011405,"EMEI ELZA MARIA FABRIS",1,0,"RUA AIRTON SENNA","4193","ESCOLA","JARDIM DOS ESTADOS","76890000","Catálogo de Escolas - agosto/2024","0","-10.4420037","-62.4656261","110011405000011","-10.424988815861363","-62.48541579707976","localidade","db01","470","JARDIM DOS ESTADOS, JARU - RO",131,False,"110011405000011","110011405000044","-10.424988815861363","-62.48541579707976","0","2874.54826852","1","2420.41366345",False,False
8498,8,"2025-08-26 09:59:31-03","2025-08-26 09:59:31-03","0101000020E6100000C9A76CFD993B4FC05B6A73524EE224C0","0101000020E6100000C9A76CFD993B4FC05B6A73524EE224C0",11040130,2024,"RO",1100114,"Jaru","Bom Jesus",110011410,"E M E I BOM JESUS",1,0,"RUA PIAUI","S/N",NULL,"DISTRITO DE BOM JESUS","76890000","Catálogo de Escolas - agosto/2024","0","-10.4420038","-62.4656369","110011405000011","-10.427351520907495","-62.46667714272776","logradouro","dl04","83","RUA PIAUI - SETOR 01, JARU - RO",33,True,"110011405000011","110011405000007","-10.427351520907495","-62.45952854156494","781.7618258","1633.22783444","1","1048.5542938",False,False
8499,8,"2025-08-26 09:59:31-03","2025-08-26 09:59:31-03","0101000020E6100000224F92AE993B4FC0026729594EE224C0","0101000020E6100000224F92AE993B4FC0026729594EE224C0",11012269,2024,"RO",1100114,"Jaru","Jaru",110011405,"EMEIEF MARECHAL CORDEIRO DE FARIAS",2,0,"BR 364 LINHA 619 KM 01","S/N","ZONA RURAL","ZONA RURAL","76890000","Catálogo de Escolas - agosto/2024","0","-10.442004","-62.4656275","110011405000011","-10.465247073210952","-62.49459800923825","municipio","dm01","61101","JARU - RO",16764,False,"110011405000011","110011405000052","-10.465247073210952","-62.49459800923825","0","4088.44382005","1","3915.06761686",False,False
8500,8,"2025-08-26 09:59:31-03","2025-08-26 09:59:31-03","0101000020E61000007048FEBB993B4FC09654127E4EE224C0","0101000020E61000007048FEBB993B4FC09654127E4EE224C0",11046279,2024,"RO",1100114,"Jaru","Tarilândia",110011425,"EMEIEF JOSE DE SOUZA SILVA",1,0,"RUA LUZIA LOPES","2699","PERIMETRO URBANO","CENTRO","76897890","Catálogo de Escolas - agosto/2024","0","-10.4420051","-62.4656291","110011405000011","-10.465247073210952","-62.49459800923825","municipio","dm01","61101","JARU - RO",16764,False,"110011405000011","110011405000052","-10.465247073210952","-62.49459800923825","0","4088.23092819","1","3915.06761686",False,False
8501,8,"2025-08-26 09:59:31-03","2025-08-26 09:59:31-03","0101000020E6100000E1455F419A3B4FC01F381DB74EE224C0","0101000020E6100000E1455F419A3B4FC01F381DB74EE224C0",11011203,2024,"RO",1100114,"Jaru","Jaru",110011405,"EMEIEF BEATRIZ MIREYA",1,0,"RUA OSVALDO CRUZ","2675","BAIRRO NOVO HORIZONT","SETOR 04","76890000","Catálogo de Escolas - agosto/2024","0","-10.4420068","-62.465645","110011405000011","-10.442733550223563","-62.47827810358019","numero_aproximado","da03","6","RUA OSVALDO CRUZ, 2675 (aprox) - SETOR 04, JARU - RO",1,False,"110011405000011","110011405000002","-10.442733550223563","-62.47827810358019","0","1383.83481763","1","1061.38961143",False,False
8502,8,"2025-08-26 09:59:31-03","2025-08-26 09:59:31-03","0101000020E6100000CF7E49CF993B4FC04F18DEF64EE224C0","0101000020E6100000CF7E49CF993B4FC04F18DEF64EE224C0",11012323,2024,"RO",1100114,"Jaru","Jaru",110011405,"EMEF MARIA DE LOURDES DA SILVA",1,0,"RUA RAIMUNDO BARRETO","863","ESCOLA","JARDIM ESPERANCA","76890000","Catálogo de Escolas - agosto/2024","0","-10.4420087","-62.4656314","110011405000011","-10.449438841636905","-62.478354547826186","numero_aproximado","da04","6","RUA RAIMUNDO BARRETO, 863 (aprox) - SETOR 07, JARU - RO",2,False,"110011405000011","110011405000059","-10.449438841636905","-62.478354547826186","0","1618.12478387","1","1450.71310692",False,False
8503,8,"2025-08-26 09:59:31-03","2025-08-26 09:59:31-03","0101000020E61000003A9160AA993B4FC007DCA96F4FE224C0","0101000020E61000003A9160AA993B4FC007DCA96F4FE224C0",11011335,2024,"RO",1100114,"Jaru","Jaru",110011405,"EMEF ALDEMIR LIMA CANTANHEDE",1,0,"RUA MAMORE","1502",NULL,"SETOR 01-A","76890000","Catálogo de Escolas - agosto/2024","0","-10.4420123","-62.465627","110011405000011","-10.43734502532378","-62.45815290497725","numero_aproximado","da04","6","RUA MAMORE, 1502 (aprox) - SETOR 02, JARU - RO",2,False,"110011405000011","110011405000074","-10.43734502532378","-62.45815290497725","0","968.17268879","1","495.53123684",False,True
8504,8,"2025-08-26 09:59:31-03","2025-08-26 09:59:31-03","0101000020E61000000A7D55D39A3B4FC0F5CCDC8D4FE224C0","0101000020E61000000A7D55D39A3B4FC0F5CCDC8D4FE224C0",11046910,2024,"RO",1100114,"Jaru","Jaru",110011405,"EMEIEF MARIA GOMES DA COSTA GONCALVES",1,0,"RUA MARGARETE FERREIRA COSTA","1254","SETOR 08","JARDIM BELA VISTA","76890000","Catálogo de Escolas - agosto/2024","0","-10.4420132","-62.4656624","110011405000011","-10.459210260492485","-62.45274877983698","numero_aproximado","da04","6","RUA MARGARETE FERREIRA COSTA, 1254 (aprox) - LINHA 608, JARU - RO",1,False,"110011405000011","110011405000046","-10.459210260492485","-62.45274877983698","0","2377.11507732","1","2339.72160892",False,False
8505,8,"2025-08-26 09:59:31-03","2025-08-26 09:59:31-03","0101000020E610000087B2A6689B3B4FC0E93290C250E224C0","0101000020E610000087B2A6689B3B4FC0E93290C250E224C0",11049090,2024,"RO",1100114,"Jaru","Jaru",110011405,"EMEI GABRIEL BALMANT NEVES",1,0,"RUA ONOFRE DUARTE DE OLIVEIRA","3398",NULL,"SETOR 06","76890000","Catálogo de Escolas - agosto/2024","0","-10.4420224","-62.4656802","110011405000011","-10.421693636663514","-62.47767561538104","numero_aproximado","da03","6","RUA ONOFRE DUARTE DE OLIVEIRA, 3398 (aprox) - SETOR 06, JARU - RO",1,False,"110011405000011","110011405000030","-10.421693636663514","-62.47767561538104","0","2613.51300368","1","2185.59950684",False,False
8515,8,"2025-08-26 09:59:31-03","2025-08-26 09:59:31-03","0101000020E6100000811B73E83E3C4FC0E0D91EBDE1E224C0","0101000020E6100000811B73E83E3C4FC0E0D91EBDE1E224C0",11040076,2024,"RO",1100114,"Jaru","Jaru",110011405,"COOPERATIVA DE PROFISSIONAIS EM EDUCACAO",1,0,"RUA RIO DEJANEIRO","2436",NULL,"SETOR 03","76890000","Catálogo de Escolas - agosto/2024","0","-10.4431285","-62.4706698","110011405000016","-10.444863939129958","-62.473667374651285","localidade","db01","713","SETOR 03, JARU - RO",647,False,"110011405000016","110011405000016","-10.444863939129958","-62.473667374651285","0","380.3771785","1","0",True,NULL
8521,8,"2025-08-26 09:59:31-03","2025-08-26 09:59:31-03","0101000020E6100000E131F26819C94FC08132E1CEBCE324C0","0101000020E6100000E131F26819C94FC08132E1CEBCE324C0",11004606,2024,"RO",1100700,"Campo Novo de Rondôni","Campo Novo de Rondônia",110070005,"EMEIF NOVA FLORESTA",2,0,"BR 421 KM 80 LINHA C-06 KM 15",NULL,"SITIO","ZONA RURAL","76887000","Catálogo de Escolas - agosto/2024","0","-10.4447998666667","-63.57108795","110070005000014",NULL,NULL,NULL,NULL,NULL,NULL,NULL,False,"110070005000014",NULL,NULL,NULL,NULL,NULL,"1",NULL,NULL,NULL
8523,8,"2025-08-26 09:59:31-03","2025-08-26 09:59:31-03","0101000020E61000008D65ABA58DFC4FC094746C99DDE324C0","0101000020E61000008D65ABA58DFC4FC094746C99DDE324C0",11037172,2024,"RO",1100700,"Campo Novo de Rondôni","Campo Novo de Rondônia",110070005,"EMEIEF 07 DE SETEMBRO",2,0,"BR 421 LINHA 03 RIO JACI","S Nº","LINHA 3 COQUEIROS","SETOR RURAL","76887000","Catálogo de Escolas - agosto/2024","0","-10.4450500435726","-63.9730727278612","110070005000027",NULL,NULL,NULL,NULL,NULL,NULL,NULL,False,"110070005000027",NULL,NULL,NULL,NULL,NULL,"1",NULL,NULL,NULL
8524,8,"2025-08-26 09:59:31-03","2025-08-26 09:59:31-03","0101000020E6100000DFEEF66A913C4FC08A39AD80E7E324C0","0101000020E6100000DFEEF66A913C4FC08A39AD80E7E324C0",11050438,2024,"RO",1100114,"Jaru","Jaru",110011405,"CEET SENAI JARU",1,0,"RUA RIO DE JANEIRO","2315","ESCOLA","LIBERDADE","76890000","Catálogo de Escolas - agosto/2024","0","-10.4451256","-62.4731878","110011405000016","-10.45015261661156","-62.47955645314265","numero_aproximado","da04","6","RUA RIO DE JANEIRO, 2315 (aprox) - SETOR 07, JARU - RO",1,True,"110011405000016","110011405000059","-10.443540570899984","-62.470371424199996","1244.74013956","893.00733352","1","371.45019184",False,True
8534,8,"2025-08-26 09:59:31-03","2025-08-26 09:59:31-03","0101000020E61000005DAC037BA73D4FC07E9301FB43E624C0","0101000020E61000005DAC037BA73D4FC07E9301FB43E624C0",11012099,2024,"RO",1100114,"Jaru","Jaru",110011405,"EEEFM GOV JORGE TEIXEIRA DE OLIVEIRA",1,0,"RUA FLORIANOPOLIS","1175","ESCOLA","JARDIM ESPERANCA - SETOR 07","76890000","Catálogo de Escolas - agosto/2024","0","-10.4497374","-62.4816736","110011405000019","-10.44389285832236","-62.47556568848294","numero_aproximado","da04","6","RUA FLORIANOPOLIS, 1175 (aprox) - SETOR 03, JARU - RO",1,True,"110011405000019","110011405000017","-10.44389285832236","-62.47556568848294","0","931.90955144","1","577.04802555",False,False
8546,8,"2025-08-26 09:59:31-03","2025-08-26 09:59:31-03","0101000020E6100000FD1F1620C03A4FC0EFBF3A3366E724C0","0101000020E6100000FD1F1620C03A4FC0EFBF3A3366E724C0",11012382,2024,"RO",1100114,"Jaru","Jaru",110011405,"EEEF NILTON OLIVEIRA DE ARAUJO",1,0,"RUA OSEIAS FEITOSA DOS SANTOS","3044",NULL,"JARDIM BELA VISTA","76890000","Catálogo de Escolas - agosto/2024","0","-10.4519516","-62.4589882","110011405000036","-10.465247073210952","-62.49459800923825","municipio","dm01","61101","JARU - RO",16764,False,"110011405000036","110011405000052","-10.465247073210952","-62.49459800923825","0","4165.05941877","1","3895.54759225",False,True
8596,8,"2025-08-26 09:59:31-03","2025-08-26 09:59:31-03","0101000020E61000008676A96CB3394FC01CC0119326EC24C0","0101000020E61000008676A96CB3394FC01CC0119326EC24C0",11051108,2024,"RO",1100114,"Jaru","Jaru",110011405,"EMEI PRIMAVERA",1,0,"RUA MAGNOLIA","2536","LT 01 QUADRA 04","PRIMAVERA","76890000","Catálogo de Escolas - agosto/2024","0","-10.4612318","-62.4507881","110011405000060","-10.461244149046392","-62.45067071799541","numero_aproximado","da04","6","RUA MAGNOLIA, 2536 (aprox) - JARDIM PRIMAVERA, JARU - RO",1,False,"110011405000060","110011405000060","-10.461244149046392","-62.45067071799541","0","12.90858809","1","0",True,NULL
8799,8,"2025-08-26 09:59:31-03","2025-08-26 09:59:31-03","0101000020E6100000C2210A1CBFFF4EC00A21318B9A0525C0","0101000020E6100000C2210A1CBFFF4EC00A21318B9A0525C0",11040432,2024,"RO",1100155,"Ouro Preto do Oeste","Rondominas",110015525,"EMEIEF RONDOMINAS",1,0,"RUA BARROCAS","3314","CENTRO","DISTRITO DE RONDOMINAS","76920000","Catálogo de Escolas - agosto/2024","0","-10.5109447","-61.9980197","110015525000009","-10.510109219010639","-62.00013037833002","numero_aproximado","da04","6","RUA BARROCAS, 3314 (aprox) - RONDOMINAS, OURO PRETO DO OESTE - RO",1,False,"110015525000009","110015525000008","-10.510109219010639","-62.00013037833002","0","248.75782436","1","89.63554428",False,True
8837,8,"2025-08-26 09:59:31-03","2025-08-26 09:59:31-03","0101000020E61000008D7C5EF1D4FF4EC01E262BD0380625C0","0101000020E61000008D7C5EF1D4FF4EC01E262BD0380625C0",11017422,2024,"RO",1100155,"Ouro Preto do Oeste","Rondominas",110015525,"EEEFM MARIA DE MATOS E SILVA",1,0,"RUA DOS EXTENSIONISTAS","3490","RONDOMINAS","CENTRO","76920000","Catálogo de Escolas - agosto/2024","0","-10.5121522","-61.998686","110015525000009","-10.712788460523115","-62.249856170530805","municipio","dm01","35375","OURO PRETO DO OESTE - RO",14828,False,"110015525000009","110015505000060","-10.712788460523115","-62.249856170530805","0","35373.59953312","1","34708.8931672",False,False
8906,8,"2025-08-26 09:59:31-03","2025-08-26 09:59:31-03","0101000020E6100000B6099C114A824FC06F641EF9831525C0","0101000020E6100000B6099C114A824FC06F641EF9831525C0",11019115,2024,"RO",1101005,"Governador Jorge Teix","Colina Verde",110100515,"EEEFM CLAUDIO MANOEL DA COSTA",1,0,"AVENIDA CACAULANDIA","S/N","DIST. COLINA VERDE","CENTRO","76898000","Catálogo de Escolas - agosto/2024","0","-10.5420225","-63.0178854","110100515000001",NULL,NULL,NULL,NULL,NULL,NULL,NULL,False,"110100515000001",NULL,NULL,NULL,NULL,NULL,"1",NULL,NULL,NULL
8907,8,"2025-08-26 09:59:31-03","2025-08-26 09:59:31-03","0101000020E61000005AD5928E72F74EC0F1603024CC1525C0","0101000020E61000005AD5928E72F74EC0F1603024CC1525C0",11013508,2024,"RO",1100122,"Ji-Paraná","Ji-Paraná",110012205,"EMEIEF ANTONIO PRADO",2,0,"AREA RURAL","SN",NULL,"AREA RURAL DE JIPARANA","76914899","Catálogo de Escolas - agosto/2024","0","-10.5425731","-61.9331835","110012205000137","-10.882369258471263","-61.941406437590736","municipio","dm01","22910","JI-PARANA - RO",45594,False,"110012205000137","110012205000075","-10.882369258471263","-61.941406437590736","0","37794.34059415","1","19790.35179814",False,False
8908,8,"2025-08-26 09:59:31-03","2025-08-26 09:59:31-03","0101000020E6100000D1178C5B168D4FC0232E008DD21525C0","0101000020E6100000D1178C5B168D4FC0232E008DD21525C0",11045647,2024,"RO",1101005,"Governador Jorge Teix","Colina Verde",110100515,"EMEIF JOSE SERAFIM BARBOSA",1,0,"RUA MONTE NEGRO","S/N",NULL,"ZONA URBANA","76898000","Catálogo de Escolas - agosto/2024","0","-10.542622","-63.1022448","110100515000005",NULL,NULL,NULL,NULL,NULL,NULL,NULL,False,"110100515000005",NULL,NULL,NULL,NULL,NULL,"1",NULL,NULL,NULL
8943,8,"2025-08-26 09:59:31-03","2025-08-26 09:59:31-03","0101000020E6100000AD9B18B3A15150C0966AF2D6F11C25C0","0101000020E6100000AD9B18B3A15150C0966AF2D6F11C25C0",11043490,2024,"RO",1100106,"Guajará-Mirim","Guajará-Mirim",110010605,"EIEEF WEM CANUM ORO WARAM",2,2,"ALDEIA LAJE VELHO - BOM SOSSEGO","KM.40","6ª LINHA RAMAL IATA","ALDEIA LAJE VELHO","76850000","Catálogo de Escolas - agosto/2024","0","-10.55653259","-65.27549436","110010612000005","-10.80796661118521","-65.27934931416578","municipio","dm01","122291","GUAJARA-MIRIM - RO",13518,False,"110010612000005","110010605000066","-10.80796661118521","-65.27934931416578","0","27961.39896149","1","27289.70598912",False,False
8992,8,"2025-08-26 09:59:31-03","2025-08-26 09:59:31-03","0101000020E6100000610A41D41ECF4FC00633E00B172425C0","0101000020E6100000610A41D41ECF4FC00633E00B172425C0",11004649,2024,"RO",1100700,"Campo Novo de Rondôni","Campo Novo de Rondônia",110070005,"CEMEI CRECHE E ESCOLA MUNICIPAL DE ENSINO INFANTIL PAULO COELHO",1,0,"AV COSTA E SILVA","1923",NULL,"SETOR 04","76887000","Catálogo de Escolas - agosto/2024","0","-10.57048833","-63.61812833","110070005000002",NULL,NULL,NULL,NULL,NULL,NULL,NULL,False,"110070005000002",NULL,NULL,NULL,NULL,NULL,"1",NULL,NULL,NULL
8995,8,"2025-08-26 09:59:31-03","2025-08-26 09:59:31-03","0101000020E610000083A1715517CF4FC0D530F09A5F2425C0","0101000020E610000083A1715517CF4FC0D530F09A5F2425C0",11004347,2024,"RO",1100700,"Campo Novo de Rondôni","Campo Novo de Rondônia",110070005,"EEEFM 15 DE OUTUBRO",1,0,"AV. COSTA E SILVA","1853","CENTRO","SETOR 04","76887000","Catálogo de Escolas - agosto/2024","0","-10.57104191","-63.61789959","110070005000002",NULL,NULL,NULL,NULL,NULL,NULL,NULL,False,"110070005000002",NULL,NULL,NULL,NULL,NULL,"1",NULL,NULL,NULL
8996,8,"2025-08-26 09:59:31-03","2025-08-26 09:59:31-03","0101000020E61000003A852A6FA6CF4FC032514A29642425C0","0101000020E61000003A852A6FA6CF4FC032514A29642425C0",11004452,2024,"RO",1100700,"Campo Novo de Rondôni","Campo Novo de Rondônia",110070005,"EMEIEF CASSIANO RICARDO",1,0,"RUA DUQUE DE CAXIAS","2101",NULL,"SETOR 01","76887000","Catálogo de Escolas - agosto/2024","0","-10.57107667","-63.62226667","110070005000001",NULL,NULL,NULL,NULL,NULL,NULL,NULL,False,"110070005000001",NULL,NULL,NULL,NULL,NULL,"1",NULL,NULL,NULL
9054,8,"2025-08-26 09:59:31-03","2025-08-26 09:59:31-03","0101000020E61000004E631803AD5850C060E5AF14F22C25C0","0101000020E61000004E631803AD5850C060E5AF14F22C25C0",11006420,2024,"RO",1100106,"Guajará-Mirim","Iata",110010612,"EEEF PRESIDENTE EURICO GASPAR DUTRA",1,0,"AVENIDA RORAIMA","3154","DISTRITO DO IATA","CENTRO","76850000","Catálogo de Escolas - agosto/2024","0","-10.58778443","-65.38555982","110010612000001","-10.790398988251257","-65.34432934798654","localidade","db01","671","CENTRO, GUAJARA-MIRIM - RO",1042,False,"110010612000001","110010605000026","-10.790398988251257","-65.34432934798654","0","22975.74675882","1","21893.55509693",False,False
9137,8,"2025-08-26 09:59:31-03","2025-08-26 09:59:31-03","0101000020E610000001005654784550C0F7FFAF5BB93425C0","0101000020E610000001005654784550C0F7FFAF5BB93425C0",11042850,2024,"RO",1100106,"Guajará-Mirim","Guajará-Mirim",110010605,"EIEEF NAWACAM ORO WARAM XIJEIN",2,2,"ALDEIA LINHA 10 - BOM SOSSEGO","KM.42","TERRA INDIGENA","ALDEIA LINHA 10","76850000","Catálogo de Escolas - agosto/2024","0","-10.6029766704887","-65.0854693260044","110010612000007","-10.80796661118521","-65.27934931416578","municipio","dm01","122291","GUAJARA-MIRIM - RO",13518,False,"110010612000007","110010605000066","-10.80796661118521","-65.27934931416578","0","31117.37922335","1","30583.23460892",False,False
9152,8,"2025-08-26 09:59:31-03","2025-08-26 09:59:31-03","0101000020E61000006BBB09BE695E4FC0545227A0893825C0","0101000020E61000006BBB09BE695E4FC0545227A0893825C0",11042710,2024,"RO",1101005,"Governador Jorge Teix","Colina Verde",110100515,"EIEEF DJAI",2,2,"TERRA INDIGENA - ALDEIA JAMARI","0","0","ZONA RURAL","76898000","Coordenadas Sede do Município","3","-10.610425","-62.737602","110100505000003",NULL,NULL,NULL,NULL,NULL,NULL,NULL,False,"110100505000003",NULL,NULL,NULL,NULL,NULL,"1",NULL,NULL,NULL
9153,8,"2025-08-26 09:59:31-03","2025-08-26 09:59:31-03","0101000020E61000006BBB09BE695E4FC0545227A0893825C0","0101000020E61000006BBB09BE695E4FC0545227A0893825C0",11045140,2024,"RO",1101005,"Governador Jorge Teix","Governador Jorge Teixeira",110100505,"EIEEF AREMA URU EU WAU WAU",2,2,"LINHA 623","0",NULL,"ALDEIA INDIGENA","76898000","Coordenadas Sede do Município","3","-10.610425","-62.737602","110100505000003",NULL,NULL,NULL,NULL,NULL,NULL,NULL,False,"110100505000003",NULL,NULL,NULL,NULL,NULL,"1",NULL,NULL,NULL
9154,8,"2025-08-26 09:59:31-03","2025-08-26 09:59:31-03","0101000020E61000006BBB09BE695E4FC0545227A0893825C0","0101000020E61000006BBB09BE695E4FC0545227A0893825C0",11047259,2024,"RO",1101005,"Governador Jorge Teix","Governador Jorge Teixeira",110100505,"EIEEF MBOACARA URU EU WAU WAU",2,2,"TERRAS INDIGENAS URU EU WAU WAU","S/N","ALDEIA 621","ZONA RURAL","76898000","Coordenadas Sede do Município","3","-10.610425","-62.737602","110100505000003",NULL,NULL,NULL,NULL,NULL,NULL,NULL,False,"110100505000003",NULL,NULL,NULL,NULL,NULL,"1",NULL,NULL,NULL
9158,8,"2025-08-26 09:59:31-03","2025-08-26 09:59:31-03","0101000020E6100000901150E1085E4FC062B8DF466F3925C0","0101000020E6100000901150E1085E4FC062B8DF466F3925C0",11043334,2024,"RO",1101005,"Governador Jorge Teix","Governador Jorge Teixeira",110100505,"EMEF ARMINDO FERREIRA FRAGA",1,0,"RUA PITANGUEIRAS","0",NULL,"FRANCISCO ANATALINO","76898000","Catálogo de Escolas - agosto/2024","0","-10.6121771","-62.734646","110100505000027",NULL,NULL,NULL,NULL,NULL,NULL,NULL,False,"110100505000027",NULL,NULL,NULL,NULL,NULL,"1",NULL,NULL,NULL
9159,8,"2025-08-26 09:59:31-03","2025-08-26 09:59:31-03","0101000020E6100000F7A45D96C05D4FC011A7936C753925C0","0101000020E6100000F7A45D96C05D4FC011A7936C753925C0",11019140,2024,"RO",1101005,"Governador Jorge Teix","Governador Jorge Teixeira",110100505,"EEEFM COSTA JUNIOR",1,0,"AVENIDA PEDRAS BRANCAS","717",NULL,"CENTRO","76898000","Catálogo de Escolas - agosto/2024","0","-10.612224","-62.7324398","110100505000029",NULL,NULL,NULL,NULL,NULL,NULL,NULL,False,"110100505000029",NULL,NULL,NULL,NULL,NULL,"1",NULL,NULL,NULL
9165,8,"2025-08-26 09:59:31-03","2025-08-26 09:59:31-03","0101000020E6100000FC636BC71E5E4FC0B1C45E83193A25C0","0101000020E6100000FC636BC71E5E4FC0B1C45E83193A25C0",11043059,2024,"RO",1101005,"Governador Jorge Teix","Governador Jorge Teixeira",110100505,"CEMJA PROFESSORA MARIA PAULINA FERREIRA",1,0,"RUA CEREJEIRAS","0","PROXIMO CAMARA",NULL,"76898000","Catálogo de Escolas - agosto/2024","0","-10.6134759","-62.7353143","110100505000027",NULL,NULL,NULL,NULL,NULL,NULL,NULL,False,"110100505000027",NULL,NULL,NULL,NULL,NULL,"1",NULL,NULL,NULL
9169,8,"2025-08-26 09:59:31-03","2025-08-26 09:59:31-03","0101000020E6100000DEB133E0875D4FC0EB0901AF853B25C0","0101000020E6100000DEB133E0875D4FC0EB0901AF853B25C0",11050012,2024,"RO",1101005,"Governador Jorge Teix","Governador Jorge Teixeira",110100505,"EMEI FILOMENA MARTINS DE FREITAS",1,0,"RUA IMBURANA","SN","BAIRRO NOVO","FRANCISCO NATALINO FERREIRA","76898000","Catálogo de Escolas - agosto/2024","0","-10.6162543","-62.7307091","110100505000026",NULL,NULL,NULL,NULL,NULL,NULL,NULL,False,"110100505000026",NULL,NULL,NULL,NULL,NULL,"1",NULL,NULL,NULL
9171,8,"2025-08-26 09:59:31-03","2025-08-26 09:59:31-03","0101000020E610000040BC53A63D174FC02106BAF6053C25C0","0101000020E610000040BC53A63D174FC02106BAF6053C25C0",11045205,2024,"RO",1101807,"Vale do Paraíso","Vale do Paraíso",110180705,"APPEFA - ASSOCIACAO DE PAIS E PROFESSORES DA ESCOLA FAMILIA AGRICOLA DE VALE DO PARA",2,0,"LINHA 200 LOTE 04 GLEBA 26 KM 14","S/N",NULL,"ZONA RURAL","76923000","Catálogo de Escolas - agosto/2024","0","-10.617233","-62.1815689","110180705000011","-10.404200605688423","-62.11682692231803","municipio","dm01","25449","VALE DO PARAISO - RO",1221,False,"110180705000011","110180705000004","-10.404200605688423","-62.11682692231803","0","24723.05482278","1","2090.29662123",False,True
9210,8,"2025-08-26 09:59:31-03","2025-08-26 09:59:31-03","0101000020E61000005A0FB7A4E7D24EC01A5E32689A4325C0","0101000020E61000005A0FB7A4E7D24EC01A5E32689A4325C0",11048735,2024,"RO",1100122,"Ji-Paraná","Nova Colina",110012220,"EIEEF MANOEL CACHOEIRA",2,2,"AREA RURAL",NULL,"ZONA RURAL","AREA RURAL DE JI-PARANA","76914899","Catálogo de Escolas - agosto/2024","0","-10.6320374070629","-61.6476941961143","110012205000207","-10.882369258471263","-61.941406437590736","municipio","dm01","22910","JI-PARANA - RO",45594,False,"110012205000207","110012205000075","-10.882369258471263","-61.941406437590736","0","42477.02368441","1","39976.63050934",False,False
9321,8,"2025-08-26 09:59:31-03","2025-08-26 09:59:31-03","0101000020E6100000EA190CBFE54A4FC0EBCFD95DFB4D25C0","0101000020E6100000EA190CBFE54A4FC0EBCFD95DFB4D25C0",11012145,2024,"RO",1100114,"Jaru","Santa Cruz da Serra",110011420,"EEEFM JOSUE MONTELLO",1,0,"LINHA 630 KM 25",NULL,"ZONA URBANA",NULL,"76890000","Catálogo de Escolas - agosto/2024","0","-10.6523084","-62.5851363","110011420000001","-10.465247073210952","-62.49459800923825","municipio","dm01","61101","JARU - RO",16764,False,"110011420000001","110011405000052","-10.465247073210952","-62.49459800923825","0","23034.79707415","1","22346.14043593",False,False
9327,8,"2025-08-26 09:59:31-03","2025-08-26 09:59:31-03","0101000020E61000009756082698E34EC09A9E8A359C4E25C0","0101000020E61000009756082698E34EC09A9E8A359C4E25C0",11038055,2024,"RO",1100122,"Ji-Paraná","Nova Colina",110012220,"EIEEFM ITARAP YAMORATXI",2,2,"AREA RURAL",NULL,NULL,"AREA RURAL DE JI-PARANA","76914899","Catálogo de Escolas - agosto/2024","0","-10.6535355312074","-61.7780807057108","110012205000228","-10.882369258471263","-61.941406437590736","municipio","dm01","22910","JI-PARANA - RO",45594,False,"110012205000228","110012205000075","-10.882369258471263","-61.941406437590736","0","31076.78672917","1","30768.05200408",False,False
9403,8,"2025-08-26 09:59:31-03","2025-08-26 09:59:31-03","0101000020E61000000D2DFC2A0A1A4FC0002A0B15D25825C0","0101000020E61000000D2DFC2A0A1A4FC0002A0B15D25825C0",11016299,2024,"RO",1100155,"Ouro Preto do Oeste","Ouro Preto do Oeste",110015505,"EMEIEF 22 DE DEZEMBRO",2,0,"LINHA 115 GLEBA 17 LOTE 59","SEM NUME","ZONA RURAL","ZONA RURAL","76920000","Catálogo de Escolas - agosto/2024","0","-10.6734778","-62.2034353","110015505000052","-10.712788460523115","-62.249856170530805","municipio","dm01","35375","OURO PRETO DO OESTE - RO",14828,False,"110015505000052","110015505000060","-10.712788460523115","-62.249856170530805","0","6695.78652856","1","6183.76846288",False,False
9598,8,"2025-08-26 09:59:31-03","2025-08-26 09:59:31-03","0101000020E610000084A7469EDAFC4EC0C1EA234B416625C0","0101000020E610000084A7469EDAFC4EC0C1EA234B416625C0",11045663,2024,"RO",1100122,"Ji-Paraná","Ji-Paraná",110012205,"EMEIEF PAULO FREIRE",2,0,"LINHA 153","LOTE 03",NULL,"AREA RURAL DE JIPARANA","76914899","Catálogo de Escolas - agosto/2024","0","-10.6997169","-61.9754217","110012205000137","-10.69296646118164","-61.99570846557617","logradouro","dl04","6","LINHA 153 - GLEBA, JI-PARANA - RO",1,True,"110012205000137","110012205000137","-10.69296646118164","-61.99570846557617","0","2340.23717653","1","0",True,NULL
9631,8,"2025-08-26 09:59:31-03","2025-08-26 09:59:31-03","0101000020E610000043D5650642214FC0A31601578B6B25C0","0101000020E610000043D5650642214FC0A31601578B6B25C0",11050004,2024,"RO",1100155,"Ouro Preto do Oeste","Ouro Preto do Oeste",110015505,"EMEF CORA CORALINA",1,0,"RUA. JUSCELINO KUBITSCHEK","1421","ESCOLA","JARDIM NOVO ESTADO","76920000","Catálogo de Escolas - agosto/2024","0","-10.7100474537686","-62.2598274228317","110015505000068","-10.709058502354312","-62.26018938981466","numero_aproximado","pa03","6","RUA JUSCELINO KUBITSCHECK, 1421 (aprox) - JARDIM NOVO ESTADO, OURO PRETO DO OESTE - RO",1,False,"110015505000068","110015505000068","-10.709058502354312","-62.26018938981466","0","116.86176954","1","0",True,NULL
9646,8,"2025-08-26 09:59:31-03","2025-08-26 09:59:31-03","0101000020E6100000ED4383B9821F4FC05EDE7767486C25C0","0101000020E6100000ED4383B9821F4FC05EDE7767486C25C0",11017430,2024,"RO",1100155,"Ouro Preto do Oeste","Ouro Preto do Oeste",110015505,"EEEF PROFESSORA MARGARIDA CUSTODIO DE SOUZA",1,0,"RUA URUPA","S/Nº","ESCOLA","SETOR INDUSTRIAL","76920000","Catálogo de Escolas - agosto/2024","0","-10.7114899","-62.2461769","110015505000082","-10.71197509765625","-62.24592208862305","logradouro","dl04","6","RUA URUPA - INDUSTRIAL, OURO PRETO DO OESTE - RO",2,False,"110015505000082","110015505000082","-10.71197509765625","-62.24592208862305","0","60.71114057","1","0",True,NULL
9654,8,"2025-08-26 09:59:31-03","2025-08-26 09:59:31-03","0101000020E6100000B95D1E21B91F4FC09E6D7F78A76C25C0","0101000020E6100000B95D1E21B91F4FC09E6D7F78A76C25C0",11017813,2024,"RO",1100155,"Ouro Preto do Oeste","Ouro Preto do Oeste",110015505,"EMEIEF DISNEYLANDIA",1,0,"RUA BURAREIRO","SN","ESCOLA","SETOR INDUSTRIAL","76920000","Catálogo de Escolas - agosto/2024","0","-10.7122152","-62.2478372","110015505000082","-10.711831092834473","-62.247742652893066","logradouro","dl04","44","RUA BURAREIRO - INDUSTRIAL, OURO PRETO DO OESTE - RO",5,False,"110015505000082","110015505000082","-10.711831092834473","-62.247742652893066","0","43.94226878","1","0",True,NULL
9656,8,"2025-08-26 09:59:31-03","2025-08-26 09:59:31-03","0101000020E6100000E722C574A6CC4EC00106ADFBC06C25C0","0101000020E6100000E722C574A6CC4EC00106ADFBC06C25C0",11045728,2024,"RO",1100122,"Ji-Paraná","Nova Colina",110012220,"EIEEF PASSAV ADOH",2,2,"AREA RURAL",NULL,"TI IGARAPE LOURDES","AREA RURAL DE JI-PARANA","76914899","Catálogo de Escolas - agosto/2024","0","-10.7124098442755","-61.5988298380451","110012205000182","-10.882369258471263","-61.941406437590736","municipio","dm01","22910","JI-PARANA - RO",45594,False,"110012205000182","110012205000075","-10.882369258471263","-61.941406437590736","0","41920.12064719","1","41559.38296928",False,False
9658,8,"2025-08-26 09:59:31-03","2025-08-26 09:59:31-03","0101000020E6100000E6A4411BCA224FC0F8BC87F0D46C25C0","0101000020E6100000E6A4411BCA224FC0F8BC87F0D46C25C0",11016248,2024,"RO",1100155,"Ouro Preto do Oeste","Ouro Preto do Oeste",110015505,"COLEGIO UNEOURO",1,0,"RUA ALTO ALEGRE","494","COOAB","NOVO HORIZONTE","76920000","Catálogo de Escolas - agosto/2024","0","-10.7125621","-62.2717928","110015505000062","-10.713460654965594","-62.271439032184816","numero_aproximado","da03","6","RUA ALTO ALEGRE, 494 (aprox) - NOVO HORIZONTE, OURO PRETO DO OESTE - RO",1,False,"110015505000062","110015505000062","-10.713460654965594","-62.271439032184816","0","107.13044801","1","0",True,NULL
9663,8,"2025-08-26 09:59:31-03","2025-08-26 09:59:31-03","0101000020E6100000AC87D459D2204FC0568D1480356D25C0","0101000020E6100000AC87D459D2204FC0568D1480356D25C0",11017821,2024,"RO",1100155,"Ouro Preto do Oeste","Ouro Preto do Oeste",110015505,"EMEI LEAOZINHO",1,0,"RUA JUSCELINO KUBISTHEK","882","AO LADO DA IGREJA","LIBERDADE","76920000","Catálogo de Escolas - agosto/2024","0","-10.7132988","-62.2564194","110015505000016","-10.712993578688673","-62.25707729965547","numero_aproximado","pa03","6","RUA JUSCELINO KUBITSCHECK, 882 (aprox) - LIBERDADE, OURO PRETO DO OESTE - RO",1,False,"110015505000016","110015505000016","-10.712993578688673","-62.25707729965547","0","79.48971619","1","0",True,NULL
9664,8,"2025-08-26 09:59:31-03","2025-08-26 09:59:31-03","0101000020E61000009467CB32FBD34EC068818E8A366D25C0","0101000020E61000009467CB32FBD34EC068818E8A366D25C0",11037997,2024,"RO",1100122,"Ji-Paraná","Nova Colina",110012220,"EIEEF PAY GAP",2,2,"AREA RURAL",NULL,NULL,"AREA RURAL DE JI-PARANA","76914899","Catálogo de Escolas - agosto/2024","0","-10.713306741615","-61.6561034672915","110012205000183","-10.882369258471263","-61.941406437590736","municipio","dm01","22910","JI-PARANA - RO",45594,False,"110012205000183","110012205000075","-10.882369258471263","-61.941406437590736","0","36393.75412621","1","36020.0499835",False,False
9670,8,"2025-08-26 09:59:31-03","2025-08-26 09:59:31-03","0101000020E61000003FB5B05D90224FC06F9EEA909B6D25C0","0101000020E61000003FB5B05D90224FC06F9EEA909B6D25C0",11041510,2024,"RO",1100155,"Ouro Preto do Oeste","Ouro Preto do Oeste",110015505,"EMEI PEQUENO PRINCIPE",1,0,"RUA DOUTOR JOSE MARINHO DE OLIVEIRA","86","PREDIO","NOVO HORIZONTE","76920000","Catálogo de Escolas - agosto/2024","0","-10.7140775","-62.2700307","110015505000030","-10.713226318359375","-62.27131213563861","localidade","db01","192","NOVO HORIZONTE, OURO PRETO DO OESTE - RO",35,False,"110015505000030","110015505000062","-10.713226318359375","-62.27131213563861","0","168.99599251","1","60.75594723",False,True
9671,8,"2025-08-26 09:59:31-03","2025-08-26 09:59:31-03","0101000020E6100000277F9CD5A7224FC0A61A07A8BA6D25C0","0101000020E6100000277F9CD5A7224FC0A61A07A8BA6D25C0",11016817,2024,"RO",1100155,"Ouro Preto do Oeste","Ouro Preto do Oeste",110015505,"EMEF FERNANDO DE AZEVEDO",1,0,"RUA DOUTOR JOSE MARINHO DE OLIVEIRA","086","PREDIO","NOVO HORIZONTE","76920000","Catálogo de Escolas - agosto/2024","0","-10.7143147","-62.2707469","110015505000030","-10.713226318359375","-62.27131213563861","localidade","db01","192","NOVO HORIZONTE, OURO PRETO DO OESTE - RO",35,False,"110015505000030","110015505000062","-10.713226318359375","-62.27131213563861","0","135.86857374","1","60.75594723",False,True
9678,8,"2025-08-26 09:59:31-03","2025-08-26 09:59:31-03","0101000020E61000005A7D1A9C2D214FC0AD65D7625C6E25C0","0101000020E61000005A7D1A9C2D214FC0AD65D7625C6E25C0",11017201,2024,"RO",1100155,"Ouro Preto do Oeste","Ouro Preto do Oeste",110015505,"EEEFM MONTEIRO LOBATO",1,0,"RUA OSVALDO CRUZ","416","ESCOLA","LIBERDADE","76920000","Catálogo de Escolas - agosto/2024","0","-10.7155486","-62.2592044","110015505000018","-10.715315764230295","-62.25994731860022","numero_aproximado","da03","6","RUA OSVALDO CRUZ, 416 (aprox) - LIBERDADE, OURO PRETO DO OESTE - RO",1,False,"110015505000018","110015505000014","-10.715315764230295","-62.25994731860022","0","85.19750383","1","23.53509358",False,True
9684,8,"2025-08-26 09:59:31-03","2025-08-26 09:59:31-03","0101000020E6100000520548D9C71F4FC0F56569A7E66E25C0","0101000020E6100000520548D9C71F4FC0F56569A7E66E25C0",11016230,2024,"RO",1100155,"Ouro Preto do Oeste","Ouro Preto do Oeste",110015505,"CEEJA PROFESSOR ANTONIO DE ALMEIDA",1,0,"RUA MAIRA","SN","PREDIO ESCOLAR","ALVORADA","76920000","Catálogo de Escolas - agosto/2024","0","-10.7166035","-62.2482864","110015505000060","-10.716068089008331","-62.24778699874878","logradouro","pl03","143","RUA MAYRA - ALVORADA, OURO PRETO DO OESTE - RO, 76920-000",17,False,"110015505000060","110015505000060","-10.716068089008331","-62.24778699874878","0","80.75574187","1","0",True,NULL
9693,8,"2025-08-26 09:59:31-03","2025-08-26 09:59:31-03","0101000020E610000078A85C97D0704FC0FC0FFAE3077025C0","0101000020E610000078A85C97D0704FC0FC0FFAE3077025C0",11019190,2024,"RO",1101005,"Governador Jorge Teix","Governador Jorge Teixeira",110100505,"EMEIF FERNAO DIAS PAES",2,0,"LINHA 621","KM 52",NULL,"ZONA RURAL","76898000","Catálogo de Escolas - agosto/2024","0","-10.7188102","-62.8813657","110100505000008",NULL,NULL,NULL,NULL,NULL,NULL,NULL,False,"110100505000008",NULL,NULL,NULL,NULL,NULL,"1",NULL,NULL,NULL
9695,8,"2025-08-26 09:59:31-03","2025-08-26 09:59:31-03","0101000020E61000005CE674594C204FC0AA9A20EA3E7025C0","0101000020E61000005CE674594C204FC0AA9A20EA3E7025C0",11017791,2024,"RO",1100155,"Ouro Preto do Oeste","Ouro Preto do Oeste",110015505,"EEEFM JOAQUIM DE LIMA AVELINO",1,0,"RUA JUSCELINO KUBITSCHECK","0125","CENTRO","JARDIM TROPICAL","76920000","Catálogo de Escolas - agosto/2024","0","-10.71923","-62.25233","110015505000020","-10.71900784087218","-62.25208503098662","numero_aproximado","pa03","6","RUA JUSCELINO KUBITSCHECK, 125 (aprox) - JARDIM TROPICAL, OURO PRETO DO OESTE - RO",1,False,"110015505000020","110015505000020","-10.71900784087218","-62.25208503098662","0","36.42186628","1","0",True,NULL
9696,8,"2025-08-26 09:59:31-03","2025-08-26 09:59:31-03","0101000020E61000008A703898F21F4FC06A2222EB5F7025C0","0101000020E61000008A703898F21F4FC06A2222EB5F7025C0",11017848,2024,"RO",1100155,"Ouro Preto do Oeste","Ouro Preto do Oeste",110015505,"ESCOLA JOHAN HEINRICH PESTALOZZI",1,0,"RUA ANA NERI","342","CENTRO","JARDIM TROPICAL","76920000","Catálogo de Escolas - agosto/2024","0","-10.7194818","-62.2495909","110015505000021","-10.71816880401936","-62.250953459147475","numero_aproximado","da03","6","RUA ANA NERI, 342 (aprox) - JARDIM TROPICAL, OURO PRETO DO OESTE - RO",6,False,"110015505000021","110015505000020","-10.71816880401936","-62.250953459147475","0","208.510888","1","145.70184491",False,True
9698,8,"2025-08-26 09:59:31-03","2025-08-26 09:59:31-03","0101000020E61000009481A8A047204FC03FA9F6E9787025C0","0101000020E61000009481A8A047204FC03FA9F6E9787025C0",11050020,2024,"RO",1100155,"Ouro Preto do Oeste","Ouro Preto do Oeste",110015505,"EMEF CECILIA MEIRELES",1,0,"RUA JUSCELINO KUBITSCHEK","0113",NULL,"JARDIM TROPICAL","76920000","Catálogo de Escolas - agosto/2024","0","-10.7196725","-62.2521859","110015505000020","-10.71913091108936","-62.251924864221195","numero_aproximado","pa03","6","RUA JUSCELINO KUBITSCHECK, 113 (aprox) - JARDIM TROPICAL, OURO PRETO DO OESTE - RO",1,False,"110015505000020","110015505000020","-10.71913091108936","-62.251924864221195","0","66.63368121","1","0",True,NULL
9704,8,"2025-08-26 09:59:31-03","2025-08-26 09:59:31-03","0101000020E6100000BC3D0801F91F4FC00B85BEAA697125C0","0101000020E6100000BC3D0801F91F4FC00B85BEAA697125C0",11041536,2024,"RO",1100155,"Ouro Preto do Oeste","Ouro Preto do Oeste",110015505,"EMEI CANTINHO DO SABER",1,0,"AVENIDA CAPITAO SILVIO GONCALVES DE FARIAS","368","CENTRO","INCRA","76920000","Catálogo de Escolas - agosto/2024","0","-10.7215093","-62.2497865","110015505000021","-10.734132295305079","-62.26524895971472","numero_aproximado","da04","6","AVENIDA CAPITAO SILVIO GONCALVES DE FARIAS, 368 (aprox) - NOVA OURO PRETO, OURO PRETO DO OESTE - RO",1,True,"110015505000021","110015505000071","-10.729412503734443","-62.259369209618825","829.49694661","2196.33056875","1","1920.57490076",False,False
9705,8,"2025-08-26 09:59:31-03","2025-08-26 09:59:31-03","0101000020E61000004A82CBBE86214FC069424937787125C0","0101000020E61000004A82CBBE86214FC069424937787125C0",11017775,2024,"RO",1100155,"Ouro Preto do Oeste","Ouro Preto do Oeste",110015505,"COLEGIO TIRADENTES DA POLICIA MILITAR - CTPM XII",1,0,"RUA OLAVO BILAC","887",NULL,"UNIAO","76920000","Catálogo de Escolas - agosto/2024","0","-10.7216203","-62.2619246","110015505000001","-10.721220804367631","-62.261007592037956","numero_aproximado","da03","6","RUA OLAVO BILAC, 887 (aprox) - UNIAO, OURO PRETO DO OESTE - RO",2,False,"110015505000001","110015505000002","-10.721220804367631","-62.261007592037956","0","109.5933334","1","9.55540619",False,True
9720,8,"2025-08-26 09:59:31-03","2025-08-26 09:59:31-03","0101000020E61000009504F23680214FC0129B34B2D07325C0","0101000020E61000009504F23680214FC0129B34B2D07325C0",11017830,2024,"RO",1100155,"Ouro Preto do Oeste","Ouro Preto do Oeste",110015505,"EMEI SININHO",1,0,"RUA MARINGA","436","ESCOLA","JARDIM BANDEIRANTES","76920000","Catálogo de Escolas - agosto/2024","0","-10.7262016","-62.2617253","110015505000005","-10.712788460523115","-62.249856170530805","municipio","dm01","35375","OURO PRETO DO OESTE - RO",14828,False,"110015505000005","110015505000060","-10.712788460523115","-62.249856170530805","0","1976.38029855","1","1886.14597183",False,False
9723,8,"2025-08-26 09:59:31-03","2025-08-26 09:59:31-03","0101000020E61000000E901E752A214FC05C5E1498A97425C0","0101000020E61000000E901E752A214FC05C5E1498A97425C0",11017023,2024,"RO",1100155,"Ouro Preto do Oeste","Ouro Preto do Oeste",110015505,"EMEF JOAQUIM NABUCO",1,0,"RUA PADRE ADOLPHO ROHL","269",NULL,"JARDIM BANDEIRANTES","76920000","Catálogo de Escolas - agosto/2024","0","-10.7278564","-62.2591082","110015505000004","-10.712788460523115","-62.249856170530805","municipio","dm01","35375","OURO PRETO DO OESTE - RO",14828,False,"110015505000004","110015505000060","-10.712788460523115","-62.249856170530805","0","1956.78366515","1","1363.64081076",False,False
9724,8,"2025-08-26 09:59:31-03","2025-08-26 09:59:31-03","0101000020E610000037976E541F204FC04701A260C67425C0","0101000020E610000037976E541F204FC04701A260C67425C0",11016507,2024,"RO",1100155,"Ouro Preto do Oeste","Ouro Preto do Oeste",110015505,"EEEFM AURELIO BUARQUE DE HOLANDA FERREIRA",1,0,"RUA MARIO ANDREAZZA","426",NULL,"JARDIM AEROPORTO","76920000","Catálogo de Escolas - agosto/2024","0","-10.728076","-62.25095611","110015505000025","-10.727969147170668","-62.250171733096","numero_aproximado","pa03","6","RUA MARIO ANDREAZA, 426 (aprox) - JARDIM AEROPORTO, OURO PRETO DO OESTE - RO",1,False,"110015505000025","110015505000025","-10.727969147170668","-62.250171733096","0","86.51419309","1","0",True,NULL
9726,8,"2025-08-26 09:59:31-03","2025-08-26 09:59:31-03","0101000020E610000026CFABF01D214FC08668BE94CB7425C0","0101000020E610000026CFABF01D214FC08668BE94CB7425C0",11016221,2024,"RO",1100155,"Ouro Preto do Oeste","Ouro Preto do Oeste",110015505,"ESCOLA ADVENTISTA DE OURO PRETO",1,0,"RUA PADRE ADOLPHO ROHL","60",NULL,"BELA FLORESTA","76920000","Catálogo de Escolas - agosto/2024","0","-10.7281157","-62.2587262","110015505000004","-10.72688755128726","-62.26027131153538","numero_aproximado","pa03","6","RUA PADRE ADOLFO ROHL, 60 (aprox) - BELA FLORESTA, OURO PRETO DO OESTE - RO",1,False,"110015505000004","110015505000004","-10.72688755128726","-62.26027131153538","0","217.12964615","1","0",True,NULL
9776,8,"2025-08-26 09:59:31-03","2025-08-26 09:59:31-03","0101000020E6100000F037352B361F4FC019E835D1427925C0","0101000020E6100000F037352B361F4FC019E835D1427925C0",11016558,2024,"RO",1100155,"Ouro Preto do Oeste","Ouro Preto do Oeste",110015505,"EMEF BENJAMIN CONSTANT",1,0,"RUA SIRLEY LEMES","141","ESCOLA","BOA ESPERANCA","76920000","Catálogo de Escolas - agosto/2024","0","-10.7368379","-62.2438406","110015505000022","-10.712788460523115","-62.249856170530805","municipio","dm01","35375","OURO PRETO DO OESTE - RO",14828,False,"110015505000022","110015505000060","-10.712788460523115","-62.249856170530805","0","2753.7556532","1","2446.39670821",False,False
9780,8,"2025-08-26 09:59:31-03","2025-08-26 09:59:31-03","0101000020E610000038E1B9522A1F4FC0A89B7A93957925C0","0101000020E610000038E1B9522A1F4FC0A89B7A93957925C0",11041676,2024,"RO",1100155,"Ouro Preto do Oeste","Ouro Preto do Oeste",110015505,"EMEI PAULO FREIRE",1,0,"AV. TANCREDO NEVES","233","ESCOLA","BOA ESPERANCA","76920000","Catálogo de Escolas - agosto/2024","0","-10.7374693","-62.2434791","110015505000022","-10.736375367820168","-62.24187183753261","numero_aproximado","da04","7","AVENIDA TANCREDO NEVES, 233 (aprox) - JARDIM AEROPORTO, OURO PRETO DO OESTE - RO",1,False,"110015505000022","110015505000022","-10.736375367820168","-62.24187183753261","0","213.60804432","1","0",True,NULL
9880,8,"2025-08-26 09:59:31-03","2025-08-26 09:59:31-03","0101000020E6100000FF0DD3F1E1C64EC0CD52A8AB2B7E25C0","0101000020E6100000FF0DD3F1E1C64EC0CD52A8AB2B7E25C0",11038020,2024,"RO",1100122,"Ji-Paraná","Ji-Paraná",110012205,"EIEEF PASSAV KAR",2,2,"AREA RURAL",NULL,"IGARAPE LOURDES","AREA RURAL DE JI-PARANA","76914899","Catálogo de Escolas - agosto/2024","0","-10.7464269297574","-61.5537702827969","110012205000300","-10.882369258471263","-61.941406437590736","municipio","dm01","22910","JI-PARANA - RO",45594,False,"110012205000300","110012205000075","-10.882369258471263","-61.941406437590736","0","44955.29829304","1","30402.29717619",False,False
9887,8,"2025-08-26 09:59:31-03","2025-08-26 09:59:31-03","0101000020E6100000107C829AB3C84EC0B294B56B9A7E25C0","0101000020E6100000107C829AB3C84EC0B294B56B9A7E25C0",11037989,2024,"RO",1100122,"Ji-Paraná","Ji-Paraná",110012205,"EIEEF MALOJ KAR",2,2,"AREA RURAL",".....","ZONA RURAL","AREA RURAL DE JI-PARANA","76914899","Catálogo de Escolas - agosto/2024","0","-10.7472718867451","-61.5679810654766","110012205000178","-10.882369258471263","-61.941406437590736","municipio","dm01","22910","JI-PARANA - RO",45594,False,"110012205000178","110012205000075","-10.882369258471263","-61.941406437590736","0","43464.08198545","1","42675.04946355",False,False
9888,8,"2025-08-26 09:59:31-03","2025-08-26 09:59:31-03","0101000020E6100000B37AB3F568CB4EC007E76474BA7E25C0","0101000020E6100000B37AB3F568CB4EC007E76474BA7E25C0",11037822,2024,"RO",1100122,"Ji-Paraná","Ji-Paraná",110012205,"EIEEFM ZAVIDIAJ XIKOV PI POHV",2,2,"AREA RURAL",NULL,NULL,"AREA RURAL DE JI-PARANA","76914899","Catálogo de Escolas - agosto/2024","0","-10.7475162861988","-61.5891406179775","110012205000180","-10.882369258471263","-61.941406437590736","municipio","dm01","22910","JI-PARANA - RO",45594,False,"110012205000180","110012205000075","-10.882369258471263","-61.941406437590736","0","41293.28889944","1","40878.66539767",False,False
9957,8,"2025-08-26 09:59:31-03","2025-08-26 09:59:31-03","0101000020E61000009FF07D7045C44EC0C3BA9BB0158525C0","0101000020E61000009FF07D7045C44EC0C3BA9BB0158525C0",11037857,2024,"RO",1100122,"Ji-Paraná","Ji-Paraná",110012205,"EIEEF MAHAGUVELY",2,2,"AREA RURAL",NULL,NULL,"AREA RURAL DE JI-PARANA","76914899","Catálogo de Escolas - agosto/2024","0","-10.7599311056232","-61.5333691229764","110012205000176","-10.882369258471263","-61.941406437590736","municipio","dm01","22910","JI-PARANA - RO",45594,False,"110012205000176","110012205000075","-10.882369258471263","-61.941406437590736","0","46598.1553787","1","46032.39129069",False,False
9958,8,"2025-08-26 09:59:31-03","2025-08-26 09:59:31-03","0101000020E6100000AABB70EF735350C0943E21F9528525C0","0101000020E6100000AABB70EF735350C0943E21F9528525C0",11043458,2024,"RO",1100106,"Guajará-Mirim","Guajará-Mirim",110010605,"EMEIEF PROFª MARIA LIBERTY DE FREITAS",1,0,"AV TENENTE HENRIQUE LOPES","3515",NULL,"JARDIM DA ESMERALDA","76850000","Catálogo de Escolas - agosto/2024","0","-10.76039866","-65.30395113","110010605000033","-10.80796661118521","-65.27934931416578","municipio","dm01","122291","GUAJARA-MIRIM - RO",13518,False,"110010605000033","110010605000066","-10.80796661118521","-65.27934931416578","0","5932.82739898","1","5520.71254018",False,False
9959,8,"2025-08-26 09:59:31-03","2025-08-26 09:59:31-03","0101000020E6100000E0F74E50335450C0EFF68B9FE78525C0","0101000020E6100000E0F74E50335450C0EFF68B9FE78525C0",11049960,2024,"RO",1100106,"Guajará-Mirim","Guajará-Mirim",110010605,"IFRO - CAMPUS GUAJARA-MIRIM",1,0,"AVENIDA 15 DE NOVEMBRO","4849",NULL,"PLANALTO","76850000","Catálogo de Escolas - agosto/2024","0","-10.76153277","-65.31563194","110010605000038","-10.771419114008648","-65.32342279860035","numero_aproximado","da04","7","AVENIDA 15 DE NOVEMBRO, 4849 (aprox) - DEZ DE ABRIL, GUAJARA-MIRIM - RO",1,True,"110010605000038","110010605000001","-10.771419114008648","-65.32342279860035","0","1390.24596037","1","791.18090172",False,False
9964,8,"2025-08-26 09:59:31-03","2025-08-26 09:59:31-03","0101000020E610000034F058BFF3BF4EC03DC366E0AE8625C0","0101000020E610000034F058BFF3BF4EC03DC366E0AE8625C0",11048743,2024,"RO",1100122,"Ji-Paraná","Ji-Paraná",110012205,"EIEEF BEKAA",2,2,"AREA RURAL",NULL,NULL,"AREA RURAL DE JI-PARANA","76914899","Catálogo de Escolas - agosto/2024","0","-10.7630529523318","-61.4996260818738","110012205000174","-10.882369258471263","-61.941406437590736","municipio","dm01","22910","JI-PARANA - RO",45594,False,"110012205000174","110012205000075","-10.882369258471263","-61.941406437590736","0","50040.86098444","1","49735.23520949",False,False
9978,8,"2025-08-26 09:59:31-03","2025-08-26 09:59:31-03","0101000020E6100000D19A7A38DC5350C006240626DC8825C0","0101000020E6100000D19A7A38DC5350C006240626DC8825C0",11006196,2024,"RO",1100106,"Guajará-Mirim","Guajará-Mirim",110010605,"EMEIEF JOSE CARLOS NERI",1,0,"AVENIDA ALMERINDO RIBEIRO DOS SANTOS","4484",NULL,"PROSPERO","76850000","Catálogo de Escolas - agosto/2024","0","-10.7673046","-65.3103162","110010605000013","-10.767353348986461","-65.30995100456974","numero_aproximado","da03","6","AVENIDA ALMERINDO RIBEIRO DOS SANTOS, 4484 (aprox) - PROSPERO, GUAJARA-MIRIM - RO",1,False,"110010605000013","110010605000013","-10.767353348986461","-65.30995100456974","0","40.25958279","1","0",True,NULL
9979,8,"2025-08-26 09:59:31-03","2025-08-26 09:59:31-03","0101000020E61000005101493B225450C0401A67363C8925C0","0101000020E61000005101493B225450C0401A67363C8925C0",11006498,2024,"RO",1100106,"Guajará-Mirim","Guajará-Mirim",110010605,"EMEIEF PROFESSOR SALOMAO SILVA",1,0,"AV. DR LEWERGER","4564",NULL,"LIBERDADE","76850000","Catálogo de Escolas - agosto/2024","0","-10.76803751","-65.31458933","110010605000020","-10.768097274813522","-65.31506162916037","numero_aproximado","da03","6","AVENIDA DOUTOR LEWERGER, 4564 (aprox) - LIBERDADE, GUAJARA-MIRIM - RO",1,False,"110010605000020","110010605000019","-10.768097274813522","-65.31506162916037","0","52.01883322","1","7.31444227",False,True
9980,8,"2025-08-26 09:59:31-03","2025-08-26 09:59:31-03","0101000020E6100000A9A67FA4E35450C0709DDA745F8925C0","0101000020E6100000A9A67FA4E35450C0709DDA745F8925C0",11006536,2024,"RO",1100106,"Guajará-Mirim","Guajará-Mirim",110010605,"EMEIEF SAUL BENNESBY",1,0,"AVENIDA 12 DE OUTUBRO","3216","BNH","CAETANO","76850000","Catálogo de Escolas - agosto/2024","0","-10.7683064","-65.3263942","110010605000008","-10.769024274941293","-65.32758050197201","numero_aproximado","da03","6","AVENIDA 12 DE OUTUBRO, 3216 (aprox) - CAETANO, GUAJARA-MIRIM - RO",1,False,"110010605000008","110010605000008","-10.769024274941293","-65.32758050197201","0","152.20029483","1","0",True,NULL
9982,8,"2025-08-26 09:59:31-03","2025-08-26 09:59:31-03","0101000020E61000001416269D925350C0DF388485EE8925C0","0101000020E61000001416269D925350C0DF388485EE8925C0",11044802,2024,"RO",1100106,"Guajará-Mirim","Guajará-Mirim",110010605,"CENTRO DESPERTAR DA CRIANCA E DO ADOLESCENTE",1,0,"AV. ANTONIO LUIZ DE MACEDO","4508",NULL,"PROSPERO","76850000","Catálogo de Escolas - agosto/2024","0","-10.7693979","-65.3058236","110010605000014","-10.76709791501363","-65.3099094136556","localidade","db01","319","PROSPERO, GUAJARA-MIRIM - RO",316,False,"110010605000014","110010605000013","-10.76709791501363","-65.3099094136556","0","514.40259448","1","192.43180601",False,True
9999,8,"2025-08-26 09:59:31-03","2025-08-26 09:59:31-03","0101000020E61000002F432D173B324FC07EA257A8DA8B25C0","0101000020E61000002F432D173B324FC07EA257A8DA8B25C0",11017112,2024,"RO",1100155,"Ouro Preto do Oeste","Ouro Preto do Oeste",110015505,"EMEIEF MARACATIARA",2,0,"LINHA 81 KM 16 GLEBA 20B LOTE 02",NULL,"ZONA RURAL","ZONA RURAL","76920000","Catálogo de Escolas - agosto/2024","0","-10.7731526","-62.3924283","110015505000045","-10.712788460523115","-62.249856170530805","municipio","dm01","35375","OURO PRETO DO OESTE - RO",14828,False,"110015505000045","110015505000060","-10.712788460523115","-62.249856170530805","0","16960.20546842","1","13968.97057497",False,False
10000,8,"2025-08-26 09:59:31-03","2025-08-26 09:59:31-03","0101000020E610000044882B67EF5450C0D47FD6FCF88B25C0","0101000020E610000044882B67EF5450C0D47FD6FCF88B25C0",11051086,2024,"RO",1100106,"Guajará-Mirim","Guajará-Mirim",110010605,"CENTRO EDUCACIONAL INOVACAO",1,0,"AVENIDA DR. MENDONCA LIMA","2888",NULL,"CAETANO","76850000","Google 2025","1","-10.773384","-65.327112","110010605000009","-10.774258613586426","-65.3283920288086","numero_aproximado","da03","6","AVENIDA DOUTOR MENDONCA LIMA, 2888 (aprox) - CAETANO, GUAJARA-MIRIM - RO",1,False,"110010605000009","110010605000032","-10.774258613586426","-65.3283920288086","0","170.31980358","1","79.77922418",False,True
10004,8,"2025-08-26 09:59:31-03","2025-08-26 09:59:31-03","0101000020E6100000C3482F6AF75350C04B06802A6E8C25C0","0101000020E6100000C3482F6AF75350C04B06802A6E8C25C0",11050110,2024,"RO",1100106,"Guajará-Mirim","Guajará-Mirim",110010605,"EMEI PROFESSORA ZULEIDE COSTA DE ASSUMPCAO",1,0,"AV. ANTONIO LUIZ DE MACEDO","3680",NULL,"NOSSA SENHORA DE FATIMA","76850000","Google 2025","1","-10.774278","-65.311976","110010605000016","-10.80796661118521","-65.27934931416578","municipio","dm01","122291","GUAJARA-MIRIM - RO",13518,False,"110010605000016","110010605000066","-10.80796661118521","-65.27934931416578","0","5170.40061631","1","5046.81226906",False,False
10008,8,"2025-08-26 09:59:31-03","2025-08-26 09:59:31-03","0101000020E61000007ABE4D1C8C5450C0148D7B142A8D25C0","0101000020E61000007ABE4D1C8C5450C0148D7B142A8D25C0",11005939,2024,"RO",1100106,"Guajará-Mirim","Guajará-Mirim",110010605,"COLEGIO TIRADENTES DA POLICIA MILITAR - CTPM X",1,0,"AV. 1º DE MAIO","3520","PREDIO","10 DE ABRIL","76850000","Catálogo de Escolas - agosto/2024","0","-10.77571167","-65.32105167","110010605000002","-10.80796661118521","-65.27934931416578","municipio","dm01","122291","GUAJARA-MIRIM - RO",13518,False,"110010605000002","110010605000066","-10.80796661118521","-65.27934931416578","0","5797.62277423","1","5432.93857996",False,False
10009,8,"2025-08-26 09:59:31-03","2025-08-26 09:59:31-03","0101000020E6100000F574BF54FD5350C098AF8163858D25C0","0101000020E6100000F574BF54FD5350C098AF8163858D25C0",11005971,2024,"RO",1100106,"Guajará-Mirim","Guajará-Mirim",110010605,"EMEIEF CANDIDA MARIA MOURA DE PAULA",1,0,"AVENIDA GIACOMO CASARA","2560",NULL,"NOSSA SENHORA DE FATIMA","76850000","Catálogo de Escolas - agosto/2024","0","-10.7764083","-65.3123371","110010605000105","-10.769539992655556","-65.31838343642941","numero_aproximado","da04","6","AVENIDA GIACOMO CASARA, 2560 (aprox) - LIBERDADE, GUAJARA-MIRIM - RO",1,True,"110010605000105","110010605000019","-10.767206151005034","-65.3205274472616","349.56894657","1009.70121537","1","970.17178178",False,False
10015,8,"2025-08-26 09:59:31-03","2025-08-26 09:59:31-03","0101000020E6100000719CCA58235550C0C7CE2566078E25C0","0101000020E6100000719CCA58235550C0C7CE2566078E25C0",11005874,2024,"RO",1100106,"Guajará-Mirim","Guajará-Mirim",110010605,"EMEI BADER MASSUD JORGE",1,0,"AV 15 DE NOVEMBRO","2559","-","SERRARIA","76850000","Catálogo de Escolas - agosto/2024","0","-10.7774002","-65.3302824","110010605000032","-10.777477378291385","-65.33016577106717","numero_aproximado","da03","6","AVENIDA 15 DE NOVEMBRO, 2559 (aprox) - SERRARIA, GUAJARA-MIRIM - RO",1,False,"110010605000032","110010605000006","-10.777477378291385","-65.33016577106717","0","15.36069191","1","9.55665856",False,True
10017,8,"2025-08-26 09:59:31-03","2025-08-26 09:59:31-03","0101000020E6100000644ADA43315550C067E3D242138E25C0","0101000020E6100000644ADA43315550C067E3D242138E25C0",11006617,2024,"RO",1100106,"Guajará-Mirim","Guajará-Mirim",110010605,"EEEFM IRMA MARIA CELESTE - CIVICO-MILITAR",1,0,"AV. JOSE BONIFACIO","187",NULL,"SERRARIA","76850000","Catálogo de Escolas - agosto/2024","0","-10.7774907","-65.3311319","110010605000032","-10.778614578687613","-65.33073342355254","numero_aproximado","da03","6","AVENIDA JOSE BONIFACIO, 187 (aprox) - SERRARIA, GUAJARA-MIRIM - RO",1,False,"110010605000032","110010605000006","-10.778614578687613","-65.33073342355254","0","132.33307637","1","59.27277805",False,True
10018,8,"2025-08-26 09:59:31-03","2025-08-26 09:59:31-03","0101000020E6100000E175E4E57C5550C0106E7C37278E25C0","0101000020E6100000E175E4E57C5550C0106E7C37278E25C0",11006692,2024,"RO",1100106,"Guajará-Mirim","Guajará-Mirim",110010605,"EMEIEF PROFESSORA ADMA LEAL",1,0,"AV. QUINTINO BOCAIUVA","2041","ESCOLA","TAMANDARE","76850000","Catálogo de Escolas - agosto/2024","0","-10.77764295","-65.33574817","110010605000032","-10.777990867327357","-65.33566566981905","numero_aproximado","da03","6","AVENIDA QUINTINO BOCAIUVA, 2041 (aprox) - TAMANDARE, GUAJARA-MIRIM - RO",1,False,"110010605000032","110010605000032","-10.777990867327357","-65.33566566981905","0","39.72244592","1","0",True,NULL
10021,8,"2025-08-26 09:59:31-03","2025-08-26 09:59:31-03","0101000020E6100000B23C597B695550C0B0123D3ABF8E25C0","0101000020E6100000B23C597B695550C0B0123D3ABF8E25C0",11006358,2024,"RO",1100106,"Guajará-Mirim","Guajará-Mirim",110010605,"EEEF PAUL HARRIS",1,0,"AV. LEOPOLDO DE MATOS","2102","PREDIO","TAMANDARE","76850000","Catálogo de Escolas - agosto/2024","0","-10.7788027","-65.3345631","110010605000032","-10.778656068173557","-65.33493550889561","numero_aproximado","da03","6","AVENIDA LEOPOLDO DE MATOS, 2102 (aprox) - TAMANDARE, GUAJARA-MIRIM - RO",1,False,"110010605000032","110010605000032","-10.778656068173557","-65.33493550889561","0","43.82533993","1","0",True,NULL
10023,8,"2025-08-26 09:59:31-03","2025-08-26 09:59:31-03","0101000020E6100000C89C25D0B95550C00DE62B58158F25C0","0101000020E6100000C89C25D0B95550C00DE62B58158F25C0",11005947,2024,"RO",1100106,"Guajará-Mirim","Guajará-Mirim",110010605,"EMEIEF ALMIRANTE TAMANDARE",1,0,"AV. 12 DE OUTUBRO","1219","PREDIO PROPRIO","TAMANDARE","76850000","Catálogo de Escolas - agosto/2024","0","-10.77945972","-65.33946613","110010605000029","-10.778962402464211","-65.33841637124988","numero_aproximado","da03","6","AVENIDA 12 DE OUTUBRO, 1219 (aprox) - TAMANDARE, GUAJARA-MIRIM - RO",1,False,"110010605000029","110010605000031","-10.778962402464211","-65.33841637124988","0","127.30609521","1","78.60377218",False,True
10024,8,"2025-08-26 09:59:31-03","2025-08-26 09:59:31-03","0101000020E6100000775902DF235550C0766D6FB7248F25C0","0101000020E6100000775902DF235550C0766D6FB7248F25C0",11006013,2024,"RO",1100106,"Guajará-Mirim","Guajará-Mirim",110010605,"CEEJA DR CLAUDIO FIALHO",1,0,"AV MARECHAL DEODORO","2302",NULL,"SERRARIA","76850000","Catálogo de Escolas - agosto/2024","0","-10.779577","-65.3303144","110010605000006","-10.779304634985607","-65.33078330863172","numero_aproximado","da03","6","AVENIDA MARECHAL DEODORO, 2302 (aprox) - SERRARIA, GUAJARA-MIRIM - RO",1,False,"110010605000006","110010605000006","-10.779304634985607","-65.33078330863172","0","59.50410336","1","0",True,NULL
10027,8,"2025-08-26 09:59:31-03","2025-08-26 09:59:31-03","0101000020E6100000C5EB97DB7F5450C0A47C188CD78F25C0","0101000020E6100000C5EB97DB7F5450C0A47C188CD78F25C0",11006145,2024,"RO",1100106,"Guajará-Mirim","Guajará-Mirim",110010605,"EMEIEF IRMA HILDA",1,0,"AVENIDA DUQUE DE CAXIAS","2140",NULL,"SANTA LUZIA","76850000","Catálogo de Escolas - agosto/2024","0","-10.78094137","-65.32030382","110010605000023","-10.78384628317696","-65.31709141553866","numero_aproximado","da03","6","AVENIDA DUQUE DE CAXIAS, 2140 (aprox) - SANTA LUZIA, GUAJARA-MIRIM - RO",2,False,"110010605000023","110010605000021","-10.78384628317696","-65.31709141553866","0","476.93347068","1","294.33264065",False,True
10032,8,"2025-08-26 09:59:31-03","2025-08-26 09:59:31-03","0101000020E610000042870A1F5B5550C0C861307F859025C0","0101000020E610000042870A1F5B5550C0C861307F859025C0",11006102,2024,"RO",1100106,"Guajará-Mirim","Guajará-Mirim",110010605,"EMEIEF PROFESSORA FLORIZA BOUEZ",1,0,"AV. MARECHAL DEODORO","1820","PREDIO","SERRARIA","76850000","Catálogo de Escolas - agosto/2024","0","-10.7822685","-65.3336866","110010605000005","-10.78028997527263","-65.33178879501384","numero_aproximado","da03","6","AVENIDA MARECHAL DEODORO, 1820 (aprox) - SERRARIA, GUAJARA-MIRIM - RO",1,False,"110010605000005","110010605000006","-10.78028997527263","-65.33178879501384","0","302.28287779","1","157.67562501",False,True
10035,8,"2025-08-26 09:59:31-03","2025-08-26 09:59:31-03","0101000020E610000070FA69928E5550C07048FEBB999025C0","0101000020E610000070FA69928E5550C07048FEBB999025C0",11006595,2024,"RO",1100106,"Guajará-Mirim","Guajará-Mirim",110010605,"ESCOLA TOUFIA TANOUS BOUCHABKI",1,0,"AV.DR.MENDONCA LIMA","1498",NULL,"TAMANDARE","76850000","Catálogo de Escolas - agosto/2024","0","-10.7824229","-65.3368269","110010605000029","-10.780896742132432","-65.33581309300689","numero_aproximado","da03","6","AVENIDA DOUTOR MENDONCA LIMA, 1498 (aprox) - TAMANDARE, GUAJARA-MIRIM - RO",1,False,"110010605000029","110010605000031","-10.780896742132432","-65.33581309300689","0","202.63744946","1","143.1000714",False,True
10053,8,"2025-08-26 09:59:31-03","2025-08-26 09:59:31-03","0101000020E61000001C439D45715550C0AA02DE976D9225C0","0101000020E61000001C439D45715550C0AA02DE976D9225C0",11094834,2024,"RO",1100106,"Guajará-Mirim","Guajará-Mirim",110010605,"CMAE JOSE RODOLPHO ALVES FERREIRA",1,0,"AV.DR.LEWERGER","1469",NULL,"SERRARIA","76850000","Catálogo de Escolas - agosto/2024","0","-10.78599238","-65.33503857","110010605000005","-10.784396845525801","-65.33314089293695","numero_aproximado","da03","6","AVENIDA DOUTOR LEWERGER, 1469 (aprox) - SERRARIA, GUAJARA-MIRIM - RO",1,False,"110010605000005","110010605000005","-10.784396845525801","-65.33314089293695","0","272.84307056","1","0",True,NULL
10055,8,"2025-08-26 09:59:31-03","2025-08-26 09:59:31-03","0101000020E6100000B3A34829EE5550C093DEBBF69A9225C0","0101000020E6100000B3A34829EE5550C093DEBBF69A9225C0",11046805,2024,"RO",1100106,"Guajará-Mirim","Guajará-Mirim",110010605,"CENTRO EDUCACIONAL NOVO MILENIO",1,0,"AV. DOM PEDRO II","269",NULL,"CENTRO","76850000","Catálogo de Escolas - agosto/2024","0","-10.78633853","-65.34266121","110010605000027","-10.789153703964786","-65.34043982626181","numero_aproximado","da03","6","AVENIDA DOM PEDRO II, 269 (aprox) - CENTRO, GUAJARA-MIRIM - RO",1,False,"110010605000027","110010605000028","-10.789153703964786","-65.34043982626181","0","396.0617941","1","199.91106338",False,True
10056,8,"2025-08-26 09:59:31-03","2025-08-26 09:59:31-03","0101000020E610000018CE35CCD05550C0E4688EACFC9225C0","0101000020E610000018CE35CCD05550C0E4688EACFC9225C0",11089806,2024,"RO",1100106,"Guajará-Mirim","Surpresa",110010622,"EEEF SALOMAO JUSTINIANO DE MELGAR",1,0,"AV TANCREDO FARIAS DE MATOS","248",NULL,"CENTRO/DISTRITO DE SURPRESA","76850000","Google 2025","2","-10.787084","-65.340869","110010605000027","-11.881831169128418","-65.02005004882812","numero","dn04","6","AVENIDA TANCREDO FARIAS DE MATOS, 248 - SURPRESA, GUAJARA-MIRIM - RO",1,False,"110010605000027","110010622000001","-11.881831169128418","-65.02005004882812","0","126655.89014844","1","125901.73471513",False,False
10059,8,"2025-08-26 09:59:31-03","2025-08-26 09:59:31-03","0101000020E610000030C4032D115550C051F31B47289325C0","0101000020E610000030C4032D115550C051F31B47289325C0",11006030,2024,"RO",1100106,"Guajará-Mirim","Guajará-Mirim",110010605,"EMEIEF JESUS PEREZ",1,0,"AV ROCHA LEAL","2214",NULL,"SANTO ANTONIO","76850000","Catálogo de Escolas - agosto/2024","0","-10.78741667","-65.32917333","110010605000007","-10.786390984077338","-65.32953768075491","numero_aproximado","da03","6","AVENIDA ROCHA LEAL, 2214 (aprox) - SANTO ANTONIO, GUAJARA-MIRIM - RO",1,False,"110010605000007","110010605000010","-10.786390984077338","-65.32953768075491","0","120.79558692","1","55.82333116",False,True
10060,8,"2025-08-26 09:59:31-03","2025-08-26 09:59:31-03","0101000020E6100000EC2E5052605550C0BA0155922B9325C0","0101000020E6100000EC2E5052605550C0BA0155922B9325C0",11005980,2024,"RO",1100106,"Guajará-Mirim","Guajará-Mirim",110010605,"EEEF CAPITAO GODOY",1,0,"AVENIDA CANDIDO RONDON","1379","ESTABELECIMENTO","SAO JOSE","76850000","Catálogo de Escolas - agosto/2024","0","-10.7874418","-65.334004","110010605000010","-10.78769302368164","-65.33428192138672","numero","dn03","6","AVENIDA CANDIDO RONDON, 1379 - SAO JOSE, GUAJARA-MIRIM - RO, 76850-000",1,False,"110010605000010","110010605000010","-10.78769302368164","-65.33428192138672","0","41.25438752","1","0",True,NULL
10061,8,"2025-08-26 09:59:31-03","2025-08-26 09:59:31-03","0101000020E61000002B5CA0EECD5550C09C148B845B9325C0","0101000020E61000002B5CA0EECD5550C09C148B845B9325C0",11006684,2024,"RO",1100106,"Guajará-Mirim","Guajará-Mirim",110010605,"INSTITUTO ESTADUAL DE EDUCACAO PAULO SALDANHA",1,0,"AV. GETULIO VARGAS","430",NULL,"CENTRO","76850000","Catálogo de Escolas - agosto/2024","0","-10.7878076","-65.3406941","110010605000028","-10.788228756447804","-65.33980539318655","numero_aproximado","da03","6","AVENIDA GETULIO VARGAS, 430 (aprox) - CENTRO, GUAJARA-MIRIM - RO",1,False,"110010605000028","110010605000028","-10.788228756447804","-65.33980539318655","0","107.779072","1","0",True,NULL
10063,8,"2025-08-26 09:59:31-03","2025-08-26 09:59:31-03","0101000020E610000091178854875550C0EAAF5758709325C0","0101000020E610000091178854875550C0EAAF5758709325C0",11006633,2024,"RO",1100106,"Guajará-Mirim","Guajará-Mirim",110010605,"EEEFM ROCHA LEAL",1,0,"DR. LEWERGER","1194",NULL,"SAO JOSE","76850000","Catálogo de Escolas - agosto/2024","0","-10.7879665","-65.3363849","110010605000011","-10.788836938208275","-65.33411893739805","localidade","db01","445","SAO JOSE, GUAJARA-MIRIM - RO",479,False,"110010605000011","110010605000011","-10.788836938208275","-65.33411893739805","0","265.76199243","1","0",True,NULL
10068,8,"2025-08-26 09:59:31-03","2025-08-26 09:59:31-03","0101000020E61000003143E389205550C0CB49287D219425C0","0101000020E61000003143E389205550C0CB49287D219425C0",11005890,2024,"RO",1100106,"Guajará-Mirim","Guajará-Mirim",110010605,"EIEEF ABRAO KOOP",2,2,"ALDEIA SANTO ANDRE","KM. 232","TERRA INDIGENA","RIO PACAAS NOVOS","76850000","Coordenadas Sede do Município","3","-10.789318","-65.330111","110010605000007","-10.80796661118521","-65.27934931416578","municipio","dm01","122291","GUAJARA-MIRIM - RO",13518,False,"110010605000007","110010605000066","-10.80796661118521","-65.27934931416578","0","5919.5771101","1","4622.8709265",False,True
10069,8,"2025-08-26 09:59:31-03","2025-08-26 09:59:31-03","0101000020E61000003143E389205550C0CB49287D219425C0","0101000020E61000003143E389205550C0CB49287D219425C0",11005912,2024,"RO",1100106,"Guajará-Mirim","Guajará-Mirim",110010605,"EIEEFM ALEXANDRINA DO NASCIMENTO GOMES",2,2,"ALDEIA BAIA DAS ONCAS - RIO GUAPORE",NULL,"TI RIO GUAPORE","ALDEIA BAIA DAS ONCAS","76850000","Coordenadas Sede do Município","3","-10.789318","-65.330111","110010605000007","-10.80796661118521","-65.27934931416578","municipio","dm01","122291","GUAJARA-MIRIM - RO",13518,False,"110010605000007","110010605000066","-10.80796661118521","-65.27934931416578","0","5919.5771101","1","4622.8709265",False,True
10070,8,"2025-08-26 09:59:31-03","2025-08-26 09:59:31-03","0101000020E61000003143E389205550C0CB49287D219425C0","0101000020E61000003143E389205550C0CB49287D219425C0",11006412,2024,"RO",1100106,"Guajará-Mirim","Guajará-Mirim",110010605,"EIEEF POSCIDONIO BASTOS",2,2,"ALDEIA RIO NEGRO OCAIA","KM.270","RIO PACAAS NOVOS","ALDEIA RIO NEGRO OCAIA","76850000","Coordenadas Sede do Município","3","-10.789318","-65.330111","110010605000007","-10.80796661118521","-65.27934931416578","municipio","dm01","122291","GUAJARA-MIRIM - RO",13518,False,"110010605000007","110010605000066","-10.80796661118521","-65.27934931416578","0","5919.5771101","1","4622.8709265",False,True
10071,8,"2025-08-26 09:59:31-03","2025-08-26 09:59:31-03","0101000020E61000003143E389205550C0CB49287D219425C0","0101000020E61000003143E389205550C0CB49287D219425C0",11006579,2024,"RO",1100106,"Guajará-Mirim","Guajará-Mirim",110010605,"EIEEF TENENTE LIRA",2,2,"ALDEIA LAJE NOVO - BOM SOSSEGO","KM.48","TERRA INDIGENA","ALDEIA LAJE NOVO","76850000","Coordenadas Sede do Município","3","-10.789318","-65.330111","110010605000007","-10.80796661118521","-65.27934931416578","municipio","dm01","122291","GUAJARA-MIRIM - RO",13518,False,"110010605000007","110010605000066","-10.80796661118521","-65.27934931416578","0","5919.5771101","1","4622.8709265",False,True
10072,8,"2025-08-26 09:59:31-03","2025-08-26 09:59:31-03","0101000020E61000003143E389205550C0CB49287D219425C0","0101000020E61000003143E389205550C0CB49287D219425C0",11041846,2024,"RO",1100106,"Guajará-Mirim","Guajará-Mirim",110010605,"EIEEF MANUM ORO EO",2,2,"ALDEIA BOM FUTURO","KM.232","RIO PACAAS NOVOS","ALDEIA BOM FUTURO","76850000","Coordenadas Sede do Município","3","-10.789318","-65.330111","110010605000007","-10.80796661118521","-65.27934931416578","municipio","dm01","122291","GUAJARA-MIRIM - RO",13518,False,"110010605000007","110010605000066","-10.80796661118521","-65.27934931416578","0","5919.5771101","1","4622.8709265",False,True
10073,8,"2025-08-26 09:59:31-03","2025-08-26 09:59:31-03","0101000020E61000003143E389205550C0CB49287D219425C0","0101000020E61000003143E389205550C0CB49287D219425C0",11048891,2024,"RO",1100106,"Guajará-Mirim","Guajará-Mirim",110010605,"EIEEF MARINA AIKOM ORO WIM",2,2,"ALDEIA CRISTO REI - RIO NEGRO OCAIA","KM.429","RIO PACAAS NOVOS","ALDEIA CRISTO REI","76850000","Coordenadas Sede do Município","3","-10.789318","-65.330111","110010605000007","-10.80796661118521","-65.27934931416578","municipio","dm01","122291","GUAJARA-MIRIM - RO",13518,False,"110010605000007","110010605000066","-10.80796661118521","-65.27934931416578","0","5919.5771101","1","4622.8709265",False,True
10074,8,"2025-08-26 09:59:31-03","2025-08-26 09:59:31-03","0101000020E61000003143E389205550C0CB49287D219425C0","0101000020E61000003143E389205550C0CB49287D219425C0",11048921,2024,"RO",1100106,"Guajará-Mirim","Guajará-Mirim",110010605,"EIEEF CO UM ORO WARAM",2,2,"ALDEIA SEMAPE - ESTRADA DO BOM SOSSEGO","KM.63",NULL,"BOM SOSSEGO","76850000","Coordenadas Sede do Município","3","-10.789318","-65.330111","110010605000007","-10.681123907461107","-65.16846758764495","localidade","db01","9256","BOM SOSSEGO, GUAJARA-MIRIM - RO",168,False,"110010605000007","110010605000043","-10.681123907461107","-65.16846758764495","0","21367.97067396","1","20489.74091999",False,False
10075,8,"2025-08-26 09:59:31-03","2025-08-26 09:59:31-03","0101000020E61000003143E389205550C0CB49287D219425C0","0101000020E61000003143E389205550C0CB49287D219425C0",11048948,2024,"RO",1100106,"Guajará-Mirim","Guajará-Mirim",110010605,"EIEEF PAKUIA",2,2,"ALDEIA OROSSARI TUPARI","KM.360","RIO GUAPORE","ALDEIA OROSSARI","76850000","Coordenadas Sede do Município","3","-10.789318","-65.330111","110010605000007","-10.80796661118521","-65.27934931416578","municipio","dm01","122291","GUAJARA-MIRIM - RO",13518,False,"110010605000007","110010605000066","-10.80796661118521","-65.27934931416578","0","5919.5771101","1","4622.8709265",False,True
10076,8,"2025-08-26 09:59:31-03","2025-08-26 09:59:31-03","0101000020E61000003143E389205550C0CB49287D219425C0","0101000020E61000003143E389205550C0CB49287D219425C0",11050667,2024,"RO",1100106,"Guajará-Mirim","Guajará-Mirim",110010605,"EIEEF ORO WAO YEIN ORO NAO",2,2,"ALDEIA PITOP - TERRA INDIGENA","KM.61","PACAAS NOVOS","ALDEIA PITOP","76850000","Coordenadas Sede do Município","3","-10.789318","-65.330111","110010605000007","-10.80796661118521","-65.27934931416578","municipio","dm01","122291","GUAJARA-MIRIM - RO",13518,False,"110010605000007","110010605000066","-10.80796661118521","-65.27934931416578","0","5919.5771101","1","4622.8709265",False,True
10077,8,"2025-08-26 09:59:31-03","2025-08-26 09:59:31-03","0101000020E61000003143E389205550C0CB49287D219425C0","0101000020E61000003143E389205550C0CB49287D219425C0",11050675,2024,"RO",1100106,"Guajará-Mirim","Guajará-Mirim",110010605,"EIEEF ORO WAO PO WA ORO NAO",2,2,"ALDEIA COMI WA WAN - RIO NEGRO OCAIA","KM.276","TERRA INDIGENA","ALDEIA  COMI WA WAN","76850000","Coordenadas Sede do Município","3","-10.789318","-65.330111","110010605000007","-10.80796661118521","-65.27934931416578","municipio","dm01","122291","GUAJARA-MIRIM - RO",13518,False,"110010605000007","110010605000066","-10.80796661118521","-65.27934931416578","0","5919.5771101","1","4622.8709265",False,True
10078,8,"2025-08-26 09:59:31-03","2025-08-26 09:59:31-03","0101000020E61000003143E389205550C0CB49287D219425C0","0101000020E61000003143E389205550C0CB49287D219425C0",11066806,2024,"RO",1100106,"Guajará-Mirim","Guajará-Mirim",110010605,"EIEEF XIJAN ORO NAO",2,2,"ALDEIA PANTXIROP - RIO PACAAS NOVOS","KM.278","RIO PACAAS NOVOS","ALDEIA PANTXIROP","76850000","Coordenadas Sede do Município","3","-10.789318","-65.330111","110010605000007","-10.80796661118521","-65.27934931416578","municipio","dm01","122291","GUAJARA-MIRIM - RO",13518,False,"110010605000007","110010605000066","-10.80796661118521","-65.27934931416578","0","5919.5771101","1","4622.8709265",False,True
10079,8,"2025-08-26 09:59:31-03","2025-08-26 09:59:31-03","0101000020E61000003143E389205550C0CB49287D219425C0","0101000020E61000003143E389205550C0CB49287D219425C0",11067810,2024,"RO",1100106,"Guajará-Mirim","Guajará-Mirim",110010605,"EIEEF VALDEMAR CABIXI",2,2,"ALDEIA PEDREIRAS","KM.482","RIO PACAAS NOVOS","ALDEIA PEDREIRA","76850000","Coordenadas Sede do Município","3","-10.789318","-65.330111","110010605000007","-10.80796661118521","-65.27934931416578","municipio","dm01","122291","GUAJARA-MIRIM - RO",13518,False,"110010605000007","110010605000066","-10.80796661118521","-65.27934931416578","0","5919.5771101","1","4622.8709265",False,True
10080,8,"2025-08-26 09:59:31-03","2025-08-26 09:59:31-03","0101000020E61000003143E389205550C0CB49287D219425C0","0101000020E61000003143E389205550C0CB49287D219425C0",11068809,2024,"RO",1100106,"Guajará-Mirim","Guajará-Mirim",110010605,"EIEEF JOSE DOS SANTOS",2,2,"ALDEIA PIRANHA  ,RIO PACAAS NOVOS","KM.287","RIO PACAAS NOVOS","ALDEIA PIRANHA","76850000","Coordenadas Sede do Município","3","-10.789318","-65.330111","110010605000007","-10.80796661118521","-65.27934931416578","municipio","dm01","122291","GUAJARA-MIRIM - RO",13518,False,"110010605000007","110010605000066","-10.80796661118521","-65.27934931416578","0","5919.5771101","1","4622.8709265",False,True
10081,8,"2025-08-26 09:59:31-03","2025-08-26 09:59:31-03","0101000020E61000003143E389205550C0CB49287D219425C0","0101000020E61000003143E389205550C0CB49287D219425C0",11090804,2024,"RO",1100106,"Guajará-Mirim","Guajará-Mirim",110010605,"EIEEF WATACAO ORO NAO MIXIC",2,2,"ALDEIA TRES BOCAS","KM.264","RIO PACAAS NOVOS","ALDEIA TRES BOCAS","76850000","Coordenadas Sede do Município","3","-10.789318","-65.330111","110010605000007","-10.80796661118521","-65.27934931416578","municipio","dm01","122291","GUAJARA-MIRIM - RO",13518,False,"110010605000007","110010605000066","-10.80796661118521","-65.27934931416578","0","5919.5771101","1","4622.8709265",False,True
10087,8,"2025-08-26 09:59:31-03","2025-08-26 09:59:31-03","0101000020E610000060D09DBBB8D84EC0E2372ADC979425C0","0101000020E610000060D09DBBB8D84EC0E2372ADC979425C0",11015500,2024,"RO",1100122,"Ji-Paraná","Nova Colina",110012220,"EEEFM TUPA",1,0,"RUA TIRADENTES","696","DIST. NOVA COLINA","NOVA COLINA","76915000","Catálogo de Escolas - agosto/2024","0","-10.7902211","-61.6931376","110012220000001","-10.78972256828886","-61.691026526877344","numero_aproximado","da03","6","RUA TIRADENTES, 696 (aprox) - NOVA COLINA, JI-PARANA - RO",1,False,"110012220000001","110012220000001","-10.78972256828886","-61.691026526877344","0","237.16037667","1","0",True,NULL
10088,8,"2025-08-26 09:59:31-03","2025-08-26 09:59:31-03","0101000020E6100000C7759D57065650C00ACC54D2D49425C0","0101000020E6100000C7759D57065650C00ACC54D2D49425C0",11006641,2024,"RO",1100106,"Guajará-Mirim","Guajará-Mirim",110010605,"EEEMTI SIMON BOLIVAR",1,0,"AV. 15 DE NOVEMBRO","338",NULL,"CENTRO","76850000","Catálogo de Escolas - agosto/2024","0","-10.7906862","-65.3441371","110010605000026","-10.790054338920173","-65.34417432760621","numero_aproximado","da03","6","AVENIDA 15 DE NOVEMBRO, 338 (aprox) - CENTRO, GUAJARA-MIRIM - RO",2,False,"110010605000026","110010605000026","-10.790054338920173","-65.34417432760621","0","70.37741567","1","0",True,NULL
10093,8,"2025-08-26 09:59:31-03","2025-08-26 09:59:31-03","0101000020E6100000A4C8F718EE5550C0D048DFFF229525C0","0101000020E6100000A4C8F718EE5550C0D048DFFF229525C0",11044829,2024,"RO",1100106,"Guajará-Mirim","Guajará-Mirim",110010605,"CENTRO EDUCACIONAL MUNDO ENCANTADO",1,0,"BOUCINHA DE MENEZES","897",NULL,"CENTRO","76850000","Catálogo de Escolas - agosto/2024","0","-10.79128265","-65.34265732","110010605000026","-10.790398988251257","-65.34432934798654","localidade","db01","671","CENTRO, GUAJARA-MIRIM - RO",1042,False,"110010605000026","110010605000026","-10.790398988251257","-65.34432934798654","0","207.38818338","1","0",True,NULL
10158,8,"2025-08-26 09:59:31-03","2025-08-26 09:59:31-03","0101000020E610000090AFF3250A1A4FC0AEB8382A379D25C0","0101000020E610000090AFF3250A1A4FC0AEB8382A379D25C0",11017104,2024,"RO",1100155,"Ouro Preto do Oeste","Ouro Preto do Oeste",110015505,"EMEIEF MANOEL SANTOS",2,0,"LINHA 08/31 GLEBA 08 A LOTE 15","00","ESCOLA","ZONA RURAL","76920000","Catálogo de Escolas - agosto/2024","0","-10.8070615","-62.2034347","110015505000042","-10.712788460523115","-62.249856170530805","municipio","dm01","35375","OURO PRETO DO OESTE - RO",14828,False,"110015505000042","110015505000060","-10.712788460523115","-62.249856170530805","0","11644.86355231","1","7187.51715766",False,False
10283,8,"2025-08-26 09:59:31-03","2025-08-26 09:59:31-03","0101000020E61000008DA220DBA6CD4EC0D65CEAF72FA625C0","0101000020E61000008DA220DBA6CD4EC0D65CEAF72FA625C0",11014547,2024,"RO",1100122,"Ji-Paraná","Ji-Paraná",110012205,"EMEF NOVA ALIANCA",2,0,"LINHA 86, PROJETO VIDA NOVA, LOTE 28","SN",NULL,"AREA RURAL","76900970","Catálogo de Escolas - agosto/2024","0","-10.82458472","-61.60665454","110012220000004","-10.882369258471263","-61.941406437590736","municipio","dm01","22910","JI-PARANA - RO",45594,False,"110012220000004","110012205000075","-10.882369258471263","-61.941406437590736","0","37117.29225985","1","13805.57583991",False,False
10381,8,"2025-08-26 09:59:31-03","2025-08-26 09:59:31-03","0101000020E610000099CEF34CD4034FC09F84E3439AAE25C0","0101000020E610000099CEF34CD4034FC09F84E3439AAE25C0",11015896,2024,"RO",1100122,"Ji-Paraná","Ji-Paraná",110012205,"ESCOLA FAMILIA AGRICOLA ITAPIREMA",2,0,"LINHA 04 KM 09 SAIDA PARA PORTO VELHO","S/N",NULL,"AREA RURAL DE JI-PARANA","76914899","Catálogo de Escolas - agosto/2024","0","-10.8410207","-62.0299164","110012205000154","-10.882369258471263","-61.941406437590736","municipio","dm01","22910","JI-PARANA - RO",45594,False,"110012205000154","110012205000075","-10.882369258471263","-61.941406437590736","0","10703.37787142","1","4857.22267393",False,False
10405,8,"2025-08-26 09:59:31-03","2025-08-26 09:59:31-03","0101000020E6100000E06EA4C74AFC4EC0682C504134B125C0","0101000020E6100000E06EA4C74AFC4EC0682C504134B125C0",11044861,2024,"RO",1100122,"Ji-Paraná","Ji-Paraná",110012205,"EMEIEF PROF ALMIR ZANDONADI",1,0,"RUA JABOTICABA","1060",NULL,"NOVO HORIZONTE","76907218","Catálogo de Escolas - agosto/2024","0","-10.8461018","-61.9710321","110012205000281","-10.846576542518287","-61.97141843616226","numero_aproximado","da03","6","RUA JABOTICABA, 1060 (aprox) - NOVO HORIZONTE, JI-PARANA - RO",1,False,"110012205000281","110012205000281","-10.846576542518287","-61.97141843616226","0","67.57797454","1","0",True,NULL
10448,8,"2025-08-26 09:59:31-03","2025-08-26 09:59:31-03","0101000020E6100000FCAB434507FE4EC00531F1C318B525C0","0101000020E6100000FCAB434507FE4EC00531F1C318B525C0",11050985,2024,"RO",1100122,"Ji-Paraná","Ji-Paraná",110012205,"EEEFM SAO DOMINGOS SAVIO- UNIDADE II",1,0,"AVENIDA TRANSCONTINENTAL","5862","BR-364, KM 348","SANTIAGO","76907296","Catálogo de Escolas - agosto/2024","0","-10.85370457","-61.98459688","110012205000280","-10.858656869387755","-61.97972197086383","numero_aproximado","da03","8","AVENIDA TRANSCONTINENTAL, 5862 (aprox) - SANTIAGO, JI-PARANA - RO",1,False,"110012205000280","110012205000100","-10.858656869387755","-61.97972197086383","0","765.93142949","1","27.66900571",False,True
10459,8,"2025-08-26 09:59:31-03","2025-08-26 09:59:31-03","0101000020E61000006869B812CBFB4EC0B1E1444F25B625C0","0101000020E61000006869B812CBFB4EC0B1E1444F25B625C0",11048263,2024,"RO",1100122,"Ji-Paraná","Ji-Paraná",110012205,"CMEI MARCELINO CALEGARIO",1,0,"RUA DO CIPO","1068",NULL,"SAO BERNARDO","76907386","Catálogo de Escolas - agosto/2024","0","-10.8557534","-61.9671348","110012205000282","-10.856410297363038","-61.967338546245145","numero_aproximado","da03","6","RUA DO CIPO, 1068 (aprox) - SAO BERNARDO, JI-PARANA - RO",1,False,"110012205000282","110012205000031","-10.856410297363038","-61.967338546245145","0","76.35743577","1","56.67050839",False,True
10471,8,"2025-08-26 09:59:31-03","2025-08-26 09:59:31-03","0101000020E61000000112F2E615FC4EC0D33FD2F1E2B625C0","0101000020E61000000112F2E615FC4EC0D33FD2F1E2B625C0",11014830,2024,"RO",1100122,"Ji-Paraná","Ji-Paraná",110012205,"EEEFM PROFESSORA EDILCE DOS SANTOS FREITAS",1,0,"RUA VITORIA REGIA","821",NULL,"SAO BERNARDO","76907368","Catálogo de Escolas - agosto/2024","0","-10.8572002","-61.9694184","110012205000031","-10.857645034790039","-61.96906280517578","numero","dn03","6","RUA VITORIA REGIA, 821 - SAO BERNARDO, JI-PARANA - RO, 76907-372",1,False,"110012205000031","110012205000031","-10.857645034790039","-61.96906280517578","0","62.8856201","1","0",True,NULL
10476,8,"2025-08-26 09:59:31-03","2025-08-26 09:59:31-03","0101000020E6100000491FA97466664FC05589B2B794B725C0","0101000020E6100000491FA97466664FC05589B2B794B725C0",11012579,2024,"RO",1100114,"Jaru","Tarilândia",110011425,"EEEFM PEDRO VIEIRA DE MELO",1,0,"RUA LEOMAR JOSE BARATELA","456","ZONA URBANA","CENTRO","76897890","Catálogo de Escolas - agosto/2024","0","-10.8585565","-62.8000017","110011425000020","-10.465247073210952","-62.49459800923825","municipio","dm01","61101","JARU - RO",16764,False,"110011425000020","110011405000052","-10.465247073210952","-62.49459800923825","0","55012.98904758","1","54808.04702049",False,False
10492,8,"2025-08-26 09:59:31-03","2025-08-26 09:59:31-03","0101000020E61000001D3460353BFD4EC01743DE173CB925C0","0101000020E61000001D3460353BFD4EC01743DE173CB925C0",11013311,2024,"RO",1100122,"Ji-Paraná","Ji-Paraná",110012205,"EEEF 13 DE MAIO",1,0,"RUA DO CRAVO","2624",NULL,"SANTIAGO","76901179","Catálogo de Escolas - agosto/2024","0","-10.8617866","-61.9783694","110012205000030","-10.861430583693686","-61.97951091128019","numero_aproximado","da03","6","RUA DO CRAVO, 2624 (aprox) - SANTIAGO, JI-PARANA - RO",2,False,"110012205000030","110012205000030","-10.861430583693686","-61.97951091128019","0","130.79141895","1","0",True,NULL
10494,8,"2025-08-26 09:59:31-03","2025-08-26 09:59:31-03","0101000020E6100000F4A1B030E9F74EC0AF04F7A864B925C0","0101000020E6100000F4A1B030E9F74EC0AF04F7A864B925C0",11046678,2024,"RO",1100122,"Ji-Paraná","Ji-Paraná",110012205,"CMEI ZILDA ARNS",1,0,"RUA TRES IRMAOS","471","CRECHE","PARQUE SAO PEDRO","76907876","Catálogo de Escolas - agosto/2024","0","-10.8620961","-61.9368039","110012205000007","-10.86182035252733","-61.937667783701194","localidade","db01","886","PARQUE SAO PEDRO, JI-PARANA - RO",893,False,"110012205000007","110012205000007","-10.86182035252733","-61.937667783701194","0","99.19636286","1","0",True,NULL
10497,8,"2025-08-26 09:59:31-03","2025-08-26 09:59:31-03","0101000020E6100000F30181CEA4FB4EC067E9AFFC9EB925C0","0101000020E6100000F30181CEA4FB4EC067E9AFFC9EB925C0",11049367,2024,"RO",1100122,"Ji-Paraná","Ji-Paraná",110012205,"ESCOLA SENAI JI-PARANA",1,0,"RUA FRANCISCO BENITES LOPES","435","SENAI","JARDIM AURELIO BERNARDI","76907440","Catálogo de Escolas - agosto/2024","0","-10.8625411","-61.965967","110012205000006","-10.865333571320644","-61.96746145828421","numero_aproximado","da04","6","RUA FRANCISCO BENITES LOPES, 435 (aprox) - DOIS DE ABRIL, JI-PARANA - RO",1,False,"110012205000006","110012205000005","-10.865333571320644","-61.96746145828421","0","350.78413425","1","158.24523422",False,True
10498,8,"2025-08-26 09:59:31-03","2025-08-26 09:59:31-03","0101000020E610000085EFFD0DDAF74EC0F7C6B546A9B925C0","0101000020E610000085EFFD0DDAF74EC0F7C6B546A9B925C0",11015357,2024,"RO",1100122,"Ji-Paraná","Ji-Paraná",110012205,"EEEF SAO PEDRO",1,0,"RUA TRES IRMAOS","407",NULL,"PARQUE SAO PEDRO","76907876","Catálogo de Escolas - agosto/2024","0","-10.8626196","-61.936342","110012205000007","-10.86182035252733","-61.937667783701194","localidade","db01","886","PARQUE SAO PEDRO, JI-PARANA - RO",893,False,"110012205000007","110012205000007","-10.86182035252733","-61.937667783701194","0","169.88040367","1","0",True,NULL
10518,8,"2025-08-26 09:59:31-03","2025-08-26 09:59:31-03","0101000020E6100000FD2FD7A205FD4EC09E9ED21CB4BA25C0","0101000020E6100000FD2FD7A205FD4EC09E9ED21CB4BA25C0",11013257,2024,"RO",1100122,"Ji-Paraná","Ji-Paraná",110012205,"CMEI NELSON DIAS",1,0,"RUA JASMIM","2247",NULL,"SANTIAGO","76901181","Catálogo de Escolas - agosto/2024","0","-10.8646554","-61.9767345","110012205000028","-10.863204921883947","-61.979535446415504","localidade","db01","827","SANTIAGO, JI-PARANA - RO",1616,False,"110012205000028","110012205000030","-10.863204921883947","-61.979535446415504","0","345.78798185","1","154.91106464",False,True
10524,8,"2025-08-26 09:59:31-03","2025-08-26 09:59:31-03","0101000020E6100000E7A095C50EFD4EC091E1C2CB1DBB25C0","0101000020E6100000E7A095C50EFD4EC091E1C2CB1DBB25C0",11015667,2024,"RO",1100122,"Ji-Paraná","Ji-Paraná",110012205,"COLEGIO TIRADENTES DA POLICIA MILITAR - CTPM VI",1,0,"RUA DA AVENCA","2024",NULL,"SANTIAGO","76901144","Catálogo de Escolas - agosto/2024","0","-10.8654617","-61.9770133","110012205000028","-10.865903645115031","-61.976979960112764","numero_aproximado","da03","6","RUA DA AVENCA, 2024 (aprox) - SANTIAGO, JI-PARANA - RO",1,False,"110012205000028","110012205000028","-10.865903645115031","-61.976979960112764","0","49.27680359","1","0",True,NULL
10544,8,"2025-08-26 09:59:31-03","2025-08-26 09:59:31-03","0101000020E61000004029A44632F44EC059FB3BDBA3BB25C0","0101000020E61000004029A44632F44EC059FB3BDBA3BB25C0",11014555,2024,"RO",1100122,"Ji-Paraná","Ji-Paraná",110012205,"EEEFM NOVA BRASILIA",1,0,"RUA CEDRO","3981",NULL,"PARQUE DOS PARECIS","76909724","Catálogo de Escolas - agosto/2024","0","-10.8664845","-61.9077843","110012205000093","-10.885643807400953","-61.905301067259956","numero_aproximado","da04","6","RUA CEDRO, 3981 (aprox) - NOVA BRASILIA, JI-PARANA - RO",1,True,"110012205000093","110012205000054","-10.88321142849161","-61.90553406683301","271.66257939","2147.60844324","1","1678.22781228",False,False
10548,8,"2025-08-26 09:59:31-03","2025-08-26 09:59:31-03","0101000020E61000006D4D04BBABF34EC06EBF7CB262BC25C0","0101000020E61000006D4D04BBABF34EC06EBF7CB262BC25C0",11049952,2024,"RO",1100122,"Ji-Paraná","Ji-Paraná",110012205,"CMEI OLIVIA HEIDERICH DE BRITO",1,0,"MANOEL PINHEIRO MACHADO","3570","T 26","ALTO ALEGRE","76909622","Catálogo de Escolas - agosto/2024","0","-10.8679405","-61.9036783","110012205000090","-10.872604607662439","-61.90023700308887","localidade","db01","1691","ALTO ALEGRE, JI-PARANA - RO",288,False,"110012205000090","110012205000269","-10.872604607662439","-61.90023700308887","0","640.46097015","1","303.6358553",False,False
10550,8,"2025-08-26 09:59:31-03","2025-08-26 09:59:31-03","0101000020E6100000FD265EAFFAFB4EC0E32E464D89BC25C0","0101000020E6100000FD265EAFFAFB4EC0E32E464D89BC25C0",11047208,2024,"RO",1100122,"Ji-Paraná","Ji-Paraná",110012205,"EEEMTI JOVEM GONCALVES VILELA",1,0,"RUA ANTONIO FERREIRA DE FREITAS","211",NULL,"JARDIM PRESIDENCIAL","76901013","Catálogo de Escolas - agosto/2024","0","-10.86823503","-61.9685878","110012205000069","-10.87254592309166","-61.97301525797328","localidade","db01","708","JARDIM PRESIDENCIAL, JI-PARANA - RO",1733,False,"110012205000069","110012205000071","-10.87254592309166","-61.97301525797328","0","680.82828996","1","272.54138628",False,False
10551,8,"2025-08-26 09:59:31-03","2025-08-26 09:59:31-03","0101000020E6100000094AEE4A4DFA4EC028610C91A6BC25C0","0101000020E6100000094AEE4A4DFA4EC028610C91A6BC25C0",11014806,2024,"RO",1100122,"Ji-Paraná","Ji-Paraná",110012205,"EEEF PROFESSORA CARMEM ROCHA BORGES",1,0,"RUA ABILIO FREIRE DOS SANTOS","611",NULL,"CASA PRETA","76907648","Catálogo de Escolas - agosto/2024","0","-10.8684583022701","-61.95548378596511","110012205000014","-10.868600845336914","-61.955299377441406","numero","dn03","6","RUA ABILIO FREIRE DOS SANTOS, 611 - CASA PRETA, JI-PARANA - RO, 76907-648",1,False,"110012205000014","110012205000014","-10.868600845336914","-61.955299377441406","0","25.62702441","1","0",True,NULL
10553,8,"2025-08-26 09:59:31-03","2025-08-26 09:59:31-03","0101000020E6100000DB4FC6F830F94EC07C98BD6C3BBD25C0","0101000020E6100000DB4FC6F830F94EC07C98BD6C3BBD25C0",11015683,2024,"RO",1100122,"Ji-Paraná","Ji-Paraná",110012205,"EEEFM PROF JOSE FRANCISCO DOS SANTOS",1,0,"RUA PORTO VELHO","2336","ESCOLA","DOM BOSCO","76907736","Catálogo de Escolas - agosto/2024","0","-10.869594","-61.946807","110012205000088","-10.869240760803223","-61.94740676879883","numero","dn03","6","RUA PORTO VELHO, 2336 - DOM BOSCO, JI-PARANA - RO, 76907-736",1,False,"110012205000088","110012205000088","-10.869240760803223","-61.94740676879883","0","76.36998532","1","0",True,NULL
10557,8,"2025-08-26 09:59:31-03","2025-08-26 09:59:31-03","0101000020E6100000C4A574FA0BF94EC0003817FBA2BD25C0","0101000020E6100000C4A574FA0BF94EC0003817FBA2BD25C0",11042656,2024,"RO",1100122,"Ji-Paraná","Ji-Paraná",110012205,"CMEIEF PROFESSORA MIRIAM TRAJANO LOPES",1,0,"RUA RIO SOLIMOES","989",NULL,"DOM BOSCO","76907764","Catálogo de Escolas - agosto/2024","0","-10.87038407","-61.94567805","110012205000088","-10.870202184841592","-61.94538391687774","numero_aproximado","da03","6","RUA RIO SOLIMOES, 989 (aprox) - DOM BOSCO, JI-PARANA - RO",1,False,"110012205000088","110012205000088","-10.870202184841592","-61.94538391687774","0","37.95641105","1","0",True,NULL
10558,8,"2025-08-26 09:59:31-03","2025-08-26 09:59:31-03","0101000020E61000001968A982F2FD4EC0E1AAFC7CA5BD25C0","0101000020E61000001968A982F2FD4EC0E1AAFC7CA5BD25C0",11051124,2024,"RO",1100122,"Ji-Paraná","Ji-Paraná",110012205,"CMEI EDIMILSON DA SILVA REIS",1,0,"RUA JOSE JORGE DE MELO","SN",NULL,"BOSQUE DOS IPES","76901384","Catálogo de Escolas - agosto/2024","0","-10.8704032","-61.98396333","110012205000232","-10.871161043643951","-61.98451781272888","logradouro","dl03","171","RUA JOSE JORGE DE MELO - BOSQUE DOS IPES, JI-PARANA - RO, 76901-384",17,False,"110012205000232","110012205000232","-10.871161043643951","-61.98451781272888","0","103.76608308","1","0",True,NULL
10559,8,"2025-08-26 09:59:31-03","2025-08-26 09:59:31-03","0101000020E6100000E2314D220CFD4EC021C2644FA7BD25C0","0101000020E6100000E2314D220CFD4EC021C2644FA7BD25C0",11046414,2024,"RO",1100122,"Ji-Paraná","Ji-Paraná",110012205,"CMEIEF PROFESSORA MARIA ANTONIA",1,0,"RUA SAO MANOEL","1601",NULL,"JARDIM PRESIDENCIAL","76901114","Catálogo de Escolas - agosto/2024","0","-10.8704171","-61.9769328","110012205000073","-10.87326647862128","-61.972733791620435","numero_aproximado","da03","6","RUA SAO MANOEL, 1601 (aprox) - JARDIM PRESIDENCIAL, JI-PARANA - RO",1,False,"110012205000073","110012205000071","-10.87326647862128","-61.972733791620435","0","557.34570934","1","260.89892248",False,True
10565,8,"2025-08-26 09:59:31-03","2025-08-26 09:59:31-03","0101000020E61000000380BE8811FC4EC087DBA16131BE25C0","0101000020E61000000380BE8811FC4EC087DBA16131BE25C0",11016086,2024,"RO",1100122,"Ji-Paraná","Ji-Paraná",110012205,"APAE DE JI PARANA - INSTITUTO DE EDUCACAO ESPECIALIZADA DR ANTONIO LAZARO DE MOURA",1,0,"RUA DR. ANTONIO LAZARO DE MOURA","1123",NULL,"JARDIM PRESIDENCIAL","76900673","Catálogo de Escolas - agosto/2024","0","-10.8714705","-61.9692851","110012205000069","-10.871464729309082","-61.96902084350586","numero","dn03","6","RUA DOUTOR ANTONIO LAZARO DE MOURA, 1123 - JARDIM PRESIDENCIAL, JI-PARANA - RO, 76900-673",1,False,"110012205000069","110012205000069","-10.871464729309082","-61.96902084350586","0","28.86379318","1","0",True,NULL
10566,8,"2025-08-26 09:59:31-03","2025-08-26 09:59:31-03","0101000020E6100000B80EC4680CF44EC0AB86B3113EBE25C0","0101000020E6100000B80EC4680CF44EC0AB86B3113EBE25C0",11013419,2024,"RO",1100122,"Ji-Paraná","Ji-Paraná",110012205,"EMEIEF ADAO VALDIR LAMOTA",1,0,"RUA GUARULHOS","2610","T23","JK","76909726","Catálogo de Escolas - agosto/2024","0","-10.8715673","-61.9066287","110012205000094","-10.87099055119621","-61.90408515206381","numero_aproximado","da04","6","RUA GUARULHOS, 2610 (aprox) - ALTO ALEGRE, JI-PARANA - RO",1,False,"110012205000094","110012205000091","-10.87099055119621","-61.90408515206381","0","285.0618286","1","181.16668763",False,True
10568,8,"2025-08-26 09:59:31-03","2025-08-26 09:59:31-03","0101000020E6100000FBF14D89DAF64EC00C772E8CF4BE25C0","0101000020E6100000FBF14D89DAF64EC00C772E8CF4BE25C0",11016019,2024,"RO",1100122,"Ji-Paraná","Ji-Paraná",110012205,"EEEF SAO FRANCISCO",1,0,"RUA DAS FLORES","618","T-5","SAO FRANCISCO","76908119","Catálogo de Escolas - agosto/2024","0","-10.8729595","-61.9285442","110012205000241","-10.872774563480242","-61.92824972824918","numero_aproximado","da03","6","RUA DAS FLORES, 618 (aprox) - SAO FRANCISCO, JI-PARANA - RO",1,False,"110012205000241","110012205000241","-10.872774563480242","-61.92824972824918","0","38.16919664","1","0",True,NULL
10571,8,"2025-08-26 09:59:31-03","2025-08-26 09:59:31-03","0101000020E610000048C49448A2F94EC0B83F170D19BF25C0","0101000020E610000048C49448A2F94EC0B83F170D19BF25C0",11051000,2024,"RO",1100122,"Ji-Paraná","Ji-Paraná",110012205,"CLARETIANO COLEGIO JI-PARANA",1,0,"RODOVIA PASTOR SEVERO ANTONIO DE ARAUJO","1601",NULL,"ECOVILLE","76902500","Google 2025","1","-10.873238","-61.950265","110012205000013","-10.890663583594632","-61.958155896290236","localidade","db01","271","ECOVILLE, JI-PARANA - RO",88,False,"110012205000013","110012205000262","-10.890663583594632","-61.958155896290236","0","2120.58674688","1","1920.2570482",False,False
10573,8,"2025-08-26 09:59:31-03","2025-08-26 09:59:31-03","0101000020E6100000B922E7B3F2FA4EC06E28C64329BF25C0","0101000020E6100000B922E7B3F2FA4EC06E28C64329BF25C0",11014016,2024,"RO",1100122,"Ji-Paraná","Ji-Paraná",110012205,"EPEF GIRASSOL",1,0,"RUA DAS FLORES","481",NULL,"DOIS DE ABRIL","76900884","Catálogo de Escolas - agosto/2024","0","-10.8733617","-61.9605317","110012205000004","-10.873380661010742","-61.96100616455078","numero","dn03","6","RUA DAS FLORES, 481 - DOIS DE ABRIL, JI-PARANA - RO, 76900-884",1,False,"110012205000004","110012205000004","-10.873380661010742","-61.96100616455078","0","51.85381091","1","0",True,NULL
10574,8,"2025-08-26 09:59:31-03","2025-08-26 09:59:31-03","0101000020E61000009EC7725C57FD4EC019CD88DA4FBF25C0","0101000020E61000009EC7725C57FD4EC019CD88DA4FBF25C0",11013494,2024,"RO",1100122,"Ji-Paraná","Ji-Paraná",110012205,"EEEFM ANTONIO BIANCO",1,0,"RUA RIO AMAZONAS","1518",NULL,"JARDIM PRESIDENCIAL","76901100","Catálogo de Escolas - agosto/2024","0","-10.87365611","-61.97922855","110012205000074","-10.87689770440474","-61.97516564655203","numero_aproximado","da03","6","RUA RIO AMAZONAS, 1518 (aprox) - JARDIM PRESIDENCIAL, JI-PARANA - RO",1,False,"110012205000074","110012205000072","-10.87689770440474","-61.97516564655203","0","571.62828713","1","278.03970907",False,True
10579,8,"2025-08-26 09:59:31-03","2025-08-26 09:59:31-03","0101000020E6100000720D7DC1B8FA4EC03A4030478FBF25C0","0101000020E6100000720D7DC1B8FA4EC03A4030478FBF25C0",11110813,2024,"RO",1100122,"Ji-Paraná","Ji-Paraná",110012205,"SERVICO NACIONAL DE APRENDIZAGEM COMERCIAL - SENAC JI-PARANA",1,0,"AVENIDA DOIS DE ABRIL","2004",NULL,"DOIS DE ABRIL","76900808","Catálogo de Escolas - agosto/2024","0","-10.87414","-61.9587633","110012205000004","-10.875109672546387","-61.959434509277344","numero","dn03","6","AVENIDA DOIS DE ABRIL, 2004 - DOIS DE ABRIL, JI-PARANA - RO, 76900-808",1,False,"110012205000004","110012205000020","-10.875109672546387","-61.959434509277344","0","130.37600133","1","0.8207315",False,True
10580,8,"2025-08-26 09:59:31-03","2025-08-26 09:59:31-03","0101000020E6100000A297512CB7FA4EC0B44D3B46C3BF25C0","0101000020E6100000A297512CB7FA4EC0B44D3B46C3BF25C0",11047542,2024,"RO",1100122,"Ji-Paraná","Ji-Paraná",110012205,"SESC JI-PARANA",1,0,"AVENIDA DOIS DE ABRIL","2030",NULL,"DOIS DE ABRIL","76900808","Catálogo de Escolas - agosto/2024","0","-10.8745367","-61.958715","110012205000004","-10.87468433380127","-61.96012496948242","numero","dn03","6","AVENIDA DOIS DE ABRIL, 2030 - DOIS DE ABRIL, JI-PARANA - RO, 76900-808",1,False,"110012205000004","110012205000020","-10.87468433380127","-61.96012496948242","0","154.83893443","1","3.75469738",False,True
10581,8,"2025-08-26 09:59:31-03","2025-08-26 09:59:31-03","0101000020E610000042F394302EFB4EC0C194DCBCCCBF25C0","0101000020E610000042F394302EFB4EC0C194DCBCCCBF25C0",11015624,2024,"RO",1100122,"Ji-Paraná","Ji-Paraná",110012205,"EEEFM GONCALVES DIAS",1,0,"RUA MONTE CASTELO","395",NULL,"JARDIM DOS MIGRANTES","76900803","Catálogo de Escolas - agosto/2024","0","-10.8746089","-61.9623471","110012205000020","-10.874364852905273","-61.96247863769531","numero","dn03","6","RUA MONTE CASTELO, 395 - JARDIM DOS MIGRANTES, JI-PARANA - RO, 76900-803",1,False,"110012205000020","110012205000020","-10.874364852905273","-61.96247863769531","0","30.70380524","1","0",True,NULL
10588,8,"2025-08-26 09:59:31-03","2025-08-26 09:59:31-03","0101000020E61000000A1A8E42EDF34EC03D29931ADAC025C0","0101000020E61000000A1A8E42EDF34EC03D29931ADAC025C0",11014156,2024,"RO",1100122,"Ji-Paraná","Ji-Paraná",110012205,"EEEFM JANETE CLAIR",1,0,"RUA JOAQUIM FRANCISCO DE OLIVEIRA","2809","T 24","JK","76909762","Catálogo de Escolas - agosto/2024","0","-10.876664","-61.9056781","110012205000092","-10.894139519267725","-61.90330764484309","numero_aproximado","da04","6","RUA JOAQUIM FRANCISCO DE OLIVEIRA, 2809 (aprox) - JORGE TEIXEIRA, JI-PARANA - RO",1,True,"110012205000092","110012205000040","-10.891270884704301","-61.90358835579306","320.44733967","1960.35519541","1","1681.53569448",False,False
10590,8,"2025-08-26 09:59:31-03","2025-08-26 09:59:31-03","0101000020E61000007545DF933DF94EC037E0F3C308C125C0","0101000020E61000007545DF933DF94EC037E0F3C308C125C0",11013133,2024,"RO",1100122,"Ji-Paraná","Ji-Paraná",110012205,"ESCOLA ADVENTISTA DE JI-PARANA",1,0,"RUA SEIS DE MAIO","1701",NULL,"CASA PRETA","76907572","Catálogo de Escolas - agosto/2024","0","-10.87702","-61.9471917","110012205000016","-10.877016067504883","-61.94668197631836","numero","dn03","6","RUA SEIS DE MAIO, 1701 - CASA PRETA, JI-PARANA - RO, 76907-572",1,False,"110012205000016","110012205000016","-10.877016067504883","-61.94668197631836","0","55.66221965","1","0",True,NULL
10591,8,"2025-08-26 09:59:31-03","2025-08-26 09:59:31-03","0101000020E6100000890EDCDCF3F34EC03EE2FCF26EC125C0","0101000020E6100000890EDCDCF3F34EC03EE2FCF26EC125C0",11047658,2024,"RO",1100122,"Ji-Paraná","Ji-Paraná",110012205,"CMEIEF MENINO JESUS",1,0,"AVENIDA GUANABARA","2763","T 23 COM K3","JK","76909782","Catálogo de Escolas - agosto/2024","0","-10.8777996","-61.9058796","110012205000092","-10.879588197627271","-61.920008892460416","numero_aproximado","da04","6","AVENIDA GUANABARA, 2763 (aprox) - SAO FRANCISCO, JI-PARANA - RO",2,True,"110012205000092","110012205000108","-10.87833598800431","-61.908717748842506","1240.79287319","1555.63902173","1","1156.88917464",False,False
10593,8,"2025-08-26 09:59:31-03","2025-08-26 09:59:31-03","0101000020E6100000F98AC97619F94EC0B7CB232477C125C0","0101000020E6100000F98AC97619F94EC0B7CB232477C125C0",11016094,2024,"RO",1100122,"Ji-Paraná","Ji-Paraná",110012205,"IEE MARECHAL RONDON",1,0,"AVENIDA TRANSCONTINENTAL","710",NULL,"CASA PRETA","76907564","Catálogo de Escolas - agosto/2024","0","-10.8778621","-61.9460896","110012205000016","-10.877477924668868","-61.94675871285052","numero_aproximado","da03","8","AVENIDA TRANSCONTINENTAL, 710 (aprox) - CASA PRETA, JI-PARANA - RO",1,False,"110012205000016","110012205000016","-10.877477924668868","-61.94675871285052","0","84.63680901","1","0",True,NULL
10597,8,"2025-08-26 09:59:31-03","2025-08-26 09:59:31-03","0101000020E610000033654C6661F94EC07989FBD9D9C125C0","0101000020E610000033654C6661F94EC07989FBD9D9C125C0",11037660,2024,"RO",1100122,"Ji-Paraná","Ji-Paraná",110012205,"COLEGIO UNIAO",1,0,"RUA ALMIRANTE BARROSO","1422",NULL,"CENTRO","76900079","Catálogo de Escolas - agosto/2024","0","-10.8786152","-61.9482849","110012205000002","-10.878340721130371","-61.94878387451172","numero","dn03","6","RUA ALMIRANTE BARROSO, 1422 - CENTRO, JI-PARANA - RO, 76900-079",1,False,"110012205000002","110012205000002","-10.878340721130371","-61.94878387451172","0","62.4522759","1","0",True,NULL
10600,8,"2025-08-26 09:59:31-03","2025-08-26 09:59:31-03","0101000020E610000068A9405605FC4EC0901C44C6FEC125C0","0101000020E610000068A9405605FC4EC0901C44C6FEC125C0",11050829,2024,"RO",1100122,"Ji-Paraná","Ji-Paraná",110012205,"EMEIEF PROFESSORA DINALMIR FERREIRA BARROS DE LISBOA",1,0,"RUA DAS PEDRAS","491",NULL,"JARDIM DOS MIGRANTES","76900724","Catálogo de Escolas - agosto/2024","0","-10.8788969","-61.96891287","110012205000021","-10.878628730773926","-61.968936920166016","numero","dn03","6","RUA DAS PEDRAS, 491 - JARDIM DOS MIGRANTES, JI-PARANA - RO, 76900-722",1,False,"110012205000021","110012205000021","-10.878628730773926","-61.968936920166016","0","29.93452124","1","0",True,NULL
10605,8,"2025-08-26 09:59:31-03","2025-08-26 09:59:31-03","0101000020E6100000BD95DBAC30FC4EC0DBDCDABA82C225C0","0101000020E6100000BD95DBAC30FC4EC0DBDCDABA82C225C0",11050225,2024,"RO",1100122,"Ji-Paraná","Ji-Paraná",110012205,"CMEI PROFESSORA MARIA ESMERALDA AYRES DE OLIVEIRA",1,0,"RUA RIO BRANCO","1365",NULL,"JARDIM DOS MIGRANTES","76900624","Catálogo de Escolas - agosto/2024","0","-10.87990364","-61.97023545","110012205000024","-10.87930808688218","-61.969983564273555","numero_aproximado","da03","6","RUA RIO BRANCO, 1365 (aprox) - JARDIM DOS MIGRANTES, JI-PARANA - RO",1,False,"110012205000024","110012205000024","-10.87930808688218","-61.969983564273555","0","71.70743484","1","0",True,NULL
10606,8,"2025-08-26 09:59:31-03","2025-08-26 09:59:31-03","0101000020E6100000C86D45AC0FFC4EC00699092BBAC225C0","0101000020E6100000C86D45AC0FFC4EC00699092BBAC225C0",11014172,2024,"RO",1100122,"Ji-Paraná","Ji-Paraná",110012205,"EEEF JARDIM DOS MIGRANTES",1,0,"RUA JAMIL PONTES","1228",NULL,"JARDIM DOS MIGRANTES","76900716","Catálogo de Escolas - agosto/2024","0","-10.8803266","-61.9692283","110012205000024","-10.880573272705078","-61.96898651123047","numero","dn03","6","RUA JAMIL PONTES, 1228 - JARDIM DOS MIGRANTES, JI-PARANA - RO, 76900-716",1,False,"110012205000024","110012205000024","-10.880573272705078","-61.96898651123047","0","38.07131985","1","0",True,NULL
10608,8,"2025-08-26 09:59:31-03","2025-08-26 09:59:31-03","0101000020E6100000004D2954DCFB4EC0153D4BEBCAC225C0","0101000020E6100000004D2954DCFB4EC0153D4BEBCAC225C0",11014148,2024,"RO",1100122,"Ji-Paraná","Ji-Paraná",110012205,"EMEIEF JANDINEI CELLA",1,0,"RUA SANTA IZABEL","81",NULL,"JARDIM DOS MIGRANTES","76900724","Catálogo de Escolas - agosto/2024","0","-10.8804544","-61.9676614","110012205000024","-10.880940437316895","-61.9673957824707","numero","pn03","6","RUA SANTA ISABEL, 81 - JARDIM DOS MIGRANTES, JI-PARANA - RO, 76900-639",1,False,"110012205000024","110012205000024","-10.880940437316895","-61.9673957824707","0","61.33605736","1","0",True,NULL
10609,8,"2025-08-26 09:59:31-03","2025-08-26 09:59:31-03","0101000020E6100000BEB2319C58F94EC089CBFB25CFC225C0","0101000020E6100000BEB2319C58F94EC089CBFB25CFC225C0",11051043,2024,"RO",1100122,"Ji-Paraná","Ji-Paraná",110012205,"MAPLE BEAR JI-PARANA",1,0,"AV MARECHAL RONDON","761",NULL,"CENTRO","76900057","Catálogo de Escolas - agosto/2024","0","-10.8804866666667","-61.9480166666667","110012205000002","-10.880205154418945","-61.94798278808594","numero","dn03","6","AVENIDA MARECHAL RONDON, 761 - CENTRO, JI-PARANA - RO, 76900-057",1,False,"110012205000002","110012205000002","-10.880205154418945","-61.94798278808594","0","31.52061999","1","0",True,NULL
10611,8,"2025-08-26 09:59:31-03","2025-08-26 09:59:31-03","0101000020E610000041BB438A01F34EC0CE8F1A6E1BC325C0","0101000020E610000041BB438A01F34EC0CE8F1A6E1BC325C0",11013273,2024,"RO",1100122,"Ji-Paraná","Ji-Paraná",110012205,"EEEF SILVIO MICHELUZZI",1,0,"RUA PADRE FRANCO","2315","T 30","HABITAR BRASIL","76909846","Catálogo de Escolas - agosto/2024","0","-10.88106865","-61.8984845","110012205000271","-10.790326000861926","-61.69151607867188","numero_aproximado","da04","6","RUA PADRE FRANCO, 2315 (aprox) - NOVA COLINA, JI-PARANA - RO",1,False,"110012205000271","110012220000001","-10.790326000861926","-61.69151607867188","0","24753.39838088","1","24306.34813068",False,False
10614,8,"2025-08-26 09:59:31-03","2025-08-26 09:59:31-03","0101000020E610000058C1148A19F64EC004F6E2D583C325C0","0101000020E610000058C1148A19F64EC004F6E2D583C325C0",11014300,2024,"RO",1100122,"Ji-Paraná","Ji-Paraná",110012205,"EEEFM JUSCELINO KUBITSCHEK DE OLIVEIRA",1,0,"RUA GOVERNADOR JORGE TEIXEIRA","827","ENTRE T- 7 E T- 8","NOVA BRASILIA","76908468","Catálogo de Escolas - agosto/2024","0","-10.8818652","-61.9226544","110012205000044","-10.882036209106445","-61.923118591308594","numero","dn03","6","RUA GOVERNADOR JORGE TEIXEIRA, 827 - NOVA BRASILIA, JI-PARANA - RO, 76908-468",1,False,"110012205000044","110012205000044","-10.882036209106445","-61.923118591308594","0","54.13706536","1","0",True,NULL
10616,8,"2025-08-26 09:59:31-03","2025-08-26 09:59:31-03","0101000020E6100000EDD808C4EBFB4EC048F2C77A8BC325C0","0101000020E6100000EDD808C4EBFB4EC048F2C77A8BC325C0",11106808,2024,"RO",1100122,"Ji-Paraná","Ji-Paraná",110012205,"IFRO - CAMPUS JI-PARANA",1,0,"RUA RIO AMAZONAS","151",NULL,"JARDIM DOS MIGRANTES","76900730","Catálogo de Escolas - agosto/2024","0","-10.88192352","-61.9681325","110012205000024","-10.880924224853516","-61.96915817260742","numero","dn03","6","RUA RIO AMAZONAS, 151 - JARDIM DOS MIGRANTES, JI-PARANA - RO, 76900-726",2,False,"110012205000024","110012205000024","-10.880924224853516","-61.96915817260742","0","157.76795227","1","0",True,NULL
10619,8,"2025-08-26 09:59:31-03","2025-08-26 09:59:31-03","0101000020E61000001062C2C30FF84EC08EFDD1DCAFC325C0","0101000020E61000001062C2C30FF84EC08EFDD1DCAFC325C0",11037695,2024,"RO",1100122,"Ji-Paraná","Ji-Paraná",110012205,"EMEIEF JAMIL VILAS BOAS",1,0,"RUA JAMIL VILAS BOAS","106",NULL,"DUQUE DE CAXIAS","76908018","Catálogo de Escolas - agosto/2024","0","-10.8822011","-61.9379811","110012205000010","-10.882369258471263","-61.941406437590736","municipio","dm01","22910","JI-PARANA - RO",45594,False,"110012205000010","110012205000075","-10.882369258471263","-61.941406437590736","0","374.49844779","1","100.89282325",False,True
10626,8,"2025-08-26 09:59:31-03","2025-08-26 09:59:31-03","0101000020E610000056EEAAAC12F54EC0FE7B952133C425C0","0101000020E610000056EEAAAC12F54EC0FE7B952133C425C0",11015608,2024,"RO",1100122,"Ji-Paraná","Ji-Paraná",110012205,"EEEFM ALUIZIO FERREIRA",1,0,"AVENIDA SAO PAULO","1627",NULL,"NOVA BRASILIA","76908490","Catálogo de Escolas - agosto/2024","0","-10.8832026","-61.9146324","110012205000046","-10.885512231987992","-61.91511416639018","localidade","db01","1300","NOVA BRASILIA, JI-PARANA - RO",4434,False,"110012205000046","110012205000050","-10.885512231987992","-61.91511416639018","0","262.15223125","1","228.5482787",False,True
10628,8,"2025-08-26 09:59:31-03","2025-08-26 09:59:31-03","0101000020E61000008599B67F65F24EC08A16EAFA4FC425C0","0101000020E61000008599B67F65F24EC08A16EAFA4FC425C0",11044845,2024,"RO",1100122,"Ji-Paraná","Ji-Paraná",110012205,"EMEIEF PROFESSOR CELSO AUGUSTO ROCCO",1,0,"RUA DA PAZ","4037",NULL,"HABITAR BRASIL","76909890","Catálogo de Escolas - agosto/2024","0","-10.8834227","-61.8937225","110012205000272","-10.877439201923838","-61.89737940671151","localidade","db01","2160","HABITAR BRASIL, JI-PARANA - RO",240,False,"110012205000272","110012205000270","-10.877439201923838","-61.89737940671151","0","775.96904875","1","532.02864358",False,False
10630,8,"2025-08-26 09:59:31-03","2025-08-26 09:59:31-03","0101000020E61000007566CC6E77F44EC047A6E8ED74C425C0","0101000020E61000007566CC6E77F44EC047A6E8ED74C425C0",11013265,2024,"RO",1100122,"Ji-Paraná","Ji-Paraná",110012205,"CENTRO DE EDUCACAO INFANTIL CANTINHO DO CEU",1,0,"RUA CURITIBA","2227",NULL,"NOVA BRASILIA","76908630","Catálogo de Escolas - agosto/2024","0","-10.8837046","-61.9098948","110012205000049","-10.883985812077265","-61.909882971848255","numero_aproximado","da03","6","RUA CURITIBA, 2227 (aprox) - NOVA BRASILIA, JI-PARANA - RO",2,False,"110012205000049","110012205000049","-10.883985812077265","-61.909882971848255","0","31.29606204","1","0",True,NULL
10632,8,"2025-08-26 09:59:31-03","2025-08-26 09:59:31-03","0101000020E6100000559638FCA6F54EC091BE02339FC425C0","0101000020E6100000559638FCA6F54EC091BE02339FC425C0",11051051,2024,"RO",1100122,"Ji-Paraná","Ji-Paraná",110012205,"COLEGIO NORTEADOR",1,0,"AVENIDA SAO PAULO","1176","ENTRE T10 E T11","NOVA BRASILIA","76908460","Catálogo de Escolas - agosto/2024","0","-10.8840270939684","-61.9191584850602","110012205000051","-10.885512231987992","-61.91511416639018","localidade","db01","1300","NOVA BRASILIA, JI-PARANA - RO",4434,False,"110012205000051","110012205000050","-10.885512231987992","-61.91511416639018","0","471.48419417","1","249.2726789",False,True
10633,8,"2025-08-26 09:59:31-03","2025-08-26 09:59:31-03","0101000020E6100000BD8C62B9A5F54EC00FAD5FFAA8C425C0","0101000020E6100000BD8C62B9A5F54EC00FAD5FFAA8C425C0",11047526,2024,"RO",1100122,"Ji-Paraná","Ji-Paraná",110012205,"ACONCHEGO CENTRO DE EDUCACAO INFANTIL",1,0,"AVENIDA SAO PAULO","646","ESCOLA","NOVA BRASILIA","76908392","Catálogo de Escolas - agosto/2024","0","-10.8841017","-61.91912","110012205000051","-10.885512231987992","-61.91511416639018","localidade","db01","1300","NOVA BRASILIA, JI-PARANA - RO",4434,False,"110012205000051","110012205000050","-10.885512231987992","-61.91511416639018","0","464.68501257","1","249.2726789",False,True
10634,8,"2025-08-26 09:59:31-03","2025-08-26 09:59:31-03","0101000020E6100000FCD9345B1EFA4EC0EEFD5767C6C425C0","0101000020E6100000FCD9345B1EFA4EC0EEFD5767C6C425C0",11015144,2024,"RO",1100122,"Ji-Paraná","Ji-Paraná",110012205,"EEEFM RIO URUPA",1,0,"RUA MATO GROSSO","534",NULL,"URUPA","76900270","Catálogo de Escolas - agosto/2024","0","-10.8843262","-61.9540514","110012205000062","-10.885460928421285","-61.95561837851141","numero_aproximado","da03","8","RUA MATO GROSSO, 534 (aprox) - URUPA, JI-PARANA - RO",29,False,"110012205000062","110012205000064","-10.885460928421285","-61.95561837851141","0","212.59707668","1","22.43666535",False,True
10635,8,"2025-08-26 09:59:31-03","2025-08-26 09:59:31-03","0101000020E61000008B130434B6F64EC0B1636D9DC9C425C0","0101000020E61000008B130434B6F64EC0B1636D9DC9C425C0",11049081,2024,"RO",1100122,"Ji-Paraná","Ji-Paraná",110012205,"CMEI NOSSO LAR",1,0,"RUA MANOEL FRANCO","326","PREDIO","NOVA BRASILIA","76908336","Catálogo de Escolas - agosto/2024","0","-10.8843507","-61.9274354","110012205000042","-10.8884594194434","-61.919972844371","numero_aproximado","da03","6","RUA MANOEL FRANCO, 326 (aprox) - NOVA BRASILIA, JI-PARANA - RO",1,False,"110012205000042","110012205000059","-10.8884594194434","-61.919972844371","0","934.20355167","1","674.31762053",False,False
10637,8,"2025-08-26 09:59:31-03","2025-08-26 09:59:31-03","0101000020E6100000196AB9D859F74EC0502D6C17E4C425C0","0101000020E6100000196AB9D859F74EC0502D6C17E4C425C0",11015446,2024,"RO",1100122,"Ji-Paraná","Ji-Paraná",110012205,"CEEJA PROFESSORA TEREZA MITSUKO TUSTUMI",1,0,"RUA DOUTOR FIEL","257",NULL,"JOTAO","76908289","Catálogo de Escolas - agosto/2024","0","-10.8845527","-61.9324294","110012205000027","-10.882009649583008","-61.930088749798884","numero_aproximado","da03","6","RUA DOUTOR FIEL, 257 (aprox) - JOTAO, JI-PARANA - RO",1,False,"110012205000027","110012205000026","-10.882009649583008","-61.930088749798884","0","381.16469435","1","215.93676606",False,True
10638,8,"2025-08-26 09:59:31-03","2025-08-26 09:59:31-03","0101000020E6100000EB19677858FA4EC0C878399105C525C0","0101000020E6100000EB19677858FA4EC0C878399105C525C0",11050314,2024,"RO",1100122,"Ji-Paraná","Ji-Paraná",110012205,"SMART START ESCOLA BILINGUE",1,0,"RUA ANISIO SERRA","48",NULL,"URUPA","76900278","Catálogo de Escolas - agosto/2024","0","-10.8848081","-61.9558249","110012205000064","-10.884931564331055","-61.955970764160156","numero","dn03","6","RUA ANISIO SERRA, 48 - URUPA, JI-PARANA - RO, 76900-278",1,False,"110012205000064","110012205000064","-10.884931564331055","-61.955970764160156","0","21.02766256","1","0",True,NULL
10639,8,"2025-08-26 09:59:31-03","2025-08-26 09:59:31-03","0101000020E6100000148C94771FFA4EC0FAD577D90AC525C0","0101000020E6100000148C94771FFA4EC0FAD577D90AC525C0",11049774,2024,"RO",1100122,"Ji-Paraná","Ji-Paraná",110012205,"CMEI ARIEL VIEIRA HILGERT",1,0,"RUA PACAAS NOVOS","219","CRECHE/PREESCOLA","URUPA","76900263","Catálogo de Escolas - agosto/2024","0","-10.8848484","-61.9540853","110012205000062","-10.883689944881194","-61.956835887612186","localidade","db01","984","URUPA, JI-PARANA - RO",934,False,"110012205000062","110012205000064","-10.883689944881194","-61.956835887612186","0","326.8074812","1","241.60982067",False,True
10646,8,"2025-08-26 09:59:31-03","2025-08-26 09:59:31-03","0101000020E6100000CB8DD8DDF2F44EC045CC368133C625C0","0101000020E6100000CB8DD8DDF2F44EC045CC368133C625C0",11049294,2024,"RO",1100122,"Ji-Paraná","Ji-Paraná",110012205,"COLEGIO EDUCAR",1,0,"RUA BARAO DO RIO BRANCO - ENTRE AV. BRASIL E MANOEL FRANCO","1751","T-16","NOVA BRASILIA","76908614","Catálogo de Escolas - agosto/2024","0","-10.8871117","-61.9136617","110012205000057","-10.885512231987992","-61.91511416639018","localidade","db01","1300","NOVA BRASILIA, JI-PARANA - RO",4434,False,"110012205000057","110012205000050","-10.885512231987992","-61.91511416639018","0","238.29778424","1","134.04481177",False,True
10648,8,"2025-08-26 09:59:31-03","2025-08-26 09:59:31-03","0101000020E61000003B191C25AFF44EC01F680586ACC625C0","0101000020E61000003B191C25AFF44EC01F680586ACC625C0",11013818,2024,"RO",1100122,"Ji-Paraná","Ji-Paraná",110012205,"EEEF CORA CORALINA",1,0,"RUA IPE","1694",NULL,"NOVA BRASILIA","76908612","Catálogo de Escolas - agosto/2024","0","-10.888035","-61.911595","110012205000056","-10.883648683712492","-61.912042677016835","numero_aproximado","da03","6","RUA IPE, 1694 (aprox) - NOVA BRASILIA, JI-PARANA - RO",1,False,"110012205000056","110012205000049","-10.883648683712492","-61.912042677016835","0","490.1803686","1","299.90739121",False,True
10654,8,"2025-08-26 09:59:31-03","2025-08-26 09:59:31-03","0101000020E6100000FE261422E0F44EC0875C5FDA26C725C0","0101000020E6100000FE261422E0F44EC0875C5FDA26C725C0",11042990,2024,"RO",1100122,"Ji-Paraná","Ji-Paraná",110012205,"CMEIEF RUTH ROCHA",1,0,"RUA SAO LUIZ","1831","ENTRE T 15 E T 16","NOVA BRASILIA","76908538","Catálogo de Escolas - agosto/2024","0","-10.8889683","-61.91309","110012205000057","-10.88939094543457","-61.912899017333984","numero","dn03","6","RUA SAO LUIZ, 1831 - NOVA BRASILIA, JI-PARANA - RO, 76908-538",1,False,"110012205000057","110012205000057","-10.88939094543457","-61.912899017333984","0","51.41517661","1","0",True,NULL
10657,8,"2025-08-26 09:59:31-03","2025-08-26 09:59:31-03","0101000020E61000009850C1E105F74EC0E19C6C5E30C725C0","0101000020E61000009850C1E105F74EC0E19C6C5E30C725C0",11015632,2024,"RO",1100122,"Ji-Paraná","Ji-Paraná",110012205,"COLEGIO TIRADENTES DA POLICIA MILITAR - CTPM IV",1,0,"RUA CASTELO BRANCO","1523","T 1","NOVA BRASILIA","76908340","Catálogo de Escolas - agosto/2024","0","-10.8890409","-61.929867","110012205000027","-10.88957488508516","-61.9295616908539","numero_aproximado","da03","6","RUA CASTELO BRANCO, 1523 (aprox) - NOVA BRASILIA, JI-PARANA - RO",1,False,"110012205000027","110012205000027","-10.88957488508516","-61.9295616908539","0","68.09526703","1","0",True,NULL
10665,8,"2025-08-26 09:59:31-03","2025-08-26 09:59:31-03","0101000020E6100000098DBB9C6DF54EC0B1266085A5C725C0","0101000020E6100000098DBB9C6DF54EC0B1266085A5C725C0",11013737,2024,"RO",1100122,"Ji-Paraná","Ji-Paraná",110012205,"COLEGIO ADVENTISTA DE JI-PARANA",1,0,"RUA JOAO BATISTA NETO","1371","T- 12","NOVA BRASILIA","76908512","Catálogo de Escolas - agosto/2024","0","-10.8899347","-61.9174076","110012205000058","-10.884234415734033","-61.91766623527245","numero_aproximado","da03","6","RUA JOAO BATISTA NETO, 1371 (aprox) - NOVA BRASILIA, JI-PARANA - RO",1,False,"110012205000058","110012205000051","-10.884234415734033","-61.91766623527245","0","634.47240805","1","306.48669397",False,True
10667,8,"2025-08-26 09:59:31-03","2025-08-26 09:59:31-03","0101000020E6100000240F02FA96FC4EC060A1A4FAADC725C0","0101000020E6100000240F02FA96FC4EC060A1A4FAADC725C0",11048360,2024,"RO",1100122,"Ji-Paraná","Ji-Paraná",110012205,"AISS DIVINA PROVIDENCIA",1,0,"RUA VALMAR MEIRA","2569",NULL,"NOVO JI-PARANA","76900606","Catálogo de Escolas - agosto/2024","0","-10.88999923","-61.97335744","110012205000201","-10.884638756337186","-61.971276920719085","numero_aproximado","da04","6","RUA VALMAR MEIRA, 2569 (aprox) - NOVO JI PARANA, JI-PARANA - RO",1,False,"110012205000201","110012205000202","-10.884638756337186","-61.971276920719085","0","637.88399787","1","228.23987486",False,True
10674,8,"2025-08-26 09:59:31-03","2025-08-26 09:59:31-03","0101000020E6100000D5A01E91A5F64EC059C97D61E8C725C0","0101000020E6100000D5A01E91A5F64EC059C97D61E8C725C0",11049553,2024,"RO",1100122,"Ji-Paraná","Ji-Paraná",110012205,"CMAEE PARA AUTISMO",1,0,"RUA SAO LUIZ","215",NULL,"NOVA BRASILIA","76908334","Catálogo de Escolas - agosto/2024","0","-10.8904448","-61.9269277","110012205000061","-10.889795558766176","-61.919197762983224","numero_aproximado","da03","6","RUA SAO LUIZ, 215 (aprox) - NOVA BRASILIA, JI-PARANA - RO",1,False,"110012205000061","110012205000059","-10.889795558766176","-61.919197762983224","0","847.13364391","1","728.82802756",False,False
10675,8,"2025-08-26 09:59:31-03","2025-08-26 09:59:31-03","0101000020E61000000B85A94040F34EC00ED433AAF9C725C0","0101000020E61000000B85A94040F34EC00ED433AAF9C725C0",11051132,2024,"RO",1100122,"Ji-Paraná","Ji-Paraná",110012205,"CMEI PROFESSORA VERA LUCIA DE OLIVEIRA",1,0,"AVENIDA ARACAJU","S/N",NULL,"JORGE TEIXEIRA","76912645","Catálogo de Escolas - agosto/2024","0","-10.8905766666667","-61.90039833333329","110012205000054","-10.891337127685548","-61.9061164855957","logradouro","dl03","175","AVENIDA ARACAJU - JORGE TEIXEIRA, JI-PARANA - RO, 76912-684",27,True,"110012205000054","110012205000038","-10.891178776423136","-61.90466143290202","159.85309885","630.07809676","1","45.50477984",False,True
10681,8,"2025-08-26 09:59:31-03","2025-08-26 09:59:31-03","0101000020E6100000AF1FC43C47F34EC0D315A86442C825C0","0101000020E6100000AF1FC43C47F34EC0D315A86442C825C0",11049634,2024,"RO",1100122,"Ji-Paraná","Ji-Paraná",110012205,"EEEMTI PROFESSOR ALEJANDRO YAGUE MAYOR",1,0,"AVENIDA ARACAJU","3780","PROXIMO DA T 28","JORGE TEIXEIRA","76912645","Catálogo de Escolas - agosto/2024","0","-10.891131539839","-61.90061149193149","110012205000038","-10.891095111124036","-61.9038854319808","numero_aproximado","da03","6","AVENIDA ARACAJU, 3780 (aprox) - JORGE TEIXEIRA, JI-PARANA - RO",1,False,"110012205000038","110012205000038","-10.891095111124036","-61.9038854319808","0","357.51178712","1","0",True,NULL
10697,8,"2025-08-26 09:59:31-03","2025-08-26 09:59:31-03","0101000020E6100000CA37DBDC98F64EC079C086F1E4C825C0","0101000020E6100000CA37DBDC98F64EC079C086F1E4C825C0",11049669,2024,"RO",1100122,"Ji-Paraná","Ji-Paraná",110012205,"CENTRO DE ENSINO TECNICO - CEET JI-PARANA",1,0,"RUA IDELFONSO DA SILVA","1248",NULL,"NOVA BRASILIA","76908328","Catálogo de Escolas - agosto/2024","0","-10.8923717","-61.92654","110012205000061","-10.885512231987992","-61.91511416639018","localidade","db01","1300","NOVA BRASILIA, JI-PARANA - RO",4434,False,"110012205000061","110012205000050","-10.885512231987992","-61.91511416639018","0","1462.30303167","1","1234.52050762",False,False
10718,8,"2025-08-26 09:59:31-03","2025-08-26 09:59:31-03","0101000020E61000002627C929F0F54EC01450F234AAC925C0","0101000020E61000002627C929F0F54EC01450F234AAC925C0",11013389,2024,"RO",1100122,"Ji-Paraná","Ji-Paraná",110012205,"EEEFM 31 DE MARCO",1,0,"RUA VINICIUS DE MORAES","1147","T-10","SAO PEDRO","76913605","Catálogo de Escolas - agosto/2024","0","-10.8938767","-61.9213917","110012205000096","-10.89246654510498","-61.91959762573242","numero","dn03","6","RUA VINICIUS DE MORAES, 1147 - SAO PEDRO, JI-PARANA - RO, 76913-605",1,False,"110012205000096","110012205000096","-10.89246654510498","-61.91959762573242","0","250.92396839","1","0",True,NULL
10742,8,"2025-08-26 09:59:31-03","2025-08-26 09:59:31-03","0101000020E61000003633C02667004FC0CE5A65016ECB25C0","0101000020E61000003633C02667004FC0CE5A65016ECB25C0",11044101,2024,"RO",1100122,"Ji-Paraná","Ji-Paraná",110012205,"EMEIEF TUPI",2,0,"LINHA 08 ITAPIREMA","SN",NULL,"AREA RURAL","76914899","Catálogo de Escolas - agosto/2024","0","-10.89732365","-62.00314793","110012205000153","-10.882369258471263","-61.941406437590736","municipio","dm01","22910","JI-PARANA - RO",45594,False,"110012205000153","110012205000075","-10.882369258471263","-61.941406437590736","0","6943.76548018","1","6130.90249391",False,False
10743,8,"2025-08-26 09:59:31-03","2025-08-26 09:59:31-03","0101000020E610000077A9C76C7FF44EC013D0E91E7ECB25C0","0101000020E610000077A9C76C7FF44EC013D0E91E7ECB25C0",11014431,2024,"RO",1100122,"Ji-Paraná","Ji-Paraná",110012205,"EEEFM MARCOS BISPO DA SILVA",1,0,"RUA G","69",NULL,"MARIO ANDREAZZA","76913031","Catálogo de Escolas - agosto/2024","0","-10.8974466","-61.9101387","110012205000080","-10.89513413641188","-61.910547733306885","localidade","db01","326","MARIO ANDREAZZA, JI-PARANA - RO",379,False,"110012205000080","110012205000079","-10.89513413641188","-61.910547733306885","0","260.98453259","1","151.00971018",False,True
10745,8,"2025-08-26 09:59:31-03","2025-08-26 09:59:31-03","0101000020E61000008E791D71C8F74EC0B3EF8AE07FCB25C0","0101000020E61000008E791D71C8F74EC0B3EF8AE07FCB25C0",11043016,2024,"RO",1100122,"Ji-Paraná","Ji-Paraná",110012205,"CENTRO MUNICIPAL DE EDUCACAO INFANTIL PRIMAVERA",1,0,"RUA PLACIDO DE CASTRO","259",NULL,"PRIMAVERA","76914770","Catálogo de Escolas - agosto/2024","0","-10.89746","-61.9358045","110012205000036","-10.898023729419887","-61.93568947888195","numero_aproximado","da03","7","RUA PLACIDO DE CASTRO, 259 (aprox) - PRIMAVERA, JI-PARANA - RO",1,False,"110012205000036","110012205000036","-10.898023729419887","-61.93568947888195","0","63.92971057","1","0",True,NULL
10748,8,"2025-08-26 09:59:31-03","2025-08-26 09:59:31-03","0101000020E6100000751607E11BF64EC0E3E54416C4CB25C0","0101000020E6100000751607E11BF64EC0E3E54416C4CB25C0",11100800,2024,"RO",1100122,"Ji-Paraná","Ji-Paraná",110012205,"CMEI PEDRO GONCALVES",1,0,"RUA XAPURI","1920","T7","SAO PEDRO","76913674","Catálogo de Escolas - agosto/2024","0","-10.8979804","-61.9227258","110012205000084","-10.897560282361543","-61.9213816310294","numero_aproximado","da03","6","RUA XAPURI, 1920 (aprox) - SAO PEDRO, JI-PARANA - RO",1,False,"110012205000084","110012205000096","-10.897560282361543","-61.9213816310294","0","154.02463756","1","132.1743524",False,True
10749,8,"2025-08-26 09:59:31-03","2025-08-26 09:59:31-03","0101000020E61000001ADEACC1FBF74EC057321180C9CB25C0","0101000020E61000001ADEACC1FBF74EC057321180C9CB25C0",11013591,2024,"RO",1100122,"Ji-Paraná","Ji-Paraná",110012205,"EEEFM BEATRIZ FERREIRA DA SILVA",1,0,"AVENIDA RAIMUNDO JOSE DA SILVA","1449",NULL,"PRIMAVERA","76914736","Catálogo de Escolas - agosto/2024","0","-10.8980217","-61.9373705","110012205000037","-10.896023561615229","-61.93555917052033","localidade","db01","1158","PRIMAVERA, JI-PARANA - RO",1080,False,"110012205000037","110012205000036","-10.896023561615229","-61.93555917052033","0","297.45918073","1","76.4942709",False,True
10750,8,"2025-08-26 09:59:31-03","2025-08-26 09:59:31-03","0101000020E6100000533C4FB82EF64EC0F5B5D37BCFCB25C0","0101000020E6100000533C4FB82EF64EC0F5B5D37BCFCB25C0",11015411,2024,"RO",1100122,"Ji-Paraná","Ji-Paraná",110012205,"EEEF TANCREDO DE ALMEIDA NEVES",1,0,"RUA XAPURI","1866",NULL,"RIACHUELO","76913717","Catálogo de Escolas - agosto/2024","0","-10.89806735","-61.92330078","110012205000084","-10.897733688354492","-61.92368698120117","numero","dn03","6","RUA XAPURI, 1866 - RIACHUELO, JI-PARANA - RO, 76913-717",1,False,"110012205000084","110012205000084","-10.897733688354492","-61.92368698120117","0","56.16730535","1","0",True,NULL
10751,8,"2025-08-26 09:59:31-03","2025-08-26 09:59:31-03","0101000020E61000007E65EFD643F44EC08AFFE0E8CFCB25C0","0101000020E61000007E65EFD643F44EC08AFFE0E8CFCB25C0",11013249,2024,"RO",1100122,"Ji-Paraná","Ji-Paraná",110012205,"CMEIEF MARIO DAVID ANDREAZZA",1,0,"RUA S","179",NULL,"BNH MARIO ANDREAZZA","76913004","Catálogo de Escolas - agosto/2024","0","-10.8980706","-61.9083203","110012205000080","-10.882369258471263","-61.941406437590736","municipio","dm01","22910","JI-PARANA - RO",45594,False,"110012205000080","110012205000075","-10.882369258471263","-61.941406437590736","0","4012.51103225","1","3509.56394173",False,False
10787,8,"2025-08-26 09:59:31-03","2025-08-26 09:59:31-03","0101000020E610000010CCD1E3F7F04EC0BDC62E51BDCD25C0","0101000020E610000010CCD1E3F7F04EC0BDC62E51BDCD25C0",11013907,2024,"RO",1100122,"Ji-Paraná","Ji-Paraná",110012205,"EEEF DR LOURENCO PEREIRA LIMA",1,0,"AVENIDA EDSON LIMA DO NASCIMENTO","6280","ZONA URBANA","JARDIM CAPELASSO","76912100","Catálogo de Escolas - agosto/2024","0","-10.901835","-61.882565","110012205000170","-10.901509284973145","-61.882598876953125","numero","dn04","6","AVENIDA EDSON LIMA DO NASCIMENTO, 6280 - RESIDENCIAL RONDON, JI-PARANA - RO",1,False,"110012205000170","110012205000170","-10.901509284973145","-61.882598876953125","0","36.40630797","1","0",True,NULL
10792,8,"2025-08-26 09:59:31-03","2025-08-26 09:59:31-03","0101000020E61000006A06A7F402F14EC03AE2355431CE25C0","0101000020E61000006A06A7F402F14EC03AE2355431CE25C0",11050365,2024,"RO",1100122,"Ji-Paraná","Ji-Paraná",110012205,"CMEI FELIPE ANSELMO ABREU DE SOUZA",1,0,"RUA IZILDA CORREIA AMARO","200",NULL,"JARDIM CAPELASSO","76912204","Catálogo de Escolas - agosto/2024","0","-10.9027201","-61.8829027","110012205000170","-10.90256323566073","-61.883611110967685","numero_aproximado","da04","6","RUA IZILDA CORREIA AMARO, 200 (aprox) - RESIDENCIAL CAPELASSO, JI-PARANA - RO",1,False,"110012205000170","110012205000170","-10.90256323566073","-61.883611110967685","0","79.2922572","1","0",True,NULL
10798,8,"2025-08-26 09:59:31-03","2025-08-26 09:59:31-03","0101000020E61000000ED18D55EFF04EC08A236AFD88CE25C0","0101000020E61000000ED18D55EFF04EC08A236AFD88CE25C0",11050462,2024,"RO",1100122,"Ji-Paraná","Ji-Paraná",110012205,"EMEF MOISES UMBELINO GOMES",1,0,"RUA JOSE FERNANDES","301",NULL,"CAPELASSO","76912190","Catálogo de Escolas - agosto/2024","0","-10.9033889","-61.8823039","110012205000170","-10.899793742858257","-61.882459974780524","localidade","db01","1385","CAPELASSO, JI-PARANA - RO",103,False,"110012205000170","110012205000252","-10.899793742858257","-61.882459974780524","0","400.12685289","1","176.92612586",False,True
10821,8,"2025-08-26 09:59:31-03","2025-08-26 09:59:31-03","0101000020E6100000F16560ECD6F64EC0CD74D0A1E3CF25C0","0101000020E6100000F16560ECD6F64EC0CD74D0A1E3CF25C0",11051140,2024,"RO",1100122,"Ji-Paraná","Ji-Paraná",110012205,"CMEI JOAQUIM PEDRO MATTOS E SOUZA GOHL",1,0,"RUA BELGICA","500",NULL,"JARDIM SAO CRISTOVAO","76913871","Catálogo de Escolas - agosto/2024","0","-10.90603357","-61.92843394","110012205000017","-10.905962017223999","-61.91889420800389","numero_aproximado","da04","6","RUA BELGICA, 500 (aprox) - JARDIM DAS SERINGUEIRAS, JI-PARANA - RO",1,False,"110012205000017","110012205000150","-10.905962017223999","-61.91889420800389","0","1041.642964","1","162.86214793",False,True
10824,8,"2025-08-26 09:59:31-03","2025-08-26 09:59:31-03","0101000020E6100000C815CDB9CAF44EC0F4F5211400D025C0","0101000020E6100000C815CDB9CAF44EC0F4F5211400D025C0",11040041,2024,"RO",1100122,"Ji-Paraná","Ji-Paraná",110012205,"CMEIEF PARQUE DOS PIONEIROS",1,0,"RUA JERUSALEM","70",NULL,"PARQUE DOS PIONEIROS","76913225","Catálogo de Escolas - agosto/2024","0","-10.9062506","-61.9124367","110012205000273","-10.905983924865723","-61.912567138671875","numero","dn03","6","RUA JERUSALEM, 70 - PARQUE DOS PIONEIROS, JI-PARANA - RO, 76913-225",1,False,"110012205000273","110012205000273","-10.905983924865723","-61.912567138671875","0","32.89586107","1","0",True,NULL
10860,8,"2025-08-26 09:59:31-03","2025-08-26 09:59:31-03","0101000020E61000009EB5DB2E34F54EC0E85E718280D225C0","0101000020E61000009EB5DB2E34F54EC0E85E718280D225C0",11014636,2024,"RO",1100122,"Ji-Paraná","Ji-Paraná",110012205,"EEEF OSWALDO PIANNA",1,0,"RUA MIGUEL LUIS DOS SANTOS","2146","ESCOLA","JARDIM DAS SERINGUEIRAS","76913398","Catálogo de Escolas - agosto/2024","0","-10.9111367","-61.915655","110012205000018","-10.908135072656416","-61.917648622674044","localidade","db01","582","JARDIM DAS SERINGUEIRAS, JI-PARANA - RO",1320,False,"110012205000018","110012205000150","-10.908135072656416","-61.917648622674044","0","398.4747023","1","66.15828573",False,True
10908,8,"2025-08-26 09:59:31-03","2025-08-26 09:59:31-03","0101000020E61000003FBB8D171C474FC04BBDB89E32D425C0","0101000020E61000003FBB8D171C474FC04BBDB89E32D425C0",11048964,2024,"RO",1101435,"Nova União","Nova União",110143505,"EMEF MANOEL FRANCISCO DE OLIVEIRA",1,0,"RUA 13 DE MAIO","1075","ZONA URBANA","CENTRO","76924000","Catálogo de Escolas - agosto/2024","0","-10.9144487","-62.5555448","110143505000001","-10.913642322575605","-62.55726483133104","localidade","db01","369","CENTRO, NOVA UNIAO - RO",455,False,"110143505000001","110143505000002","-10.913642322575605","-62.55726483133104","0","208.10702699","1","146.31930337",False,True
10913,8,"2025-08-26 09:59:31-03","2025-08-26 09:59:31-03","0101000020E610000093F5E51604474FC00943D3C89DD425C0","0101000020E610000093F5E51604474FC00943D3C89DD425C0",11043385,2024,"RO",1101435,"Nova União","Nova União",110143505,"EMEIEF PROF MARCOS ADRIANO ISSLER",1,0,"RUA PORTO VELHO","1117","CENTRO","CENTRO","76924000","Catálogo de Escolas - agosto/2024","0","-10.9152663","-62.5548123","110143505000001","-10.913642322575605","-62.55726483133104","localidade","db01","369","CENTRO, NOVA UNIAO - RO",455,False,"110143505000001","110143505000002","-10.913642322575605","-62.55726483133104","0","322.97477689","1","146.31930337",False,True
10918,8,"2025-08-26 09:59:31-03","2025-08-26 09:59:31-03","0101000020E610000081C0B975ED464FC0B08F4E5DF9D425C0","0101000020E610000081C0B975ED464FC0B08F4E5DF9D425C0",11017120,2024,"RO",1101435,"Nova União","Nova União",110143505,"EEEFM MARIA GORETTI",1,0,"RUA INDEPENDENCIA","2228","BAIRRO","CENTRO","76924000","Catálogo de Escolas - agosto/2024","0","-10.915965","-62.5541217","110143505000001","-10.913642322575605","-62.55726483133104","localidade","db01","369","CENTRO, NOVA UNIAO - RO",455,False,"110143505000001","110143505000002","-10.913642322575605","-62.55726483133104","0","429.50533348","1","146.31930337",False,True
11065,8,"2025-08-26 09:59:31-03","2025-08-26 09:59:31-03","0101000020E610000004F3A155773D4FC0FB52E4B5B7DC25C0","0101000020E610000004F3A155773D4FC0FB52E4B5B7DC25C0",11016469,2024,"RO",1101435,"Nova União","Nova União",110143505,"EMEIEF POLO ANTONIO CARLOS",2,1,"ROD.470, KM 35 GLEBA 05 LOTE 18 ASSENTAMENTO MARGARIDA ALVES","S/N","PREDIO","ZONA RURAL","76924000","Catálogo de Escolas - agosto/2024","0","-10.9310891","-62.4802043","110143505000012","-10.913642322575605","-62.55726483133104","municipio","dm01","369","NOVA UNIAO - RO",455,False,"110143505000012","110143505000002","-10.913642322575605","-62.55726483133104","0","8634.29367474","1","5012.36957827",False,False
11078,8,"2025-08-26 09:59:31-03","2025-08-26 09:59:31-03","0101000020E610000002667C67CD204FC03670490667DD25C0","0101000020E610000002667C67CD204FC03670490667DD25C0",11017384,2024,"RO",1101559,"Teixeirópolis","Teixeirópolis",110155905,"EEEFM PIONEIRA",1,0,"RUA SANTO PEREIRA","170",NULL,"SETOR 04","76928000","Catálogo de Escolas - agosto/2024","0","-10.93242664","-62.25626844","110155905000001","-10.94006213451803","-62.2628827174652","municipio","dm01","10964","TEIXEIROPOLIS - RO",1135,False,"110155905000001","110155905000009","-10.94006213451803","-62.2628827174652","0","1114.58757707","1","899.9942241",False,False
11080,8,"2025-08-26 09:59:31-03","2025-08-26 09:59:31-03","0101000020E610000075D256804A214FC08EACA179A5DD25C0","0101000020E610000075D256804A214FC08EACA179A5DD25C0",11041196,2024,"RO",1101559,"Teixeirópolis","Teixeirópolis",110155905,"EMEF SEBASTIAO AMORIM DA SILVA",1,0,"RUA PRINCIPE","S/Nº",NULL,"CENTRO","76928000","Catálogo de Escolas - agosto/2024","0","-10.9329031","-62.2600861","110155905000005","-10.93144702911377","-62.259124755859375","logradouro","dl03","6","RUA PRINCIPE - CENTRO, TEIXEIROPOLIS - RO, 76928-000",1,False,"110155905000005","110155905000001","-10.93144702911377","-62.259124755859375","0","192.9510487","1","4.99423752",False,True
11104,8,"2025-08-26 09:59:31-03","2025-08-26 09:59:31-03","0101000020E6100000F8CFAA0190CC4EC057772CB649DF25C0","0101000020E6100000F8CFAA0190CC4EC057772CB649DF25C0",11014741,2024,"RO",1100122,"Ji-Paraná","Ji-Paraná",110012205,"EMEF PEROLA",2,0,"LINHA 98, LOTE 29, GLEBA 02, KM 47 - SETOR RIACHUELO","SN",NULL,"AREA RURAL","76900970","Catálogo de Escolas - agosto/2024","0","-10.93610925","-61.59814473","110012205000129","-10.882369258471263","-61.941406437590736","municipio","dm01","22910","JI-PARANA - RO",45594,False,"110012205000129","110012205000075","-10.882369258471263","-61.941406437590736","0","37952.60882338","1","13797.80265634",False,False
11112,8,"2025-08-26 09:59:31-03","2025-08-26 09:59:31-03","0101000020E610000012D4D7900B214FC04073CE36D4DF25C0","0101000020E610000012D4D7900B214FC04073CE36D4DF25C0",11041200,2024,"RO",1101559,"Teixeirópolis","Teixeirópolis",110155905,"EMEI ARCO-IRIS",1,0,"RUA NOVA ESPERANCA","S/N","PREDIO","CENTRO","76928000","Catálogo de Escolas - agosto/2024","0","-10.93716594","-62.25816546","110155905000002","-10.932438479336826","-62.25579492742365","localidade","db01","378","CENTRO, TEIXEIROPOLIS - RO",290,False,"110155905000002","110155905000001","-10.932438479336826","-62.25579492742365","0","585.92638233","1","151.79781271",False,True
11154,8,"2025-08-26 09:59:31-03","2025-08-26 09:59:31-03","0101000020E6100000FC66AC472B454FC011ECAEA2F5E225C0","0101000020E6100000FC66AC472B454FC011ECAEA2F5E225C0",11042664,2024,"RO",1101435,"Nova União","Nova União",110143505,"EMEIEF POLO PAULO FREIRE",2,1,"RODOVIA 470, LINHA 41, ASSENTAMENTO PALMARES GLEBA 04",NULL,"AREA SOCIAL","ZONA RURAL","76924000","Catálogo de Escolas - agosto/2024","0","-10.9432803","-62.5403833","110143505000018","-10.913642322575605","-62.55726483133104","municipio","dm01","369","NOVA UNIAO - RO",455,False,"110143505000018","110143505000002","-10.913642322575605","-62.55726483133104","0","3775.97418196","1","2202.16769983",False,False
11266,8,"2025-08-26 09:59:31-03","2025-08-26 09:59:31-03","0101000020E61000004951C2A7940D4FC04EF1B8A816ED25C0","0101000020E61000004951C2A7940D4FC04EF1B8A816ED25C0",11043849,2024,"RO",1100122,"Ji-Paraná","Ji-Paraná",110012205,"EMEIEF PROFESSOR EDSON LOPES",2,0,"AREA RURAL",NULL,NULL,"AREA RURAL DE JI-PARANA","76914899","Catálogo de Escolas - agosto/2024","0","-10.9630635","-62.1060991","110012205000132","-10.882369258471263","-61.941406437590736","municipio","dm01","22910","JI-PARANA - RO",45594,False,"110012205000132","110012205000075","-10.882369258471263","-61.941406437590736","0","20095.68201354","1","12072.50636901",False,False
11289,8,"2025-08-26 09:59:31-03","2025-08-26 09:59:31-03","0101000020E6100000D8CC6B3620E94EC05ADC9801DBEF25C0","0101000020E6100000D8CC6B3620E94EC05ADC9801DBEF25C0",11045698,2024,"RO",1100122,"Ji-Paraná","Ji-Paraná",110012205,"EMEIEF PROF IRINEU ANTONIO DRESCH",2,0,"LINHA 128 LOTES 37 E 38","SN",NULL,"AREA RURAL DE JIPARANA","76914899","Catálogo de Escolas - agosto/2024","0","-10.96846776","-61.82129555","110012205000217","-10.882369258471263","-61.941406437590736","municipio","dm01","22910","JI-PARANA - RO",45594,False,"110012205000217","110012205000075","-10.882369258471263","-61.941406437590736","0","16236.51525792","1","6924.85252335",False,False
11359,8,"2025-08-26 09:59:31-03","2025-08-26 09:59:31-03","0101000020E6100000F54E609566234FC09ED55D34BFF525C0","0101000020E6100000F54E609566234FC09ED55D34BFF525C0",11016850,2024,"RO",1101559,"Teixeirópolis","Teixeirópolis",110155905,"EMEIEF ANTONIO FRANCISCO LISBOA",2,0,"LINHA 28, ESQUINA COM 31, LOTE 26, GLEBA 12 E",NULL,NULL,"ZONA RURAL","76928000","Catálogo de Escolas - agosto/2024","0","-10.9799744","-62.2765681","110155905000006","-10.94006213451803","-62.2628827174652","municipio","dm01","10964","TEIXEIROPOLIS - RO",1135,False,"110155905000006","110155905000009","-10.94006213451803","-62.2628827174652","0","4682.76350333","1","2871.22452908",False,False
11391,8,"2025-08-26 09:59:31-03","2025-08-26 09:59:31-03","0101000020E610000044F3A55C86664EC01D7CBCEBC7F925C0","0101000020E610000044F3A55C86664EC01D7CBCEBC7F925C0",11047607,2024,"RO",1100098,"Espigão D'Oeste","Espigão D'Oeste",110009805,"EIEEF MAAMNZEEP CINTA LARGA",2,2,"ALDEIA DO TONHAO KM 130","S/N",NULL,"ZONA RURAL","76974000","Catálogo de Escolas - agosto/2024","0","-10.9878534","-60.8009754","510757805000054","-11.521126353132942","-60.99193420067549","municipio","dm01","42953","ESPIGAO D'OESTE - RO",11955,False,"510757805000054","110009805000022","-11.521126353132942","-60.99193420067549","0","62847.95202262","1","62229.63209315",False,False
11405,8,"2025-08-26 09:59:31-03","2025-08-26 09:59:31-03","0101000020E6100000BF6CF1DF725D4FC05AB484A54FFB25C0","0101000020E6100000BF6CF1DF725D4FC05AB484A54FFB25C0",11019956,2024,"RO",1101302,"Mirante da Serra","Mirante da Serra",110130205,"INSTITUTO ADVENTISTA DA AMAZONIA OCIDENTAL",2,0,"LINHA 60 KM 7","S/N","COLEGIO IAAMO","ZONA RURAL","76926000","Catálogo de Escolas - agosto/2024","0","-10.99084203","-62.7300682","110130205000017","-11.034880757331848","-62.67446588353908","municipio","dm01","1739","MIRANTE DA SERRA - RO",1979,False,"110130205000017","110130205000002","-11.034880757331848","-62.67446588353908","0","7798.10307291","1","2867.06104183",False,False
11479,8,"2025-08-26 09:59:31-03","2025-08-26 09:59:31-03","0101000020E6100000FE9BD50A2C4E50C0EFF0AEE55B0026C0","0101000020E6100000FE9BD50A2C4E50C0EFF0AEE55B0026C0",11043482,2024,"RO",1100106,"Guajará-Mirim","Guajará-Mirim",110010605,"EIEEF HWEREIN CAT TOWA ORO NAO",2,2,"ALDEIA CAJUEIRO","42","TERRA INDIGENA","RIO PACAAS NOVOS","76850000","Catálogo de Escolas - agosto/2024","0","-11.00070112","-65.22143813","110010605000100","-10.80796661118521","-65.27934931416578","municipio","dm01","122291","GUAJARA-MIRIM - RO",13518,False,"110010605000100","110010605000066","-10.80796661118521","-65.27934931416578","0","22344.47898395","1","20969.29720039",False,True
11485,8,"2025-08-26 09:59:31-03","2025-08-26 09:59:31-03","0101000020E6100000853EDCFE2A014FC0C6F300B3CE0026C0","0101000020E6100000853EDCFE2A014FC0C6F300B3CE0026C0",11044853,2024,"RO",1100122,"Ji-Paraná","Ji-Paraná",110012205,"EMEIEF ULISSES MATOSINHO PERES DE PONTES",2,0,"RODOVIA RO 135 TERCEIRA LINHA KM18","SN",NULL,"AREA RURAL","76900970","Catálogo de Escolas - agosto/2024","0","-11.00157699","-62.00912462","110012205000264","-10.882369258471263","-61.941406437590736","municipio","dm01","22910","JI-PARANA - RO",45594,False,"110012205000264","110012205000075","-10.882369258471263","-61.941406437590736","0","15177.62359988","1","3948.91040718",False,False
11489,8,"2025-08-26 09:59:31-03","2025-08-26 09:59:31-03","0101000020E6100000058BC3995F634FC01BDF0D7C1F0126C0","0101000020E6100000058BC3995F634FC01BDF0D7C1F0126C0",11019727,2024,"RO",1101302,"Mirante da Serra","Mirante da Serra",110130205,"EMEIEF DUQUE DE CAXIAS",2,0,"LINHA 64 KM 10",NULL,"ZONA RURAL",NULL,"76926000","Catálogo de Escolas - agosto/2024","0","-11.0021933333333","-62.776355","110130205000016","-11.034880757331848","-62.67446588353908","municipio","dm01","1739","MIRANTE DA SERRA - RO",1979,False,"110130205000016","110130205000002","-11.034880757331848","-62.67446588353908","0","11699.62146095","1","4395.68288541",False,False
11492,8,"2025-08-26 09:59:31-03","2025-08-26 09:59:31-03","0101000020E61000008236DEC25F6C4EC029E219D93A0126C0","0101000020E61000008236DEC25F6C4EC029E219D93A0126C0",11028335,2024,"RO",1100098,"Espigão D'Oeste","Boa Vista do Pacarana",110009810,"EMEIEF TANCREDO DE ALMEIDA NEVES",1,0,"AVENIDA NOSSA SENHORA DA CONCEICAO","2693","ZONA RURAL","DISTRITO BOA VISTA DO PACAR","76974000","Catálogo de Escolas - agosto/2024","0","-11.0024021","-60.8466724","110009810000001","-11.521126353132942","-60.99193420067549","municipio","dm01","42953","ESPIGAO D'OESTE - RO",11955,False,"110009810000001","110009805000022","-11.521126353132942","-60.99193420067549","0","59815.40009715","1","58610.44456532",False,False
11601,8,"2025-08-26 09:59:31-03","2025-08-26 09:59:31-03","0101000020E6100000F98B344C084D50C06CF2109DD00926C0","0101000020E6100000F98B344C084D50C06CF2109DD00926C0",11006161,2024,"RO",1100106,"Guajará-Mirim","Guajará-Mirim",110010605,"EIEEF JOAO FARIAS DE BARROS",2,2,"ALDEIA SAO LUIS - RIO PACAAS NOVOS","KM.541","TERRA INDIGENA","ALDEIA SAO LUIS","76850000","Catálogo de Escolas - agosto/2024","0","-11.01916972","-65.20363145","110010605000078","-10.80796661118521","-65.27934931416578","municipio","dm01","122291","GUAJARA-MIRIM - RO",13518,False,"110010605000078","110010605000066","-10.80796661118521","-65.27934931416578","0","24897.37897852","1","24299.8312938",False,False
11602,8,"2025-08-26 09:59:31-03","2025-08-26 09:59:31-03","0101000020E61000003BBF30B2074D50C04971A7D7DA0926C0","0101000020E61000003BBF30B2074D50C04971A7D7DA0926C0",11006234,2024,"RO",1100106,"Guajará-Mirim","Guajará-Mirim",110010605,"EIEEF JOSIAS BATISTA DE OLIVEIRA",2,2,"ALDEIA CAPOEIRINHA","KM.49","RIO PACAAS NOVOS","ALDEIA CAPOEIRINHA","76850000","Catálogo de Escolas - agosto/2024","0","-11.01924776","-65.20359473","110010605000078","-10.80796661118521","-65.27934931416578","municipio","dm01","122291","GUAJARA-MIRIM - RO",13518,False,"110010605000078","110010605000066","-10.80796661118521","-65.27934931416578","0","24906.89520773","1","24299.8312938",False,False
11636,8,"2025-08-26 09:59:31-03","2025-08-26 09:59:31-03","0101000020E61000001C9B786231554FC067518EB8B60E26C0","0101000020E61000001C9B786231554FC067518EB8B60E26C0",11038136,2024,"RO",1101302,"Mirante da Serra","Mirante da Serra",110130205,"EMEIEF PROFESSOR EDSON DUARTE LOPES",1,0,"RUA JASIEL OLIVEIRA DA SILVA","3121","ESCOLA","SETOR 1","76926000","Catálogo de Escolas - agosto/2024","0","-11.0287378","-62.6655696","110130205000045","-11.034880757331848","-62.67446588353908","municipio","dm01","1739","MIRANTE DA SERRA - RO",1979,False,"110130205000045","110130205000002","-11.034880757331848","-62.67446588353908","0","1187.14393711","1","749.32567784",False,False
11639,8,"2025-08-26 09:59:31-03","2025-08-26 09:59:31-03","0101000020E6100000859DBD8E93564FC0B385D6790A0F26C0","0101000020E6100000859DBD8E93564FC0B385D6790A0F26C0",11019948,2024,"RO",1101302,"Mirante da Serra","Mirante da Serra",110130205,"EEEFM MIGRANTES",1,0,"RUA DOS PRINCESA ISABEL","2369","ESCOLA","CENTRO","76926000","Catálogo de Escolas - agosto/2024","0","-11.0293768","-62.6763781","110130205000030","-11.034912151448866","-62.67451401837251","localidade","db01","1396","CENTRO, MIRANTE DA SERRA - RO",1933,False,"110130205000030","110130205000002","-11.034912151448866","-62.67451401837251","0","648.25562208","1","290.69432748",False,True
11643,8,"2025-08-26 09:59:31-03","2025-08-26 09:59:31-03","0101000020E6100000E01F008283564FC0EBA463737A0F26C0","0101000020E6100000E01F008283564FC0EBA463737A0F26C0",11048050,2024,"RO",1101302,"Mirante da Serra","Mirante da Serra",110130205,"CENTRO DE ENSINO ESPECIALIZADO ANTONIO LAZARO DE MOURA",1,0,"RUA MARECHAL RONDON","2334","TERREO","CENTRO","76926000","Catálogo de Escolas - agosto/2024","0","-11.0302311","-62.6758883","110130205000030","-11.036370303959714","-62.668595258370054","numero_aproximado","da03","6","RUA MARECHAL RONDON, 2334 (aprox) - CENTRO, MIRANTE DA SERRA - RO",1,False,"110130205000030","110130205000028","-11.036370303959714","-62.668595258370054","0","1048.60082084","1","785.04634184",False,False
11651,8,"2025-08-26 09:59:31-03","2025-08-26 09:59:31-03","0101000020E610000007561F590A554FC035762E313B1026C0","0101000020E610000007561F590A554FC035762E313B1026C0",11019743,2024,"RO",1101302,"Mirante da Serra","Mirante da Serra",110130205,"EEEF FLORIZEL LAMEGO FERRARI",1,0,"RUA GONCALVES DE PAIVA","3375",NULL,"SETOR 01","76926000","Catálogo de Escolas - agosto/2024","0","-11.0317016","-62.6643783","110130205000045","-11.032018917115424","-62.66426971173241","numero_aproximado","da04","6","RUA GONCALVES DE PAIVA, 3375 (aprox) - CENTRO, MIRANTE DA SERRA - RO",1,False,"110130205000045","110130205000045","-11.032018917115424","-62.66426971173241","0","37.22126391","1","0",True,NULL
11655,8,"2025-08-26 09:59:31-03","2025-08-26 09:59:31-03","0101000020E6100000AE19CF5614564FC0D580F7448D1026C0","0101000020E6100000AE19CF5614564FC0D580F7448D1026C0",11046902,2024,"RO",1101302,"Mirante da Serra","Mirante da Serra",110130205,"CEEJA PROFESSOR EDSON DUARTE LOPES",1,0,"RUA BRASIL","2772","CENTRO","CENTRO","76926000","Catálogo de Escolas - agosto/2024","0","-11.0323278","-62.6724957","110130205000005","-11.038100431423668","-62.67699117631942","numero_aproximado","pa03","6","RUA BRASILIA, 2772 (aprox) - CENTRO, MIRANTE DA SERRA - RO",1,False,"110130205000005","110130205000042","-11.038100431423668","-62.67699117631942","0","807.92342446","1","667.44195713",False,False
11663,8,"2025-08-26 09:59:31-03","2025-08-26 09:59:31-03","0101000020E610000084E5194520404FC04419AA622A1126C0","0101000020E610000084E5194520404FC04419AA622A1126C0",11020490,2024,"RO",1101708,"Urupá","Urupá",110170805,"EMEF ALPHONSUS DE GUIMARAES",2,0,"LINHA T- 10, LOTE 01, GLEBA 16",NULL,"ESQUINA COM A C 40",NULL,"76929000","Catálogo de Escolas - agosto/2024","0","-11.0335265","-62.5009848","110170805000022","-11.122615394217771","-62.364226813403285","municipio","dm01","7951","URUPA - RO",751,False,"110170805000022","110170805000024","-11.122615394217771","-62.364226813403285","0","17912.09641224","1","13183.02084847",False,True
11668,8,"2025-08-26 09:59:31-03","2025-08-26 09:59:31-03","0101000020E6100000833F916174564FC0E0F3C308E11126C0","0101000020E6100000833F916174564FC0E0F3C308E11126C0",11040807,2024,"RO",1101302,"Mirante da Serra","Mirante da Serra",110130205,"CRECHE MUNICIPAL IRMA DULCE",1,0,"RUA PARANA","2770","CENTRO","CENTRO","76926000","Catálogo de Escolas - agosto/2024","0","-11.03492","-62.67542667","110130205000002","-11.036603156284551","-62.676502902858694","numero_aproximado","da03","6","RUA PARANA, 2770 (aprox) - CENTRO, MIRANTE DA SERRA - RO",1,False,"110130205000002","110130205000042","-11.036603156284551","-62.676502902858694","0","220.96368767","1","13.80553812",False,True
11679,8,"2025-08-26 09:59:31-03","2025-08-26 09:59:31-03","0101000020E6100000D47E6B274A564FC011D8E610821326C0","0101000020E6100000D47E6B274A564FC011D8E610821326C0",11045450,2024,"RO",1101302,"Mirante da Serra","Mirante da Serra",110130205,"EMEF ARQUIMEDES FERNANDES",1,0,"RUA PIAUI","2965",NULL,"SETOR 02","76926000","Catálogo de Escolas - agosto/2024","0","-11.0381017","-62.674138","110130205000034","-11.03802498798653","-62.674353199174995","numero_aproximado","da04","6","RUA PIAUI, 2965 (aprox) - CENTRO, MIRANTE DA SERRA - RO",1,False,"110130205000034","110130205000034","-11.03802498798653","-62.674353199174995","0","24.98743985","1","0",True,NULL
11681,8,"2025-08-26 09:59:31-03","2025-08-26 09:59:31-03","0101000020E610000098B9652C3F1C4FC05785BCD4BE1326C0","0101000020E610000098B9652C3F1C4FC05785BCD4BE1326C0",11020822,2024,"RO",1101708,"Urupá","Urupá",110170805,"EMEF OLIVEIRA PAIVA",2,0,"LINHA TN-10",NULL,NULL,"ZONA RURAL","76929000","Catálogo de Escolas - agosto/2024","0","-11.0385653","-62.2206779","110170805000012","-11.122615394217771","-62.364226813403285","municipio","dm01","7951","URUPA - RO",751,False,"110170805000012","110170805000024","-11.122615394217771","-62.364226813403285","0","18240.59413193","1","8830.47236913",False,False
11707,8,"2025-08-26 09:59:31-03","2025-08-26 09:59:31-03","0101000020E6100000CA0B1B2B524B50C0ECFDC202CA1626C0","0101000020E6100000CA0B1B2B524B50C0ECFDC202CA1626C0",11006293,2024,"RO",1100106,"Guajará-Mirim","Guajará-Mirim",110010605,"EIEEF MARECHAL RONDON",2,2,"ALDEIA TANAJURA","KM.55","RIO PACAAS NOVOS","ALDEIA TANAJURA","76850000","Catálogo de Escolas - agosto/2024","0","-11.04450997","-65.17689016","110010605000068","-10.80796661118521","-65.27934931416578","municipio","dm01","122291","GUAJARA-MIRIM - RO",13518,False,"110010605000068","110010605000066","-10.80796661118521","-65.27934931416578","0","28582.42690901","1","26901.99322282",False,False
11759,8,"2025-08-26 09:59:31-03","2025-08-26 09:59:31-03","0101000020E610000025B1A4DC7D014FC09A547E63192026C0","0101000020E610000025B1A4DC7D014FC09A547E63192026C0",11015616,2024,"RO",1100122,"Ji-Paraná","Nova Londrina",110012225,"EEEFM CEL JORGE TEIXEIRA DE OLIVEIRA",1,0,"RUA SAULO DE ALCANTARA","2070","ZONA URBANA","CENTRO","76915500","Catálogo de Escolas - agosto/2024","0","-11.0626937","-62.0116535","110012225000001","-10.879783648744109","-61.949074264609045","localidade","db01","891","CENTRO, JI-PARANA - RO",1749,False,"110012225000001","110012205000002","-10.879783648744109","-61.949074264609045","0","21455.29150182","1","20849.79486219",False,False
11769,8,"2025-08-26 09:59:31-03","2025-08-26 09:59:31-03","0101000020E610000011908A5AF5794FC04AECDADE6E2126C0","0101000020E610000011908A5AF5794FC04AECDADE6E2126C0",11040769,2024,"RO",1101302,"Mirante da Serra","Mirante da Serra",110130205,"EIEEFM AMONDAWA",2,2,"TERRITORIO INDIGENA URU EU WAU WAU - POSTO INDIGENA TRINCHEIR",NULL,"POVO INDIG AMONDAWA","AREA RURAL","76926000","Catálogo de Escolas - agosto/2024","0","-11.065299","-62.9528001","110130205000022","-11.034880757331848","-62.67446588353908","municipio","dm01","1739","MIRANTE DA SERRA - RO",1979,False,"110130205000022","110130205000002","-11.034880757331848","-62.67446588353908","0","30563.32674345","1","28079.76093158",False,False
11772,8,"2025-08-26 09:59:31-03","2025-08-26 09:59:31-03","0101000020E61000005197D6F03E014FC09AAAC5F18D2226C0","0101000020E61000005197D6F03E014FC09AAAC5F18D2226C0",11014075,2024,"RO",1100122,"Ji-Paraná","Nova Londrina",110012225,"EEEF INACIO DE LOYOLA",1,0,"AVENIDA GOV. JORGE TEIXEIRA","1110","ZONA URBANA","NOVA LONDRINA","76915500","Catálogo de Escolas - agosto/2024","0","-11.0674892","-62.0097333","110012225000001","-11.01917742878073","-62.00060087651978","localidade","db01","11270","NOVA LONDRINA, JI-PARANA - RO",749,False,"110012225000001","110012225000002","-11.01917742878073","-62.00060087651978","0","5463.70604448","1","4491.26551482",False,True
11798,8,"2025-08-26 09:59:31-03","2025-08-26 09:59:31-03","0101000020E6100000B8014466D3F54EC06E918B9C4B2826C0","0101000020E6100000B8014466D3F54EC06E918B9C4B2826C0",11017988,2024,"RO",1100254,"Presidente Médici","Vila Bandeira Branca",110025425,"EEEF APOLONIA ROSSI JAVARINI",1,0,"RUA NATALINO ROSSI JAVARINI","1062","BR 364 - KM 22","CENTRO","76916990","Catálogo de Escolas - agosto/2024","0","-11.07870187","-61.9205139","110025425000001","-11.168695410031255","-61.9019897319434","localidade","db01","1022","CENTRO, PRESIDENTE MEDICI - RO",681,False,"110025425000001","110025405000007","-11.168695410031255","-61.9019897319434","0","10208.90119273","1","9662.31519797",False,False
11809,8,"2025-08-26 09:59:31-03","2025-08-26 09:59:31-03","0101000020E6100000FBFF6B337E0E4FC01300585B392A26C0","0101000020E6100000FBFF6B337E0E4FC01300585B392A26C0",11015110,2024,"RO",1100254,"Presidente Médici","Presidente Médici",110025405,"EMMEIEF RIO SAO FRANCISCO",2,0,"6ª LINHA, GLEBA 02, LOTE 42-A",NULL,"AREA RURAL",NULL,"76916000","Catálogo de Escolas - agosto/2024","0","-11.0824688477442","-62.1132263448089","110025430000007","-11.176016041995444","-61.90073293831367","municipio","dm01","28349","PRESIDENTE MEDICI - RO",7813,False,"110025430000007","110025405000061","-11.176016041995444","-61.90073293831367","0","25410.49538607","1","22765.87689305",False,False
11814,8,"2025-08-26 09:59:31-03","2025-08-26 09:59:31-03","0101000020E610000020F69DBA4DD44EC0D542C9E4D42A26C0","0101000020E610000020F69DBA4DD44EC0D542C9E4D42A26C0",11018216,2024,"RO",1100254,"Presidente Médici","Novo Riachuelo",110025420,"EEEFM DONA BENTA",1,0,"RUA PEDRO JAQUEIRA","938","DISTRITO","CENTRO","76916000","Catálogo de Escolas - agosto/2024","0","-11.0836555","-61.6586221","110025420000001","-11.08393669128418","-61.65968704223633","numero","dn04","6","RUA PEDRO JAQUEIRA, 938 - NOVO RIACHUELO, PRESIDENTE MEDICI - RO",1,False,"110025420000001","110025420000001","-11.08393669128418","-61.65968704223633","0","120.34043264","1","0",True,NULL
11817,8,"2025-08-26 09:59:31-03","2025-08-26 09:59:31-03","0101000020E610000011209E80C14950C0B18CAAB2312B26C0","0101000020E610000011209E80C14950C0B18CAAB2312B26C0",11042842,2024,"RO",1100106,"Guajará-Mirim","Guajará-Mirim",110010605,"EIEEF DIDIMO GRACILIANO DE OLIVEIRA",2,2,"ALDEIA GRACAS A DEUS","76","RIO PACAAS NOVOS","ALDEIA GRACAS A DEUS","76850000","Catálogo de Escolas - agosto/2024","0","-11.08436354","-65.15243545","110010605000077","-10.80796661118521","-65.27934931416578","municipio","dm01","122291","GUAJARA-MIRIM - RO",13518,False,"110010605000077","110010605000066","-10.80796661118521","-65.27934931416578","0","33712.76091683","1","32551.05174629",False,False
11822,8,"2025-08-26 09:59:31-03","2025-08-26 09:59:31-03","0101000020E610000035BE8AE7C7264FC00ED70F56082C26C0","0101000020E610000035BE8AE7C7264FC00ED70F56082C26C0",11020610,2024,"RO",1101708,"Urupá","Urupá",110170805,"EMEIF EUCLIDES DA CUNHA",2,0,"LINHA C 03 NUCLEO PRIMAVERA",NULL,"NUCLEO PRIMAVERA",NULL,"76929000","Catálogo de Escolas - agosto/2024","0","-11.0860011","-62.3029756","110170805000015","-11.122615394217771","-62.364226813403285","municipio","dm01","7951","URUPA - RO",751,False,"110170805000015","110170805000024","-11.122615394217771","-62.364226813403285","0","7825.75997173","1","7476.24815572",False,False
11914,8,"2025-08-26 09:59:31-03","2025-08-26 09:59:31-03","0101000020E61000005738EE3955604EC07A3AB24D853326C0","0101000020E61000005738EE3955604EC07A3AB24D853326C0",11042648,2024,"RO",1100098,"Espigão D'Oeste","Espigão D'Oeste",110009805,"EIEEFM CAPITAO CARDOSO",2,2,"ALDEIA CAPITAO CARDOSO KM 99","S/N",NULL,"ZONA RURAL","76974000","Catálogo de Escolas - agosto/2024","0","-11.1006264","-60.7526009","110009805000071","-11.521126353132942","-60.99193420067549","municipio","dm01","42953","ESPIGAO D'OESTE - RO",11955,False,"110009805000071","110009805000022","-11.521126353132942","-60.99193420067549","0","53546.74116528","1","52921.48153897",False,False
11929,8,"2025-08-26 09:59:31-03","2025-08-26 09:59:31-03","0101000020E61000004E0275DD6EAE4EC00584E0DE223526C0","0101000020E61000004E0275DD6EAE4EC00584E0DE223526C0",11026588,2024,"RO",1100049,"Cacoal","Cacoal",110004905,"EIEEFM IZIDORO DE SOUZA MEIRELES",2,2,"TERRA INDIGENA SETE DE SETEMBRO, LINHA 09, ALDEIA PAITER,","S/N","CRE CACOAL","AREA RURAL DE CACOAL","76968899","Catálogo de Escolas - agosto/2024","0","-11.1037816666667","-61.3627583333333","110004910000033","-11.42610274649168","-61.43974563849753","municipio","dm01","25582","CACOAL - RO",31022,False,"110004910000033","110004905000046","-11.42610274649168","-61.43974563849753","0","36810.73272971","1","34985.54170448",False,False
11936,8,"2025-08-26 09:59:31-03","2025-08-26 09:59:31-03","0101000020E61000004C998A43ECB84EC0C651B9895A3626C0","0101000020E61000004C998A43ECB84EC0C651B9895A3626C0",11031000,2024,"RO",1101203,"Ministro Andreazza","Ministro Andreazza",110120305,"EPMEF AMADO FONTES",2,0,"LINHA SETE",NULL,"PREDIO","ZONA RURAL","76919000","Catálogo de Escolas - agosto/2024","0","-11.1061595","-61.4447102","110120305000014","-11.151995294934862","-61.53133239136352","municipio","dm01","17431","MINISTRO ANDREAZZA - RO",1053,False,"110120305000014","110120305000013","-11.151995294934862","-61.53133239136352","0","10737.53696265","1","2461.08140473",False,True
11952,8,"2025-08-26 09:59:31-03","2025-08-26 09:59:31-03","0101000020E6100000B41129E0B1AA4EC098FC45E3633A26C0","0101000020E6100000B41129E0B1AA4EC098FC45E3633A26C0",11041277,2024,"RO",1100049,"Cacoal","Cacoal",110004905,"EIEEFM JOAO EVANGELISTA DIAS",2,2,"TERRA INDIGENA SETE DE SETEMBRO, ALDEIA CENTRAL, LINHA 10","S/N","CRE - CACOAL","AREA RURAL DE CACOAL","76968899","Catálogo de Escolas - agosto/2024","0","-11.1140433333333","-61.3335533333333","110004910000032","-11.42610274649168","-61.43974563849753","municipio","dm01","25582","CACOAL - RO",31022,False,"110004910000032","110004905000046","-11.42610274649168","-61.43974563849753","0","36580.83928081","1","35888.05330822",False,False
11966,8,"2025-08-26 09:59:31-03","2025-08-26 09:59:31-03","0101000020E6100000A7E76191F42F4FC0F61838E2C13D26C0","0101000020E6100000A7E76191F42F4FC0F61838E2C13D26C0",11046449,2024,"RO",1101708,"Urupá","Urupá",110170805,"EMEF ADEILDO MARTINS",1,0,"RUA GETULIO VARGAS","4840","PREDIO ESCOLAR","ALTO ALEGRE","76929000","Catálogo de Escolas - agosto/2024","0","-11.12061984","-62.37465112","110170805000008","-11.122615394217771","-62.364226813403285","municipio","dm01","7951","URUPA - RO",751,False,"110170805000008","110170805000024","-11.122615394217771","-62.364226813403285","0","1158.80649027","1","680.22803249",False,True
11967,8,"2025-08-26 09:59:31-03","2025-08-26 09:59:31-03","0101000020E6100000D1AB6474FE054FC0B33A20A6D03D26C0","0101000020E6100000D1AB6474FE054FC0B33A20A6D03D26C0",11048778,2024,"RO",1100122,"Ji-Paraná","Nova Londrina",110012225,"EMEIEF BARBARA HELIODORA",2,0,"4ª LINHA DA GLEBA G, LOTE 6, SETOR 3","S/N",NULL,"AREA RURAL DE JIPARANA","76914899","Catálogo de Escolas - agosto/2024","0","-11.12073249","-62.04682784","110012225000003","-10.882369258471263","-61.941406437590736","municipio","dm01","22910","JI-PARANA - RO",45594,False,"110012225000003","110012205000075","-10.882369258471263","-61.941406437590736","0","28894.88068224","1","18477.21533635",False,False
11968,8,"2025-08-26 09:59:31-03","2025-08-26 09:59:31-03","0101000020E61000008CAAF44DF92F4FC0ADBDF49B2E3E26C0","0101000020E61000008CAAF44DF92F4FC0ADBDF49B2E3E26C0",11050500,2024,"RO",1101708,"Urupá","Urupá",110170805,"EMEI SONHO INFANTIL",1,0,"RUA OTAVIO PEDRO DE OLIVEIRA","5127",NULL,"ALTO ALEGRE","76929000","Catálogo de Escolas - agosto/2024","0","-11.12144935","-62.37479567","110170805000008","-11.122615394217771","-62.364226813403285","municipio","dm01","7951","URUPA - RO",751,False,"110170805000008","110170805000024","-11.122615394217771","-62.364226813403285","0","1160.39931808","1","680.22803249",False,True
11971,8,"2025-08-26 09:59:31-03","2025-08-26 09:59:31-03","0101000020E61000008B6B005F9F2F4FC0E2E77DEBDC3F26C0","0101000020E61000008B6B005F9F2F4FC0E2E77DEBDC3F26C0",11040319,2024,"RO",1101708,"Urupá","Urupá",110170805,"CEEJA ENALDO LUCAS DE OLIVEIRA",1,0,"AVENIDA MOACIR DE PAULA VIEIRA","4343",NULL,"ALTO ALEGRE","76929000","Catálogo de Escolas - agosto/2024","0","-11.12473236","-62.37205112","110170805000008","-11.122615394217771","-62.364226813403285","municipio","dm01","7951","URUPA - RO",751,False,"110170805000008","110170805000024","-11.122615394217771","-62.364226813403285","0","885.53919571","1","680.22803249",False,True
11972,8,"2025-08-26 09:59:31-03","2025-08-26 09:59:31-03","0101000020E6100000C7E52E78872F4FC0AA7D3A1E334026C0","0101000020E6100000C7E52E78872F4FC0AA7D3A1E334026C0",11020504,2024,"RO",1101708,"Urupá","Urupá",110170805,"EEEFM ALTAMIR BILLY SOARES",1,0,"RUA CARLOS DE LIMA","1729","ESCOLA","NOVO HORIZONTE","76929000","Catálogo de Escolas - agosto/2024","0","-11.12539","-62.3713217","110170805000001","-11.12561707136479","-62.37090973800177","numero_aproximado","da03","6","RUA CARLOS DE LIMA, 1729 (aprox) - NOVO HORIZONTE, URUPA - RO",1,False,"110170805000001","110170805000001","-11.12561707136479","-62.37090973800177","0","51.55366147","1","0",True,NULL
11989,8,"2025-08-26 09:59:31-03","2025-08-26 09:59:31-03","0101000020E6100000652B7986BA2E4FC0237A63528D4426C0","0101000020E6100000652B7986BA2E4FC0237A63528D4426C0",11116803,2024,"RO",1101708,"Urupá","Urupá",110170805,"APAE PEQUENOS ANJOS",1,0,"RUA MARACATIARA","3320","EM FRENTE AO DETRAN","SUMAUMA","76929000","Catálogo de Escolas - agosto/2024","0","-11.1338907","-62.3650673","110170805000027","-11.131931903765778","-62.370673766659934","numero_aproximado","da04","6","RUA MARACATIARA, 3320 (aprox) - NOVO HORIZONTE, URUPA - RO",1,False,"110170805000027","110170805000031","-11.131931903765778","-62.370673766659934","0","649.30199829","1","133.82304481",False,True
11994,8,"2025-08-26 09:59:31-03","2025-08-26 09:59:31-03","0101000020E6100000BEAEB2F8C52E4FC0DE59BBED424526C0","0101000020E6100000BEAEB2F8C52E4FC0DE59BBED424526C0",11020962,2024,"RO",1101708,"Urupá","Urupá",110170805,"EMEF WALDEMAR HIGINO DE SOUZA",1,0,"RUA SERINGUEIRAS","3275","ZONA RUBANA","SUMAUMA","76929000","Catálogo de Escolas - agosto/2024","0","-11.13527625","-62.36541661","110170805000027","-11.135699936837861","-62.36562717322147","localidade","db01","620","SUMAUMA, URUPA - RO",70,False,"110170805000027","110170805000027","-11.135699936837861","-62.36562717322147","0","52.41449711","1","0",True,NULL
12066,8,"2025-08-26 09:59:31-03","2025-08-26 09:59:31-03","0101000020E6100000FEFFEB0FECDA4EC001007842195226C0","0101000020E6100000FEFFEB0FECDA4EC001007842195226C0",11018453,2024,"RO",1100254,"Presidente Médici","Presidente Médici",110025405,"EMMEIEF JUNQUEIRA FREIRE",2,0,"LINHA 140,SETOR LEITAO ,LOTE 06",NULL,NULL,NULL,"76916000","Catálogo de Escolas - agosto/2024","0","-11.1603489657864","-61.71032904647289","110025415000005","-11.176016041995444","-61.90073293831367","municipio","dm01","28349","PRESIDENTE MEDICI - RO",7813,False,"110025415000005","110025405000061","-11.176016041995444","-61.90073293831367","0","20843.96743317","1","18259.63901037",False,False
12082,8,"2025-08-26 09:59:31-03","2025-08-26 09:59:31-03","0101000020E610000031442D51E6F34EC075CA06461C5626C0","0101000020E610000031442D51E6F34EC075CA06461C5626C0",11017856,2024,"RO",1100254,"Presidente Médici","Presidente Médici",110025405,"CEEJA MARECHAL RONDON",1,0,"AV DOM BOSCO","1767","ESCOLA","CENTRO","76916000","Catálogo de Escolas - agosto/2024","0","-11.16818446","-61.90546622","110025405000007","-11.16618388632086","-61.90497417287946","numero_aproximado","da03","6","AVENIDA DOM BOSCO, 1767 (aprox) - CENTRO, PRESIDENTE MEDICI - RO",1,False,"110025405000007","110025405000008","-11.16618388632086","-61.90497417287946","0","228.83839589","1","63.84833696",False,True
12083,8,"2025-08-26 09:59:31-03","2025-08-26 09:59:31-03","0101000020E61000001BADB4D661F44EC03C35F2D47E5626C0","0101000020E61000001BADB4D661F44EC03C35F2D47E5626C0",11018810,2024,"RO",1100254,"Presidente Médici","Presidente Médici",110025405,"EEEFM PROFESSOR PAULO FREIRE",1,0,"RUA OTAVIO RODRIGUES DE MATOS","2187","ESCOLA","ERNANDES GONCALVES","76916000","Catálogo de Escolas - agosto/2024","0","-11.1689364","-61.9092358","110025405000051","-11.16914708536381","-61.900234776810905","numero_aproximado","da04","6","RUA OTAVIO RODRIGUES DE MATOS, 2187 (aprox) - CENTRO, PRESIDENTE MEDICI - RO",1,True,"110025405000051","110025405000041","-11.169133324780983","-61.89871277381852","166.04084029","982.19241583","1","948.6329509",False,False
12089,8,"2025-08-26 09:59:31-03","2025-08-26 09:59:31-03","0101000020E6100000D53E1D8F19F44EC018416326515726C0","0101000020E6100000D53E1D8F19F44EC018416326515726C0",11045337,2024,"RO",1100254,"Presidente Médici","Presidente Médici",110025405,"APAE DE PRESIDENTE MEDICI",1,0,"AV. JI-PARANA","1480","PREDIO","CENTRO","76916000","Google 2025","1","-11.170541","-61.90703","110025405000006","-11.172217933036052","-61.90724251547945","numero_aproximado","pa03","6","AVENIDA JI PARANA, 1480 (aprox) - CENTRO, PRESIDENTE MEDICI - RO",1,False,"110025405000006","110025405000001","-11.172217933036052","-61.90724251547945","0","187.9023127","1","97.15561718",False,True
12090,8,"2025-08-26 09:59:31-03","2025-08-26 09:59:31-03","0101000020E61000000A5882F79BF24EC04F5499D6645726C0","0101000020E61000000A5882F79BF24EC04F5499D6645726C0",11047283,2024,"RO",1100254,"Presidente Médici","Presidente Médici",110025405,"CENTRO EDUCACIONAL SESC LER PRESIDENTE MEDICI",1,0,"RUA SANTOS DUMONT","3665",NULL,"LINO ALVES TEIXEIRA","76916000","Catálogo de Escolas - agosto/2024","0","-11.17069121","-61.89538473","110025405000043","-11.170816421508789","-61.89565658569336","numero","dn03","6","RUA SANTOS DUMONT, 3665 - LINO ALVES TEIXEIRA, PRESIDENTE MEDICI - RO, 76916-000",1,False,"110025405000043","110025405000043","-11.170816421508789","-61.89565658569336","0","32.76192125","1","0",True,NULL
12091,8,"2025-08-26 09:59:31-03","2025-08-26 09:59:31-03","0101000020E61000006F3A550004F44EC02355CA21985726C0","0101000020E61000006F3A550004F44EC02355CA21985726C0",11017899,2024,"RO",1100254,"Presidente Médici","Presidente Médici",110025405,"EMEF 15 DE NOVEMBRO",1,0,"AV. PORTO VELHO","1445",NULL,"CENTRO","76916000","Catálogo de Escolas - agosto/2024","0","-11.17108255","-61.90637211","110025405000006","-11.171705943028426","-61.9062659786424","numero_aproximado","da03","6","AVENIDA PORTO VELHO, 1445 (aprox) - CENTRO, PRESIDENTE MEDICI - RO",1,False,"110025405000006","110025405000001","-11.171705943028426","-61.9062659786424","0","70.27845038","1","36.54005779",False,True
12095,8,"2025-08-26 09:59:31-03","2025-08-26 09:59:31-03","0101000020E6100000D4C3865DCAF24EC01428BDCA355826C0","0101000020E6100000D4C3865DCAF24EC01428BDCA355826C0",11018950,2024,"RO",1100254,"Presidente Médici","Presidente Médici",110025405,"EEEFM PRESIDENTE EMILIO GARRASTAZU MEDICI",1,0,"RUA VALDEMAR FERNANDES DA SILVA","3532","ESCOLA","LINO ALVES TEIXEIRA","76916000","Catálogo de Escolas - agosto/2024","0","-11.1722854","-61.8968007","110025405000043","-11.171883583068848","-61.8966064453125","numero","dn03","6","RUA VALDEMAR FERNANDES DA SILVA, 3532 - LINO ALVES TEIXEIRA, PRESIDENTE MEDICI - RO, 76916-000",1,False,"110025405000043","110025405000043","-11.171883583068848","-61.8966064453125","0","49.45057907","1","0",True,NULL
12097,8,"2025-08-26 09:59:31-03","2025-08-26 09:59:31-03","0101000020E6100000B4B065012CF44EC079166B559E5826C0","0101000020E6100000B4B065012CF44EC079166B559E5826C0",11038233,2024,"RO",1100254,"Presidente Médici","Presidente Médici",110025405,"EMEI PRIMEIROS TRACOS",1,0,"AV JI-PARANA","1191",NULL,"CENTRO","76916000","Catálogo de Escolas - agosto/2024","0","-11.17308299","-61.90759294","110025405000001","-11.172991752624512","-61.907344818115234","numero","pn03","6","AVENIDA JI PARANA, 1191 - CENTRO, PRESIDENTE MEDICI - RO, 76916-000",1,False,"110025405000001","110025405000001","-11.172991752624512","-61.907344818115234","0","28.9058265","1","0",True,NULL
12103,8,"2025-08-26 09:59:31-03","2025-08-26 09:59:31-03","0101000020E6100000E56A1ACA3FF44EC0902111644E5926C0","0101000020E6100000E56A1ACA3FF44EC0902111644E5926C0",11000422,2024,"RO",1100254,"Presidente Médici","Presidente Médici",110025405,"ESCOLA MUNICIPAL DE EDUCACAO INFANTIL PINGO DE GENTE",1,0,"AVENIDA MACAPA","1077","ESCOLA","CUNHA E SILVA","76916000","Catálogo de Escolas - agosto/2024","0","-11.1744262","-61.9081967","110025405000004","-11.174367303441699","-61.908142730667635","numero_aproximado","da03","15","AVENIDA MACAPA, 1077 (aprox) - CUNHA E SILVA, PRESIDENTE MEDICI - RO",1,False,"110025405000004","110025405000004","-11.174367303441699","-61.908142730667635","0","8.80627257","1","0",True,NULL
12106,8,"2025-08-26 09:59:31-03","2025-08-26 09:59:31-03","0101000020E610000029AE2AFBAEAA4EC00962EAF8795926C0","0101000020E610000029AE2AFBAEAA4EC00962EAF8795926C0",11026766,2024,"RO",1100049,"Cacoal","Cacoal",110004905,"EMEIEF MARIA MONTESSORI",2,0,"LINHA 10 GLEBA 10 LOTE 58",NULL,NULL,"AREA RURAL DE CACOAL","76968899","Catálogo de Escolas - agosto/2024","0","-11.1747587","-61.333465","110004910000012","-11.42610274649168","-61.43974563849753","municipio","dm01","25582","CACOAL - RO",31022,False,"110004910000012","110004905000046","-11.42610274649168","-61.43974563849753","0","30255.61913158","1","21767.3641492",False,False
12121,8,"2025-08-26 09:59:31-03","2025-08-26 09:59:31-03","0101000020E6100000CB38FC242DF44EC0237722D2805B26C0","0101000020E6100000CB38FC242DF44EC0237722D2805B26C0",11018089,2024,"RO",1100254,"Presidente Médici","Presidente Médici",110025405,"EEEFM CARLOS DRUMOND DE ANDRADE",1,0,"RUA MARINGA","2340","ESCOLA","CUNHA E SILVA","76916000","Catálogo de Escolas - agosto/2024","0","-11.1787172","-61.9076277","110025405000059","-11.178563117980957","-61.90776062011719","numero","dn03","6","RUA MARINGA, 2340 - CUNHA E SILVA, PRESIDENTE MEDICI - RO, 76916-000",1,False,"110025405000059","110025405000004","-11.178563117980957","-61.90776062011719","0","22.44515656","1","2.49176047",False,True
12128,8,"2025-08-26 09:59:31-03","2025-08-26 09:59:31-03","0101000020E610000092D15C024BF44EC0836E8A22FF5B26C0","0101000020E610000092D15C024BF44EC0836E8A22FF5B26C0",11017872,2024,"RO",1100254,"Presidente Médici","Presidente Médici",110025405,"EMEF PROF LUIZ CAPILLA",1,0,"RUA CARLOS GOMES","2251",NULL,"CUNHA E SILVA","76916000","Catálogo de Escolas - agosto/2024","0","-11.1796809","-61.9085391","110025405000059","-11.17534415200846","-61.90861033509109","localidade","db01","980","CUNHA E SILVA, PRESIDENTE MEDICI - RO",1590,False,"110025405000059","110025405000004","-11.17534415200846","-61.90861033509109","0","482.28764484","1","360.87256668",False,True
12175,8,"2025-08-26 09:59:31-03","2025-08-26 09:59:31-03","0101000020E6100000787874C872164FC0580F4EFA316026C0","0101000020E6100000787874C872164FC0580F4EFA316026C0",11023309,2024,"RO",1100346,"Alvorada D'Oeste","Tancredópolis",110034625,"EMEIF HUMBERTO DE CAMPOS",1,0,"AVENIDA FERREIRA MARTINS","S/N","DISTRITO","TANCREDOPOIS6","76930000","Catálogo de Escolas - agosto/2024","0","-11.1878813","-62.1753779","110034625000001","-11.343416283021984","-62.32021575191385","municipio","dm01","23978","ALVORADA D'OESTE - RO",1571,False,"110034625000001","110034605000042","-11.343416283021984","-62.32021575191385","0","23421.94383552","1","22905.02311149",False,False
12184,8,"2025-08-26 09:59:31-03","2025-08-26 09:59:31-03","0101000020E61000004591FF136D3E4FC08EC4701A476126C0","0101000020E61000004591FF136D3E4FC08EC4701A476126C0",11023473,2024,"RO",1101708,"Urupá","Urupá",110170805,"EMEIF NOVA ESTRELA",2,0,"LINHA 16 DISTRITO DE NOVA ALINCA",NULL,"DISTRITO NOVAALIANCA",NULL,"76929000","Catálogo de Escolas - agosto/2024","0","-11.1899956","-62.4877038","110170805000020","-11.122615394217771","-62.364226813403285","municipio","dm01","7951","URUPA - RO",751,False,"110170805000020","110170805000024","-11.122615394217771","-62.364226813403285","0","15414.00934618","1","14724.29787338",False,False
12204,8,"2025-08-26 09:59:31-03","2025-08-26 09:59:31-03","0101000020E61000006E6699EA6EC24EC07554DA87616426C0","0101000020E61000006E6699EA6EC24EC07554DA87616426C0",11031298,2024,"RO",1101203,"Ministro Andreazza","Ministro Andreazza",110120305,"EEEFM NILO COELHO",1,0,"RUA JOANA DARC","3329","ESCOLA NILO COELHO","CENTRO","76919000","Catálogo de Escolas - agosto/2024","0","-11.1960566","-61.5190099","110120305000022","-11.196999456751065","-61.517383263054796","localidade","db01","621","CENTRO, MINISTRO ANDREAZZA - RO",669,False,"110120305000022","110120305000002","-11.196999456751065","-61.517383263054796","0","206.09113586","1","11.57134684",False,True
12205,8,"2025-08-26 09:59:31-03","2025-08-26 09:59:31-03","0101000020E6100000CD2C684797A64EC04D6044C8666426C0","0101000020E6100000CD2C684797A64EC04D6044C8666426C0",11041250,2024,"RO",1100049,"Cacoal","Cacoal",110004905,"EIEEFM NOA SURUI",2,2,"TERRA INDIGENA SETE DE SETEMBRO, LINHA 11, ALDEIA AMARAL","S/N","SEDUC/CRE - CACOAL","AREA RURAL DE CACOAL","76968899","Catálogo de Escolas - agosto/2024","0","-11.1960966666667","-61.3014916666667","110004910000030","-11.42610274649168","-61.43974563849753","municipio","dm01","25582","CACOAL - RO",31022,False,"110004910000030","110004905000046","-11.42610274649168","-61.43974563849753","0","29687.54944468","1","28985.0347639",False,False
12206,8,"2025-08-26 09:59:31-03","2025-08-26 09:59:31-03","0101000020E6100000DFC4909C4CC24EC0EF8CB62A896426C0","0101000020E6100000DFC4909C4CC24EC0EF8CB62A896426C0",11087803,2024,"RO",1101203,"Ministro Andreazza","Ministro Andreazza",110120305,"EIEEF NAGAXIP SURUI",2,2,"TERRA INDIGENA SETE DE SETEMBRO, ALDEIA PAYAMAH, LINHA 07","S/N","CRE - CACOAL","CENTRO","76919000","Coordenadas Sede do Município","3","-11.196359","-61.517963","110120305000022","-11.196999456751065","-61.517383263054796","localidade","db01","621","CENTRO, MINISTRO ANDREAZZA - RO",669,False,"110120305000022","110120305000002","-11.196999456751065","-61.517383263054796","0","95.23956597","1","11.57134684",False,True
12209,8,"2025-08-26 09:59:31-03","2025-08-26 09:59:31-03","0101000020E61000005397E71C97C24EC0A6796C70C76426C0","0101000020E61000005397E71C97C24EC0A6796C70C76426C0",11048816,2024,"RO",1101203,"Ministro Andreazza","Ministro Andreazza",110120305,"ESCOLA MUNICIPAL PROINFANCIA PEQUENO ANJO",1,0,"RUA BAHIA","5701","AO LADO DO BOSQUE","CENTRO","76919000","Catálogo de Escolas - agosto/2024","0","-11.1968341","-61.5202366","110120305000022","-11.196785926818848","-61.52009201049805","numero","dn03","6","RUA BAHIA, 5701 - CENTRO, MINISTRO ANDREAZZA - RO, 76919-000",1,False,"110120305000022","110120305000022","-11.196785926818848","-61.52009201049805","0","16.65645061","1","0",True,NULL
12212,8,"2025-08-26 09:59:31-03","2025-08-26 09:59:31-03","0101000020E6100000460BD0B69AC24EC0686215CA1D6526C0","0101000020E6100000460BD0B69AC24EC0686215CA1D6526C0",11042630,2024,"RO",1101203,"Ministro Andreazza","Ministro Andreazza",110120305,"EPMEF CECILIA MEIRELES",1,0,"RUA BAHIA","5635",NULL,"CENTRO","76919000","Catálogo de Escolas - agosto/2024","0","-11.1974929","-61.5203465","110120305000022","-11.197505950927734","-61.520023345947266","numero","dn03","6","RUA BAHIA, 5635 - CENTRO, MINISTRO ANDREAZZA - RO, 76919-000",1,False,"110120305000022","110120305000022","-11.197505950927734","-61.520023345947266","0","35.2789643","1","0",True,NULL
12213,8,"2025-08-26 09:59:31-03","2025-08-26 09:59:31-03","0101000020E61000000F2BDCF291C24EC0697407B1336526C0","0101000020E61000000F2BDCF291C24EC0697407B1336526C0",11037431,2024,"RO",1101203,"Ministro Andreazza","Ministro Andreazza",110120305,"EMEIEF BALAO MAGICO",1,0,"RUA BAHIA","5591","PREDIO","CENTRO","76919000","Catálogo de Escolas - agosto/2024","0","-11.19766","-61.520079","110120305000022","-11.197832107543945","-61.51993942260742","numero","dn03","6","RUA BAHIA, 5591 - CENTRO, MINISTRO ANDREAZZA - RO, 76919-000",1,False,"110120305000022","110120305000022","-11.197832107543945","-61.51993942260742","0","24.45486869","1","0",True,NULL
12224,8,"2025-08-26 09:59:31-03","2025-08-26 09:59:31-03","0101000020E610000080CB3D3747A64EC09C508880436826C0","0101000020E610000080CB3D3747A64EC09C508880436826C0",11049456,2024,"RO",1100049,"Cacoal","Cacoal",110004905,"EIEEF KABANEY",2,2,"TERRA INDIGENA SETE DE SETEMBRO, LINHA 11 ALDEIA JOAQUIM","S/N","CRE-CACOAL","AREA RURAL DE CACOAL","76968899","Catálogo de Escolas - agosto/2024","0","-11.20364","-61.2990483333333","110004910000037","-11.42610274649168","-61.43974563849753","municipio","dm01","25582","CACOAL - RO",31022,False,"110004910000037","110004905000046","-11.42610274649168","-61.43974563849753","0","29107.49661702","1","27681.45389406",False,False
12229,8,"2025-08-26 09:59:31-03","2025-08-26 09:59:31-03","0101000020E6100000020054A4665450C0E7FF8708496A26C0","0101000020E6100000020054A4665450C0E7FF8708496A26C0",11006390,2024,"RO",1100106,"Guajará-Mirim","Guajará-Mirim",110010605,"EIEEF PEDRO AZZI",2,2,"ALDEIA DEOLINDA","KM.90","RIO MAMORE","ALDEIA DEOLINDA","76850000","Catálogo de Escolas - agosto/2024","0","-11.2075884500518","-65.3187647648156","110010605000114","-10.80796661118521","-65.27934931416578","municipio","dm01","122291","GUAJARA-MIRIM - RO",13518,False,"110010605000114","110010605000066","-10.80796661118521","-65.27934931416578","0","44643.75731753","1","43597.23705903",False,False
12230,8,"2025-08-26 09:59:31-03","2025-08-26 09:59:31-03","0101000020E6100000A58A3D0F49CF4EC0ED9925016A6A26C0","0101000020E6100000A58A3D0F49CF4EC0ED9925016A6A26C0",11031352,2024,"RO",1101203,"Ministro Andreazza","Ministro Andreazza",110120305,"EPMEIEF QUINTINO BOCAIUVA",2,0,"LINHA DOIS KM 18",NULL,NULL,NULL,"76919000","Catálogo de Escolas - agosto/2024","0","-11.20784","-61.6194171","110120305000007","-11.151995294934862","-61.53133239136352","municipio","dm01","17431","MINISTRO ANDREAZZA - RO",1053,False,"110120305000007","110120305000013","-11.151995294934862","-61.53133239136352","0","11440.596501","1","7863.40595477",False,False
12256,8,"2025-08-26 09:59:31-03","2025-08-26 09:59:31-03","0101000020E6100000679B1BD313A64EC00C005FF7437126C0","0101000020E6100000679B1BD313A64EC00C005FF7437126C0",11027207,2024,"RO",1100049,"Cacoal","Cacoal",110004905,"EIEEFM TANCREDO NEVES",2,2,"TERRA INDIGENA SETE DE SETEMBRO, LINHA 11, ALDEIA LAPETANHA","S/N","CRE CACOAL","AREA RURAL DE CACOAL","76968899","Catálogo de Escolas - agosto/2024","0","-11.2212216666667","-61.29748","110004910000038","-11.42610274649168","-61.43974563849753","municipio","dm01","25582","CACOAL - RO",31022,False,"110004910000038","110004905000046","-11.42610274649168","-61.43974563849753","0","27561.00454813","1","26053.73314025",False,False
12257,8,"2025-08-26 09:59:31-03","2025-08-26 09:59:31-03","0101000020E610000059951E60C0974EC0D3F4E31C627126C0","0101000020E610000059951E60C0974EC0D3F4E31C627126C0",11027142,2024,"RO",1100049,"Cacoal","Cacoal",110004905,"EIEEFM SERTANISTA JOSE DO CARMO SANTANA",2,2,"TERRA INDIGENA SETE DE SETEMBRO, LINHA 014, ALDEIA GAPGIR","S/N","END. DA CRE CACOAL","AREA RURAL DE CACOAL","76968899","Catálogo de Escolas - agosto/2024","0","-11.2214516666667","-61.1855583333333","110004910000027","-11.42610274649168","-61.43974563849753","municipio","dm01","25582","CACOAL - RO",31022,False,"110004910000027","110004905000046","-11.42610274649168","-61.43974563849753","0","35859.70100581","1","34083.77264252",False,False
12259,8,"2025-08-26 09:59:31-03","2025-08-26 09:59:31-03","0101000020E6100000DF008E9834354FC054F8D802E77126C0","0101000020E6100000DF008E9834354FC054F8D802E77126C0",11023490,2024,"RO",1100346,"Alvorada D'Oeste","Alvorada D'Oeste",110034605,"EMEIF NOVO DESTINO",2,0,"LINHA 14-SETOR REDENCAO-KM 25-GLEBA 07 A","S/N","KM 25-LOTE21","ZONA RURAL","76930000","Catálogo de Escolas - agosto/2024","0","-11.2224656","-62.4156676","110034605000021","-11.343416283021984","-62.32021575191385","municipio","dm01","23978","ALVORADA D'OESTE - RO",1571,False,"110034605000021","110034605000042","-11.343416283021984","-62.32021575191385","0","17006.42976324","1","7083.64048039",False,True
12261,8,"2025-08-26 09:59:31-03","2025-08-26 09:59:31-03","0101000020E610000054F6A79E16434FC0BA55C675427226C0","0101000020E610000054F6A79E16434FC0BA55C675427226C0",11000589,2024,"RO",1100346,"Alvorada D'Oeste","Alvorada D'Oeste",110034605,"EMEIF SENADOR DARCY RIBEIR0",2,1,"LINHA 17 ASSENTAMENTO MARTIM PECADOR","SN","AREA RURAL",NULL,"76930000","Catálogo de Escolas - agosto/2024","0","-11.2231633","-62.5241278","110034605000020","-11.343416283021984","-62.32021575191385","municipio","dm01","23978","ALVORADA D'OESTE - RO",1571,False,"110034605000020","110034605000042","-11.343416283021984","-62.32021575191385","0","25946.62261968","1","19531.161164",False,False
12293,8,"2025-08-26 09:59:31-03","2025-08-26 09:59:31-03","0101000020E610000017784D35A0A14EC06F7A210A537926C0","0101000020E610000017784D35A0A14EC06F7A210A537926C0",11027134,2024,"RO",1100049,"Cacoal","Cacoal",110004905,"EIEEFM SERTANISTA FRANCISCO MEIRELES",2,2,"AREA RURAL",NULL,"SEDUC/CRE CACOAL","AREA RURAL DE CACOAL","76968899","Catálogo de Escolas - agosto/2024","0","-11.2369616666667","-61.26270166666671","110004910000029","-11.42610274649168","-61.43974563849753","municipio","dm01","25582","CACOAL - RO",31022,False,"110004910000029","110004905000046","-11.42610274649168","-61.43974563849753","0","28546.78415207","1","27561.88963231",False,False
12315,8,"2025-08-26 09:59:31-03","2025-08-26 09:59:31-03","0101000020E61000002E56D4601AA64EC0EB909BE1067C26C0","0101000020E61000002E56D4601AA64EC0EB909BE1067C26C0",11041234,2024,"RO",1100049,"Cacoal","Cacoal",110004905,"EIEEF PAITEREY",2,2,"TERRA INDIGENA SETE DE SETEMBRO, ALDEIA LOBO, LINHA 11","S/N","CRE - CACOAL","AREA RURAL DE CACOAL","76968899","Catálogo de Escolas - agosto/2024","0","-11.24224","-61.29768","110004910000039","-11.42610274649168","-61.43974563849753","municipio","dm01","25582","CACOAL - RO",31022,False,"110004910000039","110004905000046","-11.42610274649168","-61.43974563849753","0","25649.35563499","1","24768.39013807",False,False
12392,8,"2025-08-26 09:59:31-03","2025-08-26 09:59:31-03","0101000020E6100000DD0720B589AF4EC0179B560A818426C0","0101000020E6100000DD0720B589AF4EC0179B560A818426C0",11051167,2024,"RO",1100049,"Cacoal","Cacoal",110004905,"EIEEFM SOESAME IKINAH",2,2,"ALDEIA NAPDJAN SURUI LINHA 09 TERRA INDIGENA SETE DE SETEMBRO","S/N","CRE/CACOAL","ZONA RURAL","76968899","Google 2025","1","-11.258797","-61.37139","110004910000007","-11.42610274649168","-61.43974563849753","municipio","dm01","25582","CACOAL - RO",31022,False,"110004910000007","110004905000046","-11.42610274649168","-61.43974563849753","0","20040.7253221","1","10052.91633186",False,False
12412,8,"2025-08-26 09:59:31-03","2025-08-26 09:59:31-03","0101000020E61000009EC59CB179AF4EC0D3D457FC4B8726C0","0101000020E61000009EC59CB179AF4EC0D3D457FC4B8726C0",11026936,2024,"RO",1100049,"Cacoal","Cacoal",110004905,"EMEIEF PEDRO ALVARES CABRAL",2,0,"LINHA 9 GLEBA 9 LOTE 52",NULL,NULL,"ZONA RURAL","76960970","Catálogo de Escolas - agosto/2024","0","-11.2642516","-61.3709013","110004910000007","-11.42610274649168","-61.43974563849753","municipio","dm01","25582","CACOAL - RO",31022,False,"110004910000007","110004905000046","-11.42610274649168","-61.43974563849753","0","19499.41979013","1","10052.91633186",False,False
12450,8,"2025-08-26 09:59:31-03","2025-08-26 09:59:31-03","0101000020E6100000E6DBCC32D5104FC0428BB674168B26C0","0101000020E6100000E6DBCC32D5104FC0428BB674168B26C0",11048441,2024,"RO",1100254,"Presidente Médici","Presidente Médici",110025405,"EEEFM IRMA DOROTHY MAE STANG",2,1,"6ª LINHA ASSENTAMENTO CHICO MENDES III AGROVILA 08","S/N",NULL,"ZONA RURAL","76916000","Catálogo de Escolas - agosto/2024","0","-11.2716557","-62.1315063","110025430000005","-11.176016041995444","-61.90073293831367","municipio","dm01","28349","PRESIDENTE MEDICI - RO",7813,False,"110025430000005","110025405000061","-11.176016041995444","-61.90073293831367","0","27324.50707939","1","18191.4067872",False,False
12476,8,"2025-08-26 09:59:31-03","2025-08-26 09:59:31-03","0101000020E6100000927B99ACFAA54EC0E7B3F281D38D26C0","0101000020E6100000927B99ACFAA54EC0E7B3F281D38D26C0",11026812,2024,"RO",1100049,"Cacoal","Cacoal",110004905,"EMEIEF MONTEIRO LOBATO",2,0,"AREA RURAL",NULL,NULL,"AREA RURAL DE CACOAL","76968899","Catálogo de Escolas - agosto/2024","0","-11.2770043","-61.29671247","110004910000016","-11.42610274649168","-61.43974563849753","municipio","dm01","25582","CACOAL - RO",31022,False,"110004910000016","110004905000046","-11.42610274649168","-61.43974563849753","0","22760.04125975","1","17154.71592951",False,False
12486,8,"2025-08-26 09:59:31-03","2025-08-26 09:59:31-03","0101000020E6100000010030B110FE4EC0FAFF8FBE189126C0","0101000020E6100000010030B110FE4EC0FAFF8FBE189126C0",11046430,2024,"RO",1100254,"Presidente Médici","Presidente Médici",110025405,"EMMEIEF FLORESTAN FERNANDES",2,1,"ASSENTAMENTO CHICO MENDES 4 LINHA AGROVILA III",NULL,"ASSENTAMENTO",NULL,"76916000","Catálogo de Escolas - agosto/2024","0","-11.2833919096738","-61.984884403646","110025430000003","-11.176016041995444","-61.90073293831367","municipio","dm01","28349","PRESIDENTE MEDICI - RO",7813,False,"110025430000003","110025405000061","-11.176016041995444","-61.90073293831367","0","15059.64049256","1","2801.7534711",False,False
12494,8,"2025-08-26 09:59:31-03","2025-08-26 09:59:31-03","0101000020E61000002F2F6585C7B84EC042B9C898169426C0","0101000020E61000002F2F6585C7B84EC042B9C898169426C0",11027088,2024,"RO",1100049,"Cacoal","Cacoal",110004905,"EMEIEF SANTOS DUMONT",2,0,"AREA RURAL",NULL,"LH07 GL06 KM17 LT56","AREA RURAL DE CACOAL","76968899","Catálogo de Escolas - agosto/2024","0","-11.2892349","-61.4435889","110004910000009","-11.42610274649168","-61.43974563849753","municipio","dm01","25582","CACOAL - RO",31022,False,"110004910000009","110004905000046","-11.42610274649168","-61.43974563849753","0","15224.79734924","1","11483.95431141",False,False
12560,8,"2025-08-26 09:59:31-03","2025-08-26 09:59:31-03","0101000020E61000000848EAF307E44EC0F2C3526EEC9B26C0","0101000020E61000000848EAF307E44EC0F2C3526EEC9B26C0",11018267,2024,"RO",1100254,"Presidente Médici","Estrela de Rondônia",110025415,"EEEFM EMBURANA",1,0,"RUA PADRE ROMANO","818","DISTRITO DE ESTRELA","BAIRRO","76916000","Catálogo de Escolas - agosto/2024","0","-11.3045382","-61.7814927","110025415000001","-11.08178424835205","-61.65399169921874","numero_aproximado","da04","6","RUA PADRE ROMANO, 818 (aprox) - NOVO RIACHUELO, PRESIDENTE MEDICI - RO",1,True,"110025415000001","110025420000001","-11.079562497129134","-61.787851150326716","14609.11741735","28406.64038193","1","27758.99231358",False,False
12584,8,"2025-08-26 09:59:31-03","2025-08-26 09:59:31-03","0101000020E61000002A79D047F4974EC0711C78B5DC9D26C0","0101000020E61000002A79D047F4974EC0711C78B5DC9D26C0",11026367,2024,"RO",1100049,"Cacoal","Divinópolis",110004915,"EMEIEF DR JOAO DE DEUS SIMPLICIO",2,0,"AREA RURAL","LINHA 14","LOTE 33, GLEBA 13","AREA RURAL DE CACOAL","76968899","Catálogo de Escolas - agosto/2024","0","-11.3083245","-61.18714235","110004915000004","-11.42610274649168","-61.43974563849753","municipio","dm01","25582","CACOAL - RO",31022,False,"110004915000004","110004905000046","-11.42610274649168","-61.43974563849753","0","30492.87494225","1","30205.69888454",False,False
12642,8,"2025-08-26 09:59:31-03","2025-08-26 09:59:31-03","0101000020E6100000F3542C239A234FC079CFDC9E7BAA26C0","0101000020E6100000F3542C239A234FC079CFDC9E7BAA26C0",11023430,2024,"RO",1100346,"Alvorada D'Oeste","Alvorada D'Oeste",110034605,"EEEF MONTE ALEGRE",1,0,"AVENIDA CENTRAL","5430","PREDIO PROPRIO","ALTO ALEGRE","76930000","Catálogo de Escolas - agosto/2024","0","-11.3329744","-62.2781414","110034605000040","-11.343416283021984","-62.32021575191385","municipio","dm01","23978","ALVORADA D'OESTE - RO",1571,False,"110034605000040","110034605000042","-11.343416283021984","-62.32021575191385","0","4731.81926734","1","4458.43485544",False,False
12645,8,"2025-08-26 09:59:31-03","2025-08-26 09:59:31-03","0101000020E6100000FEFFD3CE9F5250C0FEFF376BC8AA26C0","0101000020E6100000FEFFD3CE9F5250C0FEFF376BC8AA26C0",11091800,2024,"RO",1100106,"Guajará-Mirim","Guajará-Mirim",110010605,"EIEEF LEONEL BUANGA CANOE",2,2,"ALDEIA BARRANQUILHA, RIO MAMORE","KM.120","RIO MAMORE","ALDEIA BARRANQUILHA","76850000","Catálogo de Escolas - agosto/2024","0","-11.333560324274","-65.2910039015114","110010605000112","-10.80796661118521","-65.27934931416578","municipio","dm01","122291","GUAJARA-MIRIM - RO",13518,False,"110010605000112","110010605000066","-10.80796661118521","-65.27934931416578","0","58457.2714021","1","57611.53482836",False,False
12699,8,"2025-08-26 09:59:31-03","2025-08-26 09:59:31-03","0101000020E610000029869AD7C7244FC04523449EC9AF26C0","0101000020E610000029869AD7C7244FC04523449EC9AF26C0",11049510,2024,"RO",1100346,"Alvorada D'Oeste","Alvorada D'Oeste",110034605,"CEI CRIANCA FELIZ",1,0,"AV. SARGENTO MARIO NOGUEIRA VAZ","5253","PREDIO","CENTRO","76930000","Catálogo de Escolas - agosto/2024","0","-11.3433351","-62.2873487","110034605000011","-11.347957917075744","-62.2862224408862","localidade","db01","714","CENTRO, ALVORADA D'OESTE - RO",591,False,"110034605000011","110034605000008","-11.347957917075744","-62.2862224408862","0","528.49614002","1","237.80784341",False,True
12701,8,"2025-08-26 09:59:31-03","2025-08-26 09:59:31-03","0101000020E6100000580229B16B174FC0201ED324C2B026C0","0101000020E6100000580229B16B174FC0201ED324C2B026C0",11023554,2024,"RO",1100346,"Alvorada D'Oeste","Alvorada D'Oeste",110034605,"EMEIF RAPOSO TAVARES",2,0,"LINHA 44 KM 08","S/N","ESCOLA RAPOSO TAVARE","AREA RURAL","76930000","Catálogo de Escolas - agosto/2024","0","-11.3452312","-62.182974","110034605000015","-11.343416283021984","-62.32021575191385","municipio","dm01","23978","ALVORADA D'OESTE - RO",1571,False,"110034605000015","110034605000042","-11.343416283021984","-62.32021575191385","0","14963.81851159","1","7766.40530273",False,False
12713,8,"2025-08-26 09:59:31-03","2025-08-26 09:59:31-03","0101000020E6100000D5CA845FEA234FC09E4DFD721CB226C0","0101000020E6100000D5CA845FEA234FC09E4DFD721CB226C0",11040750,2024,"RO",1100346,"Alvorada D'Oeste","Alvorada D'Oeste",110034605,"APAE ALVORADA DO OESTE",1,0,"AVENIDA SARGENTO MARIO NOGUEIRA VAZ","4461","CASA","CENTRO","76930000","Catálogo de Escolas - agosto/2024","0","-11.3478733","-62.28059","110034605000034","-11.347957917075744","-62.2862224408862","localidade","db01","714","CENTRO, ALVORADA D'OESTE - RO",591,False,"110034605000034","110034605000008","-11.347957917075744","-62.2862224408862","0","614.12791662","1","389.88867931",False,False
12716,8,"2025-08-26 09:59:31-03","2025-08-26 09:59:31-03","0101000020E6100000A2197A7A5B244FC068F9CB3857B226C0","0101000020E6100000A2197A7A5B244FC068F9CB3857B226C0",11023678,2024,"RO",1100346,"Alvorada D'Oeste","Alvorada D'Oeste",110034605,"EEEFM SANTA ANA",1,0,"RUA ECA DE QUEIROZ","4681","ESCOLA","CENTRO","76930000","Catálogo de Escolas - agosto/2024","0","-11.3483217","-62.2840417","110034605000010","-11.348469734191895","-62.28416442871094","numero","dn03","6","RUA ECA DE QUEIROZ, 4681 - CENTRO, ALVORADA D'OESTE - RO, 76930-000",1,False,"110034605000010","110034605000010","-11.348469734191895","-62.28416442871094","0","21.21269982","1","0",True,NULL
12725,8,"2025-08-26 09:59:31-03","2025-08-26 09:59:31-03","0101000020E6100000A6F10BAF24254FC072FFECA243B326C0","0101000020E6100000A6F10BAF24254FC072FFECA243B326C0",11023023,2024,"RO",1100346,"Alvorada D'Oeste","Alvorada D'Oeste",110034605,"CEEJA EUCLIDES DA CUNHA",1,0,"RUA MONTEIRO LOBATO","5059","PREDIO","CENTRO","76930000","Catálogo de Escolas - agosto/2024","0","-11.3501254","-62.290182","110034605000007","-11.353190563143334","-62.28717741163333","numero_aproximado","da03","6","RUA MONTEIRO LOBATO, 5059 (aprox) - CENTRO, ALVORADA D'OESTE - RO",1,False,"110034605000007","110034605000004","-11.353190563143334","-62.28717741163333","0","472.71681784","1","426.71268796",False,False
12727,8,"2025-08-26 09:59:31-03","2025-08-26 09:59:31-03","0101000020E6100000D031D6EDA2244FC0F51FE39BB7B326C0","0101000020E6100000D031D6EDA2244FC0F51FE39BB7B326C0",11023708,2024,"RO",1100346,"Alvorada D'Oeste","Alvorada D'Oeste",110034605,"EMEIF BRANCA DE NEVE",1,0,"AV.SETE DE SETEMBRO","4922","PREDIO","CENTRO","76930000","Catálogo de Escolas - agosto/2024","0","-11.3510102","-62.2862222","110034605000004","-11.351048425041897","-62.28563292817431","numero_aproximado","da03","6","AVENIDA SETE DE SETEMBRO, 4922 (aprox) - CENTRO, ALVORADA D'OESTE - RO",1,False,"110034605000004","110034605000004","-11.351048425041897","-62.28563292817431","0","64.38291564","1","0",True,NULL
12735,8,"2025-08-26 09:59:31-03","2025-08-26 09:59:31-03","0101000020E61000004A6C2D82B5254FC0EF2719EF7DB426C0","0101000020E61000004A6C2D82B5254FC0EF2719EF7DB426C0",11023660,2024,"RO",1100346,"Alvorada D'Oeste","Alvorada D'Oeste",110034605,"EEEFM JOAQUIM XAVIER DE OLIVEIRA",1,0,"RUA CARLOS CHAGAS","5158","PREDIO","CIDADE ALTA","76930000","Catálogo de Escolas - agosto/2024","0","-11.3525233","-62.2946017","110034605000006","-11.356123629295077","-62.29046044526119","numero_aproximado","da04","6","RUA CARLOS CHAGAS, 5158 (aprox) - CACHIMBO DE OURO, ALVORADA D'OESTE - RO",1,False,"110034605000006","110034605000004","-11.356123629295077","-62.29046044526119","0","603.4075237","1","394.93919688",False,False
12748,8,"2025-08-26 09:59:31-03","2025-08-26 09:59:31-03","0101000020E610000041B6D1A524564EC0A9184229B5B626C0","0101000020E610000041B6D1A524564EC0A9184229B5B626C0",11028033,2024,"RO",1100098,"Espigão D'Oeste","Espigão D'Oeste",110009805,"EIEEFM PICHUVY CINTA LARGA",2,2,"ALDEIA 14 DE ABRIL KM 70",NULL,NULL,"ZONA RURAL","76974000","Catálogo de Escolas - agosto/2024","0","-11.3568509","-60.6729934","110009805000051","-11.521126353132942","-60.99193420067549","municipio","dm01","42953","ESPIGAO D'OESTE - RO",11955,False,"110009805000051","110009805000022","-11.521126353132942","-60.99193420067549","0","39267.53754528","1","36913.14045741",False,False
12754,8,"2025-08-26 09:59:31-03","2025-08-26 09:59:31-03","0101000020E61000006281542F64244FC00D3A7C2D43B726C0","0101000020E61000006281542F64244FC00D3A7C2D43B726C0",11056800,2024,"RO",1100346,"Alvorada D'Oeste","Alvorada D'Oeste",110034605,"CRECHE MUNICIPAL FATIMA MOROSKOSKI DE AZEVEDO",1,0,"AV. 9 DE JULHO","4501","PREDIO","CTG","76930000","Catálogo de Escolas - agosto/2024","0","-11.3579344","-62.2843074","110034605000039","-11.355745293084803","-62.282751467733554","numero_aproximado","da04","6","AVENIDA 9 DE JULHO, 4501 (aprox) - TRES PODERES, ALVORADA D'OESTE - RO",1,True,"110034605000039","110034605000002","-11.354686725827069","-62.28168602134237","165.36821867","296.68960231","1","138.93426122",False,True
12756,8,"2025-08-26 09:59:31-03","2025-08-26 09:59:31-03","0101000020E6100000FC6200F26F244FC0A97812C770B726C0","0101000020E6100000FC6200F26F244FC0A97812C770B726C0",11057807,2024,"RO",1100346,"Alvorada D'Oeste","Alvorada D'Oeste",110034605,"EMEF PROFESSORA MATILDE DUTRA ROZO",1,0,"AVENIDA 09 DE JULHO","4425","PREDIO","CTG","76930000","Catálogo de Escolas - agosto/2024","0","-11.3582823","-62.2846663","110034605000039","-11.355713187227467","-62.28271654355984","numero_aproximado","da04","6","AVENIDA 9 DE JULHO, 4425 (aprox) - TRES PODERES, ALVORADA D'OESTE - RO",1,True,"110034605000039","110034605000002","-11.3546706728984","-62.28166855925551","162.7605697","356.07563604","1","144.13721064",False,True
12803,8,"2025-08-26 09:59:31-03","2025-08-26 09:59:31-03","0101000020E61000001887E93180924EC0632AFD84B3BF26C0","0101000020E61000001887E93180924EC0632AFD84B3BF26C0",11026294,2024,"RO",1100049,"Cacoal","Cacoal",110004905,"EMEIEF CRUZEIRO DO NORTE",2,0,"AREA RURAL LINHA 21, GLEBA 13, LOTE 48",NULL,NULL,"AREA RURAL DE CACOAL","76968899","Catálogo de Escolas - agosto/2024","0","-11.3744165","-61.1445372","110004910000024","-11.42610274649168","-61.43974563849753","municipio","dm01","25582","CACOAL - RO",31022,False,"110004910000024","110004905000046","-11.42610274649168","-61.43974563849753","0","32687.30396935","1","29661.5563469",False,False
12939,8,"2025-08-26 09:59:31-03","2025-08-26 09:59:31-03","0101000020E6100000580BA2A476604EC07567DC8AB3D026C0","0101000020E6100000580BA2A476604EC07567DC8AB3D026C0",11027886,2024,"RO",1100098,"Espigão D'Oeste","Flor da Serra",110009815,"EMIEEF MARIA ROSA DE OLIVEIRA",2,0,"LINHA 14 DE ABRIL, GLEBA 24, KM 45, SETOR 14 DE ABRIL","S/N","ZONA RURAL","ZONA RURAL","76974000","Catálogo de Escolas - agosto/2024","0","-11.4076198","-60.7536207","110009815000001","-11.521126353132942","-60.99193420067549","municipio","dm01","42953","ESPIGAO D'OESTE - RO",11955,False,"110009815000001","110009805000022","-11.521126353132942","-60.99193420067549","0","28875.07794707","1","28604.80199086",False,False
12973,8,"2025-08-26 09:59:31-03","2025-08-26 09:59:31-03","0101000020E6100000B1581EFF60BC4EC0E93B09B65BD426C0","0101000020E6100000B1581EFF60BC4EC0E93B09B65BD426C0",11048000,2024,"RO",1100049,"Cacoal","Cacoal",110004905,"CENTRO MUNICIPAL DE EDUCACAO INFANTIL JOSINO BRITO",1,0,"RUA PROFESSOR IRIS JOSE DUARTE","3513",NULL,"JOSINO BRITO","76961520","Catálogo de Escolas - agosto/2024","0","-11.4147622","-61.4717101","110004905000131","-11.415712263041375","-61.47156316219646","numero_aproximado","pa03","6","RUA PROFESSORA IRIS JOSE DUARTE, 3513 (aprox) - JOSINO BRITO, CACOAL - RO",1,False,"110004905000131","110004905000082","-11.415712263041375","-61.47156316219646","0","106.8494321","1","5.7898427",False,True
12988,8,"2025-08-26 09:59:31-03","2025-08-26 09:59:31-03","0101000020E6100000E62FE35C79BA4EC0CB4A9352D0D526C0","0101000020E6100000E62FE35C79BA4EC0CB4A9352D0D526C0",11026499,2024,"RO",1100049,"Cacoal","Cacoal",110004905,"EEEFM GRACILIANO RAMOS",1,0,"RUA PROFESSORA MARIA LUCIA DA SILVA MILLER","2640",NULL,"RESIDENCIAL PARQUE BRIZON","76962282","Catálogo de Escolas - agosto/2024","0","-11.417605","-61.4568287","110004905000125","-11.417774200439453","-61.456764221191406","numero","pn03","6","RUA PROFESSORA MARIA LUCIA DA SILVA MILER, 2640 - RESIDENCIAL PARQUE BRIZON, CACOAL - RO, 76962-282",1,False,"110004905000125","110004905000125","-11.417774200439453","-61.456764221191406","0","20.0839924","1","0",True,NULL
12991,8,"2025-08-26 09:59:31-03","2025-08-26 09:59:31-03","0101000020E61000001471DF0FE4BB4EC0F70C970B4BD626C0","0101000020E61000001471DF0FE4BB4EC0F70C970B4BD626C0",11051205,2024,"RO",1100049,"Cacoal","Cacoal",110004905,"EMEIEF RODOLFO LUCHTENBERG",1,0,"RUA LUIZ ALVES DE ARAUJO","3873",NULL,"RESIDENCIAL PARQUE ALVORADA","76961606","Catálogo de Escolas - agosto/2024","0","-11.4185413","-61.4678974","110004905000112","-11.42610274649168","-61.43974563849753","municipio","dm01","25582","CACOAL - RO",31022,False,"110004905000112","110004905000046","-11.42610274649168","-61.43974563849753","0","3181.45196331","1","2754.92126419",False,False
12993,8,"2025-08-26 09:59:31-03","2025-08-26 09:59:31-03","0101000020E6100000A10B8FA273B74EC04BCB48BDA7D626C0","0101000020E6100000A10B8FA273B74EC04BCB48BDA7D626C0",11026464,2024,"RO",1100049,"Cacoal","Cacoal",110004905,"EEEF FREI CANECA",1,0,"RUA EITOR OZIAS SCHUNDT","3844",NULL,"VILLAGE DO SOL II","76964451","Catálogo de Escolas - agosto/2024","0","-11.4192485","-61.4332164","110004905000049","-11.419053879408324","-61.43357091680384","numero_aproximado","pa03","6","RUA EITOR OZIAS SCHUINDT, 3844 (aprox) - VILLAGE DO SOL II, CACOAL - RO",1,False,"110004905000049","110004905000049","-11.419053879408324","-61.43357091680384","0","44.28759774","1","0",True,NULL
13006,8,"2025-08-26 09:59:31-03","2025-08-26 09:59:31-03","0101000020E6100000989130C2CAB74EC0985C7B551DD826C0","0101000020E6100000989130C2CAB74EC0985C7B551DD826C0",11052600,2024,"RO",1100049,"Cacoal","Cacoal",110004905,"EMEIEF ANGELA MARIA DA MATA PERDONCINI",1,0,"RUA ROSINEIA DE SOUZA","4072",NULL,"VILAGE DO SOL","76964362","Catálogo de Escolas - agosto/2024","0","-11.4220988","-61.4358752","110004905000047","-11.42610274649168","-61.43974563849753","municipio","dm01","25582","CACOAL - RO",31022,False,"110004905000047","110004905000046","-11.42610274649168","-61.43974563849753","0","613.33114376","1","206.88236421",False,True
13008,8,"2025-08-26 09:59:31-03","2025-08-26 09:59:31-03","0101000020E6100000E8F527F1B9B74EC0E97FB9162DD826C0","0101000020E6100000E8F527F1B9B74EC0E97FB9162DD826C0",11049448,2024,"RO",1100049,"Cacoal","Cacoal",110004905,"CMEI VEREADOR EXPEDITO ALVES DE MACEDO",1,0,"RUA PERIMETRAL LESTE","3401","ESCOLA","VILLAGE DO SOL","76964360","Catálogo de Escolas - agosto/2024","0","-11.422219","-61.435362","110004905000047","-11.42630344174786","-61.43925899098382","localidade","db01","308","VILLAGE DO SOL, CACOAL - RO",484,False,"110004905000047","110004905000046","-11.42630344174786","-61.43925899098382","0","621.83202144","1","228.89952961",False,True
13011,8,"2025-08-26 09:59:31-03","2025-08-26 09:59:31-03","0101000020E6100000513640C461BD4EC05A89D40F45D826C0","0101000020E6100000513640C461BD4EC05A89D40F45D826C0",11043342,2024,"RO",1100049,"Cacoal","Cacoal",110004905,"EMIEF MARIA SOCORRO VIANA DE ALMEIDA",1,0,"RUA PROFESSORA ALZIRA SELLERI BARBOSA","1501",NULL,"HABITAR BRASIL","76960320","Catálogo de Escolas - agosto/2024","0","-11.4224019","-61.4795461","110004905000033","-11.42387470446135","-61.47945464284796","localidade","db01","347","HABITAR BRASIL, CACOAL - RO",20,False,"110004905000033","110004905000033","-11.42387470446135","-61.47945464284796","0","164.07169546","1","0",True,NULL
13014,8,"2025-08-26 09:59:31-03","2025-08-26 09:59:31-03","0101000020E6100000D4B0845A78BB4EC0A9AA2BFA9ED826C0","0101000020E6100000D4B0845A78BB4EC0A9AA2BFA9ED826C0",11026545,2024,"RO",1100049,"Cacoal","Cacoal",110004905,"EEEF HONORINA LUCAS DE BRITO",1,0,"RUA PADRE MANOEL DA NOBREGA","535",NULL,"NOVA ESPERANCA","76961650","Catálogo de Escolas - agosto/2024","0","-11.4230879","-61.4646104","110004905000056","-11.416048933557198","-61.387181449071164","localidade","db01","23081","NOVA ESPERANCA, CACOAL - RO",373,False,"110004905000056","110004905000169","-11.416048933557198","-61.387181449071164","0","8475.49486614","1","8340.83164977",False,False
13019,8,"2025-08-26 09:59:31-03","2025-08-26 09:59:31-03","0101000020E6100000B6B4BF5884B94EC004DE6EEE54D926C0","0101000020E6100000B6B4BF5884B94EC004DE6EEE54D926C0",11027347,2024,"RO",1100049,"Cacoal","Cacoal",110004905,"EEEMTI CLODOALDO NUNES DE ALMEIDA",1,0,"RUA PRESIDENTE MEDICI","1930","PREDIO","JARDIM CLODOALDO","76963620","Catálogo de Escolas - agosto/2024","0","-11.4244761","-61.4493514","110004905000174","-11.424838066101074","-61.44977569580078","numero","dn03","6","RUA PRESIDENTE MEDICI, 1930 - JARDIM CLODOALDO, CACOAL - RO, 76963-620",1,False,"110004905000174","110004905000174","-11.424838066101074","-61.44977569580078","0","61.30701806","1","0",True,NULL
13020,8,"2025-08-26 09:59:31-03","2025-08-26 09:59:31-03","0101000020E61000004CD98E4E82BC4EC0D285606E5AD926C0","0101000020E61000004CD98E4E82BC4EC0D285606E5AD926C0",11027002,2024,"RO",1100049,"Cacoal","Cacoal",110004905,"EMEIEF PROF AGUSTINHO GOES DE OLIVEIRA",1,0,"AVENIDA PRIMAVERA","2293",NULL,"VISTA ALEGRE","76960127","Catálogo de Escolas - agosto/2024","0","-11.42451806","-61.47272665","110004905000029","-11.424351692199707","-61.472537994384766","numero","dn04","6","AVENIDA PRIMAVERA, 2293 - JARDIM VISTA ALEGRE, CACOAL - RO",1,False,"110004905000029","110004905000029","-11.424351692199707","-61.472537994384766","0","27.65893877","1","0",True,NULL
13021,8,"2025-08-26 09:59:31-03","2025-08-26 09:59:31-03","0101000020E61000008D25AC8D31B94EC00D24FFFE5AD926C0","0101000020E61000008D25AC8D31B94EC00D24FFFE5AD926C0",11051078,2024,"RO",1100049,"Cacoal","Cacoal",110004905,"CENTRO MUNICIPAL DE ATENDIMENTO EDUCACIONAL ESPECIALIZADO EM AUTISMO",1,0,"AVENIDA PORTO VELHO","4121",NULL,"JARDIM CLODOALDO","76963737","Catálogo de Escolas - agosto/2024","0","-11.42452237","-61.44682475","110004905000174","-11.424507141113281","-61.44667053222656","numero","dn03","6","AVENIDA PORTO VELHO, 4121 - JARDIM CLODOALDO, CACOAL - RO, 76963-507",1,False,"110004905000174","110004905000174","-11.424507141113281","-61.44667053222656","0","16.89357546","1","0",True,NULL
13023,8,"2025-08-26 09:59:31-03","2025-08-26 09:59:31-03","0101000020E6100000A4E3C51DCAAA4EC068C1D54B9DD926C0","0101000020E6100000A4E3C51DCAAA4EC068C1D54B9DD926C0",11026960,2024,"RO",1100049,"Cacoal","Cacoal",110004905,"EMEIEF PRESIDENTE MEDICI",2,0,"LINHA 10, LOTE 17, GLEBA 10","S/N","ZONA RURAL","AREA RURAL DE CACOAL","76968899","Catálogo de Escolas - agosto/2024","0","-11.4250282","-61.3342931","110004910000054","-11.42610274649168","-61.43974563849753","municipio","dm01","25582","CACOAL - RO",31022,False,"110004910000054","110004905000046","-11.42610274649168","-61.43974563849753","0","11494.05278756","1","9458.92776604",False,False
13024,8,"2025-08-26 09:59:31-03","2025-08-26 09:59:31-03","0101000020E610000080D6FCF84BBB4EC0652B7986BAD926C0","0101000020E610000080D6FCF84BBB4EC0652B7986BAD926C0",11046732,2024,"RO",1100049,"Cacoal","Cacoal",110004905,"CENTRO MUNICIPAL DE EDUCACAO INFANTIL LEAOZINHO",1,0,"AVENIDA RECIFE","1147",NULL,"NOVO CACOAL","76962135","Catálogo de Escolas - agosto/2024","0","-11.4252512","-61.463256","110004905000020","-11.42799297894362","-61.45785888895415","numero_aproximado","da03","6","AVENIDA RECIFE, 1147 (aprox) - NOVO CACOAL, CACOAL - RO",1,False,"110004905000020","110004905000024","-11.42799297894362","-61.45785888895415","0","662.54813725","1","165.93767485",False,True
13026,8,"2025-08-26 09:59:31-03","2025-08-26 09:59:31-03","0101000020E61000003F8F519E79B74EC05702CEF7F8D926C0","0101000020E61000003F8F519E79B74EC05702CEF7F8D926C0",11026626,2024,"RO",1100049,"Cacoal","Cacoal",110004905,"EEEFM PAULO FREIRE",1,0,"RUA MARIA AURORA DO NASCIMENTO","1373",NULL,"TEIXEIRAO","76965522","Catálogo de Escolas - agosto/2024","0","-11.4257276","-61.433399","110004905000060","-11.425868034362793","-61.43326950073242","numero","dn03","6","RUA MARIA AURORA DO NASCIMENTO, 1373 - TEIXEIRAO, CACOAL - RO, 76965-522",1,False,"110004905000060","110004905000060","-11.425868034362793","-61.43326950073242","0","21.04901464","1","0",True,NULL
13031,8,"2025-08-26 09:59:31-03","2025-08-26 09:59:31-03","0101000020E6100000290A4F43AFB74EC01D273BEC74DA26C0","0101000020E6100000290A4F43AFB74EC01D273BEC74DA26C0",11044020,2024,"RO",1100049,"Cacoal","Cacoal",110004905,"EMEIEF PEDRO KEMPER",1,0,"RUA PADRE EZEQUIEL RAMIM","1308",NULL,"TEIXEIRAO","76965556","Catálogo de Escolas - agosto/2024","0","-11.4266733","-61.4350361","110004905000060","-11.426923767686393","-61.43530380034149","numero_aproximado","pa03","7","RUA PADRE EZEQUIEL RAMIN, 1308 (aprox) - TEIXEIRAO, CACOAL - RO",1,False,"110004905000060","110004905000060","-11.426923767686393","-61.43530380034149","0","40.33558447","1","0",True,NULL
13035,8,"2025-08-26 09:59:31-03","2025-08-26 09:59:31-03","0101000020E6100000E0F15088BEB54EC08E48CACCBBDA26C0","0101000020E6100000E0F15088BEB54EC08E48CACCBBDA26C0",11051035,2024,"RO",1100049,"Cacoal","Cacoal",110004905,"CMEI MONICA FRANCISCA DA CRUZ",1,0,"RUA PIONEIRO JOAQUIM DIAS PEREIRA","4957",NULL,"ALPHA PARQUE","76965402","Catálogo de Escolas - agosto/2024","0","-11.42721405","-61.41987709","110004905000147","-11.427472580221789","-61.41942960093787","numero_aproximado","da03","6","RUA PIONEIRO JOAQUIM DIAS PEREIRA, 4957 (aprox) - ALPHA PARQUE, CACOAL - RO",1,False,"110004905000147","110004905000147","-11.427472580221789","-61.41942960093787","0","56.61390751","1","0",True,NULL
13036,8,"2025-08-26 09:59:31-03","2025-08-26 09:59:31-03","0101000020E61000002ECFDE7426BA4EC0F5C6FFD3C3DA26C0","0101000020E61000002ECFDE7426BA4EC0F5C6FFD3C3DA26C0",11046422,2024,"RO",1100049,"Cacoal","Cacoal",110004905,"CENTRO DE FORMACAO TECNICA E PROFISSIONAL DE CACOAL",1,0,"AVENIDA BELO HORIZONTE","3196","ESCOLA","JARDIM CLODOALDO","76963678","Catálogo de Escolas - agosto/2024","0","-11.4272753","-61.4542986","110004905000044","-11.425744982206623","-61.45468588984445","numero_aproximado","da03","7","AVENIDA BELO HORIZONTE, 3196 (aprox) - JARDIM CLODOALDO, CACOAL - RO",1,False,"110004905000044","110004905000174","-11.425744982206623","-61.45468588984445","0","175.32114654","1","5.98827235",False,True
13037,8,"2025-08-26 09:59:31-03","2025-08-26 09:59:31-03","0101000020E6100000E257ACE122BA4EC0838F1C44C6DA26C0","0101000020E6100000E257ACE122BA4EC0838F1C44C6DA26C0",11049723,2024,"RO",1100049,"Cacoal","Cacoal",110004905,"INSTITUTO EDUCACIONAL SOMA - IES",1,0,"AVENIDA BELO HORIZONTE","3196","ESCOLA","JARDIM CLODOALDO","76963678","Catálogo de Escolas - agosto/2024","0","-11.4272939","-61.4541895","110004905000044","-11.425744982206623","-61.45468588984445","numero_aproximado","da03","7","AVENIDA BELO HORIZONTE, 3196 (aprox) - JARDIM CLODOALDO, CACOAL - RO",1,False,"110004905000044","110004905000174","-11.425744982206623","-61.45468588984445","0","180.5295317","1","5.98827235",False,True
13039,8,"2025-08-26 09:59:31-03","2025-08-26 09:59:31-03","0101000020E61000003D65F340FDBA4EC062DCCB85E3DA26C0","0101000020E61000003D65F340FDBA4EC062DCCB85E3DA26C0",11050560,2024,"RO",1100049,"Cacoal","Cacoal",110004905,"CENTRO EDUCACIONAL COLO DE MAE",1,0,"AVENIDA GETULIO VARGAS","807",NULL,"NOVO CACOAL","76962118","Catálogo de Escolas - agosto/2024","0","-11.42751711","-61.46085369","110004905000020","-11.428521272501332","-61.45894959581057","numero_aproximado","da03","6","AVENIDA GETULIO VARGAS, 807 (aprox) - NOVO CACOAL, CACOAL - RO",1,False,"110004905000020","110004905000024","-11.428521272501332","-61.45894959581057","0","235.65969811","1","91.31185776",False,True
13040,8,"2025-08-26 09:59:31-03","2025-08-26 09:59:31-03","0101000020E610000019085D1D5BF94EC0EA1AD24D07DB26C0","0101000020E610000019085D1D5BF94EC0EA1AD24D07DB26C0",11030666,2024,"RO",1100908,"Castanheiras","Castanheiras",110090805,"EEEFM FRANCISCA JULIA DA SILVA",1,0,"AVENIDA PINHEIROS","2132","PREDIO PROPRIO","CENTRO","76948000","Catálogo de Escolas - agosto/2024","0","-11.4277901","-61.9480931","110090805000001","-11.48510979136833","-61.871022585059414","municipio","dm01","20782","CASTANHEIRAS - RO",376,False,"110090805000001","110090805000003","-11.48510979136833","-61.871022585059414","0","10543.66056525","1","10067.89636461",False,False
13042,8,"2025-08-26 09:59:31-03","2025-08-26 09:59:31-03","0101000020E6100000953F845DB9BC4EC08C378D486FDB26C0","0101000020E6100000953F845DB9BC4EC08C378D486FDB26C0",11026197,2024,"RO",1100049,"Cacoal","Cacoal",110004905,"EEEFM CARLOS DRUMMOND DE ANDRADE",1,0,"RUA BASILIO DA GAMA","1272","PREDIO ESCOLAR","VISTA ALEGRE","76960084","Catálogo de Escolas - agosto/2024","0","-11.4285834","-61.4744069","110004905000030","-11.42610274649168","-61.43974563849753","municipio","dm01","25582","CACOAL - RO",31022,False,"110004905000030","110004905000046","-11.42610274649168","-61.43974563849753","0","3787.81650245","1","3563.2987633",False,False
13045,8,"2025-08-26 09:59:31-03","2025-08-26 09:59:31-03","0101000020E6100000A09394AAA3BC4EC0E03CE64D8FDB26C0","0101000020E6100000A09394AAA3BC4EC0E03CE64D8FDB26C0",11047992,2024,"RO",1100049,"Cacoal","Cacoal",110004905,"CENTRO MUNICIPAL DE EDUCACAO INFANTIL MARECHAL RONDON",1,0,"RUA BASILIO DA GAMA","1078",NULL,"VISTA ALEGRE","76960084","Catálogo de Escolas - agosto/2024","0","-11.4288277","-61.4737447","110004905000030","-11.42610274649168","-61.43974563849753","municipio","dm01","25582","CACOAL - RO",31022,False,"110004905000030","110004905000046","-11.42610274649168","-61.43974563849753","0","3717.95174527","1","3563.2987633",False,False
13046,8,"2025-08-26 09:59:31-03","2025-08-26 09:59:31-03","0101000020E61000004B85C2B178BA4EC0C293CCA090DB26C0","0101000020E61000004B85C2B178BA4EC0C293CCA090DB26C0",11027320,2024,"RO",1100049,"Cacoal","Cacoal",110004905,"EEEFM CARLOS GOMES",1,0,"AVENIDA RECIFE","335",NULL,"NOVO CACOAL","76962160","Catálogo de Escolas - agosto/2024","0","-11.4288378","-61.4568083","110004905000024","-11.428768157958984","-61.45682144165039","numero","dn03","6","AVENIDA RECIFE, 335 - NOVO CACOAL, CACOAL - RO, 76962-111",1,False,"110004905000024","110004905000024","-11.428768157958984","-61.45682144165039","0","7.87519944","1","0",True,NULL
13051,8,"2025-08-26 09:59:31-03","2025-08-26 09:59:31-03","0101000020E6100000A4DE5339EDBD4EC010CF126404DC26C0","0101000020E6100000A4DE5339EDBD4EC010CF126404DC26C0",11051159,2024,"RO",1100049,"Cacoal","Cacoal",110004905,"CMEI DERCY GOMES RODRIGUES",1,0,"RUA PIONEIRA MARIA NANCI SANTANA GOIS","530",NULL,"GREENVILLE","76960526","Google 2025","1","-11.429721","-61.483802","110004905000178","-11.42610274649168","-61.43974563849753","municipio","dm01","25582","CACOAL - RO",31022,False,"110004905000178","110004905000046","-11.42610274649168","-61.43974563849753","0","4818.55578854","1","4655.15550997",False,False
13055,8,"2025-08-26 09:59:31-03","2025-08-26 09:59:31-03","0101000020E6100000DD81959E44F94EC0FDC45CAD6EDC26C0","0101000020E6100000DD81959E44F94EC0FDC45CAD6EDC26C0",11030895,2024,"RO",1100908,"Castanheiras","Castanheiras",110090805,"EMEF VASCO DA GAMA",2,0,"LINHA 02 KM 01","S/N","ZONA RURAL","ZONA RURAL","76948000","Catálogo de Escolas - agosto/2024","0","-11.4305319","-61.9474066","110090805000001","-11.48510979136833","-61.871022585059414","municipio","dm01","20782","CASTANHEIRAS - RO",376,False,"110090805000001","110090805000003","-11.48510979136833","-61.871022585059414","0","10301.62906717","1","10067.89636461",False,False
13066,8,"2025-08-26 09:59:31-03","2025-08-26 09:59:31-03","0101000020E6100000E5F21FD26FBB4EC07C5006FD3BDD26C0","0101000020E6100000E5F21FD26FBB4EC07C5006FD3BDD26C0",11027290,2024,"RO",1100049,"Cacoal","Cacoal",110004905,"ESCOLA DE EDUCACAO BASICA E PROFISSIONAL ANTONIO SANCHEZ DE LARRAGOITI Y CURDUMI",1,0,"TRAVESSA OURO","160",NULL,"CRISTAL DO ARCO-IRIS","76961890","Catálogo de Escolas - agosto/2024","0","-11.4320983","-61.46435","110004905000035","-11.431995391845703","-61.46409225463867","numero","dn04","6","TRAVESSA OURO, 160 - BALNEARIO ARCO IRIS, CACOAL - RO",1,False,"110004905000035","110004905000035","-11.431995391845703","-61.46409225463867","0","30.33260771","1","0",True,NULL
13070,8,"2025-08-26 09:59:31-03","2025-08-26 09:59:31-03","0101000020E6100000DD2B4E10D0B74EC06E7A06C36FDD26C0","0101000020E6100000DD2B4E10D0B74EC06E7A06C36FDD26C0",11026073,2024,"RO",1100049,"Cacoal","Cacoal",110004905,"COLEGIO TIRADENTES DA POLICIA MILITAR - CTPM IX",1,0,"RUA DOS SURUIS","3500",NULL,"TEIXEIRAO","76965620","Catálogo de Escolas - agosto/2024","0","-11.4324933","-61.4360371","110004905000064","-11.43206360984394","-61.43148992157923","numero_aproximado","da03","6","RUA DOS SURUIS, 3500 (aprox) - TEIXEIRAO, CACOAL - RO",2,False,"110004905000064","110004905000099","-11.43206360984394","-61.43148992157923","0","497.88997177","1","168.62727307",False,True
13071,8,"2025-08-26 09:59:31-03","2025-08-26 09:59:31-03","0101000020E61000002733DE567AB94EC090E854E872DD26C0","0101000020E61000002733DE567AB94EC090E854E872DD26C0",11026324,2024,"RO",1100049,"Cacoal","Cacoal",110004905,"ESCOLA DANIEL BERG",1,0,"AVENIDA SAO PAULO","3070",NULL,"CENTRO","76963822","Catálogo de Escolas - agosto/2024","0","-11.4325173","-61.449046","110004905000009","-11.43265438079834","-61.44917678833008","numero","dn03","6","AVENIDA SAO PAULO, 3070 - CENTRO, CACOAL - RO, 76963-822",1,False,"110004905000009","110004905000009","-11.43265438079834","-61.44917678833008","0","20.86935526","1","0",True,NULL
13073,8,"2025-08-26 09:59:31-03","2025-08-26 09:59:31-03","0101000020E6100000DDB5847CD0B74EC004560E2DB2DD26C0","0101000020E6100000DDB5847CD0B74EC004560E2DB2DD26C0",11027398,2024,"RO",1100049,"Cacoal","Cacoal",110004905,"EMEIEF LUIZ LENZI",1,0,"RUA MONTEIRO LOBATO","1787","PREDIO PROPRIO","TEIXEIRAO","76965678","Catálogo de Escolas - agosto/2024","0","-11.433","-61.43605","110004905000064","-11.429889758503702","-61.43578403321741","numero_aproximado","da03","6","RUA MONTEIRO LOBATO, 1787 (aprox) - TEIXEIRAO, CACOAL - RO",2,False,"110004905000064","110004905000063","-11.429889758503702","-61.43578403321741","0","347.05624653","1","142.64639494",False,True
13074,8,"2025-08-26 09:59:31-03","2025-08-26 09:59:31-03","0101000020E6100000257090B52BB74EC02C56C334C2DD26C0","0101000020E6100000257090B52BB74EC02C56C334C2DD26C0",11046740,2024,"RO",1100049,"Cacoal","Cacoal",110004905,"EEEMTI JOSINO BRITO",1,0,"RUA UIRAPURU","2560","ESCOLA","FLORESTA","76965604","Catálogo de Escolas - agosto/2024","0","-11.4331223","-61.4310214","110004905000149","-11.437034210020448","-61.43149246270792","numero_aproximado","da03","6","RUA UIRAPURU, 2560 (aprox) - FLORESTA, CACOAL - RO",1,False,"110004905000149","110004905000150","-11.437034210020448","-61.43149246270792","0","438.00443504","1","347.31226483",False,True
13078,8,"2025-08-26 09:59:31-03","2025-08-26 09:59:31-03","0101000020E610000038E9C77086BA4EC0CCF10A444FDE26C0","0101000020E610000038E9C77086BA4EC0CCF10A444FDE26C0",11044888,2024,"RO",1100049,"Cacoal","Cacoal",110004905,"CENTRO DE EDUCACAO INFANTIL TEREZINHA GENECI DE OLIVEIRA",1,0,"AVENIDA PARANA","401",NULL,"NOVO HORIZONTE","76962052","Catálogo de Escolas - agosto/2024","0","-11.4341985","-61.4572278","110004905000017","-11.434161186218262","-61.45710372924805","numero","dn03","6","AVENIDA PARANA, 401 - NOVO HORIZONTE, CACOAL - RO, 76962-053",1,False,"110004905000017","110004905000017","-11.434161186218262","-61.45710372924805","0","14.14447936","1","0",True,NULL
13104,8,"2025-08-26 09:59:31-03","2025-08-26 09:59:31-03","0101000020E6100000708BD32320B94EC0AD2D464AA0DE26C0","0101000020E6100000708BD32320B94EC0AD2D464AA0DE26C0",11050756,2024,"RO",1100049,"Cacoal","Cacoal",110004905,"CENTRO EDUCACIONAL MULTI ENSINO CEME",1,0,"RUA DOS PIONEIROS","1632",NULL,"CENTRO","76963544","Catálogo de Escolas - agosto/2024","0","-11.4348166666667","-61.4462933333333","110004905000009","-11.43474006652832","-61.446346282958984","numero","dn03","6","RUA DOS PIONEIROS, 1632 - CENTRO, CACOAL - RO, 76963-849",1,False,"110004905000009","110004905000009","-11.43474006652832","-61.446346282958984","0","10.28842889","1","0",True,NULL
13106,8,"2025-08-26 09:59:31-03","2025-08-26 09:59:31-03","0101000020E6100000CEA96400A8B94EC0F5DA2A90F2DE26C0","0101000020E6100000CEA96400A8B94EC0F5DA2A90F2DE26C0",11027380,2024,"RO",1100049,"Cacoal","Cacoal",110004905,"EMEIEF JOSE DE ALMEIDA E SILVA",1,0,"AVENIDA GUAPORE","2620",NULL,"CENTRO","76963796","Catálogo de Escolas - agosto/2024","0","-11.43544436","-61.4504395","110004905000008","-11.425364233706642","-61.450668536648","numero_aproximado","da04","6","AVENIDA GUAPORE, 2620 (aprox) - JARDIM CLODOALDO, CACOAL - RO",2,False,"110004905000008","110004905000174","-11.425364233706642","-61.450668536648","0","1121.13838313","1","746.56883942",False,False
13107,8,"2025-08-26 09:59:31-03","2025-08-26 09:59:31-03","0101000020E6100000744B619456B74EC0355200D6F4DE26C0","0101000020E6100000744B619456B74EC0355200D6F4DE26C0",11027363,2024,"RO",1100049,"Cacoal","Cacoal",110004905,"ESCOLA ESPECIALIZADA RAIO DE LUZ",1,0,"RUA ANISIO SERRAO","3637",NULL,"FLORESTA","76965786","Catálogo de Escolas - agosto/2024","0","-11.4354617","-61.4323297","110004905000150","-11.435514450073242","-61.43231964111328","numero","dn03","6","RUA ANISIO SERRAO, 3637 - FLORESTA, CACOAL - RO, 76965-786",1,False,"110004905000150","110004905000150","-11.435514450073242","-61.43231964111328","0","5.96712015","1","0",True,NULL
13108,8,"2025-08-26 09:59:31-03","2025-08-26 09:59:31-03","0101000020E6100000E2D28CA08CB94EC0701CC242F7DE26C0","0101000020E6100000E2D28CA08CB94EC0701CC242F7DE26C0",11025697,2024,"RO",1100049,"Cacoal","Cacoal",110004905,"CEEJA AIDA FIBIGER DE OLIVEIRA",1,0,"AVENIDA SAO PAULO","2745",NULL,"CENTRO","76963801","Catálogo de Escolas - agosto/2024","0","-11.4354802","-61.4496041","110004905000008","-11.435245571359278","-61.44913335178744","numero_aproximado","da03","6","AVENIDA SAO PAULO, 2745 (aprox) - CENTRO, CACOAL - RO",2,False,"110004905000008","110004905000009","-11.435245571359278","-61.44913335178744","0","57.55821713","1","17.56143521",False,True
13111,8,"2025-08-26 09:59:31-03","2025-08-26 09:59:31-03","0101000020E61000009F6FB0DC77B94EC03D450E1137DF26C0","0101000020E61000009F6FB0DC77B94EC03D450E1137DF26C0",11050373,2024,"RO",1100049,"Cacoal","Cacoal",110004905,"COOPERATIVA EDUCACIONAL DE CACOAL",1,0,"AVENIDA SAO PAULO","2666",NULL,"CENTRO","76963802","Catálogo de Escolas - agosto/2024","0","-11.435967","-61.4489704","110004905000009","-11.436065673828125","-61.449119567871094","numero","dn03","6","AVENIDA SAO PAULO, 2666 - CENTRO, CACOAL - RO, 76963-822",1,False,"110004905000009","110004905000009","-11.436065673828125","-61.449119567871094","0","19.61351229","1","0",True,NULL
13114,8,"2025-08-26 09:59:31-03","2025-08-26 09:59:31-03","0101000020E610000002B859BC58B94EC0A2FEC41220E026C0","0101000020E610000002B859BC58B94EC0A2FEC41220E026C0",11106832,2024,"RO",1100049,"Cacoal","Cacoal",110004905,"SENAC-CACOAL-RO",1,0,"AVENIDA DOIS DE JUNHO","2563",NULL,"CENTRO","76963787","Catálogo de Escolas - agosto/2024","0","-11.4377447","-61.4480205","110004905000010","-11.434902059255306","-61.447891776388666","numero_aproximado","da03","6","AVENIDA DOIS DE JUNHO, 2563 (aprox) - CENTRO, CACOAL - RO",1,False,"110004905000010","110004905000009","-11.434902059255306","-61.447891776388666","0","316.39884847","1","191.98583027",False,True
13115,8,"2025-08-26 09:59:31-03","2025-08-26 09:59:31-03","0101000020E6100000A2DE420D95B64EC0F8A177CF26E026C0","0101000020E6100000A2DE420D95B64EC0F8A177CF26E026C0",11025670,2024,"RO",1100049,"Cacoal","Cacoal",110004905,"CENTRO EDUCACIONAL MEMORINA ROSA CAMPOS",1,0,"RUA JOSE DO PATROCINIO","4352",NULL,"JARDIM ELDORADO","76960970","Catálogo de Escolas - agosto/2024","0","-11.4377961","-61.4264237","110004905000150","-11.437578201293945","-61.42637634277344","numero","dn03","6","RUA JOSE DO PATROCINIO, 4352 - JARDIM ELDORADO, CACOAL - RO, 76965-794",1,False,"110004905000150","110004905000150","-11.437578201293945","-61.42637634277344","0","24.77289661","1","0",True,NULL
13116,8,"2025-08-26 09:59:31-03","2025-08-26 09:59:31-03","0101000020E61000007BD168BCBEB94EC017B02EB830E026C0","0101000020E61000007BD168BCBEB94EC017B02EB830E026C0",11026278,2024,"RO",1100049,"Cacoal","Cacoal",110004905,"EEEFM CORA CORALINA",1,0,"RUA JOSE DO PATROCINIO","2159",NULL,"CENTRO","76963790","Catálogo de Escolas - agosto/2024","0","-11.4378717","-61.4511333","110004905000006","-11.437467267989089","-61.434515246800494","numero_aproximado","da04","6","RUA JOSE DO PATROCINIO, 2159 (aprox) - FLORESTA, CACOAL - RO",1,True,"110004905000006","110004905000052","-11.437467267989089","-61.434515246800494","0","1811.70763029","1","1612.64178931",False,False
13117,8,"2025-08-26 09:59:31-03","2025-08-26 09:59:31-03","0101000020E610000055D1692794B64EC01063885231E026C0","0101000020E610000055D1692794B64EC01063885231E026C0",11049383,2024,"RO",1100049,"Cacoal","Cacoal",110004905,"ESCOLA SENAI CACOAL",1,0,"RUA JOSE DO PATROCINIO","4352","PREDIO","JARDIM ELDORADO","76960970","Catálogo de Escolas - agosto/2024","0","-11.4378763","-61.4263963","110004905000150","-11.437578201293945","-61.42637634277344","numero","dn03","6","RUA JOSE DO PATROCINIO, 4352 - JARDIM ELDORADO, CACOAL - RO, 76965-794",1,False,"110004905000150","110004905000150","-11.437578201293945","-61.42637634277344","0","33.21839569","1","0",True,NULL
13119,8,"2025-08-26 09:59:31-03","2025-08-26 09:59:31-03","0101000020E6100000B147F2A66CB94EC08F8F71207FE026C0","0101000020E6100000B147F2A66CB94EC08F8F71207FE026C0",11048603,2024,"RO",1100049,"Cacoal","Cacoal",110004905,"ESCOLA DO AMANHA EDUCACAO INFANTIL",1,0,"RUA ANTNIO DE PAULA NUNES","1395",NULL,"CENTRO","76963784","Catálogo de Escolas - agosto/2024","0","-11.4384699","-61.4486283","110004905000011","-11.434384040507272","-61.44897388918246","localidade","db01","628","CENTRO, CACOAL - RO",865,False,"110004905000011","110004905000009","-11.434384040507272","-61.44897388918246","0","455.88605198","1","448.85976091",False,False
13121,8,"2025-08-26 09:59:31-03","2025-08-26 09:59:31-03","0101000020E61000009EE6898CB3B84EC0AE23B31FCEE026C0","0101000020E61000009EE6898CB3B84EC0AE23B31FCEE026C0",11027312,2024,"RO",1100049,"Cacoal","Cacoal",110004905,"EEEFM BERNARDO GUIMARAES",1,0,"RUA ANTONIO DE PAULA NUNES","737","PREDIO","PRINCESA ISABEL","76964062","Catálogo de Escolas - agosto/2024","0","-11.4390726","-61.4429794","110004905000003","-11.438361728672575","-61.44271631087971","numero_aproximado","da03","6","RUA ANTONIO DE PAULA NUNES, 737 (aprox) - PRINCESA ISABEL, CACOAL - RO",1,False,"110004905000003","110004905000167","-11.438361728672575","-61.44271631087971","0","84.08521785","1","8.08096733",False,True
13125,8,"2025-08-26 09:59:31-03","2025-08-26 09:59:31-03","0101000020E610000063AD461BECB94EC0E2EBC616DDE126C0","0101000020E610000063AD461BECB94EC0E2EBC616DDE126C0",11048069,2024,"RO",1100049,"Cacoal","Cacoal",110004905,"CENTRO MUNICIPAL DE EDUCACAO INFANTIL BALAO MAGICO",1,0,"AVENIDA CASTELO BRANCO","16999",NULL,"SANTO ANTONIO","76967211","Catálogo de Escolas - agosto/2024","0","-11.4411399","-61.4525179","110004905000015","-11.445668347385043","-61.44006211089057","numero_aproximado","da03","6","AVENIDA CASTELO BRANCO, 16999 (aprox) - SANTO ANTONIO, CACOAL - RO",2,False,"110004905000015","110004905000065","-11.445668347385043","-61.44006211089057","0","1447.8716181","1","1225.38369757",False,False
13135,8,"2025-08-26 09:59:31-03","2025-08-26 09:59:31-03","0101000020E61000009CF28D8DE5B94EC003B00111E2E226C0","0101000020E61000009CF28D8DE5B94EC003B00111E2E226C0",11026758,2024,"RO",1100049,"Cacoal","Cacoal",110004905,"EEEFM MARIA AURORA DO NASCIMENTO",1,0,"TRAVESSA ANCHIETA","1145",NULL,"LIBERDADE","76967524","Catálogo de Escolas - agosto/2024","0","-11.443131","-61.4523179","110004905000015","-11.442875862121582","-61.4521598815918","numero","dn03","6","TRAVESSA ANCHIETA, 1145 - LIBERDADE, CACOAL - RO, 76967-524",1,False,"110004905000015","110004905000015","-11.442875862121582","-61.4521598815918","0","33.18802412","1","0",True,NULL
13138,8,"2025-08-26 09:59:31-03","2025-08-26 09:59:31-03","0101000020E61000001E5CF05822B74EC0E9C770862CE426C0","0101000020E61000001E5CF05822B74EC0E9C770862CE426C0",11058811,2024,"RO",1100049,"Cacoal","Cacoal",110004905,"CENTRO EDUCACIONAL ALECRIM DOURADO",1,0,"AVENIDA GERALDA SIMAO DE SOUZA","2166",NULL,"ELDORADO","76966194","Catálogo de Escolas - agosto/2024","0","-11.4456522","-61.4307357","110004905000153","-11.42610274649168","-61.43974563849753","municipio","dm01","25582","CACOAL - RO",31022,False,"110004905000153","110004905000046","-11.42610274649168","-61.43974563849753","0","2385.30645728","1","1688.56105846",False,False
13158,8,"2025-08-26 09:59:31-03","2025-08-26 09:59:31-03","0101000020E6100000C9810D3E83B84EC0CBA2B08BA2E726C0","0101000020E6100000C9810D3E83B84EC0CBA2B08BA2E726C0",11026014,2024,"RO",1100049,"Cacoal","Cacoal",110004905,"EEEFM ANTONIO GONCALVES DIAS",1,0,"RUA SANTO ANTONIO","1245","ESCOLAR","SANTO ANTONIO","76967353","Catálogo de Escolas - agosto/2024","0","-11.452412","-61.4415052","110004905000065","-11.452437411795447","-61.44125152102182","numero_aproximado","da03","6","RUA SANTO ANTONIO, 1245 (aprox) - SANTO ANTONIO, CACOAL - RO",1,False,"110004905000065","110004905000065","-11.452437411795447","-61.44125152102182","0","27.79026104","1","0",True,NULL
13187,8,"2025-08-26 09:59:31-03","2025-08-26 09:59:31-03","0101000020E61000007679292B3C764EC074FE37407AEC26C0","0101000020E61000007679292B3C764EC074FE37407AEC26C0",11027533,2024,"RO",1100098,"Espigão D'Oeste","Novo Paraíso",110009812,"EMEIEF BRAS CUBAS",2,0,"ESTRADA ZE BAIANO, KM 18","2126","LINHA/SETOR","ZONA RURAL","76974000","Catálogo de Escolas - agosto/2024","0","-11.4618702","-60.9237112","110009812000001","-11.521126353132942","-60.99193420067549","municipio","dm01","42953","ESPIGAO D'OESTE - RO",11955,False,"110009812000001","110009805000022","-11.521126353132942","-60.99193420067549","0","9933.73464224","1","9604.85529038",False,False
13197,8,"2025-08-26 09:59:31-03","2025-08-26 09:59:31-03","0101000020E610000070C108D0A5AA4EC003EACDA8F9EE26C0","0101000020E610000070C108D0A5AA4EC003EACDA8F9EE26C0",11027355,2024,"RO",1100049,"Cacoal","Cacoal",110004905,"ESCOLA DE ENSINO FUNDAMENTAL E MEDIO FAMILIA AGRICOLA PE EZEQUIEL RAMIN",2,0,"UNIDADE OPERACIONAL AVENIDA DOIS DE JUNHO, 2093",NULL,NULL,"CENTRO","76963970","Catálogo de Escolas - agosto/2024","0","-11.4667485","-61.3331852","110004910000054","-11.434384040507272","-61.44897388918246","localidade","db01","628","CENTRO, CACOAL - RO",865,False,"110004910000054","110004905000009","-11.434384040507272","-61.44897388918246","0","13122.00515279","1","10451.80385196",False,False
13253,8,"2025-08-26 09:59:31-03","2025-08-26 09:59:31-03","0101000020E6100000F705F4C29DB04EC02558C1148AF526C0","0101000020E6100000F705F4C29DB04EC02558C1148AF526C0",11109815,2024,"RO",1100049,"Cacoal","Cacoal",110004905,"IFRO - CAMPUS CACOAL",1,0,"BR 364 KM 228 LOTE 2A","S/N",NULL,"ZONA RURAL","76960970","Catálogo de Escolas - agosto/2024","0","-11.4795691","-61.3798145","110004905000084","-11.42610274649168","-61.43974563849753","municipio","dm01","25582","CACOAL - RO",31022,False,"110004905000084","110004905000046","-11.42610274649168","-61.43974563849753","0","8831.98517936","1","7005.83540321",False,False
13257,8,"2025-08-26 09:59:31-03","2025-08-26 09:59:31-03","0101000020E610000014C6BBC8A9BC4EC021A0B1E54BF626C0","0101000020E610000014C6BBC8A9BC4EC021A0B1E54BF626C0",11026235,2024,"RO",1100049,"Cacoal","Cacoal",110004905,"EMTIEIEF CLAUDIO MANOEL DA COSTA",2,0,"RODOVIA 383 KM 05 LOTE 26 GLEBA 05",NULL,"ESCOLA","ZONA RURAL","76963737","Catálogo de Escolas - agosto/2024","0","-11.4810478","-61.4739314","110004905000067","-11.42610274649168","-61.43974563849753","municipio","dm01","25582","CACOAL - RO",31022,False,"110004905000067","110004905000046","-11.42610274649168","-61.43974563849753","0","7155.9392362","1","3086.12979062",False,False
13315,8,"2025-08-26 09:59:31-03","2025-08-26 09:59:31-03","0101000020E6100000E57162597AA14EC0E2F615B545FB26C0","0101000020E6100000E57162597AA14EC0E2F615B545FB26C0",11025999,2024,"RO",1100049,"Cacoal","Cacoal",110004905,"EMEIEF ANITA GARIBALDI",2,0,"AREA RURAL LINHA 12, LOTE 72",NULL,"GLEBA 11","AREA RURAL DE CACOAL","76968899","Catálogo de Escolas - agosto/2024","0","-11.4907662","-61.2615463","110004910000018","-11.42610274649168","-61.43974563849753","municipio","dm01","25582","CACOAL - RO",31022,False,"110004910000018","110004905000046","-11.42610274649168","-61.43974563849753","0","20708.32255919","1","17541.4564113",False,False
13339,8,"2025-08-26 09:59:31-03","2025-08-26 09:59:31-03","0101000020E6100000EF9DE2827DE74EC008CBD8D0CDFE26C0","0101000020E6100000EF9DE2827DE74EC008CBD8D0CDFE26C0",11030801,2024,"RO",1100908,"Castanheiras","Castanheiras",110090805,"EMEIEF MARQUES DE BARBACENA",2,0,"LINHA 172 KM 25",NULL,"ZONA RURAL",NULL,"76948000","Catálogo de Escolas - agosto/2024","0","-11.497664","-61.8085178","110090805000004","-11.48510979136833","-61.871022585059414","municipio","dm01","20782","CASTANHEIRAS - RO",376,False,"110090805000004","110090805000003","-11.48510979136833","-61.871022585059414","0","6952.49220455","1","2943.12280126",False,True
13355,8,"2025-08-26 09:59:31-03","2025-08-26 09:59:31-03","0101000020E6100000EBBCD75AA9904EC0FD8F02FA330227C0","0101000020E6100000EBBCD75AA9904EC0FD8F02FA330227C0",11027878,2024,"RO",1100098,"Espigão D'Oeste","Nova Esperança",110009818,"EEEF MARIA LOURENCO CASSIANO",1,0,"RUA RONDONIA - 15 KM","2371","15 KM",NULL,"76975820","Catálogo de Escolas - agosto/2024","0","-11.5043028","-61.1301683","110009818000001","-11.521126353132942","-60.99193420067549","municipio","dm01","42953","ESPIGAO D'OESTE - RO",11955,False,"110009818000001","110009805000022","-11.521126353132942","-60.99193420067549","0","15177.42242506","1","14802.8203274",False,False
13359,8,"2025-08-26 09:59:31-03","2025-08-26 09:59:31-03","0101000020E6100000365607E522AE4EC018B0E42A160327C0","0101000020E6100000365607E522AE4EC018B0E42A160327C0",11027401,2024,"RO",1100049,"Cacoal","Riozinho",110004910,"EEEFM CELSO FERREIRA DA CUNHA",1,0,"AVENIDA AGLAIR NOGUEIRA","1881",NULL,"RIOZINHO","76969069","Catálogo de Escolas - agosto/2024","0","-11.5060285","-61.3604399","110004910000004","-11.506479057419108","-61.36042208213341","numero_aproximado","pa03","6","AVENIDA AGUIAR NOGUEIRA, 1881 (aprox) - RIOZINHO, CACOAL - RO",1,False,"110004910000004","110004910000004","-11.506479057419108","-61.36042208213341","0","50.13737093","1","0",True,NULL
13381,8,"2025-08-26 09:59:31-03","2025-08-26 09:59:31-03","0101000020E610000014573AC4E43A4FC01BED5D28050627C0","0101000020E610000014573AC4E43A4FC01BED5D28050627C0",11023449,2024,"RO",1100346,"Alvorada D'Oeste","Terra Boa",110034630,"EMEIF MONTEIRO LOBATO",1,0,"AV. MONTEIRO LOBATO","1052",NULL,NULL,"76930000","Catálogo de Escolas - agosto/2024","0","-11.5117581","-62.4601064","110034630000001","-11.343416283021984","-62.32021575191385","municipio","dm01","23978","ALVORADA D'OESTE - RO",1571,False,"110034630000001","110034605000042","-11.343416283021984","-62.32021575191385","0","24142.43242997","1","23450.25659208",False,False
13382,8,"2025-08-26 09:59:31-03","2025-08-26 09:59:31-03","0101000020E610000034C813F70EAE4EC0BBE12D46130627C0","0101000020E610000034C813F70EAE4EC0BBE12D46130627C0",11026839,2024,"RO",1100049,"Cacoal","Riozinho",110004910,"EMEIEF NOSSA SENHORA DO CARMO",1,0,"AVENIDA JUCELINO KUBSTCHEK",NULL,NULL,"RIOZINHO","76969053","Catálogo de Escolas - agosto/2024","0","-11.5118658","-61.3598317","110004910000001","-11.50735855102539","-61.36305618286133","logradouro","dl03","6","AVENIDA JUSCELINO KUBITSCHEK - RIOZINHO, CACOAL - RO, 76962-057",1,True,"110004910000001","110004910000004","-11.507004141807556","-61.36652135848999","379.61669834","612.06436672","1","8.59201276",False,True
13396,8,"2025-08-26 09:59:31-03","2025-08-26 09:59:31-03","0101000020E610000078CCE5AB89814EC025DB0AABC20827C0","0101000020E610000078CCE5AB89814EC025DB0AABC20827C0",11046783,2024,"RO",1100098,"Espigão D'Oeste","Espigão D'Oeste",110009805,"EMEI PROFESSOR ANTONIO BRASIL",1,0,"RUA BOM JESUS","3715","CASA","CIDADE ALTA","76974000","Catálogo de Escolas - agosto/2024","0","-11.5171102","-61.0120139","110009805000021","-11.517316395126421","-61.011591128306584","numero_aproximado","da03","7","RUA BOM JESUS, 3715 (aprox) - CIDADE ALTA, ESPIGAO D'OESTE - RO",1,False,"110009805000021","110009805000021","-11.517316395126421","-61.011591128306584","0","51.45425654","1","0",True,NULL
13397,8,"2025-08-26 09:59:31-03","2025-08-26 09:59:31-03","0101000020E610000055FC3ACB87814EC02BFDDF6CCE0827C0","0101000020E610000055FC3ACB87814EC02BFDDF6CCE0827C0",11038586,2024,"RO",1100098,"Espigão D'Oeste","Espigão D'Oeste",110009805,"EMEF TEOBALDO FERREIRA",1,0,"RUA PIAUI","4026","PREDIO","JORGE TEIXEIRA DE OLIVEIRA","76974000","Catálogo de Escolas - agosto/2024","0","-11.5171999","-61.0119566","110009805000021","-11.53093016982062","-61.015302313935045","numero_aproximado","da04","6","RUA PIAUI, 4026 (aprox) - CENTRO, ESPIGAO D'OESTE - RO",1,True,"110009805000021","110009805000006","-11.529130393654903","-61.01752867959952","314.46520999","1569.65294268","1","1378.0797108",False,False
13403,8,"2025-08-26 09:59:31-03","2025-08-26 09:59:31-03","0101000020E61000005D77A9C76C814EC064F2BC0ADF0927C0","0101000020E61000005D77A9C76C814EC064F2BC0ADF0927C0",11106816,2024,"RO",1100098,"Espigão D'Oeste","Espigão D'Oeste",110009805,"EEEF MARIA DI SANCTI SANTOS",1,0,"RUA ROMIPORA","3571",NULL,"CIDADE ALTA","76974000","Catálogo de Escolas - agosto/2024","0","-11.5192798","-61.0111322","110009805000004","-11.51822644732693","-61.01022369418398","numero_aproximado","da03","6","RUA ROMIPORA, 3571 (aprox) - CIDADE ALTA, ESPIGAO D'OESTE - RO",1,False,"110009805000004","110009805000021","-11.51822644732693","-61.01022369418398","0","153.35337789","1","100.55701648",False,True
13407,8,"2025-08-26 09:59:31-03","2025-08-26 09:59:31-03","0101000020E610000021BE5D4079CC4EC0E1905731A60A27C0","0101000020E610000021BE5D4079CC4EC0E1905731A60A27C0",11026685,2024,"RO",1100049,"Cacoal","Cacoal",110004905,"EMEIEF JOSE MAURO DE VASCONCELOS",2,0,"AREA RURAL LINHA E LOTE 95 GLEBA 04 SETOR PROSPERIDADE",NULL,"ESCOLA","AREA RURAL DE CACOAL","76968899","Catálogo de Escolas - agosto/2024","0","-11.5207992","-61.5974503","110004905000072","-11.42610274649168","-61.43974563849753","municipio","dm01","25582","CACOAL - RO",31022,False,"110004905000072","110004905000046","-11.42610274649168","-61.43974563849753","0","20154.89191604","1","14136.32937888",False,False
13408,8,"2025-08-26 09:59:31-03","2025-08-26 09:59:31-03","0101000020E61000001421753BFB814EC05654B3BDCC0A27C0","0101000020E61000001421753BFB814EC05654B3BDCC0A27C0",11037237,2024,"RO",1100098,"Espigão D'Oeste","Espigão D'Oeste",110009805,"CEEJA DONIZETE ROMUALDO DA SILVA",1,0,"RUA ESPIRITO SANTO","1927",NULL,"CAIXA DAGUA","76974000","Catálogo de Escolas - agosto/2024","0","-11.5210933","-61.0154795","110009805000003","-11.521050453186035","-61.01561737060547","numero","dn04","6","RUA ESPIRITO SANTO, 1927 - CAIXA D AGUA, ESPIGAO D'OESTE - RO",1,False,"110009805000003","110009805000003","-11.521050453186035","-61.01561737060547","0","15.75908732","1","0",True,NULL
13419,8,"2025-08-26 09:59:31-03","2025-08-26 09:59:31-03","0101000020E6100000618E1EBFB7814EC035FBF2B85E0D27C0","0101000020E6100000618E1EBFB7814EC035FBF2B85E0D27C0",11028424,2024,"RO",1100098,"Espigão D'Oeste","Espigão D'Oeste",110009805,"EEEMTI 7 DE SETEMBRO",1,0,"RUA SURUI","2845",NULL,"CENTRO","76974000","Catálogo de Escolas - agosto/2024","0","-11.5261133","-61.01342","110009805000009","-11.526318550109863","-61.01353454589844","numero","dn03","6","RUA SURUI, 2845 - CENTRO, ESPIGAO D'OESTE - RO, 76974-000",1,False,"110009805000009","110009805000009","-11.526318550109863","-61.01353454589844","0","26.01216418","1","0",True,NULL
13433,8,"2025-08-26 09:59:31-03","2025-08-26 09:59:31-03","0101000020E6100000FB912232AC824EC09923754C270F27C0","0101000020E6100000FB912232AC824EC09923754C270F27C0",11027754,2024,"RO",1100098,"Espigão D'Oeste","Espigão D'Oeste",110009805,"EEEFM JEAN PIAGET",1,0,"RUA ALAGOAS","2082","PREDIO","MORADA DO SOL","76974000","Catálogo de Escolas - agosto/2024","0","-11.5295967","-61.02088","110009805000001","-11.531181760271746","-61.01840642691141","numero_aproximado","da04","6","RUA ALAGOAS, 2082 (aprox) - CENTRO, ESPIGAO D'OESTE - RO",1,True,"110009805000001","110009805000007","-11.531181760271746","-61.01840642691141","0","322.01511898","1","151.11708038",False,True
13440,8,"2025-08-26 09:59:31-03","2025-08-26 09:59:31-03","0101000020E61000009E060C923E814EC033F389E18F0F27C0","0101000020E61000009E060C923E814EC033F389E18F0F27C0",11049987,2024,"RO",1100098,"Espigão D'Oeste","Boa Vista do Pacarana",110009810,"EIEEF OYKATXER SURUI",2,2,"LINHA PACARANA KM 38 - TERRA INDIGENA SETE DE SETEMBRO",NULL,"ALDEIA BETHEL","ZONA RURAL","76974000","Catálogo de Escolas - agosto/2024","0","-11.5303946","-61.009722","110009805000010","-11.521126353132942","-60.99193420067549","municipio","dm01","42953","ESPIGAO D'OESTE - RO",11955,False,"110009805000010","110009805000022","-11.521126353132942","-60.99193420067549","0","2195.00945618","1","1872.57124232",False,False
13449,8,"2025-08-26 09:59:31-03","2025-08-26 09:59:31-03","0101000020E6100000E487A5DCD8804EC0D12D2A98E70F27C0","0101000020E6100000E487A5DCD8804EC0D12D2A98E70F27C0",11027690,2024,"RO",1100098,"Espigão D'Oeste","Espigão D'Oeste",110009805,"EEEF FERNANDA SOUZA DE PAULA",1,0,"RUA SAO PAULO","3435","ESCOLA","LIBERDADE","76974000","Catálogo de Escolas - agosto/2024","0","-11.5310638","-61.0066181","110009805000011","-11.531725544793645","-61.00707260934691","numero_aproximado","da03","6","RUA SAO PAULO, 3435 (aprox) - LIBERDADE, ESPIGAO D'OESTE - RO",1,False,"110009805000011","110009805000011","-11.531725544793645","-61.00707260934691","0","88.69364757","1","0",True,NULL
13454,8,"2025-08-26 09:59:31-03","2025-08-26 09:59:31-03","0101000020E61000003411363CBD824EC0A11CBBFA671027C0","0101000020E61000003411363CBD824EC0A11CBBFA671027C0",11038578,2024,"RO",1100098,"Espigão D'Oeste","Espigão D'Oeste",110009805,"ESCOLA MONTEIRO LOBATO",1,0,"RUA ACRE","2212","CASA","SAO JOSE","76974000","Catálogo de Escolas - agosto/2024","0","-11.5320433","-61.0214","110009805000017","-11.528451246417786","-61.02574308359477","numero_aproximado","da03","6","RUA ACRE, 2212 (aprox) - SAO JOSE, ESPIGAO D'OESTE - RO",1,False,"110009805000017","110009805000087","-11.528451246417786","-61.02574308359477","0","619.22377238","1","399.95085065",False,True
13464,8,"2025-08-26 09:59:31-03","2025-08-26 09:59:31-03","0101000020E6100000692D16D055814EC07616629A8E1127C0","0101000020E6100000692D16D055814EC07616629A8E1127C0",11046872,2024,"RO",1100098,"Espigão D'Oeste","Espigão D'Oeste",110009805,"EMEIEF CLELIA DAVID MUNDIM",1,0,"RUA MARTINHO LUTERO","2322",NULL,"LIBERDADE","76974000","Catálogo de Escolas - agosto/2024","0","-11.5342911","-61.0104313","110009805000011","-11.534193992614746","-61.01068878173828","numero","dn03","6","RUA MARTINHO LUTERO, 2322 - LIBERDADE, ESPIGAO D'OESTE - RO, 76974-000",1,False,"110009805000011","110009805000011","-11.534193992614746","-61.01068878173828","0","30.05890086","1","0",True,NULL
13465,8,"2025-08-26 09:59:31-03","2025-08-26 09:59:31-03","0101000020E61000007496598462814EC02E9276A38F1127C0","0101000020E61000007496598462814EC02E9276A38F1127C0",11028246,2024,"RO",1100098,"Espigão D'Oeste","Espigão D'Oeste",110009805,"EIEEFM SERTANISTA BENEDITO BRIGIDO DA SILVA",2,2,"ALDEIA ROOSEVELT KM 102","000","ZONA RURAL","ZONA RURAL","76974000","GEO LIDAS 2015","1","-11.534299","-61.010819","110009805000011","-11.521126353132942","-60.99193420067549","municipio","dm01","42953","ESPIGAO D'OESTE - RO",11955,False,"110009805000011","110009805000022","-11.521126353132942","-60.99193420067549","0","2525.64978179","1","1779.58197292",False,False
13469,8,"2025-08-26 09:59:31-03","2025-08-26 09:59:31-03","0101000020E61000007ED23F7738814EC0A7DA5D56171227C0","0101000020E61000007ED23F7738814EC0A7DA5D56171227C0",11041307,2024,"RO",1100098,"Espigão D'Oeste","Espigão D'Oeste",110009805,"APAE DE ESPIGAO DO OESTE",1,0,"AV. PIAUI","3447",NULL,"LIBERDADE","76974000","Catálogo de Escolas - agosto/2024","0","-11.5353343","-61.0095357","110009805000011","-11.531922076963788","-61.006620842466624","localidade","db01","2959","LIBERDADE, ESPIGAO D'OESTE - RO",1997,False,"110009805000011","110009805000011","-11.531922076963788","-61.006620842466624","0","494.78684755","1","0",True,NULL
13473,8,"2025-08-26 09:59:31-03","2025-08-26 09:59:31-03","0101000020E6100000EAA001ABD9814EC0DEFAFA6BC31227C0","0101000020E6100000EAA001ABD9814EC0DEFAFA6BC31227C0",11027762,2024,"RO",1100098,"Espigão D'Oeste","Espigão D'Oeste",110009805,"EEEF JERRIS ADRIANI TURATTI",1,0,"RUA GOIAS","1904",NULL,"VISTA ALEGRE","76974000","Catálogo de Escolas - agosto/2024","0","-11.5366472","-61.0144552","110009805000014","-11.53679688508418","-61.014813564169955","numero_aproximado","da03","6","RUA GOIAS, 1904 (aprox) - VISTA ALEGRE, ESPIGAO D'OESTE - RO",1,False,"110009805000014","110009805000014","-11.53679688508418","-61.014813564169955","0","42.4429909","1","0",True,NULL
13475,8,"2025-08-26 09:59:31-03","2025-08-26 09:59:31-03","0101000020E61000008A68A641F25B4EC083EBBC53221327C0","0101000020E61000008A68A641F25B4EC083EBBC53221327C0",11027487,2024,"RO",1100098,"Espigão D'Oeste","Espigão D'Oeste",110009805,"EMEIEF AURELIO BUARQUE DE HOLANDA",2,1,"LINHA 05, LOTE 23, GLEBA 05, KM 45, PA CACHOEIRA","S/N",NULL,"ZONA RURAL","76974000","Catálogo de Escolas - agosto/2024","0","-11.53737127","-60.71833058","110009805000022","-11.521126353132942","-60.99193420067549","municipio","dm01","42953","ESPIGAO D'OESTE - RO",11955,False,"110009805000022","110009805000022","-11.521126353132942","-60.99193420067549","0","29864.19599832","1","0",True,NULL
13476,8,"2025-08-26 09:59:31-03","2025-08-26 09:59:31-03","0101000020E61000009138752F41834EC0035E66D8281327C0","0101000020E61000009138752F41834EC0035E66D8281327C0",11044527,2024,"RO",1100098,"Espigão D'Oeste","Espigão D'Oeste",110009805,"EMEIEF SIMONE MOURA ROSA",1,0,"RUA BANDEIRANTES","1011",NULL,"SAO JOSE","76974000","Catálogo de Escolas - agosto/2024","0","-11.537421","-61.0254268","110009805000034","-11.538890578040006","-61.02613773879163","numero_aproximado","da03","6","RUA BANDEIRANTES, 1011 (aprox) - SAO JOSE, ESPIGAO D'OESTE - RO",1,False,"110009805000034","110009805000035","-11.538890578040006","-61.02613773879163","0","180.8372554","1","75.0752413",False,True
13481,8,"2025-08-26 09:59:31-03","2025-08-26 09:59:31-03","0101000020E6100000547655FBCF804EC0CA0C65F2171427C0","0101000020E6100000547655FBCF804EC0CA0C65F2171427C0",11044519,2024,"RO",1100098,"Espigão D'Oeste","Espigão D'Oeste",110009805,"EMEI SERGIO BALBINOT",1,0,"RUA ROSA PEDRO AGOSTINHO","2188",NULL,"JORGE TEIXEIRA DE OLIVEIRA","76974000","Catálogo de Escolas - agosto/2024","0","-11.5392452","-61.0063471","110009805000012","-11.540682690621118","-61.0076664550507","numero_aproximado","da04","6","RUA ROSA PEDRO AGOSTINHO, 2188 (aprox) - VISTA ALEGRE, ESPIGAO D'OESTE - RO",1,False,"110009805000012","110009805000076","-11.540682690621118","-61.0076664550507","0","214.9666737","1","163.84909565",False,True
13783,8,"2025-08-26 09:59:31-03","2025-08-26 09:59:31-03","0101000020E6100000030086205E4550C0E6FF5F3EA63A27C0","0101000020E6100000030086205E4550C0E6FF5F3EA63A27C0",11049642,2024,"RO",1100106,"Guajará-Mirim","Guajará-Mirim",110010605,"EIEEF MAMXUN TAMANAIN ORO NAO",2,2,"ALDEIA BOM JESUS","KM.255","RIO SOTERIO,","ALDEIA BOM JESUS","76850000","Catálogo de Escolas - agosto/2024","0","-11.614549588412","-65.0838700588793","110010605000094","-10.80796661118521","-65.27934931416578","municipio","dm01","122291","GUAJARA-MIRIM - RO",13518,False,"110010605000094","110010605000066","-10.80796661118521","-65.27934931416578","0","92187.5660478","1","90833.47289236",False,False
13788,8,"2025-08-26 09:59:31-03","2025-08-26 09:59:31-03","0101000020E6100000FFFFE7319C4850C0EDFFA736383B27C0","0101000020E6100000FFFFE7319C4850C0EDFFA736383B27C0",11006129,2024,"RO",1100106,"Guajará-Mirim","Guajará-Mirim",110010605,"EIEEF FRANCISCO JOSE DE LACERDA",2,2,"ALDEIA SOTERIO - RIO MAMORE","KM. 250","TERRA INDIGENA","ALDEIA SOTERIO","76850000","Catálogo de Escolas - agosto/2024","0","-11.6156632499769","-65.1345333829522","110010605000140","-10.80796661118521","-65.27934931416578","municipio","dm01","122291","GUAJARA-MIRIM - RO",13518,False,"110010605000140","110010605000066","-10.80796661118521","-65.27934931416578","0","91190.29063485","1","90483.99870214",False,False
13793,8,"2025-08-26 09:59:31-03","2025-08-26 09:59:31-03","0101000020E6100000785DE06E20234FC0A1ED7F1D8B3B27C0","0101000020E6100000785DE06E20234FC0A1ED7F1D8B3B27C0",11021918,2024,"RO",1100148,"Nova Brasilândia D'Oe","Nova Brasilândia D'Oeste",110014805,"EMEIEF MARECHAL HERMES DA FONSECA",2,0,"LINHA 130 KM 12 LADO NORTE","S/N",NULL,"ZONA RURAL","76958000","Catálogo de Escolas - agosto/2024","0","-11.61629574","-62.27442728","110014805000018",NULL,NULL,NULL,NULL,NULL,NULL,NULL,False,"110014805000018",NULL,NULL,NULL,NULL,NULL,"1",NULL,NULL,NULL
13806,8,"2025-08-26 09:59:31-03","2025-08-26 09:59:31-03","0101000020E6100000D3B540CC6F1E4FC01D18E53EDE3C27C0","0101000020E6100000D3B540CC6F1E4FC01D18E53EDE3C27C0",11022108,2024,"RO",1100148,"Nova Brasilândia D'Oe","Nova Brasilândia D'Oeste",110014805,"EMEIEF SAGRADA FAMILIA",2,0,"LINHA 134, KM 12, LADO NORTE","S/N",NULL,"ZONA RURAL","76958000","Catálogo de Escolas - agosto/2024","0","-11.6188831","-62.2377868","110014805000027",NULL,NULL,NULL,NULL,NULL,NULL,NULL,False,"110014805000027",NULL,NULL,NULL,NULL,NULL,"1",NULL,NULL,NULL
13807,8,"2025-08-26 09:59:31-03","2025-08-26 09:59:31-03","0101000020E61000000100963E4A4950C0EEFF2775F03C27C0","0101000020E61000000100963E4A4950C0EEFF2775F03C27C0",11050683,2024,"RO",1100106,"Guajará-Mirim","Guajará-Mirim",110010605,"EIEEF JOAO JABUTI",2,2,"ALDEIA SAO JOAO - PACAAS NOVOS","KM.300","RIO MAMORE","ALDEIA SAO JOAO","76850000","Catálogo de Escolas - agosto/2024","0","-11.6190220462158","-65.1451565232128","110010605000141","-10.80796661118521","-65.27934931416578","municipio","dm01","122291","GUAJARA-MIRIM - RO",13518,False,"110010605000141","110010605000066","-10.80796661118521","-65.27934931416578","0","91365.3714066","1","90317.35087396",False,False
13846,8,"2025-08-26 09:59:31-03","2025-08-26 09:59:31-03","0101000020E6100000854B7D0F4D994EC069801CDEBD4127C0","0101000020E6100000854B7D0F4D994EC069801CDEBD4127C0",11050268,2024,"RO",1100189,"Pimenta Bueno","Pimenta Bueno",110018905,"EMEIEF ASSUNTA MARIA GIANINI FAVALECA",1,0,"AVENIDA PRIMO FAVALECA","131","SETOR ITAPORANGA","ITAPORANGA","76970000","Catálogo de Escolas - agosto/2024","0","-11.6284017","-61.1976642","110018920000001","-11.62875744749288","-61.19817861963491","localidade","db01","1492","ITAPORANGA, PIMENTA BUENO - RO",513,False,"110018920000001","110018920000001","-11.62875744749288","-61.19817861963491","0","68.58422652","1","0",True,NULL
13850,8,"2025-08-26 09:59:31-03","2025-08-26 09:59:31-03","0101000020E6100000E1197E816A994EC0F609A018594227C0","0101000020E6100000E1197E816A994EC0F609A018594227C0",11031514,2024,"RO",1100189,"Pimenta Bueno","Itaporanga",110018920,"EMEIEF ALTO ITAPORANGA",2,0,"RUA MARIA RIGO FERREIRA","140","ROD. 387KM 01","DISTRITO ITAPORANGA","76970000","Catálogo de Escolas - agosto/2024","0","-11.629586","-61.1985628","110018920000001","-11.69985839321045","-61.16220919067099","municipio","dm01","69360","PIMENTA BUENO - RO",12246,False,"110018920000001","110018905000071","-11.69985839321045","-61.16220919067099","0","8759.58221308","1","7442.33352483",False,False
13869,8,"2025-08-26 09:59:31-03","2025-08-26 09:59:31-03","0101000020E6100000C26C020CCB394EC0F6419605134727C0","0101000020E6100000C26C020CCB394EC0F6419605134727C0",11043865,2024,"RO",1100098,"Espigão D'Oeste","Espigão D'Oeste",110009805,"EIEEFM ROSANA CINTA LARGA",2,2,"ALDEIA JOAO BRAVO KM 130","S/N",NULL,"ZONA RURAL","76974000","Catálogo de Escolas - 2020","0","-11.638817","-60.451509","110030405000182","-11.521126353132942","-60.99193420067549","municipio","dm01","42953","ESPIGAO D'OESTE - RO",11955,False,"110030405000182","110009805000022","-11.521126353132942","-60.99193420067549","0","60306.47848188","1","59922.35425666",False,False
13909,8,"2025-08-26 09:59:31-03","2025-08-26 09:59:31-03","0101000020E6100000A5C97B8B3D984EC0796D80E37C4F27C0","0101000020E6100000A5C97B8B3D984EC0796D80E37C4F27C0",11031700,2024,"RO",1100189,"Pimenta Bueno","Pimenta Bueno",110018905,"EEEFM BOM SUCESSO",1,0,"ESTRADA DO AEROPORTO","337","AEROPORTO","BELA VISTA","76970000","Catálogo de Escolas - agosto/2024","0","-11.6552497","-61.1893782","110018905000062","-11.655682216829634","-61.188857133618534","numero_aproximado","da03","6","ESTRADA DO AEROPORTO, 337 (aprox) - BELA VISTA, PIMENTA BUENO - RO",1,False,"110018905000062","110018905000062","-11.655682216829634","-61.188857133618534","0","74.38439017","1","0",True,NULL
13910,8,"2025-08-26 09:59:31-03","2025-08-26 09:59:31-03","0101000020E6100000CC26C0B0FC984EC06DC83F33884F27C0","0101000020E6100000CC26C0B0FC984EC06DC83F33884F27C0",11114819,2024,"RO",1100189,"Pimenta Bueno","Pimenta Bueno",110018905,"CMEI JOSE PINHEIRO DE SOUZA",1,0,"RUA TUPA","35",NULL,"BELA VISTA","76970000","Catálogo de Escolas - agosto/2024","0","-11.655336","-61.1952115","110018905000043","-11.65531063079834","-61.19501876831055","numero","dn03","6","RUA TUPA, 35 - BELA VISTA, PIMENTA BUENO - RO, 76970-000",1,False,"110018905000043","110018905000043","-11.65531063079834","-61.19501876831055","0","21.17764518","1","0",True,NULL
13986,8,"2025-08-26 09:59:31-03","2025-08-26 09:59:31-03","0101000020E6100000D90B60257A994EC0E44D7E8B4E5627C0","0101000020E6100000D90B60257A994EC0E44D7E8B4E5627C0",11046481,2024,"RO",1100189,"Pimenta Bueno","Pimenta Bueno",110018905,"CMEI MARIA CLARA MACHADO",1,0,"AV. PIMENTA BUENO","263",NULL,"JARDIM DAS OLIVEIRAS","76970000","Catálogo de Escolas - agosto/2024","0","-11.668568","-61.1990401","110018905000061","-11.676127849507829","-61.19560374148182","localidade","db01","651","JARDIM DAS OLIVEIRAS, PIMENTA BUENO - RO",961,False,"110018905000061","110018905000027","-11.676127849507829","-61.19560374148182","0","920.14546974","1","664.57155138",False,False
13998,8,"2025-08-26 09:59:31-03","2025-08-26 09:59:31-03","0101000020E6100000F8EEA02303984EC0715D8CDC2E5727C0","0101000020E6100000F8EEA02303984EC0715D8CDC2E5727C0",11031441,2024,"RO",1100189,"Pimenta Bueno","Pimenta Bueno",110018905,"CEEJA - GLICERIA MARIA DE OLIVEIRA CRIVELLI",1,0,"RUA FLORIANO PEIXOTO","310",NULL,"PIONEIROS","76970000","Catálogo de Escolas - agosto/2024","0","-11.6702794","-61.1875958","110018905000003","-11.670141220092773","-61.187862396240234","numero","dn03","6","RUA FLORIANO PEIXOTO, 310 - PIONEIROS, PIMENTA BUENO - RO, 76970-000",1,False,"110018905000003","110018905000003","-11.670141220092773","-61.187862396240234","0","32.84665102","1","0",True,NULL
14002,8,"2025-08-26 09:59:31-03","2025-08-26 09:59:31-03","0101000020E61000003BAFEBF6DD984EC04BE1E6F9785727C0","0101000020E61000003BAFEBF6DD984EC04BE1E6F9785727C0",11050276,2024,"RO",1100189,"Pimenta Bueno","Pimenta Bueno",110018905,"EMEF SANDOVAL MEIRA",1,0,"RUA FERNAO DIAS","275",NULL,"PIONEIROS","76970000","Catálogo de Escolas - agosto/2024","0","-11.67084485","-61.19427382","110018905000025","-11.67412027198045","-61.19075511621841","localidade","db01","729","PIONEIROS, PIMENTA BUENO - RO",1410,False,"110018905000025","110018905000027","-11.67412027198045","-61.19075511621841","0","528.64897389","1","424.36603843",False,False
14023,8,"2025-08-26 09:59:31-03","2025-08-26 09:59:31-03","0101000020E61000002618CE35CC984EC0EC2F606E9C5927C0","0101000020E61000002618CE35CC984EC0EC2F606E9C5927C0",11032308,2024,"RO",1100189,"Pimenta Bueno","Pimenta Bueno",110018905,"EMEIEF MARIA DA CONCEICAO DO AMARAL CRIVELLI",1,0,"RUA PRINCESA ISABEL","355",NULL,"JARDIM DAS OLIVEIRAS","76970000","Catálogo de Escolas - agosto/2024","0","-11.6750216","-61.193732","110018905000027","-11.67473510503326","-61.19379479716989","numero_aproximado","da03","6","RUA PRINCESA ISABEL, 355 (aprox) - JARDIM DAS OLIVEIRAS, PIMENTA BUENO - RO",1,False,"110018905000027","110018905000027","-11.67473510503326","-61.19379479716989","0","32.58250549","1","0",True,NULL
14028,8,"2025-08-26 09:59:31-03","2025-08-26 09:59:31-03","0101000020E6100000444FCAA486974EC071EBC9575D5A27C0","0101000020E6100000444FCAA486974EC071EBC9575D5A27C0",11031549,2024,"RO",1100189,"Pimenta Bueno","Pimenta Bueno",110018905,"EEEF ANISIO SERRAO DE CARVALHO",1,0,"AVENIDA COSTA E SILVA","321",NULL,"ALVORADA","76970000","Catálogo de Escolas - agosto/2024","0","-11.6764934","-61.1837965","110018905000001","-11.67474264606283","-61.183949826300505","numero_aproximado","da03","6","AVENIDA COSTA E SILVA, 321 (aprox) - ALVORADA, PIMENTA BUENO - RO",2,False,"110018905000001","110018905000068","-11.67474264606283","-61.183949826300505","0","195.38989577","1","108.65412889",False,True
14031,8,"2025-08-26 09:59:31-03","2025-08-26 09:59:31-03","0101000020E6100000AF3374A213974EC0675595C7E45A27C0","0101000020E6100000AF3374A213974EC0675595C7E45A27C0",11031433,2024,"RO",1100189,"Pimenta Bueno","Pimenta Bueno",110018905,"CENTRO EDUCACIONAL PROFESSOR PAULO FREIRE",1,0,"AV TURIBIO ODILON RIBEIRO","781","PREDIO","ALVORADA","76970000","Catálogo de Escolas - agosto/2024","0","-11.6775267","-61.1802867","110018905000001","-11.678093313644238","-61.18016858302904","numero_aproximado","da03","6","AVENIDA TURIBIO ODILON RIBEIRO, 781 (aprox) - ALVORADA, PIMENTA BUENO - RO",1,False,"110018905000001","110018905000016","-11.678093313644238","-61.18016858302904","0","64.30413063","1","8.67459094",False,True
14034,8,"2025-08-26 09:59:31-03","2025-08-26 09:59:31-03","0101000020E6100000A60A462575984EC03C94B256FE5A27C0","0101000020E6100000A60A462575984EC03C94B256FE5A27C0",11033070,2024,"RO",1100189,"Pimenta Bueno","Pimenta Bueno",110018905,"EEEFM RAIMUNDO EUCLIDES BARBOSA",1,0,"AVENIDA DOS BANDEIRANTES","1152",NULL,"PIONEIROS","76970000","Catálogo de Escolas - agosto/2024","0","-11.6777217","-61.191075","110018905000028","-11.678521367155426","-61.190294257591994","numero_aproximado","da03","7","AVENIDA DOS BANDEIRANTES, 1152 (aprox) - PIONEIROS, PIMENTA BUENO - RO",1,False,"110018905000028","110018905000028","-11.678521367155426","-61.190294257591994","0","123.02276755","1","0",True,NULL
14039,8,"2025-08-26 09:59:31-03","2025-08-26 09:59:31-03","0101000020E6100000B26A6B9FE9954EC07F6C921FF15B27C0","0101000020E6100000B26A6B9FE9954EC07F6C921FF15B27C0",11033096,2024,"RO",1100189,"Pimenta Bueno","Pimenta Bueno",110018905,"ESCOLA DE ENSINO ESPECIAL DENISE ACCORSI TOMIO COLACO",1,0,"AVENIDA ANTONIO RICARDO DE LIMA","541","ESCOLA","SERINGAL","76970000","Catálogo de Escolas - agosto/2024","0","-11.679574","-61.1711921","110018905000053","-11.677055243160394","-61.172449022910634","numero_aproximado","da03","6","AVENIDA ANTONIO RICARDO DE LIMA, 541 (aprox) - SERINGAL, PIMENTA BUENO - RO",1,False,"110018905000053","110018905000045","-11.677055243160394","-61.172449022910634","0","311.7284321","1","53.63020074",False,True
14040,8,"2025-08-26 09:59:31-03","2025-08-26 09:59:31-03","0101000020E610000039C8354FBF964EC02332ACE28D5C27C0","0101000020E610000039C8354FBF964EC02332ACE28D5C27C0",11032260,2024,"RO",1100189,"Pimenta Bueno","Pimenta Bueno",110018905,"EEEMTI MARECHAL CORDEIRO DE FARIAS",1,0,"RUA 21 ABRIL","808","PROXIMO AO POSTO","APEDIA","76970000","Catálogo de Escolas - agosto/2024","0","-11.68077","-61.1777133","110018905000017","-11.681499606684634","-61.18434303685238","localidade","db01","602","APEDIA, PIMENTA BUENO - RO",80,False,"110018905000017","110018905000016","-11.681499606684634","-61.18434303685238","0","726.47071726","1","399.00698732",False,True
14057,8,"2025-08-26 09:59:31-03","2025-08-26 09:59:31-03","0101000020E6100000ABDDC02ED4964EC081DFD0A5C95E27C0","0101000020E6100000ABDDC02ED4964EC081DFD0A5C95E27C0",11032642,2024,"RO",1100189,"Pimenta Bueno","Pimenta Bueno",110018905,"EMEIEF PROFESSORA LAIRCE SANTIAGO MAINA",1,0,"RUA RIACHUELO,","835",NULL,"BNH I","76970000","Catálogo de Escolas - agosto/2024","0","-11.6851322","-61.1783503","110018905000031","-11.69985839321045","-61.16220919067099","municipio","dm01","69360","PIMENTA BUENO - RO",12246,False,"110018905000031","110018905000071","-11.69985839321045","-61.16220919067099","0","2402.16326064","1","2202.44355781",False,False
14058,8,"2025-08-26 09:59:31-03","2025-08-26 09:59:31-03","0101000020E610000039A231491B944EC015F99A8AF95E27C0","0101000020E610000039A231491B944EC015F99A8AF95E27C0",11050250,2024,"RO",1100189,"Pimenta Bueno","Pimenta Bueno",110018905,"EMEIEF MARIA JOSE ALVES ESCOBAR",1,0,"AVENIDA BELEM","1205",NULL,"NOVA PIMENTA","76970000","Catálogo de Escolas - agosto/2024","0","-11.6854976","-61.1570827","110018905000011","-11.685640648780554","-61.15727648978058","numero_aproximado","da03","6","AVENIDA BELEM, 1205 (aprox) - NOVA PIMENTA, PIMENTA BUENO - RO",1,False,"110018905000011","110018905000011","-11.685640648780554","-61.15727648978058","0","26.42535241","1","0",True,NULL
14059,8,"2025-08-26 09:59:31-03","2025-08-26 09:59:31-03","0101000020E6100000865D6FF6625B4FC0D7CE41E1FD5E27C0","0101000020E6100000865D6FF6625B4FC0D7CE41E1FD5E27C0",11042508,2024,"RO",1100320,"São Miguel do Guaporé","São Miguel do Guaporé",110032005,"EMEF LAZARA ALVES DE LIMA",1,0,"RUA JATOBA","2200",NULL,"PLANALTO","76932000","Catálogo de Escolas - agosto/2024","0","-11.6855307","-62.7139576","110032005000008","-11.684293264183388","-62.71924703986325","numero_aproximado","da03","6","RUA JATOBA, 2200 (aprox) - PLANALTO, SAO MIGUEL DO GUAPORE - RO",2,False,"110032005000008","110032005000033","-11.684293264183388","-62.71924703986325","0","592.17835219","1","70.74657588",False,True
14061,8,"2025-08-26 09:59:31-03","2025-08-26 09:59:31-03","0101000020E610000049E1D5CD20954EC092EFADA3055F27C0","0101000020E610000049E1D5CD20954EC092EFADA3055F27C0",11032375,2024,"RO",1100189,"Pimenta Bueno","Pimenta Bueno",110018905,"EMEIEF NAIR BARROS",1,0,"RUA PADRE FEIJO","1522",NULL,"VILA NOVA","76970000","Catálogo de Escolas - agosto/2024","0","-11.6855899","-61.1650636","110018905000050","-11.68585495813198","-61.16865962150538","localidade","db01","649","VILA NOVA, PIMENTA BUENO - RO",889,False,"110018905000050","110018905000013","-11.68585495813198","-61.16865962150538","0","392.67976499","1","242.26029241",False,True
14067,8,"2025-08-26 09:59:31-03","2025-08-26 09:59:31-03","0101000020E6100000CCB8A981E65B4FC019703BD9725F27C0","0101000020E6100000CCB8A981E65B4FC019703BD9725F27C0",11080809,2024,"RO",1100320,"São Miguel do Guaporé","São Miguel do Guaporé",110032005,"CRECHE MUNICIPAL JOAO MANUEL VARAO GALINA",1,0,"AVENIDA PRESIDENTE VARGAS","1620",NULL,"PLANALTO","76932000","Catálogo de Escolas - agosto/2024","0","-11.6864231","-62.717972","110032005000008","-11.685435610357963","-62.71748068823142","numero_aproximado","da03","6","AVENIDA PRESIDENTE VARGAS, 1620 (aprox) - PLANALTO, SAO MIGUEL DO GUAPORE - RO",1,False,"110032005000008","110032005000008","-11.685435610357963","-62.71748068823142","0","122.14363641","1","0",True,NULL
14068,8,"2025-08-26 09:59:31-03","2025-08-26 09:59:31-03","0101000020E61000006BCBCA40AF944EC0649291B3B05F27C0","0101000020E61000006BCBCA40AF944EC0649291B3B05F27C0",11032510,2024,"RO",1100189,"Pimenta Bueno","Pimenta Bueno",110018905,"EEEFM ORLANDO BUENO DA SILVA",1,0,"RUA PARA","1202","ESQ/ COM AV. SAO LUI","NOVA PIMENTA","76970000","Catálogo de Escolas - agosto/2024","0","-11.686895","-61.1615983","110018905000052","-11.686637878417969","-61.1615104675293","numero","dn03","6","RUA PARA, 1202 - NOVA PIMENTA, PIMENTA BUENO - RO, 76970-000",1,False,"110018905000052","110018905000052","-11.686637878417969","-61.1615104675293","0","30.14791974","1","0",True,NULL
14070,8,"2025-08-26 09:59:31-03","2025-08-26 09:59:31-03","0101000020E6100000279B17CC04954EC0F169A917D75F27C0","0101000020E6100000279B17CC04954EC0F169A917D75F27C0",11043962,2024,"RO",1100189,"Pimenta Bueno","Pimenta Bueno",110018905,"CENTRO MUNICIPAL DE EDUCACAO INFANTIL MARIA MADALENA GONZAGA THOMAZ",1,0,"AV CURITIBA","1316","ZONA URBANA","VILA NOVA","76970000","Catálogo de Escolas - agosto/2024","0","-11.6871879","-61.1642089","110018905000050","-11.683131621390617","-61.165760916028546","numero_aproximado","da03","6","AVENIDA CURITIBA, 1316 (aprox) - VILA NOVA, PIMENTA BUENO - RO",1,False,"110018905000050","110018905000047","-11.683131621390617","-61.165760916028546","0","481.66011023","1","220.15590358",False,True
14071,8,"2025-08-26 09:59:31-03","2025-08-26 09:59:31-03","0101000020E6100000E42EC214E55A4FC0C79DD2C1FA5F27C0","0101000020E6100000E42EC214E55A4FC0C79DD2C1FA5F27C0",11050853,2024,"RO",1100320,"São Miguel do Guaporé","São Miguel do Guaporé",110032005,"IFRO - CAMPUS AVANCADO SAO MIGUEL DO GUAPORE",1,0,"AVENIDA PRESIDENTE KENEDY","1685",NULL,"CRISTO REI","76932000","Google 2025","1","-11.68746","-62.710116","110032005000030","-11.715281802022897","-62.717280271116074","municipio","dm01","16596","SAO MIGUEL DO GUAPORE - RO",4359,False,"110032005000030","110032005000038","-11.715281802022897","-62.717280271116074","0","3190.48169911","1","2925.09135801",False,False
14072,8,"2025-08-26 09:59:31-03","2025-08-26 09:59:31-03","0101000020E6100000EB14504DEE5A4FC088E41A553C6027C0","0101000020E6100000EB14504DEE5A4FC088E41A553C6027C0",11022256,2024,"RO",1100320,"São Miguel do Guaporé","São Miguel do Guaporé",110032005,"CEEJA GETULIO VARGAS",1,0,"AVENIDA PRESIDENTE KENNEDY","1685",NULL,"PLANALTO","76932000","Catálogo de Escolas - agosto/2024","0","-11.6879603","-62.7103974","110032005000030","-11.697871236589362","-62.71278781703037","numero_aproximado","da04","6","AVENIDA PRESIDENTE KENNEDY, 1685 (aprox) - NOVO ORIENTE, SAO MIGUEL DO GUAPORE - RO",1,False,"110032005000030","110032005000004","-11.697871236589362","-62.71278781703037","0","1132.36812649","1","938.06338716",False,False
14079,8,"2025-08-26 09:59:31-03","2025-08-26 09:59:31-03","0101000020E610000086D7E4DF1D964EC0A312E85D066127C0","0101000020E610000086D7E4DF1D964EC0A312E85D066127C0",11049731,2024,"RO",1100189,"Pimenta Bueno","Pimenta Bueno",110018905,"CENTRO DE EDUCACAO PROFISSIONAL SENAC PIMENTA BUENO",1,0,"RUA RAPOSO TAVARES","698","PROXIMO ATACAREJO","CTG","76970000","Catálogo de Escolas - agosto/2024","0","-11.6895017","-61.1727867","110018905000019","-11.689602851867676","-61.173431396484375","numero","dn03","6","RUA RAPOSO TAVARES, 698 - CTG, PIMENTA BUENO - RO, 76970-000",2,False,"110018905000019","110018905000019","-11.689602851867676","-61.173431396484375","0","71.09561366","1","0",True,NULL
14080,8,"2025-08-26 09:59:31-03","2025-08-26 09:59:31-03","0101000020E6100000A40DD1329C014FC07468AA8A1D6127C0","0101000020E6100000A40DD1329C014FC07468AA8A1D6127C0",11030216,2024,"RO",1100502,"Novo Horizonte do Oes","Novo Horizonte do Oeste",110050205,"ESCOLA FAMILIA AGRICOLA CHICO MENDES",2,0,"LINHA 160 KM 4,5 NORTE","S/N","ZONA RURAL","ZONA RURAL","76956000","Catálogo de Escolas - agosto/2024","0","-11.68967851","-62.0125793","110050205000016",NULL,NULL,NULL,NULL,NULL,NULL,NULL,False,"110050205000016",NULL,NULL,NULL,NULL,NULL,"1",NULL,NULL,NULL
14081,8,"2025-08-26 09:59:31-03","2025-08-26 09:59:31-03","0101000020E6100000B5FEF1B96E5B4FC079E173CC1E6127C0","0101000020E6100000B5FEF1B96E5B4FC079E173CC1E6127C0",11022990,2024,"RO",1100320,"São Miguel do Guaporé","São Miguel do Guaporé",110032005,"EMEIEF TIO TECO",1,0,"RUA MARACATIARA","1952",NULL,"CRISTO REI","76932000","Catálogo de Escolas - agosto/2024","0","-11.6896881","-62.7143166","110032005000005","-11.715281802022897","-62.717280271116074","municipio","dm01","16596","SAO MIGUEL DO GUAPORE - RO",4359,False,"110032005000005","110032005000038","-11.715281802022897","-62.717280271116074","0","2864.13052874","1","2684.34674514",False,False
14082,8,"2025-08-26 09:59:31-03","2025-08-26 09:59:31-03","0101000020E6100000521F30F89B954EC0EA17B0E23F6127C0","0101000020E6100000521F30F89B954EC0EA17B0E23F6127C0",11050810,2024,"RO",1100189,"Pimenta Bueno","Pimenta Bueno",110018905,"CMEI PROFESSORA MARIA APARECIDA GOMES",1,0,"AVENIDA ODEGAR MAXIMIANO RAMOS VIEIRA ESQUINA C/ PADRE FEIJO","1706",NULL,"VILA NOVA","76970000","Catálogo de Escolas - agosto/2024","0","-11.6899405326803","-61.1688223109219","110018905000050","-11.68585495813198","-61.16865962150538","localidade","db01","649","VILA NOVA, PIMENTA BUENO - RO",889,False,"110018905000050","110018905000013","-11.68585495813198","-61.16865962150538","0","454.64105624","1","242.26029241",False,True
14083,8,"2025-08-26 09:59:31-03","2025-08-26 09:59:31-03","0101000020E61000001241E6142E964EC0F74E16084C6127C0","0101000020E61000001241E6142E964EC0F74E16084C6127C0",11040017,2024,"RO",1100189,"Pimenta Bueno","Pimenta Bueno",110018905,"CMEI HERBERT JOSE DE SOUZA",1,0,"AVENIDA CRISTOVAO COLOMBO","275",NULL,"CTG","76970000","Catálogo de Escolas - agosto/2024","0","-11.6900332","-61.1732813","110018905000019","-11.690878571229204","-61.173330165137926","localidade","db01","348","CTG, PIMENTA BUENO - RO",383,False,"110018905000019","110018905000019","-11.690878571229204","-61.173330165137926","0","94.15159193","1","0",True,NULL
14084,8,"2025-08-26 09:59:31-03","2025-08-26 09:59:31-03","0101000020E6100000A7B393C1515B4FC0DF1797AAB46127C0","0101000020E6100000A7B393C1515B4FC0DF1797AAB46127C0",11022450,2024,"RO",1100320,"São Miguel do Guaporé","São Miguel do Guaporé",110032005,"EEEF DEONILDO CARAGNATTO",1,0,"AVENIDA 16 DE JUNHO","1300","PREDIO","CRISTO REI","76932000","Catálogo de Escolas - agosto/2024","0","-11.6908315","-62.7134325","110032005000005","-11.715281802022897","-62.717280271116074","municipio","dm01","16596","SAO MIGUEL DO GUAPORE - RO",4359,False,"110032005000005","110032005000038","-11.715281802022897","-62.717280271116074","0","2750.84460737","1","2684.34674514",False,False
14086,8,"2025-08-26 09:59:31-03","2025-08-26 09:59:31-03","0101000020E61000001D120885525B4FC0EFB4EB94FD6127C0","0101000020E61000001D120885525B4FC0EFB4EB94FD6127C0",11048085,2024,"RO",1100320,"São Miguel do Guaporé","São Miguel do Guaporé",110032005,"APAE DE SAO MIGUEL DO GUAPORE",1,0,"AV 16 DE JUNHO","1250","APAE SMG","CRISTO REI","76932000","Catálogo de Escolas - agosto/2024","0","-11.6913878","-62.7134558","110032005000006","-11.715281802022897","-62.717280271116074","municipio","dm01","16596","SAO MIGUEL DO GUAPORE - RO",4359,False,"110032005000006","110032005000038","-11.715281802022897","-62.717280271116074","0","2689.33085115","1","2362.91898014",False,False
14092,8,"2025-08-26 09:59:31-03","2025-08-26 09:59:31-03","0101000020E610000007B13385CE954EC0DDEEE53E396227C0","0101000020E610000007B13385CE954EC0DDEEE53E396227C0",11037334,2024,"RO",1100189,"Pimenta Bueno","Pimenta Bueno",110018905,"EEEFM PROFESSOR VALDIR MONFREDINHO",1,0,"AV DOS IMIGRANTES","1845",NULL,"CTG","76970000","Catálogo de Escolas - agosto/2024","0","-11.691843","-61.170365","110018905000050","-11.690696968007055","-61.171321612035065","numero_aproximado","da03","6","AVENIDA DOS IMIGRANTES, 1845 (aprox) - CTG, PIMENTA BUENO - RO",1,False,"110018905000050","110018905000019","-11.690696968007055","-61.171321612035065","0","164.58823716","1","124.89023393",False,True
14095,8,"2025-08-26 09:59:31-03","2025-08-26 09:59:31-03","0101000020E6100000A5B2516BD4524EC020299E8A866227C0","0101000020E6100000A5B2516BD4524EC020299E8A866227C0",11032995,2024,"RO",1100189,"Pimenta Bueno","Pimenta Bueno",110018905,"EMMEF UNIAO DO CALCARIO",2,0,"ESTRADA DO CALCARIO - KM 100",NULL,NULL,NULL,"76970000","Catálogo de Escolas - agosto/2024","0","-11.69243272","-60.64710752","110018915000004","-11.69985839321045","-61.16220919067099","municipio","dm01","69360","PIMENTA BUENO - RO",12246,False,"110018915000004","110018905000071","-11.69985839321045","-61.16220919067099","0","56093.57193162","1","26389.6425656",False,False
14097,8,"2025-08-26 09:59:31-03","2025-08-26 09:59:31-03","0101000020E610000087E6954627464EC0F6F5D786E56227C0","0101000020E610000087E6954627464EC0F6F5D786E56227C0",11031506,2024,"RO",1100189,"Pimenta Bueno","Pimenta Bueno",110018905,"EMEIEF AGUIA DOURADA",2,0,"LINHA 108 SETOR CALCARIO",NULL,NULL,NULL,"76970000","Catálogo de Escolas - agosto/2024","0","-11.6931574","-60.5480736","110018915000006","-11.69985839321045","-61.16220919067099","municipio","dm01","69360","PIMENTA BUENO - RO",12246,False,"110018915000006","110018905000071","-11.69985839321045","-61.16220919067099","0","66874.9873384","1","62860.27776968",False,False
14107,8,"2025-08-26 09:59:31-03","2025-08-26 09:59:31-03","0101000020E6100000E344AADED05B4FC010EA2285B26427C0","0101000020E6100000E344AADED05B4FC010EA2285B26427C0",11022981,2024,"RO",1100320,"São Miguel do Guaporé","São Miguel do Guaporé",110032005,"EEEFM PRINCESA ISABEL",1,0,"RUA NOROESTE","2200","EM FRENTE A MATRIZ","CENTRO","76932000","Catálogo de Escolas - agosto/2024","0","-11.6966745","-62.7173117","110032005000002","-11.696745872497559","-62.717384338378906","numero","dn03","6","RUA NOROESTE, 2200 - CENTRO, SAO MIGUEL DO GUAPORE - RO, 76932-000",1,False,"110032005000002","110032005000002","-11.696745872497559","-62.717384338378906","0","11.20453113","1","0",True,NULL
14108,8,"2025-08-26 09:59:31-03","2025-08-26 09:59:31-03","0101000020E61000007C2189038D5B4FC0353B9C0A026527C0","0101000020E61000007C2189038D5B4FC0353B9C0A026527C0",11050241,2024,"RO",1100320,"São Miguel do Guaporé","São Miguel do Guaporé",110032005,"CLARETIANO COLEGIO SAO MIGUEL",1,0,"AVENIDA DEZESSEIS DE JUNHO","0565","PROXIMO A IGREJA CAT","CENTRO","76932000","Catálogo de Escolas - agosto/2024","0","-11.6972812","-62.7152409","110032005000003","-11.697447786025894","-62.71543984064601","numero_aproximado","da03","6","AVENIDA DEZESSEIS DE JUNHO, 565 (aprox) - CENTRO, SAO MIGUEL DO GUAPORE - RO",1,False,"110032005000003","110032005000003","-11.697447786025894","-62.71543984064601","0","28.50185621","1","0",True,NULL
14126,8,"2025-08-26 09:59:31-03","2025-08-26 09:59:31-03","0101000020E610000069965F611C004FC0E8AEDB56696927C0","0101000020E610000069965F611C004FC0E8AEDB56696927C0",11046856,2024,"RO",1100502,"Novo Horizonte do Oes","Novo Horizonte do Oeste",110050205,"CEEJA PROFESSORA BARBARA CONCEICAO DOS REIS",1,0,"AVENIDA HONORATO BENEDITO DA SILVA","4709","CASA","CENTRO","76956000","Catálogo de Escolas - agosto/2024","0","-11.7058818","-62.0008661","110050205000001",NULL,NULL,NULL,NULL,NULL,NULL,NULL,False,"110050205000001",NULL,NULL,NULL,NULL,NULL,"1",NULL,NULL,NULL
14129,8,"2025-08-26 09:59:31-03","2025-08-26 09:59:31-03","0101000020E610000069E388B5F8FF4EC02DC25E72ED6927C0","0101000020E610000069E388B5F8FF4EC02DC25E72ED6927C0",11030372,2024,"RO",1100502,"Novo Horizonte do Oes","Novo Horizonte do Oeste",110050205,"EEEFM MARECHAL CANDIDO RONDON",1,0,"TRAVESSA DA CULTURA","4834","PREDIO","CENTRO","76956000","Catálogo de Escolas - agosto/2024","0","-11.7068897","-61.9997775","110050205000001",NULL,NULL,NULL,NULL,NULL,NULL,NULL,False,"110050205000001",NULL,NULL,NULL,NULL,NULL,"1",NULL,NULL,NULL
14133,8,"2025-08-26 09:59:31-03","2025-08-26 09:59:31-03","0101000020E6100000FDA5A03605E34EC066529ED4F26A27C0","0101000020E6100000FDA5A03605E34EC066529ED4F26A27C0",11029110,2024,"RO",1100288,"Rolim de Moura","Rolim de Moura",110028805,"EEEFM MARIA DO CARMO DE OLIVEIRA RABELO",1,0,"TRAVESSA RELIQUIA","4560",NULL,"OLIMPICO","76940000","Catálogo de Escolas - agosto/2024","0","-11.7088839","-61.7735966","110028805000017","-11.709364163545805","-61.76940183578639","numero_aproximado","da03","6","TRAVESSA RELIQUIA, 4560 (aprox) - OLIMPICO, ROLIM DE MOURA - RO",1,False,"110028805000017","110028805000018","-11.709364163545805","-61.76940183578639","0","459.84227333","1","358.38675751",False,True
14135,8,"2025-08-26 09:59:31-03","2025-08-26 09:59:31-03","0101000020E6100000010CD31038004FC0A96E89B7296B27C0","0101000020E6100000010CD31038004FC0A96E89B7296B27C0",11042591,2024,"RO",1100502,"Novo Horizonte do Oes","Novo Horizonte do Oeste",110050205,"EMEI TEMPO FELIZ",1,0,"RUA MANOEL FRANSCICO DE LIMA FILHO","4631","PREDIO","CENTRO","76956000","Catálogo de Escolas - agosto/2024","0","-11.70930265","-62.00171099","110050205000002",NULL,NULL,NULL,NULL,NULL,NULL,NULL,False,"110050205000002",NULL,NULL,NULL,NULL,NULL,"1",NULL,NULL,NULL
14151,8,"2025-08-26 09:59:31-03","2025-08-26 09:59:31-03","0101000020E6100000E096FA3F28004FC077A1B94E236D27C0","0101000020E6100000E096FA3F28004FC077A1B94E236D27C0",11048379,2024,"RO",1100502,"Novo Horizonte do Oes","Novo Horizonte do Oeste",110050205,"EMEF PAULO SCHERRER",1,0,"RUA ORMINDO BENTO SERAFIM","4684","PREDIO","CENTRO","76956000","Catálogo de Escolas - agosto/2024","0","-11.71316","-62.00122833","110050205000002",NULL,NULL,NULL,NULL,NULL,NULL,NULL,False,"110050205000002",NULL,NULL,NULL,NULL,NULL,"1",NULL,NULL,NULL
14156,8,"2025-08-26 09:59:31-03","2025-08-26 09:59:31-03","0101000020E6100000FD885FB186E44EC0690D94CACA6D27C0","0101000020E6100000FD885FB186E44EC0690D94CACA6D27C0",11029161,2024,"RO",1100288,"Rolim de Moura","Rolim de Moura",110028805,"EEEF MONTEIRO LOBATO",1,0,"AVENIDA BELEM","5796",NULL,"PLANALTO","76940000","Catálogo de Escolas - agosto/2024","0","-11.7144378","-61.7853605","110028805000004","-11.714627265930176","-61.78472900390625","numero","dn03","6","AVENIDA BELEM, 5796 - PLANALTO, ROLIM DE MOURA - RO, 76940-000",1,False,"110028805000004","110028805000004","-11.714627265930176","-61.78472900390625","0","71.91195268","1","0",True,NULL
14163,8,"2025-08-26 09:59:31-03","2025-08-26 09:59:31-03","0101000020E61000004189851046E64EC097416B346F6F27C0","0101000020E61000004189851046E64EC097416B346F6F27C0",11029307,2024,"RO",1100288,"Rolim de Moura","Rolim de Moura",110028805,"COLEGIO TIRADENTES DA POLICIA MILITAR - CTPM VIII",1,0,"AVENIDA CECILIA MEIRELES","5866","COLEGIO","CIDADE ALTA","76940000","Catálogo de Escolas - agosto/2024","0","-11.7176453","-61.7990132","110028805000094","-11.717702865600586","-61.799320220947266","numero","dn03","6","AVENIDA CECILIA MEIRELES, 5866 - CIDADE ALTA, ROLIM DE MOURA - RO, 76940-000",1,False,"110028805000094","110028805000094","-11.717702865600586","-61.799320220947266","0","34.0351053","1","0",True,NULL
14165,8,"2025-08-26 09:59:31-03","2025-08-26 09:59:31-03","0101000020E6100000DD2AA11E4FE64EC030CEA5D9B86F27C0","0101000020E6100000DD2AA11E4FE64EC030CEA5D9B86F27C0",11050896,2024,"RO",1100288,"Rolim de Moura","Rolim de Moura",110028805,"EMEI NEUSA SANTOS DE OLIVEIRA",1,0,"AVENIDA AV. CECILIA MEIRELES","5794",NULL,"CIDADE ALTA","76940000","Catálogo de Escolas - agosto/2024","0","-11.71820717","-61.79928954","110028805000094","-11.71822738647461","-61.79934310913086","numero","dn03","6","AVENIDA CECILIA MEIRELES, 5794 - CIDADE ALTA, ROLIM DE MOURA - RO, 76940-000",1,False,"110028805000094","110028805000094","-11.71822738647461","-61.79934310913086","0","6.25069391","1","0",True,NULL
14169,8,"2025-08-26 09:59:31-03","2025-08-26 09:59:31-03","0101000020E61000002101A3CB9BE14EC009C03FA54A7027C0","0101000020E61000002101A3CB9BE14EC009C03FA54A7027C0",11029099,2024,"RO",1100288,"Rolim de Moura","Rolim de Moura",110028805,"EEEF MARIA COMANDOLLI LIRA",1,0,"RUA RONDONIA","4278",NULL,"CENTENARIO","76940000","Catálogo de Escolas - agosto/2024","0","-11.7193195","-61.762567","110028805000021","-11.718501948591769","-61.76292481858078","numero_aproximado","da03","6","RUA RONDONIA, 4278 (aprox) - CENTENARIO, ROLIM DE MOURA - RO",1,False,"110028805000021","110028805000021","-11.718501948591769","-61.76292481858078","0","98.90379108","1","0",True,NULL
14171,8,"2025-08-26 09:59:31-03","2025-08-26 09:59:31-03","0101000020E6100000516C054D4BE64EC0DAA9B9DC607027C0","0101000020E6100000516C054D4BE64EC0DAA9B9DC607027C0",11048646,2024,"RO",1100288,"Rolim de Moura","Rolim de Moura",110028805,"EMEIEF JOAO BATISTA DIAS",1,0,"AVENIDA CECILIA MEIRELES","5666",NULL,"CIDADE ALTA","76940000","Catálogo de Escolas - agosto/2024","0","-11.719489","-61.799173","110028805000093","-11.719169945076718","-61.79948549122134","numero_aproximado","da03","6","AVENIDA CECILIA MEIRELES, 5666 (aprox) - CIDADE ALTA, ROLIM DE MOURA - RO",1,False,"110028805000093","110028805000095","-11.719169945076718","-61.79948549122134","0","49.15502377","1","9.08304647",False,True
14172,8,"2025-08-26 09:59:31-03","2025-08-26 09:59:31-03","0101000020E61000007731CD74AFE14EC01329CDE6717027C0","0101000020E61000007731CD74AFE14EC01329CDE6717027C0",11051027,2024,"RO",1100288,"Rolim de Moura","Rolim de Moura",110028805,"EMEI JULIA BOBEK",1,0,"RUA RONDONIA","4285",NULL,"CENTENARIO","76940000","Google 2025","1","-11.719619","-61.763167","110028805000023","-11.71854273723228","-61.762926708532746","numero_aproximado","da03","6","RUA RONDONIA, 4285 (aprox) - CENTENARIO, ROLIM DE MOURA - RO",1,False,"110028805000023","110028805000021","-11.71854273723228","-61.762926708532746","0","122.50142804","1","1.54085644",False,True
14173,8,"2025-08-26 09:59:31-03","2025-08-26 09:59:31-03","0101000020E61000001BA19FA9D7294FC027953A12797027C0","0101000020E61000001BA19FA9D7294FC027953A12797027C0",11022205,2024,"RO",1100148,"Nova Brasilândia D'Oe","Nova Brasilândia D'Oeste",110014805,"EEEF ROCHA POMBO",1,0,"RUA RIACHUELO","1560",NULL,"SETOR 15","76958000","Catálogo de Escolas - agosto/2024","0","-11.7196737","-62.326894","110014805000008",NULL,NULL,NULL,NULL,NULL,NULL,NULL,False,"110014805000008",NULL,NULL,NULL,NULL,NULL,"1",NULL,NULL,NULL
14174,8,"2025-08-26 09:59:31-03","2025-08-26 09:59:31-03","0101000020E610000006B2E8E797284FC04E79196AB97027C0","0101000020E610000006B2E8E797284FC04E79196AB97027C0",11038624,2024,"RO",1100148,"Nova Brasilândia D'Oe","Nova Brasilândia D'Oeste",110014805,"EMEF MACHADO DE ASSIS",1,0,"RUA RIACHUELO","2591","SETOR 14","SETOR 14","76958000","Catálogo de Escolas - agosto/2024","0","-11.7201646","-62.3171358","110014805000009",NULL,NULL,NULL,NULL,NULL,NULL,NULL,False,"110014805000009",NULL,NULL,NULL,NULL,NULL,"1",NULL,NULL,NULL
14175,8,"2025-08-26 09:59:31-03","2025-08-26 09:59:31-03","0101000020E6100000AAA8D1169D124FC0EC98E3AAEC7027C0","0101000020E6100000AAA8D1169D124FC0EC98E3AAEC7027C0",11048387,2024,"RO",1100502,"Novo Horizonte do Oes","Migrantinópolis",110050210,"EMEF SARAH KUBITSCHEK",1,0,"RUA MARIO COVAS","S/N","ESCOLA","CIDADE ALTA","76956000","Catálogo de Escolas - agosto/2024","0","-11.72055563","-62.14541898","110050210000008",NULL,NULL,NULL,NULL,NULL,NULL,NULL,False,"110050210000008",NULL,NULL,NULL,NULL,NULL,"1",NULL,NULL,NULL
14176,8,"2025-08-26 09:59:31-03","2025-08-26 09:59:31-03","0101000020E6100000C3899E4ABCE24EC0C6D6D8CAF07027C0","0101000020E6100000C3899E4ABCE24EC0C6D6D8CAF07027C0",11048174,2024,"RO",1100288,"Rolim de Moura","Rolim de Moura",110028805,"COLEGIO BENEC",1,0,"AVENIDA JOAO PESSOA","4271","EDIFICIO","CENTRO","76940000","Catálogo de Escolas - agosto/2024","0","-11.7205871","-61.7713712","110028805000010","-11.720470092932388","-61.777420274171924","numero_aproximado","da03","6","AVENIDA JOAO PESSOA, 4271 (aprox) - CENTRO, ROLIM DE MOURA - RO",3,False,"110028805000010","110028805000006","-11.720470092932388","-61.777420274171924","0","658.73156588","1","339.49171654",False,True
14181,8,"2025-08-26 09:59:31-03","2025-08-26 09:59:31-03","0101000020E6100000C2E642D294124FC0C5792E665E7127C0","0101000020E6100000C2E642D294124FC0C5792E665E7127C0",11047305,2024,"RO",1100502,"Novo Horizonte do Oes","Novo Horizonte do Oeste",110050205,"EMEI RAIO DE LUZ",1,0,"AVENIDA PORTO ALEGRE","3495","PREDIO","CENTRO","76956000","Catálogo de Escolas - agosto/2024","0","-11.7214233333333","-62.1451666666667","110050210000008",NULL,NULL,NULL,NULL,NULL,NULL,NULL,False,"110050210000008",NULL,NULL,NULL,NULL,NULL,"1",NULL,NULL,NULL
14184,8,"2025-08-26 09:59:31-03","2025-08-26 09:59:31-03","0101000020E6100000F8FF1F2537284FC00C00B86F7C7127C0","0101000020E6100000F8FF1F2537284FC00C00B86F7C7127C0",11045124,2024,"RO",1100148,"Nova Brasilândia D'Oe","Nova Brasilândia D'Oeste",110014805,"APAE CENTRO DE ATENDIMENTO EDUCACIONAL ESPECIALIZADO ROSA DE SARON",1,0,"AVENIDA TANCREDO DE ALMEIDA NEVES","1489","PROXIMO AO FORUM","SETOR 13","76958000","Catálogo de Escolas - agosto/2024","0","-11.7216524994001","-62.31418289244169","110014805000010",NULL,NULL,NULL,NULL,NULL,NULL,NULL,False,"110014805000010",NULL,NULL,NULL,NULL,NULL,"1",NULL,NULL,NULL
14187,8,"2025-08-26 09:59:31-03","2025-08-26 09:59:31-03","0101000020E6100000281FCC37ECE44EC037B75384E57127C0","0101000020E6100000281FCC37ECE44EC037B75384E57127C0",11045639,2024,"RO",1100288,"Rolim de Moura","Rolim de Moura",110028805,"COLEGIO CLARICE LISPECTOR LTDA",1,0,"AVENIDA RECIFE","6151",NULL,"CENTRO","76940000","Catálogo de Escolas - agosto/2024","0","-11.7224542","-61.7884588","110028805000114","-11.722304619775894","-61.77948350032638","numero_aproximado","da03","6","AVENIDA RECIFE, 6151 (aprox) - CENTRO, ROLIM DE MOURA - RO",1,False,"110028805000114","110028805000006","-11.722304619775894","-61.77948350032638","0","977.33575234","1","914.01731686",False,False
14194,8,"2025-08-26 09:59:31-03","2025-08-26 09:59:31-03","0101000020E610000002544864E5EC4EC0CDFD7A2A4C7227C0","0101000020E610000002544864E5EC4EC0CDFD7A2A4C7227C0",11029064,2024,"RO",1100288,"Rolim de Moura","Rolim de Moura",110028805,"EPMEIEF JOSE VERISSIMO",2,0,"LINHA 176 NORTE KM 0.3","S/N",NULL,"ZONA RURAL","76940000","Catálogo de Escolas - agosto/2024","0","-11.72323735","-61.85075048","110028805000061","-11.728776183087517","-61.77993785198598","municipio","dm01","13206","ROLIM DE MOURA - RO",15117,False,"110028805000061","110028805000015","-11.728776183087517","-61.77993785198598","0","7734.25150925","1","6024.34634768",False,False
14195,8,"2025-08-26 09:59:31-03","2025-08-26 09:59:31-03","0101000020E6100000F911BF620D294FC0614491A45A7227C0","0101000020E6100000F911BF620D294FC0614491A45A7227C0",11021420,2024,"RO",1100148,"Nova Brasilândia D'Oe","Nova Brasilândia D'Oeste",110014805,"CEEJA CECILIA MEIRELES",1,0,"RUA FLORIANO PEIXOTO","1650","PREDIO","SETOR 14","76958000","Catálogo de Escolas - agosto/2024","0","-11.7233478","-62.320721","110014805000009",NULL,NULL,NULL,NULL,NULL,NULL,NULL,False,"110014805000009",NULL,NULL,NULL,NULL,NULL,"1",NULL,NULL,NULL
14196,8,"2025-08-26 09:59:31-03","2025-08-26 09:59:31-03","0101000020E610000045323F92ED284FC0DD0FD319737227C0","0101000020E610000045323F92ED284FC0DD0FD319737227C0",11039230,2024,"RO",1100148,"Nova Brasilândia D'Oe","Nova Brasilândia D'Oeste",110014805,"EMEIEF ANA CAROLINA DALLA COSTA",1,0,"RUA RECIFE ESQUINA COM GOVERNADOR JORGE TEIXEIRA","2314",NULL,"SETOR 005","76958000","Catálogo de Escolas - agosto/2024","0","-11.7235344","-62.3197501","110014805000009",NULL,NULL,NULL,NULL,NULL,NULL,NULL,False,"110014805000009",NULL,NULL,NULL,NULL,NULL,"1",NULL,NULL,NULL
14197,8,"2025-08-26 09:59:31-03","2025-08-26 09:59:31-03","0101000020E610000097676F3A13E44EC072AA10EA7D7227C0","0101000020E610000097676F3A13E44EC072AA10EA7D7227C0",11028483,2024,"RO",1100288,"Rolim de Moura","Rolim de Moura",110028805,"CEEJA CEL JORGE TEIXEIRA DE OLIVEIRA",1,0,"RUA RIO MADEIRA","4807","PREDIO","CENTRO","76940000","Catálogo de Escolas - agosto/2024","0","-11.7236169","-61.7818368","110028805000007","-11.727676513529879","-61.78166051833143","numero_aproximado","da03","6","RUA RIO MADEIRA, 4807 (aprox) - CENTRO, ROLIM DE MOURA - RO",1,False,"110028805000007","110028805000015","-11.727676513529879","-61.78166051833143","0","451.81687293","1","228.87190879",False,True
14198,8,"2025-08-26 09:59:31-03","2025-08-26 09:59:31-03","0101000020E610000087A350BB04BD4EC095F0845E7F7227C0","0101000020E610000087A350BB04BD4EC095F0845E7F7227C0",11048956,2024,"RO",1100189,"Pimenta Bueno","Pimenta Bueno",110018905,"CENTRO TECNICO ESTADUAL DE EDUCACAO RURAL ABAITARA",2,0,"RO 010, KM 32 SETOR ABAITARA, ZONA RURAL",NULL,"SETOR ABAITARA","ZONA RURAL","76970000","Catálogo de Escolas - agosto/2024","0","-11.723628","-61.4767069","110018905000035","-11.69985839321045","-61.16220919067099","municipio","dm01","69360","PIMENTA BUENO - RO",12246,False,"110018905000035","110018905000071","-11.69985839321045","-61.16220919067099","0","34344.40383897","1","9908.25627283",False,False
14199,8,"2025-08-26 09:59:31-03","2025-08-26 09:59:31-03","0101000020E61000001B09D91E62E44EC02E50F7A68E7227C0","0101000020E61000001B09D91E62E44EC02E50F7A68E7227C0",11050195,2024,"RO",1100288,"Rolim de Moura","Rolim de Moura",110028805,"EMEF PROFESSOR VALDECIR SGARBI FILHO",1,0,"RUA TOCANTINS","4787",NULL,"CENTRO","76940000","Catálogo de Escolas - agosto/2024","0","-11.7237446","-61.7842444","110028805000001","-11.726400146285297","-61.78371049661766","numero_aproximado","da03","6","RUA TOCANTINS, 4787 (aprox) - CENTRO, ROLIM DE MOURA - RO",1,False,"110028805000001","110028805000015","-11.726400146285297","-61.78371049661766","0","300.95081685","1","92.84939449",False,True
14200,8,"2025-08-26 09:59:31-03","2025-08-26 09:59:31-03","0101000020E6100000A51133FB3CE44EC0CB040D47A17227C0","0101000020E6100000A51133FB3CE44EC0CB040D47A17227C0",11029439,2024,"RO",1100288,"Rolim de Moura","Rolim de Moura",110028805,"EEEMTI CANDIDO PORTINARI",1,0,"AVENIDA FORTALEZA","5550",NULL,"CENTRO","76940000","Catálogo de Escolas - agosto/2024","0","-11.7238867","-61.783111","110028805000007","-11.724274900539404","-61.785174059631586","numero_aproximado","da04","6","AVENIDA FORTALEZA, 5550 (aprox) - PLANALTO, ROLIM DE MOURA - RO",1,True,"110028805000007","110028805000001","-11.724274900539404","-61.785174059631586","0","228.72632155","1","159.9309884",False,True
14201,8,"2025-08-26 09:59:31-03","2025-08-26 09:59:31-03","0101000020E6100000CE154ACBEDBC4EC0E5756968A87227C0","0101000020E6100000CE154ACBEDBC4EC0E5756968A87227C0",11042621,2024,"RO",1100189,"Pimenta Bueno","Pimenta Bueno",110018905,"EMEIEF PROF EMANUEL OSVALDO MOREIRA",2,0,"RO 010 KM 32 CX. POSTAL 014","14",NULL,"RURAL","76970000","Catálogo de Escolas - agosto/2024","0","-11.7239411","-61.4760069","110018905000035","-11.69985839321045","-61.16220919067099","municipio","dm01","69360","PIMENTA BUENO - RO",12246,False,"110018905000035","110018905000071","-11.69985839321045","-61.16220919067099","0","34271.09780049","1","9908.25627283",False,False
14203,8,"2025-08-26 09:59:31-03","2025-08-26 09:59:31-03","0101000020E6100000FB438E0821E44EC066FBEB70CF7227C0","0101000020E6100000FB438E0821E44EC066FBEB70CF7227C0",11029501,2024,"RO",1100288,"Rolim de Moura","Rolim de Moura",110028805,"EMEIEF BALAO MAGICO",1,0,"AVENIDA FORTALEZA","5456",NULL,"CENTRO","76940000","Catálogo de Escolas - agosto/2024","0","-11.7242389","-61.7822581","110028805000007","-11.724272222032987","-61.78529422619376","numero_aproximado","da04","6","AVENIDA FORTALEZA, 5456 (aprox) - PLANALTO, ROLIM DE MOURA - RO",1,True,"110028805000007","110028805000001","-11.724272222032987","-61.78529422619376","0","330.57962081","1","173.0333692",False,True
14205,8,"2025-08-26 09:59:31-03","2025-08-26 09:59:31-03","0101000020E610000047753A90F5C64EC0AC521FED247327C0","0101000020E610000047753A90F5C64EC0AC521FED247327C0",11029056,2024,"RO",1100288,"Rolim de Moura","Rolim de Moura",110028805,"EEEFM JOSE ROSALES DOS SANTOS",1,0,"AV. SAO BENTO","3572",NULL,"DISTRITO DE NOVA ESTRELA","76940000","Catálogo de Escolas - agosto/2024","0","-11.7248911","-61.554369","110028805000086","-11.728776183087517","-61.77993785198598","municipio","dm01","13206","ROLIM DE MOURA - RO",15117,False,"110028805000086","110028805000015","-11.728776183087517","-61.77993785198598","0","24562.42381223","1","24277.45934701",False,False
14209,8,"2025-08-26 09:59:31-03","2025-08-26 09:59:31-03","0101000020E61000007DA3CAEE51D44EC0C768780EC07327C0","0101000020E61000007DA3CAEE51D44EC0C768780EC07327C0",11045051,2024,"RO",1100288,"Rolim de Moura","Rolim de Moura",110028805,"EPMEIEF FRANCISCA DURAN COSTA",2,0,"RODOVIA RO 010","S/N",NULL,"ZONA RURAL","76940000","Catálogo de Escolas - agosto/2024","0","-11.72607465","-61.65875039","110028805000062","-11.728776183087517","-61.77993785198598","municipio","dm01","13206","ROLIM DE MOURA - RO",15117,False,"110028805000062","110028805000015","-11.728776183087517","-61.77993785198598","0","13197.57709123","1","10057.69805004",False,False
14210,8,"2025-08-26 09:59:31-03","2025-08-26 09:59:31-03","0101000020E6100000F6DAC765373F4FC07A05FDE0D77327C0","0101000020E6100000F6DAC765373F4FC07A05FDE0D77327C0",11022841,2024,"RO",1100320,"São Miguel do Guaporé","Santana do Guaporé",110032020,"EMEIEF PRIMAVERA",1,0,"RUA JACARANDA","S/N","SETOR 02","DISTRITO DE SANTANA DO GUAP","76932000","Catálogo de Escolas - agosto/2024","0","-11.7262564","-62.4938781","110032020000001","-11.715281802022897","-62.717280271116074","municipio","dm01","16596","SAO MIGUEL DO GUAPORE - RO",4359,False,"110032020000001","110032005000038","-11.715281802022897","-62.717280271116074","0","24353.85624374","1","23488.13490153",False,False
14211,8,"2025-08-26 09:59:31-03","2025-08-26 09:59:31-03","0101000020E610000080B9584912314FC05BC5C99AE47327C0","0101000020E610000080B9584912314FC05BC5C99AE47327C0",11059800,2024,"RO",1100148,"Nova Brasilândia D'Oe","Nova Brasilândia D'Oeste",110014805,"EMEIEF NOSSA SENHORA DAS GRACAS",2,0,"RO 481 KM 08 ESQUINA COM A LINHA 118 SUL","SEM NUM",NULL,"ZONA RURAL","76958000","Catálogo de Escolas - agosto/2024","0","-11.72635349","-62.38337056","110014805000025",NULL,NULL,NULL,NULL,NULL,NULL,NULL,False,"110014805000025",NULL,NULL,NULL,NULL,NULL,"1",NULL,NULL,NULL
14215,8,"2025-08-26 09:59:31-03","2025-08-26 09:59:31-03","0101000020E6100000A9DC442DCD124FC0EFC27BB3727427C0","0101000020E6100000A9DC442DCD124FC0EFC27BB3727427C0",11030003,2024,"RO",1100502,"Novo Horizonte do Oes","Migrantinópolis",110050210,"EEEFM AMERICO BRASILIENSE DE ALMEIDA E MELO",1,0,"RUA PADRE ANCHIETA","3219","ESCOLA","CENTRO","76956000","Catálogo de Escolas - agosto/2024","0","-11.7274376","-62.1468865","110050210000008",NULL,NULL,NULL,NULL,NULL,NULL,NULL,False,"110050210000008",NULL,NULL,NULL,NULL,NULL,"1",NULL,NULL,NULL
14216,8,"2025-08-26 09:59:31-03","2025-08-26 09:59:31-03","0101000020E6100000B1AD557199E14EC00FA958EB7A7427C0","0101000020E6100000B1AD557199E14EC00FA958EB7A7427C0",11029170,2024,"RO",1100288,"Rolim de Moura","Rolim de Moura",110028805,"EEEFM NILSON SILVA",1,0,"AV ARACAJU","3277",NULL,"JARDIM TROPICAL","76940000","Catálogo de Escolas - agosto/2024","0","-11.7275003","-61.7624952","110028805000024","-11.727009003683863","-61.776440493370536","numero_aproximado","da04","6","AVENIDA ARACAJU, 3277 (aprox) - CENTRO, ROLIM DE MOURA - RO",1,False,"110028805000024","110028805000013","-11.727009003683863","-61.776440493370536","0","1519.26265674","1","687.24471864",False,False
14217,8,"2025-08-26 09:59:31-03","2025-08-26 09:59:31-03","0101000020E610000030FD64EF39C64EC03B01A83D807427C0","0101000020E610000030FD64EF39C64EC03B01A83D807427C0",11038934,2024,"RO",1100288,"Rolim de Moura","Rolim de Moura",110028805,"EMEIEF PEQUENO PRINCIPE",1,0,"AVENIDA ARARIBOIA","2892","DIST. NOVA ESTRELA","CENTRO","76940000","Catálogo de Escolas - agosto/2024","0","-11.7275409","-61.54864304","110028805000085","-11.727408467475534","-61.775636335117994","localidade","db01","956","CENTRO, ROLIM DE MOURA - RO",1308,False,"110028805000085","110028805000013","-11.727408467475534","-61.775636335117994","0","24713.65657617","1","23792.51138168",False,False
14219,8,"2025-08-26 09:59:31-03","2025-08-26 09:59:31-03","0101000020E6100000ACB1DF6EA4E54EC0615111A7937427C0","0101000020E6100000ACB1DF6EA4E54EC0615111A7937427C0",11050446,2024,"RO",1100288,"Rolim de Moura","Rolim de Moura",110028805,"CEET SENAI ROLIM DE MOURA",1,0,"RUA CARLOS CHAGAS","5217","PROXIMO AO CREA","SAO CRISTOVAO","76940000","Catálogo de Escolas - agosto/2024","0","-11.727689","-61.7940806","110028805000042","-11.733297410960699","-61.79122604353049","localidade","db01","506","SAO CRISTOVAO, ROLIM DE MOURA - RO",942,False,"110028805000042","110028805000040","-11.733297410960699","-61.79122604353049","0","696.77674276","1","484.81650421",False,False
14221,8,"2025-08-26 09:59:31-03","2025-08-26 09:59:31-03","0101000020E6100000BEE36FD63BE34EC0579AEF3BE17427C0","0101000020E6100000BEE36FD63BE34EC0579AEF3BE17427C0",11029455,2024,"RO",1100288,"Rolim de Moura","Rolim de Moura",110028805,"EEEFM CEL ALUIZIO PINHEIRO FERREIRA",1,0,"AVENIDA MACEIO","4665",NULL,"CENTRO","76940000","Catálogo de Escolas - agosto/2024","0","-11.7282809","-61.7752636","110028805000013","-11.72798512441679","-61.773920305554284","numero_aproximado","da03","6","AVENIDA MACEIO, 4665 (aprox) - CENTRO, ROLIM DE MOURA - RO",1,False,"110028805000013","110028805000011","-11.72798512441679","-61.773920305554284","0","149.90183373","1","34.8184198",False,True
14222,8,"2025-08-26 09:59:31-03","2025-08-26 09:59:31-03","0101000020E6100000C960206349274FC0951007640A7527C0","0101000020E6100000C960206349274FC0951007640A7527C0",11022230,2024,"RO",1100148,"Nova Brasilândia D'Oe","Nova Brasilândia D'Oeste",110014805,"EEEFM ALEXANDRE DE GUSMAO",1,0,"RUA DAS PALMEIRAS","3741","SETOR 13","CENTRO","76958000","Catálogo de Escolas - agosto/2024","0","-11.7285949","-62.3069271","110014805000035",NULL,NULL,NULL,NULL,NULL,NULL,NULL,False,"110014805000035",NULL,NULL,NULL,NULL,NULL,"1",NULL,NULL,NULL
14223,8,"2025-08-26 09:59:31-03","2025-08-26 09:59:31-03","0101000020E6100000356FE6A100294FC054A3FC49217527C0","0101000020E6100000356FE6A100294FC054A3FC49217527C0",11022221,2024,"RO",1100148,"Nova Brasilândia D'Oe","Nova Brasilândia D'Oeste",110014805,"EEEFM AURELIO BUARQUE DE HOLANDA FERREIRA",1,0,"RUA DAS PALMEIRAS","2271",NULL,"SETOR 14","76958000","Catálogo de Escolas - agosto/2024","0","-11.7287696","-62.3203318","110014805000004",NULL,NULL,NULL,NULL,NULL,NULL,NULL,False,"110014805000004",NULL,NULL,NULL,NULL,NULL,"1",NULL,NULL,NULL
14228,8,"2025-08-26 09:59:31-03","2025-08-26 09:59:31-03","0101000020E61000003EDAEED412E54EC06EA5D766637527C0","0101000020E61000003EDAEED412E54EC06EA5D766637527C0",11028750,2024,"RO",1100288,"Rolim de Moura","Rolim de Moura",110028805,"EEEFM CARLOS DRUMOND DE ANDRADE",1,0,"AV. MACAPA","6253","PREDIO","SAO CRISTOVAO","76940000","Catálogo de Escolas - agosto/2024","0","-11.729274","-61.7896372","110028805000043","-11.729003898934284","-61.79144661106897","numero_aproximado","da03","6","AVENIDA MACAPA, 6253 (aprox) - SAO CRISTOVAO, ROLIM DE MOURA - RO",1,False,"110028805000043","110028805000041","-11.729003898934284","-61.79144661106897","0","199.27283168","1","155.30318546",False,True
14231,8,"2025-08-26 09:59:31-03","2025-08-26 09:59:31-03","0101000020E6100000EA6A3C22F0E44EC06D077EAF7C7527C0","0101000020E6100000EA6A3C22F0E44EC06D077EAF7C7527C0",11050217,2024,"RO",1100288,"Rolim de Moura","Rolim de Moura",110028805,"EMEF PROFESSORA MARIA DE FATIMA DE OLIVEIRA",1,0,"RUA CAPIBARIBE","5431",NULL,"SAO CRISTOVAO","76940000","Catálogo de Escolas - agosto/2024","0","-11.7294669","-61.7885783","110028805000043","-11.733160525023816","-61.78803133514683","numero_aproximado","da03","6","RUA CAPIBARIBE, 5431 (aprox) - SAO CRISTOVAO, ROLIM DE MOURA - RO",1,False,"110028805000043","110028805000044","-11.733160525023816","-61.78803133514683","0","415.0075174","1","139.84040088",False,True
14233,8,"2025-08-26 09:59:31-03","2025-08-26 09:59:31-03","0101000020E61000009D3DE13664E34EC0C1C41F459D7527C0","0101000020E61000009D3DE13664E34EC0C1C41F459D7527C0",11050187,2024,"RO",1100288,"Rolim de Moura","Rolim de Moura",110028805,"EMEIEF CORA CORALINA",1,0,"AVENIDA PORTO VELHO","4816",NULL,"CENTRO","76940000","Catálogo de Escolas - agosto/2024","0","-11.7297155","-61.7764958","110028805000013","-11.730005712500155","-61.77159530416299","numero_aproximado","da03","6","AVENIDA PORTO VELHO, 4816 (aprox) - CENTRO, ROLIM DE MOURA - RO",1,False,"110028805000013","110028805000011","-11.730005712500155","-61.77159530416299","0","534.50667069","1","290.57626772",False,True
14244,8,"2025-08-26 09:59:31-03","2025-08-26 09:59:31-03","0101000020E6100000C0E4EBD742E44EC024473A03237727C0","0101000020E6100000C0E4EBD742E44EC024473A03237727C0",11028530,2024,"RO",1100288,"Rolim de Moura","Rolim de Moura",110028805,"EMEI MENINO JESUS",1,0,"AVENIDA GOIANIA","5557",NULL,"CENTRO","76940000","Catálogo de Escolas - agosto/2024","0","-11.732689","-61.7832899","110028805000014","-11.73288532587572","-61.77097867059492","numero_aproximado","da03","6","AVENIDA GOIANIA, 5557 (aprox) - CENTRO, ROLIM DE MOURA - RO",2,False,"110028805000014","110028805000012","-11.73288532587572","-61.77097867059492","0","1340.52392986","1","788.3224303",False,False
14247,8,"2025-08-26 09:59:31-03","2025-08-26 09:59:31-03","0101000020E61000000B9E9D6747E44EC0F538C258957727C0","0101000020E61000000B9E9D6747E44EC0F538C258957727C0",11028440,2024,"RO",1100288,"Rolim de Moura","Rolim de Moura",110028805,"CENTRO EDUCACIONAL DE ROLIM DE MOURA",1,0,"RUA TOCANTINS","5884",NULL,"BOA ESPERANCA","76940000","Catálogo de Escolas - agosto/2024","0","-11.7335613","-61.7834291","110028805000039","-11.716822836032264","-61.78370073304118","numero_aproximado","da04","6","RUA TOCANTINS, 5884 (aprox) - PLANALTO, ROLIM DE MOURA - RO",1,True,"110028805000039","110028805000002","-11.72161552619475","-61.78370029212721","532.92356692","1861.46977805","1","1780.14418636",False,False
14256,8,"2025-08-26 09:59:31-03","2025-08-26 09:59:31-03","0101000020E610000086B1E0D979274FC07364E597C17827C0","0101000020E610000086B1E0D979274FC07364E597C17827C0",11046988,2024,"RO",1100148,"Nova Brasilândia D'Oe","Nova Brasilândia D'Oeste",110014805,"EMEI PEQUENO PRINCIPE",1,0,"AVENIDA CALIFORNIA ESQ. COM NEGO LOPES","N 3601",NULL,"SETOR 02","76958000","Catálogo de Escolas - agosto/2024","0","-11.735852","-62.3084061","110014805000036",NULL,NULL,NULL,NULL,NULL,NULL,NULL,False,"110014805000036",NULL,NULL,NULL,NULL,NULL,"1",NULL,NULL,NULL
14258,8,"2025-08-26 09:59:31-03","2025-08-26 09:59:31-03","0101000020E610000050638C5940E34EC0C6B9F2FEE47827C0","0101000020E610000050638C5940E34EC0C6B9F2FEE47827C0",11029480,2024,"RO",1100288,"Rolim de Moura","Rolim de Moura",110028805,"EEEFM TANCREDO DE ALMEIDA NEVES",1,0,"AVENIDA SAO PAULO","4679",NULL,"BEIRA RIO","76940000","Catálogo de Escolas - agosto/2024","0","-11.7361221","-61.7754013","110028805000031","-11.735926628112793","-61.77527618408203","numero","dn03","6","AVENIDA SAO PAULO, 4679 - BEIRA RIO, ROLIM DE MOURA - RO, 76940-000",1,False,"110028805000031","110028805000031","-11.735926628112793","-61.77527618408203","0","25.65104506","1","0",True,NULL
14268,8,"2025-08-26 09:59:31-03","2025-08-26 09:59:31-03","0101000020E6100000D41BA4969CE24EC00E83F92B647A27C0","0101000020E6100000D41BA4969CE24EC00E83F92B647A27C0",11046104,2024,"RO",1100288,"Rolim de Moura","Rolim de Moura",110028805,"EMEF PROFESSOR DIONISIO QUINTINO",1,0,"RUA RIO VERDE","6480",NULL,"BEIRA RIO","76940000","Catálogo de Escolas - agosto/2024","0","-11.7390455","-61.7704037","110028805000029","-11.739535331726074","-61.77066421508789","numero","dn03","6","RUA RIO VERDE, 6480 - BEIRA RIO, ROLIM DE MOURA - RO, 76940-000",1,False,"110028805000029","110028805000029","-11.739535331726074","-61.77066421508789","0","61.40886569","1","0",True,NULL
14272,8,"2025-08-26 09:59:31-03","2025-08-26 09:59:31-03","0101000020E610000026361FD786E24EC004108821837A27C0","0101000020E610000026361FD786E24EC004108821837A27C0",11037920,2024,"RO",1100288,"Rolim de Moura","Rolim de Moura",110028805,"EMEI ALTENIR TAVARES DE OLIVEIRA",1,0,"RUA POETA AUGUSTO DOS ANJOS","4060",NULL,"BEIRA RIO","76940000","Catálogo de Escolas - agosto/2024","0","-11.7392817","-61.76974","110028805000029","-11.738139624575119","-61.77326373698209","localidade","db01","796","BEIRA RIO, ROLIM DE MOURA - RO",1468,False,"110028805000029","110028805000029","-11.738139624575119","-61.77326373698209","0","404.10061597","1","0",True,NULL
14278,8,"2025-08-26 09:59:31-03","2025-08-26 09:59:31-03","0101000020E61000007C478D0931E54EC0EE34E37ED17B27C0","0101000020E61000007C478D0931E54EC0EE34E37ED17B27C0",11029412,2024,"RO",1100288,"Rolim de Moura","Rolim de Moura",110028805,"EEEF ULISSES GUIMARAES",1,0,"RUA OURO PRETO","6807",NULL,"BOA ESPERANCA","76940000","Catálogo de Escolas - agosto/2024","0","-11.7418327","-61.790559","110028805000037","-11.741764068603516","-61.790313720703125","numero","dn03","6","RUA OURO PRETO, 6807 - BOA ESPERANCA, ROLIM DE MOURA - RO, 76940-000",1,False,"110028805000037","110028805000037","-11.741764068603516","-61.790313720703125","0","27.77223096","1","0",True,NULL
14279,8,"2025-08-26 09:59:31-03","2025-08-26 09:59:31-03","0101000020E61000005D82F865D5E54EC0DA4AF95AE17B27C0","0101000020E61000005D82F865D5E54EC0DA4AF95AE17B27C0",11028840,2024,"RO",1100288,"Rolim de Moura","Rolim de Moura",110028805,"EMEIEF DINA SFAT",1,0,"RUA DAS VIOLETAS","6829",NULL,"BOM JARDIM","76940000","Catálogo de Escolas - agosto/2024","0","-11.7419537","-61.7955749","110028805000045","-11.728776183087517","-61.77993785198598","municipio","dm01","13206","ROLIM DE MOURA - RO",15117,False,"110028805000045","110028805000015","-11.728776183087517","-61.77993785198598","0","2246.16535218","1","1799.15226628",False,False
14355,8,"2025-08-26 09:59:31-03","2025-08-26 09:59:31-03","0101000020E6100000BBF89111064F4FC09A852CC1988727C0","0101000020E6100000BBF89111064F4FC09A852CC1988727C0",11022469,2024,"RO",1100320,"São Miguel do Guaporé","São Miguel do Guaporé",110032005,"EMEIEF DEONILDO CARAGNATTO",2,0,"LINHA 94 KM 04",NULL,"ZONA RURAL","SUL","76932000","Catálogo de Escolas - agosto/2024","0","-11.7648373","-62.6173727","110032005000012","-11.715281802022897","-62.717280271116074","municipio","dm01","16596","SAO MIGUEL DO GUAPORE - RO",4359,False,"110032005000012","110032005000038","-11.715281802022897","-62.717280271116074","0","12192.99872375","1","9800.16051966",False,False
14363,8,"2025-08-26 09:59:31-03","2025-08-26 09:59:31-03","0101000020E6100000C791184EE3844FC08392B87D458927C0","0101000020E6100000C791184EE3844FC08392B87D458927C0",11110805,2024,"RO",1101500,"Seringueiras","Seringueiras",110150005,"FUNDACAO ESCOLA LINCE KEMPIM",1,0,"AVENIDA JORGE TEIXEIRA","609",NULL,"CENTRO","76934000","Catálogo de Escolas - agosto/2024","0","-11.7681083","-63.0381868","110150005000001","-11.766939859254665","-63.03627742749255","localidade","db01","399","CENTRO, SERINGUEIRAS - RO",223,False,"110150005000001","110150005000002","-11.766939859254665","-63.03627742749255","0","245.11706341","1","180.65683916",False,True
14366,8,"2025-08-26 09:59:31-03","2025-08-26 09:59:31-03","0101000020E6100000BE78F5E0A4844FC09A42E735768927C0","0101000020E6100000BE78F5E0A4844FC09A42E735768927C0",11058803,2024,"RO",1101500,"Seringueiras","Seringueiras",110150005,"CEEJA VALE DO GUAPORE",1,0,"AV SETE DE SETEMBRO","661",NULL,"CENTRO","76934000","Catálogo de Escolas - agosto/2024","0","-11.76848","-63.0362817","110150005000002","-11.768473625183105","-63.036258697509766","numero","dn03","6","AVENIDA SETE DE SETEMBRO, 661 - CENTRO, SERINGUEIRAS - RO, 76934-000",1,False,"110150005000002","110150005000002","-11.768473625183105","-63.036258697509766","0","2.6023982","1","0",True,NULL
14367,8,"2025-08-26 09:59:31-03","2025-08-26 09:59:31-03","0101000020E6100000CDB2823A40844FC0342BDB87BC8927C0","0101000020E6100000CDB2823A40844FC0342BDB87BC8927C0",11024097,2024,"RO",1101500,"Seringueiras","Seringueiras",110150005,"EEEFM OSWALDO PIANNA",1,0,"AV. CAPITAO SILVIO","647",NULL,"CRISTO REI","76934000","Catálogo de Escolas - agosto/2024","0","-11.7690165","-63.0332101","110150005000003","-11.792668978373209","-63.08445641199748","municipio","dm01","30635","SERINGUEIRAS - RO",379,False,"110150005000003","110150005000008","-11.792668978373209","-63.08445641199748","0","6167.2203556","1","5823.33270613",False,False
14372,8,"2025-08-26 09:59:31-03","2025-08-26 09:59:31-03","0101000020E61000001F80D4264E844FC05E11FC6F258B27C0","0101000020E61000001F80D4264E844FC05E11FC6F258B27C0",11039221,2024,"RO",1101500,"Seringueiras","Seringueiras",110150005,"EMEIEF PINOQUIO",1,0,"AVENIDA CAPITAO SILVIO","898",NULL,"CRISTO REI","76934000","Catálogo de Escolas - agosto/2024","0","-11.77177","-63.033635","110150005000003","-11.792668978373209","-63.08445641199748","municipio","dm01","30635","SERINGUEIRAS - RO",379,False,"110150005000003","110150005000008","-11.792668978373209","-63.08445641199748","0","6000.30534456","1","5823.33270613",False,False
14373,8,"2025-08-26 09:59:31-03","2025-08-26 09:59:31-03","0101000020E6100000EF26AE19CF844FC0D091A68B5E8B27C0","0101000020E6100000EF26AE19CF844FC0D091A68B5E8B27C0",11022884,2024,"RO",1101500,"Seringueiras","Seringueiras",110150005,"EEEF RUI BARBOSA DE OLIVEIRA",1,0,"RUA SAO PAULO","278",NULL,"SAO JOSE","76934000","Catálogo de Escolas - agosto/2024","0","-11.7722057","-63.0375702","110150005000006","-11.772093489755939","-63.03470268187429","numero_aproximado","da03","6","RUA SAO PAULO, 278 (aprox) - SAO JOSE, SERINGUEIRAS - RO",1,False,"110150005000006","110150005000005","-11.772093489755939","-63.03470268187429","0","312.39662052","1","66.14704305",False,True
14375,8,"2025-08-26 09:59:31-03","2025-08-26 09:59:31-03","0101000020E610000083EC061BE8844FC0BCA7BC676E8B27C0","0101000020E610000083EC061BE8844FC0BCA7BC676E8B27C0",11044063,2024,"RO",1101500,"Seringueiras","Seringueiras",110150005,"APAE DE SERINGUEIRAS IRMA JOSEFINA BALDISSARELLI",1,0,"AV. JORGE TEIXEIRA","1013","PREDIO DO INCRA","SAO JOSE","76934000","Catálogo de Escolas - agosto/2024","0","-11.7723267","-63.0383333","110150005000006","-11.773802518844604","-63.03463038276224","localidade","db01","199","SAO JOSE, SERINGUEIRAS - RO",72,False,"110150005000006","110150005000005","-11.773802518844604","-63.03463038276224","0","435.20928844","1","79.46510005",False,True
14441,8,"2025-08-26 09:59:31-03","2025-08-26 09:59:31-03","0101000020E6100000F84B3041B2BC4EC0A4DC22D51C9927C0","0101000020E6100000F84B3041B2BC4EC0A4DC22D51C9927C0",11043580,2024,"RO",1101484,"São Felipe D'Oeste","São Felipe D'Oeste",110148405,"EMEIEF ORLINDO GONCALVES ROCHA",1,0,"RUA 05, ESQUINA C/ AVENIDA 01","5015","DISTRIT NOVO PARAISO","CENTRO","76977000","Catálogo de Escolas - agosto/2024","0","-11.7990481","-61.4741899","110148405000006","-11.908815333012784","-61.51321914758575","localidade","db01","403","CENTRO, SAO FELIPE D'OESTE - RO",375,False,"110148405000006","110148405000002","-11.908815333012784","-61.51321914758575","0","12923.45661537","1","12315.76814317",False,False
14446,8,"2025-08-26 09:59:31-03","2025-08-26 09:59:31-03","0101000020E610000000378B170B494FC094C95F10479927C0","0101000020E610000000378B170B494FC094C95F10479927C0",11022809,2024,"RO",1100320,"São Miguel do Guaporé","São Miguel do Guaporé",110032005,"EMEIEF PADRE EZEQUIEL RAMIN",2,0,"LINHA 98 KM 8",NULL,"ZONA RURAL",NULL,"76932000","Catálogo de Escolas - agosto/2024","0","-11.7993703","-62.570651","110032020000010","-11.715281802022897","-62.717280271116074","municipio","dm01","16596","SAO MIGUEL DO GUAPORE - RO",4359,False,"110032020000010","110032005000038","-11.715281802022897","-62.717280271116074","0","18499.30165986","1","16289.52890764",False,False
14449,8,"2025-08-26 09:59:31-03","2025-08-26 09:59:31-03","0101000020E6100000FF3F4E9830574FC0516C6006BE9927C0","0101000020E6100000FF3F4E9830574FC0516C6006BE9927C0",11022949,2024,"RO",1100320,"São Miguel do Guaporé","São Miguel do Guaporé",110032005,"EMEIEF VISCONDE DE CAIRU",2,0,"LINHA 86 KM 08",NULL,NULL,"SUL","76932000","Catálogo de Escolas - agosto/2024","0","-11.8002779","-62.6811705","110032005000051","-11.715281802022897","-62.717280271116074","municipio","dm01","16596","SAO MIGUEL DO GUAPORE - RO",4359,False,"110032005000051","110032005000038","-11.715281802022897","-62.717280271116074","0","10236.05400833","1","3971.3362901",False,False
14450,8,"2025-08-26 09:59:31-03","2025-08-26 09:59:31-03","0101000020E6100000B0B211E310BD4EC01E5A7F82C29927C0","0101000020E6100000B0B211E310BD4EC01E5A7F82C29927C0",11032359,2024,"RO",1101484,"São Felipe D'Oeste","São Felipe D'Oeste",110148405,"EEEFM MONTEIRO LOBATO",1,0,"AV. PRINCIPAL","4343","DIST. NOVO PARAISO","CENTRO","76977000","Catálogo de Escolas - agosto/2024","0","-11.8003121166667","-61.47707785","110148405000006","-11.908815333012784","-61.51321914758575","localidade","db01","403","CENTRO, SAO FELIPE D'OESTE - RO",375,False,"110148405000006","110148405000002","-11.908815333012784","-61.51321914758575","0","12689.89634742","1","12315.76814317",False,False
14576,8,"2025-08-26 09:59:31-03","2025-08-26 09:59:31-03","0101000020E6100000E4D9E55B1F764FC0C2887D0228A627C0","0101000020E6100000E4D9E55B1F764FC0C2887D0228A627C0",11024003,2024,"RO",1101500,"Seringueiras","Seringueiras",110150005,"EMTIEIEF JOSE DO PATROCINIO",2,0,"LINHA 12 KM 08","S/N",NULL,"ZONA RURAL","76934000","Catálogo de Escolas - agosto/2024","0","-11.824524","-62.922832","110150005000021","-11.792668978373209","-63.08445641199748","municipio","dm01","30635","SERINGUEIRAS - RO",379,False,"110150005000021","110150005000008","-11.792668978373209","-63.08445641199748","0","17944.56283724","1","17427.54907679",False,False
14595,8,"2025-08-26 09:59:31-03","2025-08-26 09:59:31-03","0101000020E6100000FFEC478AC8A84EC06AEF9DE282A927C0","0101000020E6100000FFEC478AC8A84EC06AEF9DE282A927C0",11041811,2024,"RO",1101476,"Primavera de Rondônia","Primavera de Rondônia",110147605,"EMEIEF JOSE ANTONIO RODRIGUES",1,0,"RUA JONAS ANTONIO DE SOUZA","3791","PREDIO","CENTRO","76976000","Catálogo de Escolas - agosto/2024","0","-11.8310767","-61.31862","110147605000001","-11.831307957591791","-61.32082851967156","numero_aproximado","da03","6","RUA JONAS ANTONIO DE SOUZA, 3791 (aprox) - CENTRO, PRIMAVERA DE RONDONIA - RO",1,False,"110147605000001","110147605000011","-11.831307957591791","-61.32082851967156","0","241.7310945","1","172.47407193",False,True
14596,8,"2025-08-26 09:59:31-03","2025-08-26 09:59:31-03","0101000020E6100000844DF80038A84EC0D27943D087A927C0","0101000020E6100000844DF80038A84EC0D27943D087A927C0",11048352,2024,"RO",1101476,"Primavera de Rondônia","Primavera de Rondônia",110147605,"CMEI PINGO DE GENTE",1,0,"AV JANIO QUADROS","S/N",NULL,"CENTRO","76976000","Catálogo de Escolas - agosto/2024","0","-11.8311143","-61.3142091","110147605000001","-11.831229389336881","-61.32101005793449","localidade","db01","485","CENTRO, PRIMAVERA DE RONDONIA - RO",303,False,"110147605000001","110147605000011","-11.831229389336881","-61.32101005793449","0","740.27825909","1","192.31798182",False,True
14598,8,"2025-08-26 09:59:31-03","2025-08-26 09:59:31-03","0101000020E6100000142A937593604FC050F5D0E39CA927C0","0101000020E6100000142A937593604FC050F5D0E39CA927C0",11022388,2024,"RO",1100320,"São Miguel do Guaporé","São Miguel do Guaporé",110032005,"EMEIEF CARLOS GOMES",2,0,"LHB 78 KM 12 SUL",NULL,NULL,"ZONA RURAL","76932000","Catálogo de Escolas - agosto/2024","0","-11.8312751","-62.7545001","110032005000017","-11.715281802022897","-62.717280271116074","municipio","dm01","16596","SAO MIGUEL DO GUAPORE - RO",4359,False,"110032005000017","110032005000038","-11.715281802022897","-62.717280271116074","0","13519.27627174","1","4000.87199293",False,False
14602,8,"2025-08-26 09:59:31-03","2025-08-26 09:59:31-03","0101000020E610000082154CA198A84EC0A250059266AA27C0","0101000020E610000082154CA198A84EC0A250059266AA27C0",11032189,2024,"RO",1101476,"Primavera de Rondônia","Primavera de Rondônia",110147605,"EEEFM JOSE SEVERINO DOS SANTOS",1,0,"AV. JORGE TEIXEIRA","3979","TERREO","CENTRO","76976000","Catálogo de Escolas - agosto/2024","0","-11.8328138","-61.3171579","110147605000001","-11.831229389336881","-61.32101005793449","localidade","db01","485","CENTRO, PRIMAVERA DE RONDONIA - RO",303,False,"110147605000001","110147605000011","-11.831229389336881","-61.32101005793449","0","454.75391349","1","192.31798182",False,True
14625,8,"2025-08-26 09:59:31-03","2025-08-26 09:59:31-03","0101000020E610000059C16F438C524FC0F9FE61A648AD27C0","0101000020E610000059C16F438C524FC0F9FE61A648AD27C0",11022370,2024,"RO",1100320,"São Miguel do Guaporé","São Miguel do Guaporé",110032005,"EMEIEF CARLOS CHAGAS",2,0,"LH 90 KM 12",NULL,NULL,"ZONA RURAL","76932000","Catálogo de Escolas - agosto/2024","0","-11.8384449","-62.6449055","110032005000014","-11.715281802022897","-62.717280271116074","municipio","dm01","16596","SAO MIGUEL DO GUAPORE - RO",4359,False,"110032005000014","110032005000038","-11.715281802022897","-62.717280271116074","0","15799.50596421","1","6622.20474669",False,False
14635,8,"2025-08-26 09:59:31-03","2025-08-26 09:59:31-03","0101000020E61000006EF13A2C1E954FC02A2966738BAF27C0","0101000020E61000006EF13A2C1E954FC02A2966738BAF27C0",11024224,2024,"RO",1101500,"Seringueiras","Seringueiras",110150005,"EMTIEIEF VENCESLAU BRAS",2,0,"RODOVIA BR 429 KM 16","SN",NULL,"ZONA RURAL","76934000","Catálogo de Escolas - agosto/2024","0","-11.8428608","-63.1649833","110150005000011","-11.792668978373209","-63.08445641199748","municipio","dm01","30635","SERINGUEIRAS - RO",379,False,"110150005000011","110150005000008","-11.792668978373209","-63.08445641199748","0","10390.53399964","1","869.87252988",False,True
14644,8,"2025-08-26 09:59:31-03","2025-08-26 09:59:31-03","0101000020E6100000DDEF5014E85B4FC0EBA1C739FBB027C0","0101000020E6100000DDEF5014E85B4FC0EBA1C739FBB027C0",11022361,2024,"RO",1100320,"São Miguel do Guaporé","São Miguel do Guaporé",110032005,"EMEIEF CANDIDO PORTINARI",2,0,"LINHA 82 KM 16",NULL,NULL,"ZONA RURAL","76932000","Catálogo de Escolas - agosto/2024","0","-11.8456667","-62.71802","110032005000028","-11.715281802022897","-62.717280271116074","municipio","dm01","16596","SAO MIGUEL DO GUAPORE - RO",4359,False,"110032005000028","110032005000038","-11.715281802022897","-62.717280271116074","0","14498.38273066","1","3344.97576115",False,False
14771,8,"2025-08-26 09:59:31-03","2025-08-26 09:59:31-03","0101000020E6100000996AC1E6776C4EC079399105F1C227C0","0101000020E6100000996AC1E6776C4EC079399105F1C227C0",11031883,2024,"RO",1100189,"Pimenta Bueno","Pimenta Bueno",110018905,"EMMEF DOMINICAL VITORIA",2,0,"FAZENDA DIMBA",NULL,NULL,NULL,"76970000","Catálogo de Escolas - agosto/2024","0","-11.8807451","-60.8474091","110018915000003","-11.69985839321045","-61.16220919067099","municipio","dm01","69360","PIMENTA BUENO - RO",12246,False,"110018915000003","110018905000071","-11.69985839321045","-61.16220919067099","0","39732.83895648","1","23896.56848184",False,False
14773,8,"2025-08-26 09:59:31-03","2025-08-26 09:59:31-03","0101000020E6100000FCB9B255134150C0F31FD26F5FC327C0","0101000020E6100000FCB9B255134150C0F31FD26F5FC327C0",11006528,2024,"RO",1100106,"Guajará-Mirim","Surpresa",110010622,"EMEIEF SAO JUDAS TADEU",1,0,"RUA ANTONIO ELIAS TEIXEIRA","S/N",NULL,"CENTRO","76850000","Catálogo de Escolas - agosto/2024","0","-11.8815875","-65.0168051","110010622000001","-10.790398988251257","-65.34432934798654","localidade","db01","671","CENTRO, GUAJARA-MIRIM - RO",1042,False,"110010622000001","110010605000026","-10.790398988251257","-65.34432934798654","0","126480.00954168","1","125392.62476315",False,False
14780,8,"2025-08-26 09:59:31-03","2025-08-26 09:59:31-03","0101000020E6100000C9F0D05E9A084FC022EA158177C527C0","0101000020E6100000C9F0D05E9A084FC022EA158177C527C0",11024917,2024,"RO",1100015,"Alta Floresta D'Oeste","Alta Floresta D'Oeste",110001505,"EMEIEF JOSE BASILIO DA GAMA",2,0,"LINHA 42,5 KM 17",NULL,NULL,NULL,"76954000","Catálogo de Escolas - agosto/2024","0","-11.88567737","-62.06721101","110001505000069","-12.016301478331423","-62.051049509300505","municipio","dm01","77446","ALTA FLORESTA D'OESTE - RO",9320,False,"110001505000069","110001535000005","-12.016301478331423","-62.051049509300505","0","14630.77615812","1","13797.30097743",False,False
14814,8,"2025-08-26 09:59:31-03","2025-08-26 09:59:31-03","0101000020E61000006DB9443F648C4FC0950B3AC6BACD27C0","0101000020E61000006DB9443F648C4FC0950B3AC6BACD27C0",11024135,2024,"RO",1101500,"Seringueiras","Seringueiras",110150005,"EMTIEIEF PRINCESA ISABEL",2,0,"LINHA 14 KM 12",NULL,NULL,"ZONA RURAL","76934000","Catálogo de Escolas - agosto/2024","0","-11.9018156","-63.0968093","110150005000022","-11.792668978373209","-63.08445641199748","municipio","dm01","30635","SERINGUEIRAS - RO",379,False,"110150005000022","110150005000008","-11.792668978373209","-63.08445641199748","0","12210.79292809","1","11432.03536497",False,True
14817,8,"2025-08-26 09:59:31-03","2025-08-26 09:59:31-03","0101000020E610000063DE99BFF8E34EC0751F80D426CE27C0","0101000020E610000063DE99BFF8E34EC0751F80D426CE27C0",11029510,2024,"RO",1100296,"Santa Luzia D'Oeste","Santa Luzia D'Oeste",110029605,"CEEJA DOMINGOS VONA",1,0,"AVENIDA SENADOR OLAVO PIRES","2357",NULL,"CENTRO","76950000","Catálogo de Escolas - agosto/2024","0","-11.90264","-61.7810287","110029605000005","-11.902292396448821","-61.777950370141745","numero_aproximado","da04","6","AVENIDA SENADOR OLAVO PIRES, 2357 (aprox) - SETOR 02, SANTA LUZIA D'OESTE - RO",1,False,"110029605000005","110029605000005","-11.902292396448821","-61.777950370141745","0","337.15867095","1","0",True,NULL
14818,8,"2025-08-26 09:59:31-03","2025-08-26 09:59:31-03","0101000020E6100000E1A3B4ED6AE44EC0413BF1E6BACE27C0","0101000020E6100000E1A3B4ED6AE44EC0413BF1E6BACE27C0",11046708,2024,"RO",1100296,"Santa Luzia D'Oeste","Santa Luzia D'Oeste",110029605,"CEPAF PAULO FREIRE - CENTRO EDUCACIONAL PAULO FREIRE",1,0,"RUA 7 DE SETEMBRO","2744",NULL,"CENTRO","76950000","Catálogo de Escolas - agosto/2024","0","-11.9037697","-61.7845132","110029605000005","-11.90814688266852","-61.77326908600636","localidade","db01","516","CENTRO, SANTA LUZIA D'OESTE - RO",206,False,"110029605000005","110029605000001","-11.90814688266852","-61.77326908600636","0","1316.65817247","1","277.76393736",False,True
14819,8,"2025-08-26 09:59:31-03","2025-08-26 09:59:31-03","0101000020E6100000C9A5B760A5E34EC0269AF68370CF27C0","0101000020E6100000C9A5B760A5E34EC0269AF68370CF27C0",11042400,2024,"RO",1100296,"Santa Luzia D'Oeste","Santa Luzia D'Oeste",110029605,"EMEPE MANOEL DE LIMA PAZ",1,0,"RUA VANDERLEI DALA COSTA","2635",NULL,"CENTRO","76950000","Catálogo de Escolas - agosto/2024","0","-11.9051553","-61.77848443","110029605000005","-11.90814688266852","-61.77326908600636","localidade","db01","516","CENTRO, SANTA LUZIA D'OESTE - RO",206,False,"110029605000005","110029605000001","-11.90814688266852","-61.77326908600636","0","657.75968651","1","277.76393736",False,True
14823,8,"2025-08-26 09:59:31-03","2025-08-26 09:59:31-03","0101000020E61000003139FFC066C14EC00CE544BB0AD127C0","0101000020E61000003139FFC066C14EC00CE544BB0AD127C0",11031964,2024,"RO",1101484,"São Felipe D'Oeste","São Felipe D'Oeste",110148405,"EEEFM FELIPE CAMARAO",1,0,"AV JORGE TEIXEIRA DE OLIVEIRA","80",NULL,"CENTRO","76977000","Catálogo de Escolas - agosto/2024","0","-11.908285","-61.5109483","110148405000002","-11.908815333012784","-61.51321914758575","localidade","db01","403","CENTRO, SAO FELIPE D'OESTE - RO",375,False,"110148405000002","110148405000002","-11.908815333012784","-61.51321914758575","0","254.01262955","1","0",True,NULL
14825,8,"2025-08-26 09:59:31-03","2025-08-26 09:59:31-03","0101000020E6100000694CD246BFE34EC097B66E394DD127C0","0101000020E6100000694CD246BFE34EC097B66E394DD127C0",11029951,2024,"RO",1100296,"Santa Luzia D'Oeste","Santa Luzia D'Oeste",110029605,"EEEFM JUSCELINO KUBITSCHEK",1,0,"AVENIDA TANCREDO NEVES","2221",NULL,"CENTRO","76950000","Catálogo de Escolas - agosto/2024","0","-11.9087923","-61.7792748","110029605000004","-11.90814688266852","-61.77326908600636","localidade","db01","516","CENTRO, SANTA LUZIA D'OESTE - RO",206,False,"110029605000004","110029605000001","-11.90814688266852","-61.77326908600636","0","657.3629751","1","502.52478642",False,True
14826,8,"2025-08-26 09:59:31-03","2025-08-26 09:59:31-03","0101000020E61000008A5FA91543E34EC07A57DA3563D127C0","0101000020E61000008A5FA91543E34EC07A57DA3563D127C0",11040912,2024,"RO",1100296,"Santa Luzia D'Oeste","Santa Luzia D'Oeste",110029605,"EMEI TIA LILI",1,0,"RUA BARAO DO RIO BRANCO","SN","AO LADO DO CAMPO","CENTRO","76950000","Catálogo de Escolas - agosto/2024","0","-11.90896004","-61.77548476","110029605000002","-11.910273198728207","-61.775226027877245","logradouro","dl03","327","RUA BARAO DO RIO BRANCO - CENTRO, SANTA LUZIA D'OESTE - RO, 76950-000",29,False,"110029605000002","110029605000002","-11.910273198728207","-61.775226027877245","0","148.70558416","1","0",True,NULL
14828,8,"2025-08-26 09:59:31-03","2025-08-26 09:59:31-03","0101000020E6100000B3A5798DFEE24EC0990D32C9C8D127C0","0101000020E6100000B3A5798DFEE24EC0990D32C9C8D127C0",11039132,2024,"RO",1100296,"Santa Luzia D'Oeste","Santa Luzia D'Oeste",110029605,"EMEF JOSE RONALDO ARAGAO",1,0,"RUA VALDEBETO JOSE DE OLIVEIRA","2000","ESCOLA RONALDO","SAUDE","76950000","Catálogo de Escolas - agosto/2024","0","-11.909735","-61.77339333","110029605000002","-11.907429068696676","-61.773335302877925","numero_aproximado","da04","6","RUA VALDEBETO JOSE DE OLIVEIRA, 2000 (aprox) - CENTRO, SANTA LUZIA D'OESTE - RO",1,False,"110029605000002","110029605000001","-11.907429068696676","-61.773335302877925","0","256.48593064","1","114.67971351",False,True
14833,8,"2025-08-26 09:59:31-03","2025-08-26 09:59:31-03","0101000020E6100000FEFF09E89F3F50C0F9FFCF9285D227C0","0101000020E6100000FEFF09E89F3F50C0F9FFCF9285D227C0",11006366,2024,"RO",1100106,"Guajará-Mirim","Guajará-Mirim",110010605,"EIEEF PAULO SALDANHA SOBRINHO",2,2,"ALDEIA SAGARANA - RIO GUAPORE","KM.310","TERRA INDIGENA","ALDEIA SAGARANA","76850000","Catálogo de Escolas - agosto/2024","0","-11.9111753348261","-64.9941349122673","110010622000016","-10.80796661118521","-65.27934931416578","municipio","dm01","122291","GUAJARA-MIRIM - RO",13518,False,"110010622000016","110010605000066","-10.80796661118521","-65.27934931416578","0","126550.46151107","1","122883.60202195",False,False
14842,8,"2025-08-26 09:59:31-03","2025-08-26 09:59:31-03","0101000020E6100000AABC789A27C14EC0E6C3584BA6D327C0","0101000020E6100000AABC789A27C14EC0E6C3584BA6D327C0",11049707,2024,"RO",1101484,"São Felipe D'Oeste","São Felipe D'Oeste",110148405,"CENTRO MUN DE ED INF PROFª THEREZINHA DE JESUS VIEIRA CARLINE",1,0,"RUA PROJETADA","10",NULL,"NOVA ESPERANCA","76977000","Catálogo de Escolas - agosto/2024","0","-11.9133781","-61.5090211","110148405000001","-11.882555092355156","-61.48889430302126","municipio","dm01","9498","SAO FELIPE D'OESTE - RO",1083,False,"110148405000001","110148405000010","-11.882555092355156","-61.48889430302126","0","4067.25875215","1","3823.33983052",False,False
14843,8,"2025-08-26 09:59:31-03","2025-08-26 09:59:31-03","0101000020E6100000DED737E62BC14EC066FE2CF1DBD327C0","0101000020E6100000DED737E62BC14EC066FE2CF1DBD327C0",11043598,2024,"RO",1101484,"São Felipe D'Oeste","São Felipe D'Oeste",110148405,"EMEIEF GEONE SILVA FERREIRA",1,0,"AV. SETE DE SETEMBRO","391",NULL,"NOVA ESPERANCA","76977000","Catálogo de Escolas - agosto/2024","0","-11.9137874","-61.5091522","110148405000001","-11.882555092355156","-61.48889430302126","municipio","dm01","9498","SAO FELIPE D'OESTE - RO",1083,False,"110148405000001","110148405000010","-11.882555092355156","-61.48889430302126","0","4113.30902189","1","3823.33983052",False,False
14849,8,"2025-08-26 09:59:31-03","2025-08-26 09:59:31-03","0101000020E610000090B423EE14294FC032CDCF6806D627C0","0101000020E610000090B423EE14294FC032CDCF6806D627C0",11025077,2024,"RO",1100015,"Alta Floresta D'Oeste","Nova Gease d'Oeste",110001525,"EMEIEF MARIA DE SOUZA PEGO",2,0,"LINHA 47,5",NULL,NULL,NULL,"76954000","Catálogo de Escolas - agosto/2024","0","-11.91801765","-62.32095124","110001525000001","-12.016301478331423","-62.051049509300505","municipio","dm01","77446","ALTA FLORESTA D'OESTE - RO",9320,False,"110001525000001","110001535000005","-12.016301478331423","-62.051049509300505","0","31327.54704473","1","30563.68503741",False,False
14854,8,"2025-08-26 09:59:31-03","2025-08-26 09:59:31-03","0101000020E61000005A8FB1C950004FC0A03EFA0DB0D827C0","0101000020E61000005A8FB1C950004FC0A03EFA0DB0D827C0",11039493,2024,"RO",1100015,"Alta Floresta D'Oeste","Alta Floresta D'Oeste",110001505,"CRECHE MUNICIPAL CANTINHO DA ALEGRIA",1,0,"RUA TERESINA","Nº 7802","PREDIO","REDONDO","76954000","Catálogo de Escolas - agosto/2024","0","-11.92321819","-62.00246545","110001505000007","-11.934079950100907","-62.00490852605517","localidade","db01","554","REDONDO, ALTA FLORESTA D'OESTE - RO",451,False,"110001505000007","110001505000003","-11.934079950100907","-62.00490852605517","0","1236.67456768","1","664.5429334",False,False
14855,8,"2025-08-26 09:59:31-03","2025-08-26 09:59:31-03","0101000020E61000006ACF76966A004FC07767EDB60BD927C0","0101000020E61000006ACF76966A004FC07767EDB60BD927C0",11025620,2024,"RO",1100015,"Alta Floresta D'Oeste","Alta Floresta D'Oeste",110001505,"EEEF TANCREDO DE ALMEIDA NEVES",1,0,"AVENIDA ALTA FLORESTA","2973",NULL,"PRINCESA IZABEL","76954000","Catálogo de Escolas - agosto/2024","0","-11.9239175","-62.0032528","110001505000006","-12.016301478331423","-62.051049509300505","municipio","dm01","77446","ALTA FLORESTA D'OESTE - RO",9320,False,"110001505000006","110001535000005","-12.016301478331423","-62.051049509300505","0","11513.41944704","1","10789.71445449",False,False
14856,8,"2025-08-26 09:59:31-03","2025-08-26 09:59:31-03","0101000020E6100000AF9811DE1EFE4EC08C84B69C4BD927C0","0101000020E6100000AF9811DE1EFE4EC08C84B69C4BD927C0",11051264,2024,"RO",1100015,"Alta Floresta D'Oeste","Alta Floresta D'Oeste",110001505,"CRECHE MUNICIPAL HEITOR MOREIRA UGOLINI",1,0,"RUA TANCREDO NEVES","4849",NULL,"SANTA FELICIDADE","76954000","Google 2025","1","-11.924405","-61.985317","110001505000012","-11.924500465393066","-61.98531723022461","numero","dn03","6","RUA TANCREDO NEVES, 4849 - SANTA FELICIDADE, ALTA FLORESTA D'OESTE - RO, 76954-000",1,False,"110001505000012","110001505000012","-11.924500465393066","-61.98531723022461","0","10.61531154","1","0",True,NULL
14857,8,"2025-08-26 09:59:31-03","2025-08-26 09:59:31-03","0101000020E610000048C49448A2FE4EC055B9F53F65D927C0","0101000020E610000048C49448A2FE4EC055B9F53F65D927C0",11024968,2024,"RO",1100015,"Alta Floresta D'Oeste","Alta Floresta D'Oeste",110001505,"EEEMTI JUSCELINO KUBITSCHEK DE OLIVEIRA",1,0,"AVENIDA AMAPA","4503",NULL,"SANTA FELICIDADE","76954000","Catálogo de Escolas - agosto/2024","0","-11.9246006","-61.9893275","110001505000011","-11.924938858122145","-61.989541948941344","numero_aproximado","da03","6","AVENIDA AMAPA, 4503 (aprox) - SANTA FELICIDADE, ALTA FLORESTA D'OESTE - RO",1,False,"110001505000011","110001505000011","-11.924938858122145","-61.989541948941344","0","44.26115121","1","0",True,NULL
14858,8,"2025-08-26 09:59:31-03","2025-08-26 09:59:31-03","0101000020E6100000C4CF7F0F5EFF4EC0C23EF0E7CADA27C0","0101000020E6100000C4CF7F0F5EFF4EC0C23EF0E7CADA27C0",11024682,2024,"RO",1100015,"Alta Floresta D'Oeste","Alta Floresta D'Oeste",110001505,"EEEFM EURIDICE LOPES PEDROSO",1,0,"AVENIDA MATO GROSSO","3861",NULL,"CENTRO","76954000","Catálogo de Escolas - agosto/2024","0","-11.9273293","-61.995058","110001505000016","-11.927510261535645","-61.99509048461914","numero","dn03","6","AVENIDA MATO GROSSO, 3861 - CENTRO, ALTA FLORESTA D'OESTE - RO, 76954-000",1,False,"110001505000016","110001505000016","-11.927510261535645","-61.99509048461914","0","20.43003587","1","0",True,NULL
14862,8,"2025-08-26 09:59:31-03","2025-08-26 09:59:31-03","0101000020E6100000750470B378FF4EC0C9E369F981DB27C0","0101000020E6100000750470B378FF4EC0C9E369F981DB27C0",11022558,2024,"RO",1100015,"Alta Floresta D'Oeste","Alta Floresta D'Oeste",110001505,"EIEEF HAP BITT TUPARI",2,2,"TERRA INDIGENA RIO BRANCO",NULL,"ALDEIA COLORADO","RURAL","76954000","Coordenadas Sede do Município","3","-11.928726","-61.995871","110001505000016","-12.016301478331423","-62.051049509300505","municipio","dm01","77446","ALTA FLORESTA D'OESTE - RO",9320,False,"110001505000016","110001535000005","-12.016301478331423","-62.051049509300505","0","11439.11101734","1","11311.08745516",False,False
14863,8,"2025-08-26 09:59:31-03","2025-08-26 09:59:31-03","0101000020E6100000750470B378FF4EC0C9E369F981DB27C0","0101000020E6100000750470B378FF4EC0C9E369F981DB27C0",11037962,2024,"RO",1100015,"Alta Floresta D'Oeste","Alta Floresta D'Oeste",110001505,"EIEEFM KON KOATT TUPARI",2,2,"TERRA INDIGENA RIO BRANCO","S/N","ALDEIA CAJUI","RURAL","76954000","Coordenadas Sede do Município","3","-11.928726","-61.995871","110001505000016","-12.016301478331423","-62.051049509300505","municipio","dm01","77446","ALTA FLORESTA D'OESTE - RO",9320,False,"110001505000016","110001535000005","-12.016301478331423","-62.051049509300505","0","11439.11101734","1","11311.08745516",False,False
14864,8,"2025-08-26 09:59:31-03","2025-08-26 09:59:31-03","0101000020E6100000750470B378FF4EC0C9E369F981DB27C0","0101000020E6100000750470B378FF4EC0C9E369F981DB27C0",11038047,2024,"RO",1100015,"Alta Floresta D'Oeste","Alta Floresta D'Oeste",110001505,"EIEEF SAW D JO TUPARI",2,2,"RESERVA BIOLOGICA VALE DO GUAPORE","S/N","ALDEIA PALHAL","RURAL","76954000","Coordenadas Sede do Município","3","-11.928726","-61.995871","110001505000016","-12.016301478331423","-62.051049509300505","municipio","dm01","77446","ALTA FLORESTA D'OESTE - RO",9320,False,"110001505000016","110001535000005","-12.016301478331423","-62.051049509300505","0","11439.11101734","1","11311.08745516",False,False
14865,8,"2025-08-26 09:59:31-03","2025-08-26 09:59:31-03","0101000020E6100000750470B378FF4EC0C9E369F981DB27C0","0101000020E6100000750470B378FF4EC0C9E369F981DB27C0",11038373,2024,"RO",1100015,"Alta Floresta D'Oeste","Alta Floresta D'Oeste",110001505,"EIEEFM BOATT GERAINNY",2,2,"TERRA INDIGENA RIO BRANCO","S/N","ALDEIA SAO LUIZ","RURAL","76954000","Coordenadas Sede do Município","3","-11.928726","-61.995871","110001505000016","-12.016301478331423","-62.051049509300505","municipio","dm01","77446","ALTA FLORESTA D'OESTE - RO",9320,False,"110001505000016","110001535000005","-12.016301478331423","-62.051049509300505","0","11439.11101734","1","11311.08745516",False,False
14866,8,"2025-08-26 09:59:31-03","2025-08-26 09:59:31-03","0101000020E6100000750470B378FF4EC0C9E369F981DB27C0","0101000020E6100000750470B378FF4EC0C9E369F981DB27C0",11046236,2024,"RO",1100015,"Alta Floresta D'Oeste","Alta Floresta D'Oeste",110001505,"EIEEF MEKITOM TUPARI",2,2,"TERRA INDIGENA RIO BRANCO",NULL,"ALDEIA POCAO","RURAL","76954000","Coordenadas Sede do Município","3","-11.928726","-61.995871","110001505000016","-12.016301478331423","-62.051049509300505","municipio","dm01","77446","ALTA FLORESTA D'OESTE - RO",9320,False,"110001505000016","110001535000005","-12.016301478331423","-62.051049509300505","0","11439.11101734","1","11311.08745516",False,False
14867,8,"2025-08-26 09:59:31-03","2025-08-26 09:59:31-03","0101000020E6100000750470B378FF4EC0C9E369F981DB27C0","0101000020E6100000750470B378FF4EC0C9E369F981DB27C0",11046244,2024,"RO",1100015,"Alta Floresta D'Oeste","Alta Floresta D'Oeste",110001505,"EIEEF AMEN KOARE TUPARI",2,2,"TERRA INDIGENA RIO BRANCO","S/N","ALDEIA FIGUEIRA","RURAL","76954000","Coordenadas Sede do Município","3","-11.928726","-61.995871","110001505000016","-12.016301478331423","-62.051049509300505","municipio","dm01","77446","ALTA FLORESTA D'OESTE - RO",9320,False,"110001505000016","110001535000005","-12.016301478331423","-62.051049509300505","0","11439.11101734","1","11311.08745516",False,False
14868,8,"2025-08-26 09:59:31-03","2025-08-26 09:59:31-03","0101000020E6100000750470B378FF4EC0C9E369F981DB27C0","0101000020E6100000750470B378FF4EC0C9E369F981DB27C0",11046252,2024,"RO",1100015,"Alta Floresta D'Oeste","Alta Floresta D'Oeste",110001505,"EIEEFM ANOMAE TUPARI",2,2,"TERRA INDIGENA RIO BRANCO","S/N","ALDEIA SERRINHA","RURAL","76954000","Coordenadas Sede do Município","3","-11.928726","-61.995871","110001505000016","-12.016301478331423","-62.051049509300505","municipio","dm01","77446","ALTA FLORESTA D'OESTE - RO",9320,False,"110001505000016","110001535000005","-12.016301478331423","-62.051049509300505","0","11439.11101734","1","11311.08745516",False,False
14873,8,"2025-08-26 09:59:31-03","2025-08-26 09:59:31-03","0101000020E610000006EBA46373004FC023AB11B00CDC27C0","0101000020E610000006EBA46373004FC023AB11B00CDC27C0",11047461,2024,"RO",1100015,"Alta Floresta D'Oeste","Alta Floresta D'Oeste",110001505,"EMEIEF 17 DE JUNHO",1,0,"AVENIDA BRASIL","2934",NULL,"REDONDO","76954000","Catálogo de Escolas - agosto/2024","0","-11.9297843","-62.0035214","110001505000057","-11.929549289693703","-62.00457803126181","numero_aproximado","da03","6","AVENIDA BRASIL, 2934 (aprox) - REDONDO, ALTA FLORESTA D'OESTE - RO",1,False,"110001505000057","110001505000003","-11.929549289693703","-62.00457803126181","0","117.88741856","1","88.46835081",False,True
14877,8,"2025-08-26 09:59:31-03","2025-08-26 09:59:31-03","0101000020E61000004189851046FE4EC0E6F16A6FA6DC27C0","0101000020E61000004189851046FE4EC0E6F16A6FA6DC27C0",11024275,2024,"RO",1100015,"Alta Floresta D'Oeste","Alta Floresta D'Oeste",110001505,"CEEJA LUIZ VAZ DE CAMOES",1,0,"AVENIDA RIO DE JANEIRO","4776","ESCOLA","CIDADE ALTA","76954000","Catálogo de Escolas - agosto/2024","0","-11.9309573","-61.9865132","110001505000059","-11.930747032165527","-61.98649978637695","numero","dn03","6","AVENIDA RIO DE JANEIRO, 4776 - CIDADE ALTA, ALTA FLORESTA D'OESTE - RO, 76954-000",1,False,"110001505000059","110001505000059","-11.930747032165527","-61.98649978637695","0","23.4262457","1","0",True,NULL
14879,8,"2025-08-26 09:59:31-03","2025-08-26 09:59:31-03","0101000020E6100000432674F27DFE4EC0D76432C115DD27C0","0101000020E6100000432674F27DFE4EC0D76432C115DD27C0",11025654,2024,"RO",1100015,"Alta Floresta D'Oeste","Alta Floresta D'Oeste",110001505,"EMEIEF FLORESTA ENCANTADA",1,0,"AV. BAHIA","4598",NULL,"CIDADE ALTA","76954000","Catálogo de Escolas - agosto/2024","0","-11.9318066","-61.9882186","110001505000059","-11.931525852861322","-61.98706268647016","numero_aproximado","da03","6","AVENIDA BAHIA, 4598 (aprox) - CIDADE ALTA, ALTA FLORESTA D'OESTE - RO",1,False,"110001505000059","110001505000059","-11.931525852861322","-61.98706268647016","0","129.57180244","1","0",True,NULL
14880,8,"2025-08-26 09:59:31-03","2025-08-26 09:59:31-03","0101000020E6100000CDBBA074D8FD4EC0B16A941E1BDD27C0","0101000020E6100000CDBBA074D8FD4EC0B16A941E1BDD27C0",11050594,2024,"RO",1100015,"Alta Floresta D'Oeste","Alta Floresta D'Oeste",110001505,"EMEF MARIOMA PEREIRA DA SILVA",1,0,"RUA FORTALEZA","4321",NULL,"CIDADE ALTA","76954000","Catálogo de Escolas - agosto/2024","0","-11.93184753","-61.9831682","110001505000056","-11.931985510058924","-61.9835109147908","numero_aproximado","da03","6","RUA FORTALEZA, 4321 (aprox) - CIDADE ALTA, ALTA FLORESTA D'OESTE - RO",1,False,"110001505000056","110001505000059","-11.931985510058924","-61.9835109147908","0","40.31819957","1","9.79545501",False,True
14881,8,"2025-08-26 09:59:31-03","2025-08-26 09:59:31-03","0101000020E610000048128C9CE8FF4EC0634935C378DD27C0","0101000020E610000048128C9CE8FF4EC0634935C378DD27C0",11047402,2024,"RO",1100015,"Alta Floresta D'Oeste","Alta Floresta D'Oeste",110001505,"EMEI MONTEIRO LOBATO",1,0,"RUA ACRE ESQUINA COM AVENIDA NILO PECANHA","4357",NULL,"REDONDO","76954000","Catálogo de Escolas - agosto/2024","0","-11.93256197","-61.99928624","110001505000057","-11.934079950100907","-62.00490852605517","localidade","db01","554","REDONDO, ALTA FLORESTA D'OESTE - RO",451,False,"110001505000057","110001505000003","-11.934079950100907","-62.00490852605517","0","634.52231847","1","117.57537748",False,True
14882,8,"2025-08-26 09:59:31-03","2025-08-26 09:59:31-03","0101000020E6100000AD4ECE50DCFD4EC01F7EA3C27DDD27C0","0101000020E6100000AD4ECE50DCFD4EC01F7EA3C27DDD27C0",11046864,2024,"RO",1100015,"Alta Floresta D'Oeste","Alta Floresta D'Oeste",110001505,"CENTRO EDUCACIONAL DR ANTONIO LAZARO DE MOURA",1,0,"AV MINAS GERAIS ESQUINA COM A FORTALEZA","4405",NULL,"CIDADE ALTA","76954000","Catálogo de Escolas - agosto/2024","0","-11.9326001","-61.983286","110001505000056","-11.93202875548718","-61.98583282769895","localidade","db01","400","CIDADE ALTA, ALTA FLORESTA D'OESTE - RO",537,False,"110001505000056","110001505000059","-11.93202875548718","-61.98583282769895","0","284.26577588","1","262.75911348",False,True
14885,8,"2025-08-26 09:59:31-03","2025-08-26 09:59:31-03","0101000020E610000095AD3FD35C004FC0EF1EA0FB72DE27C0","0101000020E610000095AD3FD35C004FC0EF1EA0FB72DE27C0",11025638,2024,"RO",1100015,"Alta Floresta D'Oeste","Alta Floresta D'Oeste",110001505,"COLEGIO TIRADENTES DA POLICIA MILITAR - CTPM XI",1,0,"RUA NEREU RAMOS","4581",NULL,"REDONDO","76954000","Catálogo de Escolas - agosto/2024","0","-11.934471","-62.0028328","110001505000002","-11.932681366149087","-62.00476862231159","numero_aproximado","da03","6","RUA NEREU RAMOS, 4581 (aprox) - REDONDO, ALTA FLORESTA D'OESTE - RO",1,False,"110001505000002","110001505000003","-11.932681366149087","-62.00476862231159","0","289.74735759","1","100.58221147",False,True
14906,8,"2025-08-26 09:59:31-03","2025-08-26 09:59:31-03","0101000020E61000004427953A12A04FC0C838903F62E127C0","0101000020E61000004427953A12A04FC0C838903F62E127C0",11048034,2024,"RO",1101500,"Seringueiras","Seringueiras",110150005,"EIEEF YWARA PURUBORA",2,2,"RD BR 429 KM 32",NULL,NULL,"ZONA RURAL","76934000","Catálogo de Escolas - agosto/2024","0","-11.9402027","-63.2505563","110150005000011","-11.792668978373209","-63.08445641199748","municipio","dm01","30635","SERINGUEIRAS - RO",379,False,"110150005000011","110150005000008","-11.792668978373209","-63.08445641199748","0","24409.4783758","1","869.87252988",False,True
14934,8,"2025-08-26 09:59:31-03","2025-08-26 09:59:31-03","0101000020E61000006FB63D6A611D4FC03CB0D293E8E527C0","0101000020E61000006FB63D6A611D4FC03CB0D293E8E527C0",11025115,2024,"RO",1100015,"Alta Floresta D'Oeste","Alta Floresta D'Oeste",110001505,"EMMEF MARTIM AFONSO DE SOUZA",2,0,"LINHA 50 COM A 134",NULL,NULL,NULL,"76954000","Catálogo de Escolas - agosto/2024","0","-11.94904005","-62.22953537","110001525000007","-12.016301478331423","-62.051049509300505","municipio","dm01","77446","ALTA FLORESTA D'OESTE - RO",9320,False,"110001525000007","110001535000005","-12.016301478331423","-62.051049509300505","0","20805.10564508","1","17515.23077355",False,False
14936,8,"2025-08-26 09:59:31-03","2025-08-26 09:59:31-03","0101000020E61000002B2856574FCB4FC01E424B0D23E727C0","0101000020E61000002B2856574FCB4FC01E424B0D23E727C0",11047437,2024,"RO",1101492,"São Francisco do Guap","São Francisco do Guaporé",110149205,"EPMEF CLODOALDO SPLICIGO",2,0,"TRAVESSAO LINHA 4A",NULL,NULL,"ZONA RURAL","76935000","Catálogo de Escolas - agosto/2024","0","-11.9514393","-63.5883588","110149205000010",NULL,NULL,NULL,NULL,NULL,NULL,NULL,False,"110149205000010",NULL,NULL,NULL,NULL,NULL,"1",NULL,NULL,NULL
14937,8,"2025-08-26 09:59:31-03","2025-08-26 09:59:31-03","0101000020E6100000536D814E52CB4FC076DD00D825E727C0","0101000020E6100000536D814E52CB4FC076DD00D825E727C0",11048093,2024,"RO",1101492,"São Francisco do Guap","São Francisco do Guaporé",110149205,"EIEEFM IRIA DOS REIS FREITAS",2,2,"RUA MOGNO","S/N","ESCOLA INDIGENA","PORTO MURTINHO","76935000","Catálogo de Escolas - agosto/2024","0","-11.9514606","-63.5884493","110149205000010",NULL,NULL,NULL,NULL,NULL,NULL,NULL,False,"110149205000010",NULL,NULL,NULL,NULL,NULL,"1",NULL,NULL,NULL
14975,8,"2025-08-26 09:59:31-03","2025-08-26 09:59:31-03","0101000020E6100000FDFFB7F76F3950C0E5FF0FFF73EC27C0","0101000020E6100000FDFFB7F76F3950C0E5FF0FFF73EC27C0",11006170,2024,"RO",1100106,"Guajará-Mirim","Guajará-Mirim",110010605,"EIEEF JOAO FRANCISCO ARUAK",2,2,"ALDEIA BAIA DA COCA - RIO GUAPORE","315","TERRA  INDIGENA","ALDEIA BAIA DA COCA","76850000","Catálogo de Escolas - agosto/2024","0","-11.9618224818259","-64.8974589630961","110010622000008","-10.80796661118521","-65.27934931416578","municipio","dm01","122291","GUAJARA-MIRIM - RO",13518,False,"110010622000008","110010605000066","-10.80796661118521","-65.27934931416578","0","134887.25927838","1","129745.69703255",False,False
14984,8,"2025-08-26 09:59:31-03","2025-08-26 09:59:31-03","0101000020E61000002AD5F48F747A4EC08A2B1D6272ED27C0","0101000020E61000002AD5F48F747A4EC08A2B1D6272ED27C0",11048026,2024,"RO",1100189,"Pimenta Bueno","Pimenta Bueno",110018905,"EMEIEF LUIZ CABRAL DE SOUZA",2,0,"RODOVIA BR 364 KM 155","S/N","CAIXA POSTAL 052","ZONA RURAL","76970000","Catálogo de Escolas - agosto/2024","0","-11.9637633","-60.9566822","110018905000040","-11.69985839321045","-61.16220919067099","municipio","dm01","69360","PIMENTA BUENO - RO",12246,False,"110018905000040","110018905000071","-11.69985839321045","-61.16220919067099","0","36897.86926391","1","966.177414",False,True
15016,8,"2025-08-26 09:59:31-03","2025-08-26 09:59:31-03","0101000020E610000075875E903EB04EC08CA60E4D34F327C0","0101000020E610000075875E903EB04EC08CA60E4D34F327C0",11031913,2024,"RO",1101476,"Primavera de Rondônia","Primavera de Rondônia",110147605,"EEEFM ESTACIO DE SA",2,0,"AV TANCREDO DE ALMEIDA NEVES","3108","QUERENCIA DO NORTE","CENTRO","76976000","Catálogo de Escolas - agosto/2024","0","-11.9750084","-61.3769093","110147605000010","-11.831229389336881","-61.32101005793449","localidade","db01","485","CENTRO, PRIMAVERA DE RONDONIA - RO",303,False,"110147605000010","110147605000011","-11.831229389336881","-61.32101005793449","0","17105.32922067","1","16602.63005516",False,False
15020,8,"2025-08-26 09:59:31-03","2025-08-26 09:59:31-03","0101000020E61000006BFAA2F3D0AF4EC05764CFF984F327C0","0101000020E61000006BFAA2F3D0AF4EC05764CFF984F327C0",11042583,2024,"RO",1101476,"Primavera de Rondônia","Primavera de Rondônia",110147605,"EMEIEF AMILTON RIBEIRO",2,0,"RUA FLAVIO SARAIVA DE MATOS","SN","QUERENCIA DO NORTE","CENTRO","76976000","Catálogo de Escolas - agosto/2024","0","-11.9756239","-61.3735642","110147605000010","-11.831229389336881","-61.32101005793449","localidade","db01","485","CENTRO, PRIMAVERA DE RONDONIA - RO",303,False,"110147605000010","110147605000011","-11.831229389336881","-61.32101005793449","0","17043.78154199","1","16602.63005516",False,False
15033,8,"2025-08-26 09:59:31-03","2025-08-26 09:59:31-03","0101000020E610000002006C03C03850C00E00B001F5F527C0","0101000020E610000002006C03C03850C00E00B001F5F527C0",11048930,2024,"RO",1100106,"Guajará-Mirim","Guajará-Mirim",110010605,"EIEEF MBIXIRE TAXO MACURAP",2,2,"ALDEIA PEDRAL","KM.320","RIO GUAPORE","ALDEIA PEDRAL","76850000","Catálogo de Escolas - agosto/2024","0","-11.9803848769516","-64.8867195658386","110010622000012","-11.97891963155646","-64.8868657162315","logradouro","dl04","604","ALDEIA PEDRAL - ALDEIA INDIGENA PEDRAL, GUAJARA-MIRIM - RO",20,False,"110010622000012","110010622000012","-11.97891963155646","-64.8868657162315","0","163.70180864","1","0",True,NULL
15107,8,"2025-08-26 09:59:31-03","2025-08-26 09:59:31-03","0101000020E6100000FDFF2B29FC3450C0160010824D0828C0","0101000020E6100000FDFF2B29FC3450C0160010824D0828C0",11006072,2024,"RO",1100106,"Guajará-Mirim","Guajará-Mirim",110010605,"EIEEF 05 DE JULHO",2,2,"ALDEIA RICARDO FRANCO, RIO GUAPORE","KM.365","TERRA INDIGENA","ALDEIA RICARDO FRANCO","76850000","Catálogo de Escolas - agosto/2024","0","-12.0162163395435","-64.8278906755149","110010622000010","-10.80796661118521","-65.27934931416578","municipio","dm01","122291","GUAJARA-MIRIM - RO",13518,False,"110010622000010","110010605000066","-10.80796661118521","-65.27934931416578","0","143078.93624659","1","139813.36550188",False,False
15142,8,"2025-08-26 09:59:31-03","2025-08-26 09:59:31-03","0101000020E61000000F73936291FC4FC0252A0AAAFC0D28C0","0101000020E61000000F73936291FC4FC0252A0AAAFC0D28C0",11048123,2024,"RO",1101492,"São Francisco do Guap","São Francisco do Guaporé",110149205,"EFA VALE DO GUAPORE",2,0,"BR 429 KM 65 LINHA 20 KM 3,5",NULL,"LINHA 20","RURAL","76935000","Catálogo de Escolas - agosto/2024","0","-12.0273183","-63.9731868","110149205000012",NULL,NULL,NULL,NULL,NULL,NULL,NULL,False,"110149205000012",NULL,NULL,NULL,NULL,NULL,"1",NULL,NULL,NULL
15180,8,"2025-08-26 09:59:31-03","2025-08-26 09:59:31-03","0101000020E6100000BB6E21FAFB034FC0F1CD5FB6D71528C0","0101000020E6100000BB6E21FAFB034FC0F1CD5FB6D71528C0",11025352,2024,"RO",1100015,"Alta Floresta D'Oeste","Alta Floresta D'Oeste",110001505,"EMEIEF POTY",2,0,"LINHA 60 COM A 156","KM 18","KM 18","ZONA RURAL","76954000","Catálogo de Escolas - agosto/2024","0","-12.04266138","-62.03112723","110001535000006","-12.016301478331423","-62.051049509300505","municipio","dm01","77446","ALTA FLORESTA D'OESTE - RO",9320,False,"110001535000006","110001535000005","-12.016301478331423","-62.051049509300505","0","3644.92938814","1","186.87264501",False,True
15207,8,"2025-08-26 09:59:31-03","2025-08-26 09:59:31-03","0101000020E6100000AD94545C0BC94FC015C20F73EE1B28C0","0101000020E6100000AD94545C0BC94FC015C20F73EE1B28C0",11050608,2024,"RO",1101492,"São Francisco do Guap","São Francisco do Guaporé",110149205,"C E M E IE F REGINA ALMEIDA DE ARAUJO",1,0,"RUA VALECIO DE ARAUJO","3400",NULL,"CIDADE ALTA","76935000","Catálogo de Escolas - agosto/2024","0","-12.0545536","-63.5706592","110149205000059",NULL,NULL,NULL,NULL,NULL,NULL,NULL,False,"110149205000059",NULL,NULL,NULL,NULL,NULL,"1",NULL,NULL,NULL
15219,8,"2025-08-26 09:59:31-03","2025-08-26 09:59:31-03","0101000020E6100000EF2653605CC84FC000AF2A56681F28C0","0101000020E6100000EF2653605CC84FC000AF2A56681F28C0",11042451,2024,"RO",1101492,"São Francisco do Guap","São Francisco do Guaporé",110149205,"EMEPRE E FUND SENADOR RONALDO ARAGAO",1,0,"RUA DAS COMUNICACOES","4046","PROXIMO A RODOVIARIA","CENTRO","76935000","Catálogo de Escolas - agosto/2024","0","-12.0613429","-63.5653191","110149205000069",NULL,NULL,NULL,NULL,NULL,NULL,NULL,False,"110149205000069",NULL,NULL,NULL,NULL,NULL,"1",NULL,NULL,NULL
15222,8,"2025-08-26 09:59:31-03","2025-08-26 09:59:31-03","0101000020E61000007E74EACA67C94FC07B5A8F0C831F28C0","0101000020E61000007E74EACA67C94FC07B5A8F0C831F28C0",11112808,2024,"RO",1101492,"São Francisco do Guap","São Francisco do Guaporé",110149205,"C E CRECHE MUN OLAIZA DA CRUZ FIGUEIREDO",1,0,"RUA RONDONIA","4070",NULL,"CENTRO","76935000","Catálogo de Escolas - agosto/2024","0","-12.0615467","-63.57348","110149205000058",NULL,NULL,NULL,NULL,NULL,NULL,NULL,False,"110149205000058",NULL,NULL,NULL,NULL,NULL,"1",NULL,NULL,NULL
15223,8,"2025-08-26 09:59:31-03","2025-08-26 09:59:31-03","0101000020E61000003CE41C2BE7C84FC0523B0D62B11F28C0","0101000020E61000003CE41C2BE7C84FC0523B0D62B11F28C0",11047577,2024,"RO",1101492,"São Francisco do Guap","São Francisco do Guaporé",110149205,"CEEJA SILVIO VIANA LOURO",1,0,"RUA RONALDO ARAGAO","3539","PREDIO ANTIGA CAMARA","CENTRO","76935000","Catálogo de Escolas - agosto/2024","0","-12.0619002","-63.5695547","110149205000001",NULL,NULL,NULL,NULL,NULL,NULL,NULL,False,"110149205000001",NULL,NULL,NULL,NULL,NULL,"1",NULL,NULL,NULL
15225,8,"2025-08-26 09:59:31-03","2025-08-26 09:59:31-03","0101000020E610000045227E0FA8C84FC07855B142DB1F28C0","0101000020E610000045227E0FA8C84FC07855B142DB1F28C0",11005475,2024,"RO",1101492,"São Francisco do Guap","São Francisco do Guaporé",110149205,"EEEFM CAMPOS SALES",1,0,"RUA PRESIDENTE CASTELO BRANCO","3775","ESCOLA","CENTRO","76935000","Catálogo de Escolas - agosto/2024","0","-12.0622197","-63.5676288","110149205000069",NULL,NULL,NULL,NULL,NULL,NULL,NULL,False,"110149205000069",NULL,NULL,NULL,NULL,NULL,"1",NULL,NULL,NULL
15246,8,"2025-08-26 09:59:31-03","2025-08-26 09:59:31-03","0101000020E6100000C1AE8108CCC84FC0572250FD832428C0","0101000020E6100000C1AE8108CCC84FC0572250FD832428C0",11047011,2024,"RO",1101492,"São Francisco do Guap","São Francisco do Guaporé",110149205,"APAE MAJOR SHEMER",1,0,"RUA MANAUS","3240","APAE","ALTO ALEGRE","76935000","Catálogo de Escolas - agosto/2024","0","-12.0713195","-63.5687266","110149205000056",NULL,NULL,NULL,NULL,NULL,NULL,NULL,False,"110149205000056",NULL,NULL,NULL,NULL,NULL,"1",NULL,NULL,NULL
15249,8,"2025-08-26 09:59:31-03","2025-08-26 09:59:31-03","0101000020E61000000389377C1CDC4FC079B29B19FD2428C0","0101000020E61000000389377C1CDC4FC079B29B19FD2428C0",11046619,2024,"RO",1101492,"São Francisco do Guap","São Francisco do Guaporé",110149205,"EPMEFM NEUSA DE OLIVEIRA BRAVIN",2,0,"RODOVIA BR 429 KM 92 ESQUINA C/LINHA 033",NULL,NULL,"ZONA RURAL","76935000","Catálogo de Escolas - agosto/2024","0","-12.0722435","-63.7196193","110149205000008",NULL,NULL,NULL,NULL,NULL,NULL,NULL,False,"110149205000008",NULL,NULL,NULL,NULL,NULL,"1",NULL,NULL,NULL
15251,8,"2025-08-26 09:59:31-03","2025-08-26 09:59:31-03","0101000020E6100000D6D52EB7C5C84FC0EC7310CF6D2528C0","0101000020E6100000D6D52EB7C5C84FC0EC7310CF6D2528C0",11046961,2024,"RO",1101492,"São Francisco do Guap","São Francisco do Guaporé",110149205,"EEEFM MARCILENE CARVALHO RICARDO",1,0,"RUA MACAPA","3441","ESCOLA","ALTO ALEGRE","76935000","Catálogo de Escolas - agosto/2024","0","-12.0731034","-63.5685338","110149205000056",NULL,NULL,NULL,NULL,NULL,NULL,NULL,False,"110149205000056",NULL,NULL,NULL,NULL,NULL,"1",NULL,NULL,NULL
15252,8,"2025-08-26 09:59:31-03","2025-08-26 09:59:31-03","0101000020E6100000EFC3E688210250C04546AC6AEE2528C0","0101000020E6100000EFC3E688210250C04546AC6AEE2528C0",11047216,2024,"RO",1100080,"Costa Marques","Costa Marques",110008005,"EEEFM DARCY DA SILVEIRA",2,0,"AV. 1º DE MAIO - DISTRITO SAO DOMINGOS DO GUAPORE KM 58","9170","DIST. SAO DOMINGOS","SAO DOMINGOS DO GUAPORE","76937000","Catálogo de Escolas - agosto/2024","0","-12.0740846","-64.0332968","110008035000005","-12.076901086327407","-64.03417311403078","localidade","db01","14618","SAO DOMINGOS DO GUAPORE, COSTA MARQUES - RO",1503,False,"110008035000005","110008035000004","-12.076901086327407","-64.03417311403078","0","327.35411079","1","178.19098822",False,True
15254,8,"2025-08-26 09:59:31-03","2025-08-26 09:59:31-03","0101000020E610000007EBFF1CE60150C0A10C1B860B2628C0","0101000020E610000007EBFF1CE60150C0A10C1B860B2628C0",11048662,2024,"RO",1100080,"Costa Marques","Costa Marques",110008005,"EMEI ANTONIO BEZERRA NETO",2,0,"AVENIDA SENADOR OLAVO PIRES","S/N","PREDIO","CENTRO","76937000","Catálogo de Escolas - agosto/2024","0","-12.07430667","-64.02967","110008035000004","-12.07324390411377","-64.02855173746745","logradouro","dl04","628","AVENIDA SENADOR OLAVO PIRES - SAO DOMINGOS DO GUAPORE, COSTA MARQUES - RO",48,False,"110008035000004","110008035000005","-12.07324390411377","-64.02855173746745","0","169.55953272","1","66.75377612",False,True
15257,8,"2025-08-26 09:59:31-03","2025-08-26 09:59:31-03","0101000020E6100000364DC89CE10150C03F666F42842628C0","0101000020E6100000364DC89CE10150C03F666F42842628C0",11041447,2024,"RO",1100080,"Costa Marques","Costa Marques",110008005,"EPMEIF ILTON JOSE MARTINS",2,0,"AV. AIRTON SENNA","8746","SAO DOMINGOS","CENTRO","76937000","Catálogo de Escolas - agosto/2024","0","-12.07522781","-64.02939529","110008035000004","-12.259768923746275","-64.161521365258","municipio","dm01","44900","COSTA MARQUES - RO",5711,False,"110008035000004","110008005000011","-12.259768923746275","-64.161521365258","0","25046.59739797","1","24142.77367992",False,False
15335,8,"2025-08-26 09:59:31-03","2025-08-26 09:59:31-03","0101000020E61000003D0FCDC0710D4FC09636E2EA7C2D28C0","0101000020E61000003D0FCDC0710D4FC09636E2EA7C2D28C0",11025310,2024,"RO",1100015,"Alta Floresta D'Oeste","Alta Floresta D'Oeste",110001505,"EMEIEF PEDRO ALEIXO",2,0,"LINHA 148 COM A 65 KM 38",NULL,NULL,NULL,"76954000","Catálogo de Escolas - agosto/2024","0","-12.08884367","-62.10503397","110001535000001","-12.016301478331423","-62.051049509300505","municipio","dm01","77446","ALTA FLORESTA D'OESTE - RO",9320,False,"110001535000001","110001535000005","-12.016301478331423","-62.051049509300505","0","9976.38826259","1","9253.71847386",False,False
15457,8,"2025-08-26 09:59:31-03","2025-08-26 09:59:31-03","0101000020E6100000E721AEF776ED4EC087B3113E4A3F28C0","0101000020E6100000E721AEF776ED4EC087B3113E4A3F28C0",11048468,2024,"RO",1100379,"Alto Alegre dos Parec","Alto Alegre dos Parecis",110037905,"EMEF SEVERINO BATISTA COSTA",1,0,"AVENIDA DUQUE DE CAXIAS","3817",NULL,"JARDIM DAS PALMEIRAS","76952000","Catálogo de Escolas - agosto/2024","0","-12.1236133","-61.8551931","110037905000004",NULL,NULL,NULL,NULL,NULL,NULL,NULL,False,"110037905000004",NULL,NULL,NULL,NULL,NULL,"1",NULL,NULL,NULL
15491,8,"2025-08-26 09:59:31-03","2025-08-26 09:59:31-03","0101000020E61000001C499B0D26FF4EC08D8663C8774228C0","0101000020E61000001C499B0D26FF4EC08D8663C8774228C0",11024666,2024,"RO",1100015,"Alta Floresta D'Oeste","Alta Floresta D'Oeste",110001505,"EMEIEF BOA ESPERANCA",2,0,"LINHA P 50 KM 22",NULL,"ZONA RURAL","LINHA P.50","76954000","Catálogo de Escolas - agosto/2024","0","-12.12982012","-61.99334879","110001505000020","-12.016301478331423","-62.051049509300505","municipio","dm01","77446","ALTA FLORESTA D'OESTE - RO",9320,False,"110001505000020","110001535000005","-12.016301478331423","-62.051049509300505","0","14096.01144445","1","2146.65338339",False,True
15507,8,"2025-08-26 09:59:31-03","2025-08-26 09:59:31-03","0101000020E6100000EFC517EDF1EA4EC019CBF44BC44328C0","0101000020E6100000EFC517EDF1EA4EC019CBF44BC44328C0",11050969,2024,"RO",1100379,"Alto Alegre dos Parec","Alto Alegre dos Parecis",110037905,"EIEEF KWIUPYHUAM",2,2,"ALDEIA TSUPYPAY - TERRA INDIGENA RIO MEQUENS","SN","CASA","ZONA RURAL - ALDEIA INDIGEN","76952000","Coordenadas Sede do Município","3","-12.132357","-61.835508","110037905000018",NULL,NULL,NULL,NULL,NULL,NULL,NULL,False,"110037905000018",NULL,NULL,NULL,NULL,NULL,"1",NULL,NULL,NULL
15519,8,"2025-08-26 09:59:31-03","2025-08-26 09:59:31-03","0101000020E61000002153E34AE2EC4EC0B6FFB748904428C0","0101000020E61000002153E34AE2EC4EC0B6FFB748904428C0",11084804,2024,"RO",1100379,"Alto Alegre dos Parec","Alto Alegre dos Parecis",110037905,"CENTRO EDUCACIONAL DE ALTO ALEGRE DOS PARECIS CEAP",1,0,"AV. AFONSO PENA","4236",NULL,"JARDIM AMERICA","76952000","Catálogo de Escolas - agosto/2024","0","-12.1339133","-61.8506559","110037905000036",NULL,NULL,NULL,NULL,NULL,NULL,NULL,False,"110037905000036",NULL,NULL,NULL,NULL,NULL,"1",NULL,NULL,NULL
15532,8,"2025-08-26 09:59:31-03","2025-08-26 09:59:31-03","0101000020E61000008CF2CCCB61ED4EC0BA5972CBFD4428C0","0101000020E61000008CF2CCCB61ED4EC0BA5972CBFD4428C0",11040947,2024,"RO",1100379,"Alto Alegre dos Parec","Alto Alegre dos Parecis",110037905,"EMEF EDUCANDARIO PAULO FREIRE",1,0,"AVENIDA PRESIDENTE PRUDENTE","321/481",NULL,"CENTRO","76952000","Catálogo de Escolas - agosto/2024","0","-12.1347488","-61.854547","110037905000001",NULL,NULL,NULL,NULL,NULL,NULL,NULL,False,"110037905000001",NULL,NULL,NULL,NULL,NULL,"1",NULL,NULL,NULL
15535,8,"2025-08-26 09:59:31-03","2025-08-26 09:59:31-03","0101000020E6100000CCC529841FED4EC0E3C1BB010B4528C0","0101000020E6100000CCC529841FED4EC0E3C1BB010B4528C0",11049243,2024,"RO",1100379,"Alto Alegre dos Parec","Alto Alegre dos Parecis",110037905,"EMEI DALVA PEREIRA DA SILVA",1,0,"AV.PRESIDENTE PRUDENTE","3922",NULL,"JARDIM AMERICA","76952000","Catálogo de Escolas - agosto/2024","0","-12.1348496","-61.8525243","110037905000001",NULL,NULL,NULL,NULL,NULL,NULL,NULL,False,"110037905000001",NULL,NULL,NULL,NULL,NULL,"1",NULL,NULL,NULL
15541,8,"2025-08-26 09:59:31-03","2025-08-26 09:59:31-03","0101000020E61000003EDC1F39E3ED4EC089A6A267694528C0","0101000020E61000003EDC1F39E3ED4EC089A6A267694528C0",11024437,2024,"RO",1100379,"Alto Alegre dos Parec","Alto Alegre dos Parecis",110037905,"EEEFM ARTUR DA COSTA E SILVA",1,0,"AVENIDA PRESIDENTE DUTRA","3480",NULL,"CRISTO REI","76952000","Catálogo de Escolas - agosto/2024","0","-12.1355698","-61.8584968","110037905000043",NULL,NULL,NULL,NULL,NULL,NULL,NULL,False,"110037905000043",NULL,NULL,NULL,NULL,NULL,"1",NULL,NULL,NULL
15566,8,"2025-08-26 09:59:31-03","2025-08-26 09:59:31-03","0101000020E6100000E6A4411BCAED4EC0A0185932C74628C0","0101000020E6100000E6A4411BCAED4EC0A0185932C74628C0",11049979,2024,"RO",1100379,"Alto Alegre dos Parec","Alto Alegre dos Parecis",110037905,"EMEI REINALDO PEREIRA DA CRUZ",1,0,"RUA TIRADENTES","4036",NULL,"CRISTO REI","76952000","Catálogo de Escolas - agosto/2024","0","-12.1382385","-61.8577303","110037905000034",NULL,NULL,NULL,NULL,NULL,NULL,NULL,False,"110037905000034",NULL,NULL,NULL,NULL,NULL,"1",NULL,NULL,NULL
15756,8,"2025-08-26 09:59:31-03","2025-08-26 09:59:31-03","0101000020E61000007D840E7868F94EC0101BB0D4484F28C0","0101000020E61000007D840E7868F94EC0101BB0D4484F28C0",11025492,2024,"RO",1100379,"Alto Alegre dos Parec","Alto Alegre dos Parecis",110037905,"EMEF SILVA JARDIM",2,0,"LH P 70 KM 0,6",NULL,"ZONA RURAL","ZONA RURAL","76952000","Catálogo de Escolas - agosto/2024","0","-12.15485253","-61.94850064","110037905000016",NULL,NULL,NULL,NULL,NULL,NULL,NULL,False,"110037905000016",NULL,NULL,NULL,NULL,NULL,"1",NULL,NULL,NULL
15803,8,"2025-08-26 09:59:31-03","2025-08-26 09:59:31-03","0101000020E6100000E80A9D742EE44EC0DFC2BAF1EE5228C0","0101000020E6100000E80A9D742EE44EC0DFC2BAF1EE5228C0",11024690,2024,"RO",1100379,"Alto Alegre dos Parec","Alto Alegre dos Parecis",110037905,"EMEF EUZEBIO DE QUEIROZ",2,0,"LINHA P 26 KM 04","S/Nº","ZONA RURAL","ZONA RURAL","76952000","Catálogo de Escolas - agosto/2024","0","-12.16197925","-61.78266771","110037905000008",NULL,NULL,NULL,NULL,NULL,NULL,NULL,False,"110037905000008",NULL,NULL,NULL,NULL,NULL,"1",NULL,NULL,NULL
15840,8,"2025-08-26 09:59:31-03","2025-08-26 09:59:31-03","0101000020E6100000D4E47338048F4FC003441C469C5928C0","0101000020E6100000D4E47338048F4FC003441C469C5928C0",11051604,2024,"RO",1100320,"São Miguel do Guaporé","São Miguel do Guaporé",110032005,"EMEF PAULA GOMES DE OLIVEIRA",2,3,"PRIMAVERA",NULL,"QUILOMBOLA","ZONA RURAL","76932000","Catálogo de Escolas - agosto/2024","0","-12.1750204","-63.1173163","110032005000044","-11.715281802022897","-62.717280271116074","municipio","dm01","16596","SAO MIGUEL DO GUAPORE - RO",4359,False,"110032005000044","110032005000038","-11.715281802022897","-62.717280271116074","0","67135.68214831","1","64285.69537821",False,False
15853,8,"2025-08-26 09:59:31-03","2025-08-26 09:59:31-03","0101000020E61000002CD90CCBFACC4EC09CAB41F3945C28C0","0101000020E61000002CD90CCBFACC4EC09CAB41F3945C28C0",11043610,2024,"RO",1101450,"Parecis","Parecis",110145005,"EMEIEF JOSE CESTARI",1,0,"RUA GETULIO DORNELES VARGAS","393",NULL,"CENTRO","76979000","Catálogo de Escolas - agosto/2024","0","-12.1808239","-61.6014036","110145005000021","-12.180562019348145","-61.60170364379883","numero","dn04","6","RUA GETULIO DORNELES VARGAS, 393 - RUAS, PARECIS - RO",1,False,"110145005000021","110145005000021","-12.180562019348145","-61.60170364379883","0","43.72100476","1","0",True,NULL
15855,8,"2025-08-26 09:59:31-03","2025-08-26 09:59:31-03","0101000020E61000006913718456CD4EC0D6AFCFF7AE5C28C0","0101000020E61000006913718456CD4EC0D6AFCFF7AE5C28C0",11031689,2024,"RO",1101450,"Parecis","Parecis",110145005,"EEEFM BENEDITO LAURINDO GONCALVES",1,0,"RUA JUDITE JESUS DE OLIVEIRA","352",NULL,"CENTRO","76979000","Catálogo de Escolas - agosto/2024","0","-12.1810224","-61.6042028","110145005000002","-12.181965245140923","-61.60400443606906","localidade","db01","169","CENTRO, PARECIS - RO",38,False,"110145005000002","110145005000021","-12.181965245140923","-61.60400443606906","0","107.03375428","1","35.15530883",False,True
15883,8,"2025-08-26 09:59:31-03","2025-08-26 09:59:31-03","0101000020E6100000241AEE6D44B94FC02638F581E46128C0","0101000020E6100000241AEE6D44B94FC02638F581E46128C0",11005742,2024,"RO",1101492,"São Francisco do Guap","São Francisco do Guaporé",110149205,"EPMEIF PEREIRA E CACERES",2,0,"RODOVIA RODOVIA 377 KM 16 SETOR PORTO MURTINHO","S/N","E. PEREIRA E CACERES","ZONA RURAL","76935000","Catálogo de Escolas - agosto/2024","0","-12.1911965","-63.4474008","110149210000004",NULL,NULL,NULL,NULL,NULL,NULL,NULL,False,"110149210000004",NULL,NULL,NULL,NULL,NULL,"1",NULL,NULL,NULL
16045,8,"2025-08-26 09:59:31-03","2025-08-26 09:59:31-03","0101000020E61000000926EDFC91574EC0CBE6BBA5E67428C0","0101000020E61000000926EDFC91574EC0CBE6BBA5E67428C0",11114800,2024,"RO",1100189,"Pimenta Bueno","Pimenta Bueno",110018905,"EMMEF URUCUMACUA",2,0,"RUA ESPORTES","S/N","SETOR URUCUMACUA",NULL,"76970000","Catálogo de Escolas - agosto/2024","0","-12.2283222","-60.6841427","110018915000026","-11.69985839321045","-61.16220919067099","municipio","dm01","69360","PIMENTA BUENO - RO",12246,False,"110018915000026","110018905000071","-11.69985839321045","-61.16220919067099","0","78469.26100328","1","77483.24754834",False,False
16056,8,"2025-08-26 09:59:31-03","2025-08-26 09:59:31-03","0101000020E610000080590CE4FA574EC01C123104847528C0","0101000020E610000080590CE4FA574EC01C123104847528C0",11032065,2024,"RO",1100924,"Chupinguaia","Chupinguaia",110092405,"EMEIEF VALTER JOSE ZANELLA",2,0,"RUA AVENIDA SAO CRISTOVAO","2525","DISTRITO GUAPORE","CENTRO","76990000","Catálogo de Escolas - agosto/2024","0","-12.22952283","-60.68734408","110092405000013","-12.552451027764214","-60.90220554395654","localidade","db01","602","CENTRO, CHUPINGUAIA - RO",550,False,"110092405000013","110092405000040","-12.552451027764214","-60.90220554395654","0","42824.14456538","1","41598.889559",False,False
16359,8,"2025-08-26 09:59:31-03","2025-08-26 09:59:31-03","0101000020E61000009557D7367F8F4EC0D7757F27F38A28C0","0101000020E61000009557D7367F8F4EC0D7757F27F38A28C0",11032790,2024,"RO",1100924,"Chupinguaia","Chupinguaia",110092405,"ESCOLA MUNICIPAL MULTISSERIADA JACOB ARNALDO PEREIRA",2,0,"DISTRITO DE NOVA ANDRADINA",NULL,NULL,NULL,"76990000","Catálogo de Escolas - agosto/2024","0","-12.27138637","-61.12106977","110092405000010","-12.550960474266999","-60.90232280906773","municipio","dm01","855","CHUPINGUAIA - RO",755,False,"110092405000010","110092405000041","-12.550960474266999","-60.90232280906773","0","39124.46815893","1","30428.20787882",False,False
16468,8,"2025-08-26 09:59:31-03","2025-08-26 09:59:31-03","0101000020E610000007B7103F5A864EC03F58C6866E9628C0","0101000020E610000007B7103F5A864EC03F58C6866E9628C0",11095806,2024,"RO",1100924,"Chupinguaia","Chupinguaia",110092405,"EEEFM FRANCISCA MARTENDAL",2,0,"RUA HELIO VIANA","00003","PROXIMO A ASSOCIACAO","CENTRO","76990000","Catálogo de Escolas - agosto/2024","0","-12.293812","-61.0496291","110092405000017","-12.552451027764214","-60.90220554395654","localidade","db01","602","CENTRO, CHUPINGUAIA - RO",550,False,"110092405000017","110092405000040","-12.552451027764214","-60.90220554395654","0","32914.86277201","1","31946.62426611",False,False
16479,8,"2025-08-26 09:59:31-03","2025-08-26 09:59:31-03","0101000020E610000092E7FA3E1C864EC081D8EB404A9828C0","0101000020E610000092E7FA3E1C864EC081D8EB404A9828C0",11033290,2024,"RO",1100924,"Chupinguaia","Chupinguaia",110092405,"EMEIEF ANA PAULA MARQUES",2,0,"AV TANCREDO NEVES","S/Nº","BOA ESPERANCA","CENTRO","76990000","Catálogo de Escolas - agosto/2024","0","-12.29744151","-61.047737","110092405000017","-12.555608058321303","-60.90313018577686","logradouro","dl03","401","AVENIDA TANCREDO NEVES - CENTRO, CHUPINGUAIA - RO, 76990-000",73,False,"110092405000017","110092405000040","-12.555608058321303","-60.90313018577686","0","32720.98352332","1","32203.23688996",False,False
16542,8,"2025-08-26 09:59:31-03","2025-08-26 09:59:31-03","0101000020E6100000E777F585EBBA4EC0CC1B711294A028C0","0101000020E6100000E777F585EBBA4EC0CC1B711294A028C0",11049065,2024,"RO",1101450,"Parecis","Parecis",110145005,"EIEEF YASYMYU TANHATA KWAZA",2,2,"LH 75 KAPA 08, COM A LH 90 KM 01, Z. RURAL - TERRA INDIGENA","S/N","ALDEIA 2 IRMAOS","ZONA RURAL","76979000","Catálogo de Escolas - agosto/2024","0","-12.3136297","-61.4603126","110145005000019","-12.181230319463289","-61.60210726811336","municipio","dm01","647","PARECIS - RO",548,False,"110145005000019","110145005000021","-12.181230319463289","-61.60210726811336","0","21310.77434094","1","20761.28139454",False,False
16568,8,"2025-08-26 09:59:31-03","2025-08-26 09:59:31-03","0101000020E610000045CFD2BAB2A44EC002412553AAA528C0","0101000020E610000045CFD2BAB2A44EC002412553AAA528C0",11031867,2024,"RO",1101450,"Parecis","Parecis",110145005,"EMEIEF DOM PEDRO II",2,0,"KAPA 24","S/N","ZONA RURAL","RURAL","76979000","Catálogo de Escolas - agosto/2024","0","-12.3235651","-61.2867044","110145005000007","-12.181230319463289","-61.60210726811336","municipio","dm01","647","PARECIS - RO",548,False,"110145005000007","110145005000021","-12.181230319463289","-61.60210726811336","0","37750.34241409","1","32602.45436606",False,False
16605,8,"2025-08-26 09:59:31-03","2025-08-26 09:59:31-03","0101000020E61000000FB9D7516E204EC0AE3442A27DAC28C0","0101000020E61000000FB9D7516E204EC0AE3442A27DAC28C0",11046635,2024,"RO",1100304,"Vilhena","Vilhena",110030405,"EIEEFM SOWAINTE",2,2,"PARQUE INDIGENA ARIPUANA RESERVA ROOSEVELT","S/N","ALDEIA SOWAINTE","AREA RURAL DE VILHENA","76988899","Catálogo de Escolas - agosto/2024","0","-12.33689601","-60.25336669","110030405000111","-12.730690779152827","-60.13203502571926","municipio","dm01","6002","VILHENA - RO",20439,False,"110030405000111","110030405000086","-12.730690779152827","-60.13203502571926","0","45725.69852574","1","44452.4426038",False,False
16660,8,"2025-08-26 09:59:31-03","2025-08-26 09:59:31-03","0101000020E61000005D98B7B08FAD4EC06266E1E3FAB628C0","0101000020E61000005D98B7B08FAD4EC06266E1E3FAB628C0",11106824,2024,"RO",1101450,"Parecis","Parecis",110145005,"EIEEFM MATINA KONDA",2,2,"LH 95 KAPA 24 ZONA RURAL - T.I. KWAZA DO RIO SAO PEDRO","S/N","ALDEIA RIO SAO PEDRO","ZONA RURAL","76979000","Catálogo de Escolas - agosto/2024","0","-12.35738289","-61.35594758","110145005000017","-12.181230319463289","-61.60210726811336","municipio","dm01","647","PARECIS - RO",548,False,"110145005000017","110145005000021","-12.181230319463289","-61.60210726811336","0","33151.77583721","1","31862.37654202",False,False
16742,8,"2025-08-26 09:59:31-03","2025-08-26 09:59:31-03","0101000020E6100000DD103EEF21AE4EC064F5FD8AEBC628C0","0101000020E6100000DD103EEF21AE4EC064F5FD8AEBC628C0",11049790,2024,"RO",1101450,"Parecis","Parecis",110145005,"EIEEF DUKARIA RAREKUTE",2,2,"LH 95 KAPA 24 ZONA RURAL - T.I. KWAZA DO RIO SAO PEDRO - PARE","0","ALDEIA AGUA LIMPA","ZONA RURAL","76979000","Catálogo de Escolas - agosto/2024","0","-12.3885158","-61.3604106","110145005000018","-12.181230319463289","-61.60210726811336","municipio","dm01","647","PARECIS - RO",548,False,"110145005000018","110145005000021","-12.181230319463289","-61.60210726811336","0","34940.70791162","1","34501.24019834",False,False
16881,8,"2025-08-26 09:59:31-03","2025-08-26 09:59:31-03","0101000020E6100000976A4D90241B50C052499D8026DA28C0","0101000020E6100000976A4D90241B50C052499D8026DA28C0",11005858,2024,"RO",1100080,"Costa Marques","Real Forte Príncipe da Be",110008015,"EMEIF GENERAL SAMPAIO",1,3,"AV GUAJARA MIRIM","317",NULL,"CENTRO","76937000","Catálogo de Escolas - agosto/2024","0","-12.426075","-64.42410667","110008015000001","-12.425230561218859","-64.42209358671307","numero_aproximado","da04","6","AVENIDA GUAJARA MIRIM, 317 (aprox) - VILA DO FORTE, COSTA MARQUES - RO",1,False,"110008015000001","110008015000001","-12.425230561218859","-64.42209358671307","0","237.91468517","1","0",True,NULL
16911,8,"2025-08-26 09:59:31-03","2025-08-26 09:59:31-03","0101000020E61000000C8A308FC60E50C04D501E7123DC28C0","0101000020E61000000C8A308FC60E50C04D501E7123DC28C0",11042338,2024,"RO",1100080,"Costa Marques","Costa Marques",110008005,"INSTITUTO EDUCACIONAL LUZIA CONCEICAO ORTIZ APAE",1,0,"AV PROFESSORA ANA COELHO","1912","CENTRO","CENTRO","76937000","Catálogo de Escolas - agosto/2024","0","-12.4299579","-64.2308691","110008005000003","-12.259768923746275","-64.161521365258","municipio","dm01","44900","COSTA MARQUES - RO",5711,False,"110008005000003","110008005000011","-12.259768923746275","-64.161521365258","0","20368.3088284","1","19585.16739925",False,False
16915,8,"2025-08-26 09:59:31-03","2025-08-26 09:59:31-03","0101000020E6100000287AC7C6CF0E50C0776BD3B750DC28C0","0101000020E6100000287AC7C6CF0E50C0776BD3B750DC28C0",11039396,2024,"RO",1100080,"Costa Marques","Costa Marques",110008005,"EMEI NOSSA SENHORA APARECIDA",1,0,"AV LIMOEIRO","2345","PREDIO ESCOLAR","SETOR 03","76937000","Catálogo de Escolas - agosto/2024","0","-12.43030333","-64.23143167","110008005000003","-12.430279731750488","-64.2314682006836","numero","dn04","6","AVENIDA LIMOEIRO, 2345 - SETOR 0003, COSTA MARQUES - RO",1,False,"110008005000003","110008005000003","-12.430279731750488","-64.2314682006836","0","4.75615672","1","0",True,NULL
16916,8,"2025-08-26 09:59:31-03","2025-08-26 09:59:31-03","0101000020E6100000D1D20DFBDA0E50C0B6DA814256DC28C0","0101000020E6100000D1D20DFBDA0E50C0B6DA814256DC28C0",11107820,2024,"RO",1100080,"Costa Marques","Costa Marques",110008005,"CRECHE MUNICIPAL MUNDO MAGICO",1,0,"PROF ANA COELHO RODRIGUES","2034","SETOR 03",NULL,"76937000","Catálogo de Escolas - agosto/2024","0","-12.43034561","-64.23211552","110008005000003","-12.259768923746275","-64.161521365258","municipio","dm01","44900","COSTA MARQUES - RO",5711,False,"110008005000003","110008005000011","-12.259768923746275","-64.161521365258","0","20458.7282409","1","19585.16739925",False,False
16942,8,"2025-08-26 09:59:31-03","2025-08-26 09:59:31-03","0101000020E61000000F249463570E50C03ECE3461FBDD28C0","0101000020E61000000F249463570E50C03ECE3461FBDD28C0",11005769,2024,"RO",1100080,"Costa Marques","Costa Marques",110008005,"EEEF RAIMUNDO DE OLIVEIRA MESQUITA",1,0,"TRAVESSA 25","1858",NULL,"SETOR 04","76937000","Catálogo de Escolas - agosto/2024","0","-12.4335585","-64.2240838","110008005000005","-12.259768923746275","-64.161521365258","municipio","dm01","44900","COSTA MARQUES - RO",5711,False,"110008005000005","110008005000011","-12.259768923746275","-64.161521365258","0","20484.63114636","1","19997.33300438",False,False
16976,8,"2025-08-26 09:59:31-03","2025-08-26 09:59:31-03","0101000020E61000008EAED2DD75054FC07519C42884DF28C0","0101000020E61000008EAED2DD75054FC07519C42884DF28C0",11025280,2024,"RO",1100015,"Alta Floresta D'Oeste","Filadélfia d'Oeste",110001515,"EMEIEF PADRE FEIJO",2,0,"LINHA 105 COM A 152","SN","DISTR. DE FILADELFIA","ZONA RURAL","76954000","Catálogo de Escolas - agosto/2024","0","-12.43655517","-62.0426595","110001515000001","-12.016301478331423","-62.051049509300505","municipio","dm01","77446","ALTA FLORESTA D'OESTE - RO",9320,False,"110001515000001","110001535000005","-12.016301478331423","-62.051049509300505","0","46739.03676048","1","46281.24402897",False,False
16978,8,"2025-08-26 09:59:31-03","2025-08-26 09:59:31-03","0101000020E6100000C2BA9635D60E50C0610F37F11FE028C0","0101000020E6100000C2BA9635D60E50C0610F37F11FE028C0",11005823,2024,"RO",1100080,"Costa Marques","Costa Marques",110008005,"EEEFM ANGELINA DOS ANJOS",1,0,"AV. SANTA CRUZ","1541",NULL,"SETOR 03","76937000","Catálogo de Escolas - agosto/2024","0","-12.4377437","-64.2318243","110008005000001","-12.441992180175438","-64.23057550808092","numero_aproximado","da04","6","AVENIDA SANTA CRUZ, 1541 (aprox) - SETOR 0009, COSTA MARQUES - RO",1,True,"110008005000001","110008005000009","-12.436745493248186","-64.23144082616454","590.92371411","491.48602054","1","434.15112118",False,True
16979,8,"2025-08-26 09:59:31-03","2025-08-26 09:59:31-03","0101000020E61000006465A8484D0E50C04904F40C2BE028C0","0101000020E61000006465A8484D0E50C04904F40C2BE028C0",11045507,2024,"RO",1100080,"Costa Marques","Costa Marques",110008005,"EMEF AMERICO CASARA",1,0,"AV. GUAPORE","1224","PREDIO","SETOR 02","76937000","Catálogo de Escolas - agosto/2024","0","-12.43782845","-64.22346703","110008005000032","-12.439284992899383","-64.23100678055756","numero_aproximado","da04","6","AVENIDA GUAPORE, 1224 (aprox) - SETOR 0009, COSTA MARQUES - RO",1,True,"110008005000032","110008005000009","-12.439284992899383","-64.23100678055756","0","834.57045089","1","235.71909903",False,True
16983,8,"2025-08-26 09:59:31-03","2025-08-26 09:59:31-03","0101000020E610000026EA6058D90E50C02BDCF29194E028C0","0101000020E610000026EA6058D90E50C02BDCF29194E028C0",11005386,2024,"RO",1100080,"Costa Marques","Costa Marques",110008005,"CEEJA JOSE ALVES DE ALMEIDA",1,0,"AVENIDA ANTONIO PSURIADAKIS","2171","PREDIO PUBLICO","SETOR 01","76937000","Catálogo de Escolas - agosto/2024","0","-12.4386335","-64.2320157","110008005000009","-12.438370704650879","-64.2319107055664","numero","dn04","6","AVENIDA ANTONIO PSURIADAKIS, 2171 - SETOR 0009, COSTA MARQUES - RO",1,False,"110008005000009","110008005000009","-12.438370704650879","-64.2319107055664","0","31.36682768","1","0",True,NULL
16991,8,"2025-08-26 09:59:31-03","2025-08-26 09:59:31-03","0101000020E6100000D52FC7E1820E50C05CE102756FE228C0","0101000020E6100000D52FC7E1820E50C05CE102756FE228C0",11048654,2024,"RO",1100080,"Costa Marques","Costa Marques",110008005,"EMEF PREFEITO RUY RODRIGUES DE ALMEIDA",1,0,"RUA 16 DE JULHO","2063","BAIRRO DA MANGUEIRA","SETOR 07","76937000","Catálogo de Escolas - agosto/2024","0","-12.4422566","-64.2267384","110008005000030","-12.259768923746275","-64.161521365258","municipio","dm01","44900","COSTA MARQUES - RO",5711,False,"110008005000030","110008005000011","-12.259768923746275","-64.161521365258","0","21492.72001065","1","21057.81859026",False,False
16995,8,"2025-08-26 09:59:31-03","2025-08-26 09:59:31-03","0101000020E6100000550CFC4D8D0E50C0B131124EC9E328C0","0101000020E6100000550CFC4D8D0E50C0B131124EC9E328C0",11005610,2024,"RO",1100080,"Costa Marques","Costa Marques",110008005,"EMEF GOMES CARNEIRO",1,0,"AVENIDA CHIANCA","722","CENTRO","SETOR 02","76937000","Catálogo de Escolas - agosto/2024","0","-12.44489521","-64.22737455","110008005000030","-12.435268929365074","-64.22940579629547","numero_aproximado","da04","6","AVENIDA CHIANCA, 722 (aprox) - SETOR 0005, COSTA MARQUES - RO",1,True,"110008005000030","110008005000005","-12.434737095547764","-64.22948153832388","59.70648343","1092.88289061","1","531.08042933",False,False
16996,8,"2025-08-26 09:59:31-03","2025-08-26 09:59:31-03","0101000020E610000062CB9F2D6F8D4EC0CB5B9E9CDBE328C0","0101000020E610000062CB9F2D6F8D4EC0CB5B9E9CDBE328C0",11043792,2024,"RO",1100924,"Chupinguaia","Chupinguaia",110092405,"EMEIEF CLEBERSON DIAS MEIRELES GERMINI",2,0,"RUALNHA 105 KAPA 48 GLEBA CORUMBIARA DISTRITO DE NOVO PLANO M","S/Nº","AV J. RIBEIRO","DISTRITO DE NOVO PLANO","76990000","Catálogo de Escolas - agosto/2024","0","-12.44503488","-61.10495539","110092405000038","-12.550960474266999","-60.90232280906773","municipio","dm01","855","CHUPINGUAIA - RO",755,False,"110092405000038","110092405000041","-12.550960474266999","-60.90232280906773","0","24952.65324001","1","24131.87175786",False,False
17000,8,"2025-08-26 09:59:31-03","2025-08-26 09:59:31-03","0101000020E61000003A5A38BDC9414EC05451FEE6ACE428C0","0101000020E61000003A5A38BDC9414EC05451FEE6ACE428C0",11033762,2024,"RO",1100304,"Vilhena","Vilhena",110030405,"E M M E I E F TENENTE MELO",2,0,"AREA AREA RURAL","S/N","ZONA RURAL","AREA RURAL DE VILHENA","76988899","Catálogo de Escolas - agosto/2024","0","-12.44663164","-60.51396909","110030405000233","-12.730690779152827","-60.13203502571926","municipio","dm01","6002","VILHENA - RO",20439,False,"110030405000233","110030405000086","-12.730690779152827","-60.13203502571926","0","52111.66007692","1","51584.86760414",False,False
17015,8,"2025-08-26 09:59:31-03","2025-08-26 09:59:31-03","0101000020E6100000DBDB2DC901F54EC0A774B0FECFE928C0","0101000020E6100000DBDB2DC901F54EC0A774B0FECFE928C0",11024712,2024,"RO",1100379,"Alto Alegre dos Parec","Alto Alegre dos Parecis",110037905,"EMEF FERNANDO SABINO",2,0,"RUA CARLOS GOMES","S/Nº","DIST. FLOR DA SERRA","CENTRO","76952000","GEO LIDAS 2015","1","-12.456665","-61.914117","110037905000014",NULL,NULL,NULL,NULL,NULL,NULL,NULL,False,"110037905000014",NULL,NULL,NULL,NULL,NULL,"1",NULL,NULL,NULL
17069,8,"2025-08-26 09:59:31-03","2025-08-26 09:59:31-03","0101000020E61000001FB3793D94644EC0561E3051B5FC28C0","0101000020E61000001FB3793D94644EC0561E3051B5FC28C0",11033274,2024,"RO",1100924,"Chupinguaia","Chupinguaia",110092405,"EIEEFM AIKANA",2,2,"TERRA INDIGENA TUBARAO LATUNDE - ALDEIA RIO DO OURO","SN","ALDEIA RIO DO OURO","ZONA RURAL","76990000","Catálogo de Escolas - agosto/2024","0","-12.49357084","-60.78577393","110092405000028","-12.550960474266999","-60.90232280906773","municipio","dm01","855","CHUPINGUAIA - RO",755,False,"110092405000028","110092405000041","-12.550960474266999","-60.90232280906773","0","14169.690028","1","10917.89193571",False,False
17105,8,"2025-08-26 09:59:31-03","2025-08-26 09:59:31-03","0101000020E6100000232D19F047CF4EC09E66DC2FFA0329C0","0101000020E6100000232D19F047CF4EC09E66DC2FFA0329C0",11031840,2024,"RO",1100379,"Alto Alegre dos Parec","Alto Alegre dos Parecis",110037905,"EMEF DOM JOAO PAULO I",2,0,"DISTRITO VILA BOSCO","S/N","LINHA 110","ZONA RURAL","76952000","Catálogo de Escolas - agosto/2024","0","-12.50776815","-61.61938287","110037905000045",NULL,NULL,NULL,NULL,NULL,NULL,NULL,False,"110037905000045",NULL,NULL,NULL,NULL,NULL,"1",NULL,NULL,NULL
17346,8,"2025-08-26 09:59:31-03","2025-08-26 09:59:31-03","0101000020E6100000CD691ED93F734EC08ACBAFEE711929C0","0101000020E6100000CD691ED93F734EC08ACBAFEE711929C0",11043822,2024,"RO",1100924,"Chupinguaia","Chupinguaia",110092405,"CMEI JOVELINA BATISTA DE OLIVEIRA",1,0,"AV XV DE NOVEMBRO","2555",NULL,"CENTRO","76990000","Catálogo de Escolas - agosto/2024","0","-12.54969736","-60.90038599","110092405000041","-12.552451027764214","-60.90220554395654","localidade","db01","602","CENTRO, CHUPINGUAIA - RO",550,False,"110092405000041","110092405000040","-12.552451027764214","-60.90220554395654","0","364.35891114","1","41.81080294",False,True
17353,8,"2025-08-26 09:59:31-03","2025-08-26 09:59:31-03","0101000020E61000004CD5873FD4724EC060329FBD441A29C0","0101000020E61000004CD5873FD4724EC060329FBD441A29C0",11106859,2024,"RO",1100924,"Chupinguaia","Chupinguaia",110092405,"EEEFM MOACYR CARAMELLO",1,0,"RUA SENADOR RONALDO ARAGAO","S/N",NULL,"SETOR 10","76990000","Catálogo de Escolas - agosto/2024","0","-12.5513057","-60.8971023","110092405000020","-12.550960474266999","-60.90232280906773","municipio","dm01","855","CHUPINGUAIA - RO",755,False,"110092405000020","110092405000041","-12.550960474266999","-60.90232280906773","0","567.92136226","1","382.15586893",False,True
17384,8,"2025-08-26 09:59:31-03","2025-08-26 09:59:31-03","0101000020E61000005D05295FED734EC083B47358E91D29C0","0101000020E61000005D05295FED734EC083B47358E91D29C0",11043601,2024,"RO",1100924,"Chupinguaia","Chupinguaia",110092405,"EMEF IRMAS JULIANA E ALINI DOS SANTOS MARCOS",1,0,"RUA JULIO DIAS MONTALVAO","1386",NULL,"CENTRO","76990000","Catálogo de Escolas - agosto/2024","0","-12.55842091","-60.90568151","110092405000042","-12.552451027764214","-60.90220554395654","localidade","db01","602","CENTRO, CHUPINGUAIA - RO",550,False,"110092405000042","110092405000040","-12.552451027764214","-60.90220554395654","0","763.53761579","1","560.44397912",False,True
17431,8,"2025-08-26 09:59:31-03","2025-08-26 09:59:31-03","0101000020E6100000C715930E41674EC0741BDCEFB32429C0","0101000020E6100000C715930E41674EC0741BDCEFB32429C0",11033320,2024,"RO",1100924,"Chupinguaia","Chupinguaia",110092405,"EIEEFM CAPITAO ARITIMON",2,2,"TERRA INDIGENA TUBARAO LATUNDE - ALDEIA GLEBA","SN","ALDEIA SOWAINTE","ZONA RURAL","76990000","Catálogo de Escolas - agosto/2024","0","-12.57168531","-60.80667288","110092405000027","-12.550960474266999","-60.90232280906773","municipio","dm01","855","CHUPINGUAIA - RO",755,False,"110092405000027","110092405000041","-12.550960474266999","-60.90232280906773","0","10633.92972121","1","9915.64609154",False,False
17464,8,"2025-08-26 09:59:31-03","2025-08-26 09:59:31-03","0101000020E61000008A7780272DF44EC01BF5108DEE2829C0","0101000020E61000008A7780272DF44EC01BF5108DEE2829C0",11049049,2024,"RO",1100379,"Alto Alegre dos Parec","Alto Alegre dos Parecis",110037905,"EIEEF AIPERE",2,2,"LH P 40 KM 15-A, Z. RURAL - T.I. RIO MEQUENS","S/N","ALDEIA BAIXA VERDE","ZONA RURAL","76952970","GEO LIDAS 2015","1","-12.579945","-61.907628","110037905000022",NULL,NULL,NULL,NULL,NULL,NULL,NULL,False,"110037905000022",NULL,NULL,NULL,NULL,NULL,"1",NULL,NULL,NULL
17554,8,"2025-08-26 09:59:31-03","2025-08-26 09:59:31-03","0101000020E61000008AD2945371164FC01BC074BDE13429C0","0101000020E61000008AD2945371164FC01BC074BDE13429C0",11024828,2024,"RO",1100015,"Alta Floresta D'Oeste","Izidolândia",110001520,"EMEIEF IZIDORO STEDILE",2,0,"LINHA 138 KM 100","S/N","DISTRITO","IZIDOLANDIA","76954000","Catálogo de Escolas - agosto/2024","0","-12.60328476","-62.17533345","110001520000001","-12.620323786407024","-62.124507904052734","localidade","db01","22842","IZIDOLANDIA, ALTA FLORESTA D'OESTE - RO",505,False,"110001520000001","110001520000004","-12.620323786407024","-62.124507904052734","0","5831.55459834","1","5423.36512765",False,True
17715,8,"2025-08-26 09:59:31-03","2025-08-26 09:59:31-03","0101000020E61000003ACC971760834FC0465C001AA54329C0","0101000020E61000003ACC971760834FC0465C001AA54329C0",11005807,2024,"RO",1101492,"São Francisco do Guap","São Francisco do Guaporé",110149205,"EMEF TIRADENTES",2,3,"COMUNIDADE SANTO ANTONIO",NULL,NULL,"ZONA RURAL","76935000","GEO LIDAS 2015","1","-12.632119","-63.02637","110149205000051",NULL,NULL,NULL,NULL,NULL,NULL,NULL,False,"110149205000051",NULL,NULL,NULL,NULL,NULL,"1",NULL,NULL,NULL
17729,8,"2025-08-26 09:59:31-03","2025-08-26 09:59:31-03","0101000020E6100000D5F92267020C4EC0760169DEF54429C0","0101000020E6100000D5F92267020C4EC0760169DEF54429C0",11033452,2024,"RO",1100304,"Vilhena","Vilhena",110030405,"EMMEIEF IQUEZINHA",2,0,"AREA AREA RURAL",NULL,"BR 174, KM 15","AREA RURAL DE VILHENA","76988899","Catálogo de Escolas - agosto/2024","0","-12.63468833","-60.09382333","110030405000243","-12.730690779152827","-60.13203502571926","municipio","dm01","6002","VILHENA - RO",20439,False,"110030405000243","110030405000086","-12.730690779152827","-60.13203502571926","0","11451.59303834","1","2377.08398529",False,False
17953,8,"2025-08-26 09:59:31-03","2025-08-26 09:59:31-03","0101000020E6100000AC85FEAEF48C4EC057182A18F85A29C0","0101000020E6100000AC85FEAEF48C4EC057182A18F85A29C0",11039850,2024,"RO",1100924,"Chupinguaia","Chupinguaia",110092405,"ESCOLA MUNICIPAL MULTISSERIADA OLGA FELDMANN",2,0,"FAZENDA JULIANA",NULL,NULL,NULL,"76990000","Catálogo de Escolas - agosto/2024","0","-12.67767406","-61.10121715","110092405000044","-12.550960474266999","-60.90232280906773","municipio","dm01","855","CHUPINGUAIA - RO",755,False,"110092405000044","110092405000041","-12.550960474266999","-60.90232280906773","0","25774.383802","1","8599.05030599",False,False
18146,8,"2025-08-26 09:59:31-03","2025-08-26 09:59:31-03","0101000020E61000007B5E3B623E0F4EC0F75ED78A916829C0","0101000020E61000007B5E3B623E0F4EC0F75ED78A916829C0",11107804,2024,"RO",1100304,"Vilhena","Vilhena",110030405,"IFRO - CAMPUS VILHENA",1,0,"BR 174 KM03","4334",NULL,"ZONA URBANA","76982270","Catálogo de Escolas - agosto/2024","0","-12.7042354","-60.1190913","110030405000198","-12.730690779152827","-60.13203502571926","municipio","dm01","6002","VILHENA - RO",20439,False,"110030405000198","110030405000086","-12.730690779152827","-60.13203502571926","0","3259.56687894","1","2720.47290534",False,False
18212,8,"2025-08-26 09:59:31-03","2025-08-26 09:59:31-03","0101000020E61000000700E89D67124EC00600305E186D29C0","0101000020E61000000700E89D67124EC00600305E186D29C0",11050926,2024,"RO",1100304,"Vilhena","Vilhena",110030405,"EMEI JOSE PAULO PAES",1,0,"AVENIDA MELVIN JONES","2625",NULL,"RESIDENCIAL MOYSES DE FREIT","76982630","Catálogo de Escolas - agosto/2024","0","-12.713076537475","-60.1437871344388","110030405000167","-12.712953567504883","-60.14368438720703","numero","dn04","6","AVENIDA MELVIN JONES, 2625 - MOYSES DE FREITAS, VILHENA - RO",1,False,"110030405000167","110030405000167","-12.712953567504883","-60.14368438720703","0","17.64022721","1","0",True,NULL
18246,8,"2025-08-26 09:59:31-03","2025-08-26 09:59:31-03","0101000020E6100000B8AC67AD8D134EC02FE64240197029C0","0101000020E6100000B8AC67AD8D134EC02FE64240197029C0",11050390,2024,"RO",1100304,"Vilhena","Vilhena",110030405,"EMEF LUIZ EDUARDO SILVA ROVER",1,0,"RUA JOSE HONORIO RAMOS","1797",NULL,"PARQUE CIDADE JARDIM II","76983562","Catálogo de Escolas - agosto/2024","0","-12.71894265","-60.15276115","110030405000107","-12.730690779152827","-60.13203502571926","municipio","dm01","6002","VILHENA - RO",20439,False,"110030405000107","110030405000086","-12.730690779152827","-60.13203502571926","0","2600.03640454","1","2312.82350502",False,False
18249,8,"2025-08-26 09:59:31-03","2025-08-26 09:59:31-03","0101000020E61000002F14B01D8C104EC0516C054D4B7029C0","0101000020E61000002F14B01D8C104EC0516C054D4B7029C0",11049685,2024,"RO",1100304,"Vilhena","Vilhena",110030405,"EMEI PROFESSORA NINA PAUL",1,0,"AVENIDA RIO GRANDE DO SUL","4641",NULL,"PARQUE INDUSTRIAL NOVO TEMP","76982234","Catálogo de Escolas - agosto/2024","0","-12.7193245","-60.129276","110030405000039","-12.730690779152827","-60.13203502571926","municipio","dm01","6002","VILHENA - RO",20439,False,"110030405000039","110030405000086","-12.730690779152827","-60.13203502571926","0","1298.81937104","1","1268.59280147",False,False
18262,8,"2025-08-26 09:59:31-03","2025-08-26 09:59:31-03","0101000020E6100000D4F02DAC1B0E4EC07D3F355EBA7129C0","0101000020E6100000D4F02DAC1B0E4EC07D3F355EBA7129C0",11049499,2024,"RO",1100304,"Vilhena","Vilhena",110030405,"EMEI PROFESSORA APARECIDA DA SILVA",1,0,"RUA ARLINDO REBELATO","6344","SETOR 23","JARDIM AMERICA","76980728","Catálogo de Escolas - agosto/2024","0","-12.722125","-60.1102195","110030405000041","-12.733375479096209","-60.142941896835914","localidade","db01","735","JARDIM AMERICA, VILHENA - RO",1673,False,"110030405000041","110030405000190","-12.733375479096209","-60.142941896835914","0","3763.18343772","1","3403.19630863",False,False
18272,8,"2025-08-26 09:59:31-03","2025-08-26 09:59:31-03","0101000020E610000069E1B20A9B0D4EC0CE52B29C847229C0","0101000020E610000069E1B20A9B0D4EC0CE52B29C847229C0",11043660,2024,"RO",1100304,"Vilhena","Vilhena",110030405,"EMEF BIANCA E LEONARDO DE MATTOS BEZERRA",1,0,"RUA RUA V-NOVE","6915","SETOR 73","ARIPUANA- COHAB","76985496","Catálogo de Escolas - agosto/2024","0","-12.723668","-60.106294","110030405000231","-12.730690779152827","-60.13203502571926","municipio","dm01","6002","VILHENA - RO",20439,False,"110030405000231","110030405000086","-12.730690779152827","-60.13203502571926","0","2899.10083604","1","2514.63773341",False,False
18276,8,"2025-08-26 09:59:31-03","2025-08-26 09:59:31-03","0101000020E610000080BBECD79D114EC0D919F043EF7229C0","0101000020E610000080BBECD79D114EC0D919F043EF7229C0",11106867,2024,"RO",1100304,"Vilhena","Vilhena",110030405,"EEEFM SHIRLEI CERUTI",1,0,"RUA JOSIAS ANTONIO DA SILVA","1465",NULL,"JARDIM OLIVEIRAS","76980634","Catálogo de Escolas - agosto/2024","0","-12.7244817","-60.1376295","110030405000038","-12.732937756575453","-60.139544254269566","numero_aproximado","da04","6","RUA JOSIAS ANTONIO DA SILVA, 1465 (aprox) - JARDIM AMERICA, VILHENA - RO",1,False,"110030405000038","110030405000222","-12.732937756575453","-60.139544254269566","0","962.93390367","1","699.16192326",False,False
18278,8,"2025-08-26 09:59:31-03","2025-08-26 09:59:31-03","0101000020E6100000E9DE7998AC124EC02335481C0D7329C0","0101000020E6100000E9DE7998AC124EC02335481C0D7329C0",11046333,2024,"RO",1100304,"Vilhena","Vilhena",110030405,"EMEI PROFESSORA PENHA ROSENDO LEITE",1,0,"AVENIDA MELVIN JONES","1320",NULL,"CRISTO REI","76983387","Catálogo de Escolas - agosto/2024","0","-12.7247094","-60.1458922","110030405000046","-12.732222868645453","-60.14835687250814","numero_aproximado","da04","7","AVENIDA MELVIN JONES, 1320 (aprox) - BODANESE, VILHENA - RO",1,True,"110030405000046","110030405000159","-12.721959974116066","-60.14594477144859","1170.78885997","877.18700649","1","790.79527667",False,False
18281,8,"2025-08-26 09:59:31-03","2025-08-26 09:59:31-03","0101000020E61000001B33E43334124EC08511B177357329C0","0101000020E61000001B33E43334124EC08511B177357329C0",11042397,2024,"RO",1100304,"Vilhena","Vilhena",110030405,"EMEF PROF HERMOGENES ROBERTO NOGUEIRA",1,0,"AVENIDA VITORIA REGIA","1420","ESCOLA","JARDIM PRIMAVERA","76983360","Catálogo de Escolas - agosto/2024","0","-12.7250173","-60.1422181","110030405000082","-12.724585419381086","-60.14241199365209","numero_aproximado","da03","6","AVENIDA VITORIA REGIA, 1420 (aprox) - JARDIM PRIMAVERA, VILHENA - RO",2,False,"110030405000082","110030405000046","-12.724585419381086","-60.14241199365209","0","52.42604365","1","6.52053066",False,True
18283,8,"2025-08-26 09:59:31-03","2025-08-26 09:59:31-03","0101000020E6100000F3B688DE980D4EC08CF2CCCB617329C0","0101000020E6100000F3B688DE980D4EC08CF2CCCB617329C0",11033673,2024,"RO",1100304,"Vilhena","Vilhena",110030405,"EMEF PROFª VILMA VIEIRA",1,0,"RUA RUA NOVECENTOS E DEZENOVE","2332","COHAB","ARIPUANA","76985484","Catálogo de Escolas - agosto/2024","0","-12.7253555","-60.1062277","110030405000035","-12.730690779152827","-60.13203502571926","municipio","dm01","6002","VILHENA - RO",20439,False,"110030405000035","110030405000086","-12.730690779152827","-60.13203502571926","0","2861.30928034","1","2496.7700044",False,False
18288,8,"2025-08-26 09:59:31-03","2025-08-26 09:59:31-03","0101000020E61000000BA07312A5114EC0DD5ED218AD7329C0","0101000020E61000000BA07312A5114EC0DD5ED218AD7329C0",11060808,2024,"RO",1100304,"Vilhena","Vilhena",110030405,"EMEF PROFª CLEONICE BATISTA DE JESUS",1,0,"RUA JOSIAS ANTONIO DA SILVA","1415","SHIRLEY CERUTI","JARDIM DAS OLIVEIRAS","76980634","Catálogo de Escolas - agosto/2024","0","-12.72593","-60.1378501","110030405000038","-12.732945767489046","-60.139545933381804","numero_aproximado","da04","6","RUA JOSIAS ANTONIO DA SILVA, 1415 (aprox) - JARDIM AMERICA, VILHENA - RO",1,False,"110030405000038","110030405000222","-12.732945767489046","-60.139545933381804","0","801.5091694","1","700.06598457",False,False
18292,8,"2025-08-26 09:59:31-03","2025-08-26 09:59:31-03","0101000020E6100000C31EECAE380E4EC01C1A5850067429C0","0101000020E6100000C31EECAE380E4EC01C1A5850067429C0",11033428,2024,"RO",1100304,"Vilhena","Vilhena",110030405,"EEEFM DEPUTADO GENIVAL NUNES DA COSTA",1,0,"RUA NOVECENTOS E SETE","2078",NULL,"BOA ESPERANCA","76985440","Catálogo de Escolas - agosto/2024","0","-12.7266106708094","-60.1111048367434","110030405000034","-12.730690779152827","-60.13203502571926","municipio","dm01","6002","VILHENA - RO",20439,False,"110030405000034","110030405000086","-12.730690779152827","-60.13203502571926","0","2315.02960335","1","1945.98763912",False,False
18293,8,"2025-08-26 09:59:31-03","2025-08-26 09:59:31-03","0101000020E61000001523A69FCB124EC04A99D4D0067429C0","0101000020E61000001523A69FCB124EC04A99D4D0067429C0",11039760,2024,"RO",1100304,"Vilhena","Vilhena",110030405,"COLEGIO CIVICO MILITAR ALMIRANTE TAMANDARE",1,0,"AVENIDA MELVIN JONES","1093",NULL,"CRISTO REI","76983387","Catálogo de Escolas - agosto/2024","0","-12.7266145","-60.1468391","110030405000051","-12.732219239337386","-60.14835549156965","numero_aproximado","da04","7","AVENIDA MELVIN JONES, 1093 (aprox) - BODANESE, VILHENA - RO",1,True,"110030405000051","110030405000159","-12.721934473295722","-60.14594422162149","1173.13939644","644.55656836","1","300.79204162",False,False
18295,8,"2025-08-26 09:59:31-03","2025-08-26 09:59:31-03","0101000020E61000000D93043CC40F4EC0A6666A6D757429C0","0101000020E61000000D93043CC40F4EC0A6666A6D757429C0",11046694,2024,"RO",1100304,"Vilhena","Vilhena",110030405,"EMEF PROFESSORA DIRCE BIANCHIN DE AVILA",1,0,"AVENIDA AVENIDA MIL OITOCENTOS E TREZE","5187","SETOR 18","BELA VISTA","76982028","Catálogo de Escolas - agosto/2024","0","-12.7274584","-60.1231761","110030405000044","-12.725034528212113","-60.12559247103604","localidade","db01","521","BELA VISTA, VILHENA - RO",579,False,"110030405000044","110030405000054","-12.725034528212113","-60.12559247103604","0","375.94215716","1","224.26682676",False,True
18305,8,"2025-08-26 09:59:31-03","2025-08-26 09:59:31-03","0101000020E61000004589F1F510114EC03A6288F7777529C0","0101000020E61000004589F1F510114EC03A6288F7777529C0",11048697,2024,"RO",1100304,"Vilhena","Vilhena",110030405,"EMEI OMAR GODOY",1,0,"AVENIDA CURITIBA","4185",NULL,"JARDIM DAS OLIVEIRAS","76980654","Catálogo de Escolas - agosto/2024","0","-12.7294309","-60.1333301","110030405000086","-12.726661250974738","-60.14528674516035","numero_aproximado","da04","6","AVENIDA CURITIBA, 4185 (aprox) - CRISTO REI, VILHENA - RO",1,False,"110030405000086","110030405000192","-12.726661250974738","-60.14528674516035","0","1332.91603059","1","384.73598889",False,True
18310,8,"2025-08-26 09:59:31-03","2025-08-26 09:59:31-03","0101000020E6100000F2871356B20F4EC033D858B2F87529C0","0101000020E6100000F2871356B20F4EC033D858B2F87529C0",11041951,2024,"RO",1100304,"Vilhena","Vilhena",110030405,"COOPERATIVA EDUCACIONAL DE VILHENA",1,0,"AVENIDA LILIANA GONZAGA","1265",NULL,"BELA VISTA","76982044","Catálogo de Escolas - agosto/2024","0","-12.73041303","-60.12262989","110030405000044","-12.725034528212113","-60.12559247103604","localidade","db01","521","BELA VISTA, VILHENA - RO",579,False,"110030405000044","110030405000054","-12.725034528212113","-60.12559247103604","0","678.919831","1","224.26682676",False,True
18312,8,"2025-08-26 09:59:31-03","2025-08-26 09:59:31-03","0101000020E6100000F321A81ABD134EC03EA363BD077629C0","0101000020E6100000F321A81ABD134EC03EA363BD077629C0",11101806,2024,"RO",1100304,"Vilhena","Vilhena",110030405,"EMEI PROFESSORA NOEME BARROS PEREIRA",1,0,"RUA RUA AUGUSTO NICOLIELO","423","SETOR 07","BODANESE","76981028","Catálogo de Escolas - agosto/2024","0","-12.7305278","-60.1542085","110030405000160","-12.730566192937399","-60.15399802461005","numero_aproximado","da03","6","RUA AUGUSTO NICOLIELO, 423 (aprox) - BODANESE, VILHENA - RO",1,False,"110030405000160","110030405000160","-12.730566192937399","-60.15399802461005","0","23.2242437","1","0",True,NULL
18314,8,"2025-08-26 09:59:31-03","2025-08-26 09:59:31-03","0101000020E610000027309DD66D0F4EC06CBAF9A12D7629C0","0101000020E610000027309DD66D0F4EC06CBAF9A12D7629C0",11049235,2024,"RO",1100304,"Vilhena","Vilhena",110030405,"ESCOLA SENAI BONIFACIO ALMODOVAR",1,0,"AVENIDA AVENIDA BRIGADEIRO EDUARDO GOMES","1425",NULL,"BELA VISTA","76982001","Catálogo de Escolas - agosto/2024","0","-12.7308169","-60.1205395","110030405000044","-12.734204246300155","-60.12036050272418","numero_aproximado","da04","7","AVENIDA BRIGADEIRO EDUARDO GOMES, 1425 (aprox) - JARDIM ELDORADO, VILHENA - RO",1,True,"110030405000044","110030405000014","-12.730152346053167","-60.11785837931804","525.9705536","377.15624739","1","117.53775334",False,True
18316,8,"2025-08-26 09:59:31-03","2025-08-26 09:59:31-03","0101000020E6100000B48531337D0F4EC0E33B8CA4387629C0","0101000020E6100000B48531337D0F4EC0E33B8CA4387629C0",11033215,2024,"RO",1100304,"Vilhena","Vilhena",110030405,"CENTRO EDUCACIONAL ISOLINA RUTTMANN - SESI",1,0,"AVENIDA AVENIDA BRIGADEIRO EDUARDO GOMES","1425",NULL,"BELA VISTA","76982001","Catálogo de Escolas - agosto/2024","0","-12.7309009","-60.1210083","110030405000044","-12.726100445806178","-60.11535625591189","numero_aproximado","da04","6","AVENIDA BRIGADEIRO EDUARDO GOMES, 1425 (aprox) - ALTO ALEGRE, VILHENA - RO",2,True,"110030405000044","110030405000032","-12.726100445806178","-60.11535625591189","0","812.85910394","1","465.92147242",False,False
18317,8,"2025-08-26 09:59:31-03","2025-08-26 09:59:31-03","0101000020E6100000FD22B2593F124EC019CE9085437629C0","0101000020E6100000FD22B2593F124EC019CE9085437629C0",11041960,2024,"RO",1100304,"Vilhena","Vilhena",110030405,"EMEF MARTIM LUTERO",1,0,"RUA RUA MARTIN LUTERO","730","SETOR 5","JARDIM AMERICA","76980860","Catálogo de Escolas - agosto/2024","0","-12.7309839","-60.1425583","110030405000163","-12.731402397155762","-60.14259338378906","numero","dn03","6","RUA MARTIN LUTERO, 730 - JARDIM AMERICA, VILHENA - RO, 76980-860",1,False,"110030405000163","110030405000163","-12.731402397155762","-60.14259338378906","0","46.69014571","1","0",True,NULL
18318,8,"2025-08-26 09:59:31-03","2025-08-26 09:59:31-03","0101000020E61000007D42D19739124EC07D73243C467629C0","0101000020E61000007D42D19739124EC07D73243C467629C0",11033657,2024,"RO",1100304,"Vilhena","Vilhena",110030405,"EMEF PROF ª IVETE BRUSTOLIN",1,0,"AVENIDA PARANA","590","SETOR 06","SAO PAULO","76987326","Catálogo de Escolas - agosto/2024","0","-12.7310046","-60.1423826","110030405000163","-12.738729537240673","-60.113584813026044","numero_aproximado","da04","6","AVENIDA PARANA, 590 (aprox) - JARDIM ELDORADO, VILHENA - RO",1,True,"110030405000163","110030405000017","-12.732217768852472","-60.11175050581558","750.91094225","3239.36252045","1","2896.02566488",False,False
18324,8,"2025-08-26 09:59:31-03","2025-08-26 09:59:31-03","0101000020E6100000E1C09AB9760E4EC0EE409DF2E87629C0","0101000020E6100000E1C09AB9760E4EC0EE409DF2E87629C0",11033649,2024,"RO",1100304,"Vilhena","Vilhena",110030405,"EEEFM MARIA ARLETE TOLEDO",1,0,"RUA ANA NERI","6361",NULL,"ALTO ALEGRE","76985314","Catálogo de Escolas - agosto/2024","0","-12.732246","-60.1129982","110030405000077","-12.7286601079007","-60.111655831336975","localidade","db01","445","ALTO ALEGRE, VILHENA - RO",809,False,"110030405000077","110030405000081","-12.7286601079007","-60.111655831336975","0","424.483803","1","57.52053888",False,True
18325,8,"2025-08-26 09:59:31-03","2025-08-26 09:59:31-03","0101000020E6100000A796ADF545124EC0917A153A2B7729C0","0101000020E6100000A796ADF545124EC0917A153A2B7729C0",11047615,2024,"RO",1100304,"Vilhena","Vilhena",110030405,"EMEF GORETE DOMINGOS",1,0,"AVENIDA PRESIDENTE TANCREDO NEVES","3309",NULL,"JARDIM AMERICA","76980837","Catálogo de Escolas - agosto/2024","0","-12.73275167","-60.14276","110030405000163","-12.733994535954091","-60.139262546344504","numero_aproximado","da03","6","AVENIDA PRESIDENTE TANCREDO NEVES, 3309 (aprox) - JARDIM AMERICA, VILHENA - RO",1,False,"110030405000163","110030405000222","-12.733994535954091","-60.139262546344504","0","403.72585824","1","67.31620892",False,True
18327,8,"2025-08-26 09:59:31-03","2025-08-26 09:59:31-03","0101000020E6100000095EE3E94B134EC0C19AB976587729C0","0101000020E6100000095EE3E94B134EC0C19AB976587729C0",11033363,2024,"RO",1100304,"Vilhena","Vilhena",110030405,"COLEGIO MILITAR DOM PEDRO II - CMDP II - UNIDADE II",1,0,"RUA NEUZALINA MARIA DE ARAUJO","251","ESCOLA","MARCOS FREIRE","76981162","Catálogo de Escolas - agosto/2024","0","-12.7330968","-60.1507542","110030405000159","-12.728714814393417","-60.1521385303442","localidade","db01","764","MARCOS FREIRE, VILHENA - RO",727,False,"110030405000159","110030405000220","-12.728714814393417","-60.1521385303442","0","509.86432293","1","210.70329753",False,True
18331,8,"2025-08-26 09:59:31-03","2025-08-26 09:59:31-03","0101000020E6100000FB9E477B72104EC054162AA4A17729C0","0101000020E6100000FB9E477B72104EC054162AA4A17729C0",11033193,2024,"RO",1100304,"Vilhena","Vilhena",110030405,"CEEJA VILHENA",1,0,"RUA DUZALINA MILANI","757",NULL,"JARDIM ELDORADO","76987090","Catálogo de Escolas - agosto/2024","0","-12.7336551","-60.1284937","110030405000209","-12.737419192512771","-60.11860422616167","localidade","db01","701","JARDIM ELDORADO, VILHENA - RO",1426,False,"110030405000209","110030405000017","-12.737419192512771","-60.11860422616167","0","1151.37683887","1","870.03750418",False,False
18333,8,"2025-08-26 09:59:31-03","2025-08-26 09:59:31-03","0101000020E6100000D90806084D134EC0AB9A7BA3B17729C0","0101000020E6100000D90806084D134EC0AB9A7BA3B17729C0",11046309,2024,"RO",1100304,"Vilhena","Vilhena",110030405,"ADVENTISTA DE VILHENA",1,0,"AVENIDA SETECENTOS E TRINTA E NOVE","191/193",NULL,"BODANESE","76981084","Catálogo de Escolas - agosto/2024","0","-12.73377715","-60.15078831","110030405000159","-12.731590814006571","-60.15362895264917","localidade","db01","568","BODANESE, VILHENA - RO",516,False,"110030405000159","110030405000160","-12.731590814006571","-60.15362895264917","0","392.46244839","1","7.63315849",False,True
18340,8,"2025-08-26 09:59:31-03","2025-08-26 09:59:31-03","0101000020E6100000AAA9067439104EC0C66F00108A7829C0","0101000020E6100000AAA9067439104EC0C66F00108A7829C0",11033576,2024,"RO",1100304,"Vilhena","Vilhena",110030405,"EEEF PAULO FREIRE",1,0,"RUA ZACARIAS ROCHA DE AZEVEDO","682",NULL,"JARDIM ELDORADO","76987120","Catálogo de Escolas - agosto/2024","0","-12.7354283333333","-60.1267533333333","110030405000210","-12.737419192512771","-60.11860422616167","localidade","db01","701","JARDIM ELDORADO, VILHENA - RO",1426,False,"110030405000210","110030405000017","-12.737419192512771","-60.11860422616167","0","911.14637359","1","610.11534923",False,False
18343,8,"2025-08-26 09:59:31-03","2025-08-26 09:59:31-03","0101000020E6100000CFABF01DEB114EC0F0ADA305C37829C0","0101000020E6100000CFABF01DEB114EC0F0ADA305C37829C0",11110821,2024,"RO",1100304,"Vilhena","Vilhena",110030405,"SENAC VILHENA",1,0,"AVENIDA AVENIDA SABINO BEZERRA DE QUEIROZ","3661",NULL,"JARDIM AMERICA","76980794","Catálogo de Escolas - agosto/2024","0","-12.7358629","-60.1399877","110030405000222","-12.736259460449219","-60.140098571777344","numero","dn03","6","AVENIDA SABINO BEZERRA DE QUEIROZ, 3661 - JARDIM AMERICA, VILHENA - RO, 76987-536",1,False,"110030405000222","110030405000222","-12.736259460449219","-60.140098571777344","0","45.70581608","1","0",True,NULL
18347,8,"2025-08-26 09:59:31-03","2025-08-26 09:59:31-03","0101000020E61000007C54B252F7114EC0600A6A53D07829C0","0101000020E61000007C54B252F7114EC0600A6A53D07829C0",11046848,2024,"RO",1100304,"Vilhena","Vilhena",110030405,"CENTRO EDUCACIONAL SESC LER VILHENA",1,0,"AVENIDA AVENIDA SABINO BEZERRA DE QUEIROZ","3625","SESC LER","JARDIM AMERICA","76980794","Catálogo de Escolas - agosto/2024","0","-12.7359644","-60.1403602","110030405000222","-12.736173629760742","-60.14039611816406","numero","dn03","6","AVENIDA SABINO BEZERRA DE QUEIROZ, 3625 - JARDIM AMERICA, VILHENA - RO, 76987-536",1,False,"110030405000222","110030405000222","-12.736173629760742","-60.14039611816406","0","23.58921895","1","0",True,NULL
18350,8,"2025-08-26 09:59:31-03","2025-08-26 09:59:31-03","0101000020E610000034F3E49A020D4EC0DF3653211E7929C0","0101000020E610000034F3E49A020D4EC0DF3653211E7929C0",11051256,2024,"RO",1100304,"Vilhena","Vilhena",110030405,"EMEI MARIA CELUIR DUARTE",1,0,"RUA PALESTRA ITALIA","SN",NULL,"EMBRATEL","76986590","Google 2025","1","-12.736558","-60.101642","110030405000143","-12.730690779152827","-60.13203502571926","municipio","dm01","6002","VILHENA - RO",20439,False,"110030405000143","110030405000086","-12.730690779152827","-60.13203502571926","0","3360.37554683","1","2707.96947597",False,False
18351,8,"2025-08-26 09:59:31-03","2025-08-26 09:59:31-03","0101000020E6100000DCB75A272E0F4EC0B7578BF4477929C0","0101000020E6100000DCB75A272E0F4EC0B7578BF4477929C0",11033835,2024,"RO",1100304,"Vilhena","Vilhena",110030405,"COLEGIO TIRADENTES DA POLICIA MILITAR - CTPM V",1,0,"AVENIDA BENNO LUIZ GRAEBIN","5.900","JARDIM ELDORADO","BNH","76987240","Catálogo de Escolas - agosto/2024","0","-12.7368771","-60.118596","110030405000017","-12.736015602972133","-60.12065802007556","numero_aproximado","da04","7","AVENIDA BENNO LUIZ GRAEBIN, 5900 (aprox) - JARDIM ELDORADO, VILHENA - RO",3,True,"110030405000017","110030405000014","-12.733378689010824","-60.13072684953853","1130.74120772","243.29718749","1","147.37934365",False,True
18359,8,"2025-08-26 09:59:31-03","2025-08-26 09:59:31-03","0101000020E610000022E417B9020E4EC041559632BA7929C0","0101000020E610000022E417B9020E4EC041559632BA7929C0",11047224,2024,"RO",1100304,"Vilhena","Vilhena",110030405,"EEEF PROFESSOR LUIZ CARLOS PAULA ASSIS",1,0,"AVENIDA JURACI CORREIA MULLER","6884",NULL,"SAO PAULO","76987318","Catálogo de Escolas - agosto/2024","0","-12.7377487","-60.1094581","110030405000029","-12.735462169686516","-60.11737482714193","numero_aproximado","da04","6","AVENIDA JURACI CORREIA MULLER, 6884 (aprox) - JARDIM ELDORADO, VILHENA - RO",1,False,"110030405000029","110030405000016","-12.735462169686516","-60.11737482714193","0","895.4924494","1","500.77503847",False,True
18371,8,"2025-08-26 09:59:31-03","2025-08-26 09:59:31-03","0101000020E61000007D38EDCE7F0E4EC0348BAB25787A29C0","0101000020E61000007D38EDCE7F0E4EC0348BAB25787A29C0",11033266,2024,"RO",1100304,"Vilhena","Vilhena",110030405,"EMEI ABILIO JULIANO NICOLIELO NETO",1,0,"AVENIDA PARANA","630",NULL,"PARQUE SAO PAULO","76987326","Catálogo de Escolas - agosto/2024","0","-12.7391979","-60.1132754","110030405000125","-12.728287194031159","-60.11062169405425","numero_aproximado","da04","6","AVENIDA PARANA, 630 (aprox) - ALTO ALEGRE, VILHENA - RO",3,True,"110030405000125","110030405000081","-12.728287194031159","-60.11062169405425","0","1246.89065083","1","1185.80408151",False,False
18375,8,"2025-08-26 09:59:31-03","2025-08-26 09:59:31-03","0101000020E610000030D63730B90D4EC03A2F04EF9A7A29C0","0101000020E610000030D63730B90D4EC03A2F04EF9A7A29C0",11050411,2024,"RO",1100304,"Vilhena","Vilhena",110030405,"EMEF FELIPE ROCHA DE LIMA",1,0,"RUA SETE MIL SEISCENTOS E NOVE","3556",NULL,"RESIDENCIAL ALPHAVILLE I","76985718","Catálogo de Escolas - agosto/2024","0","-12.7394633","-60.107214","110030405000132","-12.730465025272009","-60.09573054763506","localidade","db01","141","RESIDENCIAL ALPHAVILLE I, VILHENA - RO",56,False,"110030405000132","110030405000212","-12.730465025272009","-60.09573054763506","0","1597.61634406","1","1091.04999826",False,False
18379,8,"2025-08-26 09:59:31-03","2025-08-26 09:59:31-03","0101000020E6100000D954826A28144EC0CC8A975DE67A29C0","0101000020E6100000D954826A28144EC0CC8A975DE67A29C0",11033240,2024,"RO",1100304,"Vilhena","Vilhena",110030405,"EMEI MARIO GRASSO",1,0,"AVENIDA BELO HORIZONTE","610",NULL,"SAO JOSE","76980322","Catálogo de Escolas - agosto/2024","0","-12.7400388","-60.1574834","110030405000024","-12.740763664245605","-60.15721130371094","numero_aproximado","da03","6","AVENIDA BELO HORIZONTE, 610 (aprox) - SAO JOSE, VILHENA - RO",1,False,"110030405000024","110030405000024","-12.740763664245605","-60.15721130371094","0","85.8339436","1","0",True,NULL
18380,8,"2025-08-26 09:59:31-03","2025-08-26 09:59:31-03","0101000020E61000003C0E2840B9124EC0F5824F73F27A29C0","0101000020E61000003C0E2840B9124EC0F5824F73F27A29C0",11033827,2024,"RO",1100304,"Vilhena","Vilhena",110030405,"IEE WILSON CAMARGO",1,0,"AVENIDA AVENIDA CAPITAO CASTRO","3050","ESQUINA COM A AV JK","CENTRO S-01","76980150","Catálogo de Escolas - agosto/2024","0","-12.740131","-60.1462784","110030405000148","-12.739917755126953","-60.14631271362305","numero","dn04","6","AVENIDA CAPITAO CASTRO, 3050 - CENTRO, VILHENA - RO",1,False,"110030405000148","110030405000148","-12.739917755126953","-60.14631271362305","0","24.00205478","1","0",True,NULL
18383,8,"2025-08-26 09:59:31-03","2025-08-26 09:59:31-03","0101000020E61000009AF7EE45EA124EC045BC33E21B7B29C0","0101000020E61000009AF7EE45EA124EC045BC33E21B7B29C0",11033738,2024,"RO",1100304,"Vilhena","Vilhena",110030405,"COLEGIO SANTA LUCIA FILIPPINI",1,0,"AVENIDA LIBERDADE","2864","PREDIO","CENTRO S-01","76980172","Catálogo de Escolas - agosto/2024","0","-12.74044711","-60.14777445","110030405000148","-12.740422248840332","-60.14781188964844","numero","dn04","6","AVENIDA LIBERDADE, 2864 - CENTRO, VILHENA - RO",1,False,"110030405000148","110030405000148","-12.740422248840332","-60.14781188964844","0","4.91229459","1","0",True,NULL
18392,8,"2025-08-26 09:59:31-03","2025-08-26 09:59:31-03","0101000020E610000039A46A1E34134EC02C8E14DBEE7B29C0","0101000020E610000039A46A1E34134EC02C8E14DBEE7B29C0",11050659,2024,"RO",1100304,"Vilhena","Vilhena",110030405,"HAPPY BEE EDUCACAO INFANTIL BILINGUE",1,0,"RUA NELSON TREMEA","628",NULL,"CENTRO S-01","76980178","Catálogo de Escolas - agosto/2024","0","-12.7420567","-60.15002804","110030405000012","-12.730690779152827","-60.13203502571926","municipio","dm01","6002","VILHENA - RO",20439,False,"110030405000012","110030405000086","-12.730690779152827","-60.13203502571926","0","2325.00618969","1","1886.78438718",False,False
18393,8,"2025-08-26 09:59:31-03","2025-08-26 09:59:31-03","0101000020E61000004A3F863364144EC0064DA665FF7B29C0","0101000020E61000004A3F863364144EC0064DA665FF7B29C0",11037440,2024,"RO",1100304,"Vilhena","Vilhena",110030405,"EMEF SENADOR RONALDO ARAGAO",1,0,"RUA RUA SANTA LUZIA","893",NULL,"SAO JOSE","76980308","Catálogo de Escolas - agosto/2024","0","-12.7421829","-60.1593079","110030405000076","-12.740013511055524","-60.15868029597188","numero_aproximado","da03","6","RUA SANTA LUZIA, 893 (aprox) - SAO JOSE, VILHENA - RO",1,False,"110030405000076","110030405000024","-12.740013511055524","-60.15868029597188","0","250.64506477","1","86.04560649",False,True
18394,8,"2025-08-26 09:59:31-03","2025-08-26 09:59:31-03","0101000020E61000005878F2446B134EC07FD5366A2A7C29C0","0101000020E61000005878F2446B134EC07FD5366A2A7C29C0",11033819,2024,"RO",1100304,"Vilhena","Vilhena",110030405,"EEEM EM TEMPO INTEGRAL MARECHAL RONDON",1,0,"AVENIDA AVENIDA LEOPOLDO PEREZ","2550",NULL,"CENTRO S-01","76980182","Catálogo de Escolas - agosto/2024","0","-12.7425111","-60.1517111","110030405000012","-12.742877487843327","-60.1488694310897","numero_aproximado","da04","6","AVENIDA LEOPOLDO PEREZ, 2550 (aprox) - CENTRO, VILHENA - RO",1,False,"110030405000012","110030405000148","-12.742877487843327","-60.1488694310897","0","310.87824628","1","123.82262914",False,True
18398,8,"2025-08-26 09:59:31-03","2025-08-26 09:59:31-03","0101000020E6100000E14625D0BB114EC0696BE9769B7C29C0","0101000020E6100000E14625D0BB114EC0696BE9769B7C29C0",11033797,2024,"RO",1100304,"Vilhena","Vilhena",110030405,"EEEFM ALVARES DE AZEVEDO",1,0,"AVENIDA LIBERDADE","3950","TERREO","CENTRO S-01","76980066","Catálogo de Escolas - agosto/2024","0","-12.7433736","-60.1385441","110030405000001","-12.743047714233398","-60.13850784301758","numero","dn04","6","AVENIDA LIBERDADE, 3950 - CENTRO, VILHENA - RO",1,False,"110030405000001","110030405000001","-12.743047714233398","-60.13850784301758","0","36.44962833","1","0",True,NULL
18399,8,"2025-08-26 09:59:31-03","2025-08-26 09:59:31-03","0101000020E6100000F52A323A20134EC0D1ADD7F4A07C29C0","0101000020E6100000F52A323A20134EC0D1ADD7F4A07C29C0",11050489,2024,"RO",1100304,"Vilhena","Vilhena",110030405,"CENTRO EDUCACIONAL PRESBITERIANO DE VILHENA",1,0,"AVENIDA BEIRA RIO","2865",NULL,"CENTRO S-01","76980184","Catálogo de Escolas - agosto/2024","0","-12.7434155","-60.149421","110030405000149","-12.743535995483398","-60.14958953857422","numero","dn04","6","AVENIDA BEIRA RIO, 2865 - CENTRO, VILHENA - RO",1,False,"110030405000149","110030405000149","-12.743535995483398","-60.14958953857422","0","22.66369047","1","0",True,NULL
18400,8,"2025-08-26 09:59:31-03","2025-08-26 09:59:31-03","0101000020E6100000BB6246787B134EC08896862BB17C29C0","0101000020E6100000BB6246787B134EC08896862BB17C29C0",11046325,2024,"RO",1100304,"Vilhena","Vilhena",110030405,"EMEIEF ENSINA-ME A VIVER",1,0,"AVENIDA 15 DE NOVEMBRO","2579","QUADRA 94 SETOR 01","CENTRO S-01","76980128","Catálogo de Escolas - agosto/2024","0","-12.7435392","-60.1522055","110030405000012","-12.730690779152827","-60.13203502571926","municipio","dm01","6002","VILHENA - RO",20439,False,"110030405000012","110030405000086","-12.730690779152827","-60.13203502571926","0","2612.85446657","1","1886.78438718",False,False
18406,8,"2025-08-26 09:59:31-03","2025-08-26 09:59:31-03","0101000020E61000009A7CB3CD8D114EC0203FC0FFFB7C29C0","0101000020E61000009A7CB3CD8D114EC0203FC0FFFB7C29C0",11033231,2024,"RO",1100304,"Vilhena","Vilhena",110030405,"EMEI PROFª CHITOSSE MOCHIZUKI INABA",1,0,"AV. CAPITAO CASTRO","4807","PREDIO TEMPORARIO","CENTRO S-01","76980072","Catálogo de Escolas - agosto/2024","0","-12.7441101","-60.13714","110030405000043","-12.740733764358842","-60.14318262314549","numero_aproximado","da04","6","AVENIDA CAPITAO CASTRO, 4807 (aprox) - CENTRO, VILHENA - RO",2,False,"110030405000043","110030405000003","-12.740733764358842","-60.14318262314549","0","755.28024384","1","720.77754294",False,False
18407,8,"2025-08-26 09:59:31-03","2025-08-26 09:59:31-03","0101000020E6100000F3171F0B76114EC0570E886B107D29C0","0101000020E6100000F3171F0B76114EC0570E886B107D29C0",11033398,2024,"RO",1100304,"Vilhena","Vilhena",110030405,"EMEF MARIZETI MENDES DE OLIVEIRA",1,0,"RUA RUA DOMINGOS LINHARES","450","PREDIO","CENTRO S-01","76980050","Catálogo de Escolas - agosto/2024","0","-12.7442659","-60.1364149","110030405000043","-12.730690779152827","-60.13203502571926","municipio","dm01","6002","VILHENA - RO",20439,False,"110030405000043","110030405000086","-12.730690779152827","-60.13203502571926","0","1582.46906058","1","1098.41038455",False,False
18420,8,"2025-08-26 09:59:31-03","2025-08-26 09:59:31-03","0101000020E610000075B0FECF610F4EC0A7A2C222D07E29C0","0101000020E610000075B0FECF610F4EC0A7A2C222D07E29C0",11033487,2024,"RO",1100304,"Vilhena","Vilhena",110030405,"EEEF MACHADO DE ASSIS",1,0,"AVENIDA AVENIDA TIRADENTES","265","PREDIO ESCOLAR","SETOR INDUSTRIAL","76988021","Catálogo de Escolas - agosto/2024","0","-12.7476817","-60.1201725","110030405000025","-12.751996994018555","-60.122230529785156","numero_aproximado","da04","6","AVENIDA TIRADENTES, 265 (aprox) - CIDADE NOVA, VILHENA - RO",1,True,"110030405000025","110030405000195","-12.751996994018555","-60.122230529785156","0","529.21095702","1","41.97934379",False,True
18423,8,"2025-08-26 09:59:31-03","2025-08-26 09:59:31-03","0101000020E610000000169E3CD1114EC0E62D0DB21B8029C0","0101000020E610000000169E3CD1114EC0E62D0DB21B8029C0",11043954,2024,"RO",1100304,"Vilhena","Vilhena",110030405,"COLEGIO PROFESSOR VANKS",1,0,"RUA 2506","4130",NULL,"JARDIM UNIVERSITARIO","76981320","Catálogo de Escolas - agosto/2024","0","-12.7502113","-60.1391979","110030405000129","-12.748779610442588","-60.14737579057174","numero_aproximado","da04","6","RUA 2506, 4130 (aprox) - JARDIM SOCIAL, VILHENA - RO",1,False,"110030405000129","110030405000177","-12.748779610442588","-60.14737579057174","0","901.09488484","1","500.7483149",False,True
18427,8,"2025-08-26 09:59:31-03","2025-08-26 09:59:31-03","0101000020E61000001BB226BB3E0E4EC07677F8C66B8129C0","0101000020E61000001BB226BB3E0E4EC07677F8C66B8129C0",11043679,2024,"RO",1100304,"Vilhena","Vilhena",110030405,"EMEI SANTA LUZIA",1,0,"RUA TREZENTOS E DEZ","7108","SETOR INDUSTRIAL","PARQUE INDUSTRIAL TANCREDO","76987848","Catálogo de Escolas - agosto/2024","0","-12.7527754","-60.1112894","110030405000079","-12.730690779152827","-60.13203502571926","municipio","dm01","6002","VILHENA - RO",20439,False,"110030405000079","110030405000086","-12.730690779152827","-60.13203502571926","0","3330.61370203","1","3229.81679478",False,False
18453,8,"2025-08-26 09:59:31-03","2025-08-26 09:59:31-03","0101000020E6100000EFEDF19DF30C4EC054008C67D08429C0","0101000020E6100000EFEDF19DF30C4EC054008C67D08429C0",11033347,2024,"RO",1100304,"Vilhena","Vilhena",110030405,"EMEF CASTELO BRANCO",1,0,"RUA 363 - SETOR 03 - QUADRA 116 - LOTE UNICO","116",NULL,"BAIRRO TANCREDO NEVES","76980010","Catálogo de Escolas - agosto/2024","0","-12.7594025","-60.1011846","110030405000079","-12.730690779152827","-60.13203502571926","municipio","dm01","6002","VILHENA - RO",20439,False,"110030405000079","110030405000086","-12.730690779152827","-60.13203502571926","0","4624.68598887","1","3229.81679478",False,False
18689,8,"2025-08-26 09:59:31-03","2025-08-26 09:59:31-03","0101000020E610000082EB06E1BC6C4EC06CF76173C49829C0","0101000020E610000082EB06E1BC6C4EC06CF76173C49829C0",11048824,2024,"RO",1100924,"Chupinguaia","Chupinguaia",110092405,"ESCOLA MUNICIPAL MULTISSERIADA AGUA VIVA",2,1,"ASSENTAMENTO AGUA VIVA",NULL,NULL,NULL,"76990000","Catálogo de Escolas - agosto/2024","0","-12.7983738","-60.84951413","110092405000045","-12.550960474266999","-60.90232280906773","municipio","dm01","855","CHUPINGUAIA - RO",755,False,"110092405000045","110092405000041","-12.550960474266999","-60.90232280906773","0","28101.31919723","1","17810.18462204",False,False
18823,8,"2025-08-26 09:59:31-03","2025-08-26 09:59:31-03","0101000020E6100000FCDEA63FFB394EC01878EE3D5CAA29C0","0101000020E6100000FCDEA63FFB394EC01878EE3D5CAA29C0",11106840,2024,"RO",1100304,"Vilhena","Vilhena",110030405,"EIEEF FELIPE CAMARAO",2,2,"TERRA INDIGENA TUBARAO LATUNDE","S/N","ALDEIA FELIPE CAMARA","AREA RURAL DE VILHENA","76988899","Catálogo de Escolas - agosto/2024","0","-12.832735","-60.45298","110092405000030","-12.730690779152827","-60.13203502571926","municipio","dm01","6002","VILHENA - RO",20439,False,"110092405000030","110030405000086","-12.730690779152827","-60.13203502571926","0","36606.14806212","1","34575.92421811",False,False
18939,8,"2025-08-26 09:59:31-03","2025-08-26 09:59:31-03","0101000020E61000005E867B3C5F734FC0588D88D648B429C0","0101000020E61000005E867B3C5F734FC0588D88D648B429C0",11045620,2024,"RO",1101492,"São Francisco do Guap","São Francisco do Guaporé",110149205,"EMEF EUCLIDES DA CUNHA",2,3,"COMUNIDADE PEDRAS NEGRAS",NULL,"RIO GUAPORE","ZONA RURAL","76935000","Catálogo de Escolas - agosto/2024","0","-12.85211821","-62.90134388","110149205000034",NULL,NULL,NULL,NULL,NULL,NULL,NULL,False,"110149205000034",NULL,NULL,NULL,NULL,NULL,"1",NULL,NULL,NULL
20358,8,"2025-08-26 09:59:31-03","2025-08-26 09:59:31-03","0101000020E6100000231C695F2F714EC0882AFC19DEEC29C0","0101000020E6100000231C695F2F714EC0882AFC19DEEC29C0",11036516,2024,"RO",1100072,"Corumbiara","Corumbiara",110007205,"EMEIEF PROFESSOR LUIZ BENVENOTO DALA COSTA",2,0,"RUA SENADOR OLAVO PIRES NO DISTRITO DE ALTO GUARAJUS","769","PREDIO","CENTRO","76995000","Catálogo de Escolas - agosto/2024","0","-12.962632","-60.8842582","110007205000006","-12.99833329249806","-60.9433681684283","localidade","db01","1010","CENTRO, CORUMBIARA - RO",1494,False,"110007205000006","110007205000004","-12.99833329249806","-60.9433681684283","0","7535.29084003","1","6965.80066535",False,False
20698,8,"2025-08-26 09:59:31-03","2025-08-26 09:59:31-03","0101000020E6100000BB69AF159F244EC0C2FBAA5CA8F829C0","0101000020E6100000BB69AF159F244EC0C2FBAA5CA8F829C0",11033533,2024,"RO",1100304,"Vilhena","Vilhena",110030405,"EMEIEF MARIA PAULINA DONADON",2,1,"FAZENDA VISTA ALEGRE","LOTE 09","GLEBA GUAPORE","DISTRITO DE NOVA CONQUISTA","76989000","Catálogo de Escolas - agosto/2024","0","-12.9856595","-60.28610488","110030405000068","-12.730690779152827","-60.13203502571926","municipio","dm01","6002","VILHENA - RO",20439,False,"110030405000068","110030405000086","-12.730690779152827","-60.13203502571926","0","32905.28315611","1","32343.13644093",False,False
20735,8,"2025-08-26 09:59:31-03","2025-08-26 09:59:31-03","0101000020E6100000685C381092334EC00B3D284953FA29C0","0101000020E6100000685C381092334EC00B3D284953FA29C0",11033681,2024,"RO",1100304,"Vilhena","Vilhena",110030405,"EMEIEF PROGRESSO",2,0,"BR 435 KM 48 PEROBAL","S/N","ZONA RURAL","AREA RURAL DE VILHENA","76988899","Catálogo de Escolas - agosto/2024","0","-12.98891667","-60.402895","110030405000063","-12.730690779152827","-60.13203502571926","municipio","dm01","6002","VILHENA - RO",20439,False,"110030405000063","110030405000086","-12.730690779152827","-60.13203502571926","0","41068.69496248","1","37132.22610205",False,False
20806,8,"2025-08-26 09:59:31-03","2025-08-26 09:59:31-03","0101000020E6100000A20914B188794EC02EF136250FFE29C0","0101000020E6100000A20914B188794EC02EF136250FFE29C0",11036486,2024,"RO",1100072,"Corumbiara","Corumbiara",110007205,"EEEFM DOUTOR OSWALDO PIANNA",1,0,"AVENIDA ANTONIO NOVAES","2516","ESCOLA","CENTRO","76995000","Catálogo de Escolas - agosto/2024","0","-12.9962093","-60.949484","110007205000001","-12.996403694152832","-60.94913864135742","numero","dn03","6","AVENIDA ANTONIO NOVAES, 2516 - CENTRO, CORUMBIARA - RO, 76995-000",1,False,"110007205000001","110007205000001","-12.996403694152832","-60.94913864135742","0","43.21320359","1","0",True,NULL
20825,8,"2025-08-26 09:59:31-03","2025-08-26 09:59:31-03","0101000020E6100000E4EDADED92784EC01E9ECA0E96FE29C0","0101000020E6100000E4EDADED92784EC01E9ECA0E96FE29C0",11036575,2024,"RO",1100072,"Corumbiara","Corumbiara",110007205,"EEEF SAO ROQUE",1,0,"AVENIDA GOVERNADOR JORGE TEIXEIRA DE OLIVEIRA","1800","ESCOLA","CENTRO","76995000","Catálogo de Escolas - agosto/2024","0","-12.9972386","-60.9419839","110007205000002","-12.997482289542972","-60.94256296390075","numero_aproximado","pa03","6","AVENIDA GOVERNADOR JORGE TEIXEIRA, 1800 (aprox) - CENTRO, CORUMBIARA - RO",1,False,"110007205000002","110007205000004","-12.997482289542972","-60.94256296390075","0","68.34097259","1","4.00488075",False,True
20854,8,"2025-08-26 09:59:31-03","2025-08-26 09:59:31-03","0101000020E6100000D49409641B784EC006CB225EE8FF29C0","0101000020E6100000D49409641B784EC006CB225EE8FF29C0",11038519,2024,"RO",1100072,"Corumbiara","Corumbiara",110007205,"EMEF MUNDO MAGICO",1,0,"AV. SENADOR OLAVO PIRES","1315",NULL,"CENTRO","76995000","Catálogo de Escolas - agosto/2024","0","-12.9998197","-60.9383359","110007205000003","-12.962256717962443","-60.88440582941188","numero_aproximado","da04","6","AVENIDA SENADOR OLAVO PIRES, 1315 (aprox) - GUARAJUS, CORUMBIARA - RO",1,False,"110007205000003","110007205000006","-12.962256717962443","-60.88440582941188","0","7182.78499913","1","6743.1757443",False,False
20858,8,"2025-08-26 09:59:31-03","2025-08-26 09:59:31-03","0101000020E61000003115D16520794EC020F8CE1E1E002AC0","0101000020E61000003115D16520794EC020F8CE1E1E002AC0",11049391,2024,"RO",1100072,"Corumbiara","Corumbiara",110007205,"CENTRO MUNICIPAL DE EDUCACAO INFANTIL CMEI JUSAIA MAIA DA SILVA",1,0,"AVENIDA BRASIL","2274","PREDIO PROPRIO","CENTRO","76995000","Catálogo de Escolas - agosto/2024","0","-13.0002298","-60.9463012","110007205000004","-13.000425338745117","-60.94636917114258","numero","dn03","6","AVENIDA BRASIL, 2274 - CENTRO, CORUMBIARA - RO, 76995-000",1,False,"110007205000004","110007205000004","-13.000425338745117","-60.94636917114258","0","22.95624397","1","0",True,NULL
20911,8,"2025-08-26 09:59:31-03","2025-08-26 09:59:31-03","0101000020E6100000D9637D5E4C904EC0DF20B5E44C022AC0","0101000020E6100000D9637D5E4C904EC0DF20B5E44C022AC0",11036648,2024,"RO",1100072,"Corumbiara","Corumbiara",110007205,"EMEIEF PROFESSOR DOMINGOS PEREIRA DA ROCHA",2,0,"AVENIDA SENADOR OLAVO PIRES NO DISTRITO DE VITORIA DA UNIAO","1586","PREDIO","CENTRO","76995000","Catálogo de Escolas - agosto/2024","0","-13.0044929","-61.1273306","110007205000017","-12.99833329249806","-60.9433681684283","localidade","db01","1010","CENTRO, CORUMBIARA - RO",1494,False,"110007205000017","110007205000004","-12.99833329249806","-60.9433681684283","0","19943.08935549","1","19421.90529162",False,False
20995,8,"2025-08-26 09:59:31-03","2025-08-26 09:59:31-03","0101000020E6100000164AAADF1A904EC093C7D3F203052AC0","0101000020E6100000164AAADF1A904EC093C7D3F203052AC0",11036397,2024,"RO",1100072,"Corumbiara","Corumbiara",110007205,"EEEFM MARECHAL RONDON",2,0,"RUA PEDRO ALVARES CABRAL","2225","DIST.VIT. DA UNIAO","CENTRO","76995000","Catálogo de Escolas - agosto/2024","0","-13.00979575","-61.12582012","110007205000017","-12.99833329249806","-60.9433681684283","localidade","db01","1010","CENTRO, CORUMBIARA - RO",1494,False,"110007205000017","110007205000004","-12.99833329249806","-60.9433681684283","0","19808.50937361","1","19421.90529162",False,False
21017,8,"2025-08-26 09:59:31-03","2025-08-26 09:59:31-03","0101000020E6100000A2D15FE020694EC05BB6B50920062AC0","0101000020E6100000A2D15FE020694EC05BB6B50920062AC0",11036125,2024,"RO",1100072,"Corumbiara","Corumbiara",110007205,"EEEFM COLINA VERDE",2,0,"3º EIXO, KM 20","S/N","DISTRITO RONDOLANDIA","ZONA RURAL","76995000","Catálogo de Escolas - agosto/2024","0","-13.01196318","-60.82131581","110007205000012","-12.995455174982778","-60.96806557027365","localidade","db01","39132","ZONA RURAL, CORUMBIARA - RO",1628,False,"110007205000012","110007205000019","-12.995455174982778","-60.96806557027365","0","16004.99905993","1","13827.84747269",False,False
21179,8,"2025-08-26 09:59:31-03","2025-08-26 09:59:31-03","0101000020E610000059EC40E7FF574EC0884446AC6A162AC0","0101000020E610000059EC40E7FF574EC0884446AC6A162AC0",11035773,2024,"RO",1100064,"Colorado do Oeste","Colorado do Oeste",110006405,"EMEIEF PLANALTO",2,0,"LINHA 2 ESQUINA COM 2ª EIXO ZONA RURAL","0","ZONA RURAL",NULL,"76993000","Catálogo de Escolas - agosto/2024","0","-13.0437826","-60.68749705","110006405000048","-13.13086773399046","-60.544762969997116","municipio","dm01","19877","COLORADO DO OESTE - RO",7298,False,"110006405000048","110006405000003","-13.13086773399046","-60.544762969997116","0","18241.49901653","1","13477.71554419",False,False
21301,8,"2025-08-26 09:59:31-03","2025-08-26 09:59:31-03","0101000020E6100000AE10777172234FC0E675274CD62A2AC0","0101000020E6100000AE10777172234FC0E675274CD62A2AC0",11024372,2024,"RO",1100015,"Alta Floresta D'Oeste","Rolim de Moura do Guaporé",110001530,"EMEIEF ANA NERY",2,0,"ROLIM DE MOURA DO GUAPORE",NULL,"ZONA RURAL",NULL,"76954000","Catálogo de Escolas - agosto/2024","0","-13.08366621","-62.27693003","110001530000001","-12.016301478331423","-62.051049509300505","municipio","dm01","77446","ALTA FLORESTA D'OESTE - RO",9320,False,"110001530000001","110001535000005","-12.016301478331423","-62.051049509300505","0","121191.35536104","1","119573.22778808",False,False
21335,8,"2025-08-26 09:59:31-03","2025-08-26 09:59:31-03","0101000020E6100000F31F148CB1444EC022CE586E48372AC0","0101000020E6100000F31F148CB1444EC022CE586E48372AC0",11035790,2024,"RO",1100064,"Colorado do Oeste","Colorado do Oeste",110006405,"EMEIEF PREFEITO MARCOS DONADON",1,0,"RUA CEARA","5303","SETOR B","SAO JOSE","76993000","Catálogo de Escolas - agosto/2024","0","-13.10797448","-60.53666831","110006405000026","-13.108046531677246","-60.53641128540039","numero","dn03","6","RUA CEARA, 5303 - SAO JOSE, COLORADO DO OESTE - RO, 76993-000",1,False,"110006405000026","110006405000026","-13.108046531677246","-60.53641128540039","0","28.96527663","1","0",True,NULL
21338,8,"2025-08-26 09:59:31-03","2025-08-26 09:59:31-03","0101000020E61000003AAE67840E3C4EC0386BCFB041382AC0","0101000020E61000003AAE67840E3C4EC0386BCFB041382AC0",11035277,2024,"RO",1100064,"Colorado do Oeste","Colorado do Oeste",110006405,"EMEIEF DOM JOAO VI",2,0,"LINHA 1 KM 13 RUMO COLORADO",NULL,"BR 435","ZONA RURAL","76993000","Catálogo de Escolas - agosto/2024","0","-13.10987618","-60.46919303","110006405000037","-13.13086773399046","-60.544762969997116","municipio","dm01","19877","COLORADO DO OESTE - RO",7298,False,"110006405000037","110006405000003","-13.13086773399046","-60.544762969997116","0","8510.01644676","1","2078.47912312",False,False
21359,8,"2025-08-26 09:59:31-03","2025-08-26 09:59:31-03","0101000020E61000001715CCF33B3E4EC0CB1DEC037F3A2AC0","0101000020E61000001715CCF33B3E4EC0CB1DEC037F3A2AC0",11037016,2024,"RO",1100064,"Colorado do Oeste","Colorado do Oeste",110006405,"IFRO - CAMPUS COLORADO DO OESTE",2,0,"BR 435 KM 63","S/Nº.","CAIXA POSTAL 51","ZONA RURAL","76993000","Catálogo de Escolas - agosto/2024","0","-13.1142503","-60.4862046","110006405000037","-13.13086773399046","-60.544762969997116","municipio","dm01","19877","COLORADO DO OESTE - RO",7298,False,"110006405000037","110006405000003","-13.13086773399046","-60.544762969997116","0","6605.09109403","1","2078.47912312",False,False
21366,8,"2025-08-26 09:59:31-03","2025-08-26 09:59:31-03","0101000020E6100000A342AF1EFB464EC09F3C4DE2833B2AC0","0101000020E6100000A342AF1EFB464EC09F3C4DE2833B2AC0",11035544,2024,"RO",1100064,"Colorado do Oeste","Colorado do Oeste",110006405,"EMEIF JULIETA VILELA VELOZO",1,0,"RUA BARTOLOMEU BUENO","4665","PREDIO ESCOLAR","SANTA LUZIA","76993000","Catálogo de Escolas - agosto/2024","0","-13.11624057","-60.55453857","110006405000017","-13.115331447112744","-60.554478249800376","numero_aproximado","da03","6","RUA BARTOLOMEU BUENO, 4665 (aprox) - SANTA LUZIA, COLORADO DO OESTE - RO",2,False,"110006405000017","110006405000017","-13.115331447112744","-60.554478249800376","0","101.30082884","1","0",True,NULL
21370,8,"2025-08-26 09:59:31-03","2025-08-26 09:59:31-03","0101000020E61000007EAC3B7194454EC0DFF53EFACB3B2AC0","0101000020E61000007EAC3B7194454EC0DFF53EFACB3B2AC0",11035269,2024,"RO",1100064,"Colorado do Oeste","Colorado do Oeste",110006405,"INSTITUTO EDUCACIONAL DIMENSAO",1,0,"AVENIDA GUAPORE","4216",NULL,"CENTRO","76993000","Catálogo de Escolas - agosto/2024","0","-13.1167906","-60.5435926","110006405000008","-13.11704305227356","-60.54690611836538","numero_aproximado","da03","6","AVENIDA GUAPORE, 4216 (aprox) - CENTRO, COLORADO DO OESTE - RO",1,False,"110006405000008","110006405000011","-13.11704305227356","-60.54690611836538","0","359.93012704","1","150.17322867",False,True
21373,8,"2025-08-26 09:59:31-03","2025-08-26 09:59:31-03","0101000020E6100000FB99726CDA444EC0C845B588283C2AC0","0101000020E6100000FB99726CDA444EC0C845B588283C2AC0",11037032,2024,"RO",1100064,"Colorado do Oeste","Colorado do Oeste",110006405,"ESCOLA DE ENSINO ESPECIAL MARCOS ARITANA",1,0,"RUA GOIAS","4267","PREDIO","SAO JOSE","76993000","Catálogo de Escolas - agosto/2024","0","-13.11749675","-60.53791576","110006405000022","-13.117504119873047","-60.53779983520508","numero","dn03","6","RUA GOIAS, 4267 - SAO JOSE, COLORADO DO OESTE - RO, 76993-000",1,False,"110006405000022","110006405000022","-13.117504119873047","-60.53779983520508","0","12.58063612","1","0",True,NULL
21375,8,"2025-08-26 09:59:31-03","2025-08-26 09:59:31-03","0101000020E61000003C4CFBE6FE444EC02AF1CA3F443C2AC0","0101000020E61000003C4CFBE6FE444EC02AF1CA3F443C2AC0",11035951,2024,"RO",1100064,"Colorado do Oeste","Colorado do Oeste",110006405,"EEEFM MANUEL BANDEIRA",1,0,"RUA MATO GROSSO","4298",NULL,"SAO JOSE","76993000","Catálogo de Escolas - agosto/2024","0","-13.1177082","-60.539029","110006405000022","-13.1161341288029","-60.539739029576005","numero_aproximado","da03","6","RUA MATO GROSSO, 4298 (aprox) - SAO JOSE, COLORADO DO OESTE - RO",1,False,"110006405000022","110006405000022","-13.1161341288029","-60.539739029576005","0","191.17400383","1","0",True,NULL
21379,8,"2025-08-26 09:59:31-03","2025-08-26 09:59:31-03","0101000020E610000062CFE858EF454EC0FFB640E50C3D2AC0","0101000020E610000062CFE858EF454EC0FFB640E50C3D2AC0",11035102,2024,"RO",1100064,"Colorado do Oeste","Colorado do Oeste",110006405,"CENTRO MUNICIPAL DE EDUCACAO INFANTIL MONTEIRO LOBATO",1,0,"AVENIDA TAPAJOS","3891",NULL,"CENTRO","76993000","Catálogo de Escolas - agosto/2024","0","-13.11923901","-60.5463668","110006405000011","-13.11893664893701","-60.546438979617285","numero_aproximado","da03","6","AVENIDA TAPAJOS, 3891 (aprox) - CENTRO, COLORADO DO OESTE - RO",1,False,"110006405000011","110006405000011","-13.11893664893701","-60.546438979617285","0","34.51773719","1","0",True,NULL
21380,8,"2025-08-26 09:59:31-03","2025-08-26 09:59:31-03","0101000020E61000004C94731802464EC0CC50478D2A3D2AC0","0101000020E61000004C94731802464EC0CC50478D2A3D2AC0",11035099,2024,"RO",1100064,"Colorado do Oeste","Colorado do Oeste",110006405,"CEEJA TANCREDO DE ALMEIDA NEVES",1,0,"RUA TIRADENTES","4210",NULL,"CENTRO","76993000","Catálogo de Escolas - agosto/2024","0","-13.11946527","-60.54693895","110006405000011","-13.119538307189941","-60.547264099121094","numero","dn03","6","RUA TIRADENTES, 4210 - CENTRO, COLORADO DO OESTE - RO, 76993-000",1,False,"110006405000011","110006405000011","-13.119538307189941","-60.547264099121094","0","36.13574254","1","0",True,NULL
21384,8,"2025-08-26 09:59:31-03","2025-08-26 09:59:31-03","0101000020E61000008C26BCA9ED454EC045B9347EE13D2AC0","0101000020E61000008C26BCA9ED454EC045B9347EE13D2AC0",11035960,2024,"RO",1100064,"Colorado do Oeste","Colorado do Oeste",110006405,"EEEFM PAULO DE ASSIS RIBEIRO",1,0,"AVENIDA PAULO DE ASSIS RIBEIRO","3843","PREDIO","CENTRO","76993000","Catálogo de Escolas - agosto/2024","0","-13.120861","-60.5463154","110006405000011","-13.120921067736205","-60.544337115932485","numero_aproximado","da03","6","AVENIDA PAULO DE ASSIS RIBEIRO, 3843 (aprox) - CENTRO, COLORADO DO OESTE - RO",1,False,"110006405000011","110006405000008","-13.120921067736205","-60.544337115932485","0","214.33670862","1","74.64793502",False,True
21399,8,"2025-08-26 09:59:31-03","2025-08-26 09:59:31-03","0101000020E6100000FAEE147A96444EC010564A6CCA412AC0","0101000020E6100000FAEE147A96444EC010564A6CCA412AC0",11035110,2024,"RO",1100064,"Colorado do Oeste","Colorado do Oeste",110006405,"EMEIEF 16 DE JUNHO",1,0,"AVENIDA RIO MADEIRA","4870","PREDIO","CRUZEIRO","76993000","Catálogo de Escolas - agosto/2024","0","-13.12849749","-60.53584219","110006405000028","-13.128644468984875","-60.53913191804923","numero_aproximado","da03","6","AVENIDA RIO MADEIRA, 4870 (aprox) - CRUZEIRO, COLORADO DO OESTE - RO",1,False,"110006405000028","110006405000029","-13.128644468984875","-60.53913191804923","0","356.6152497","1","216.3786033",False,True
21403,8,"2025-08-26 09:59:31-03","2025-08-26 09:59:31-03","0101000020E61000006816D3124C464EC02070B0794D422AC0","0101000020E61000006816D3124C464EC02070B0794D422AC0",11035420,2024,"RO",1100064,"Colorado do Oeste","Colorado do Oeste",110006405,"EMEIEF GOVERNADOR ANGELO ANGELIN",1,0,"RUA CAMBARA","3131","PREDIO","MINAS GERAIS","76993000","Catálogo de Escolas - agosto/2024","0","-13.12949734","-60.54919658","110006405000004","-13.131687755424595","-60.54842186427177","numero_aproximado","da03","6","RUA CAMBARA, 3131 (aprox) - MINAS GERAIS, COLORADO DO OESTE - RO",1,False,"110006405000004","110006405000002","-13.131687755424595","-60.54842186427177","0","257.60640191","1","191.37773788",False,True
21445,8,"2025-08-26 09:59:31-03","2025-08-26 09:59:31-03","0101000020E610000036F84E0E97794EC03EE5DA48C04F2AC0","0101000020E610000036F84E0E97794EC03EE5DA48C04F2AC0",11050934,2024,"RO",1100056,"Cerejeiras","Cerejeiras",110005605,"ESCOLA FAMILIA AGRICOLA MANOEL RIBEIRO",2,0,"LINHA 4 EIXO, LOTE 08, GLEBA 21, ESQUINA COM LINHA 2.","S/N",NULL,"ZONA RURAL","76997000","Catálogo de Escolas - agosto/2024","0","-13.15576389","-60.94992236","110005605000023","-13.19514419856569","-60.81718599062233","municipio","dm01","12478","CEREJEIRAS - RO",4137,False,"110005605000023","110005605000001","-13.19514419856569","-60.81718599062233","0","15023.43066229","1","2380.69289992",False,False
21491,8,"2025-08-26 09:59:31-03","2025-08-26 09:59:31-03","0101000020E6100000AB949EE925694EC03ED57CF0355F2AC0","0101000020E6100000AB949EE925694EC03ED57CF0355F2AC0",11034459,2024,"RO",1100056,"Cerejeiras","Cerejeiras",110005605,"ESCOLA DE ENSINO ESPECIAL MAJOR OSWALDO HARGER",1,0,"RUA ANTONIO CARLOS ZANCAN","1772","ESCOLA","ELDORADO","76997000","Catálogo de Escolas - agosto/2024","0","-13.1859584","-60.8214695","110005605000005","-13.185840606689453","-60.821510314941406","numero","dn04","6","RUA ANTONIO CARLOS ZANCAN, 1772 - CENTRO, CEREJEIRAS - RO",1,False,"110005605000005","110005605000005","-13.185840606689453","-60.821510314941406","0","13.82331546","1","0",True,NULL
21495,8,"2025-08-26 09:59:31-03","2025-08-26 09:59:31-03","0101000020E610000074925275346A4EC05B012AC1875F2AC0","0101000020E610000074925275346A4EC05B012AC1875F2AC0",11034955,2024,"RO",1100056,"Cerejeiras","Cerejeiras",110005605,"EMEIEF REGINA SPERFELD SEBOLD",1,0,"RUA BAHIA","638",NULL,"ELDORADO","76997000","Catálogo de Escolas - agosto/2024","0","-13.1865826","-60.8297259","110005605000013","-13.184530258178711","-60.829795837402344","numero_aproximado","da03","6","RUA BAHIA, 638 (aprox) - ELDORADO, CEREJEIRAS - RO",1,False,"110005605000013","110005605000013","-13.184530258178711","-60.829795837402344","0","228.33588626","1","0",True,NULL
21497,8,"2025-08-26 09:59:31-03","2025-08-26 09:59:31-03","0101000020E61000000A3DAC81F7684EC00A9057D6EC5F2AC0","0101000020E61000000A3DAC81F7684EC00A9057D6EC5F2AC0",11045329,2024,"RO",1100056,"Cerejeiras","Cerejeiras",110005605,"EMEI MORANGUINHO FELIZ",1,0,"RUA ANTONIO CARLOS ZANCAN","1995",NULL,"MARANATA","76997000","Catálogo de Escolas - agosto/2024","0","-13.1873538","-60.8200533","110005605000006","-13.18579726161734","-60.824503970344274","numero_aproximado","da04","6","RUA ANTONIO CARLOS ZANCAN, 1995 (aprox) - CENTRO, CEREJEIRAS - RO",2,False,"110005605000006","110005605000005","-13.18579726161734","-60.824503970344274","0","511.98597887","1","401.4850432",False,True
21499,8,"2025-08-26 09:59:31-03","2025-08-26 09:59:31-03","0101000020E61000004C27C8BE1A6A4EC07CC15DAC5E602AC0","0101000020E61000004C27C8BE1A6A4EC07CC15DAC5E602AC0",11055405,2024,"RO",1100056,"Cerejeiras","Cerejeiras",110005605,"CM MARILENE PEREIRA DE SOUZA",1,0,"AVENIDA ESTADOS","955",NULL,"ELDORADO","76997000","Catálogo de Escolas - agosto/2024","0","-13.1882223","-60.8289412","110005605000013","-13.181913614273071","-60.83421325683594","localidade","db01","417","ELDORADO, CEREJEIRAS - RO",5,False,"110005605000013","110005605000014","-13.181913614273071","-60.83421325683594","0","904.36533942","1","251.4470432",False,True
21500,8,"2025-08-26 09:59:31-03","2025-08-26 09:59:31-03","0101000020E6100000C92FCDBE3C674EC06594C21781602AC0","0101000020E6100000C92FCDBE3C674EC06594C21781602AC0",11034750,2024,"RO",1100056,"Cerejeiras","Cerejeiras",110005605,"EMEIEF IRMA DULCE",1,0,"RUA JOSE DE SOUZA NEIVA","835",NULL,"MARANATA","76997000","Catálogo de Escolas - agosto/2024","0","-13.1884849","-60.8065413","110005605000015","-13.192187576394337","-60.806597571846424","numero_aproximado","da04","6","RUA JOSE DE SOUZA NEIVA, 835 (aprox) - CENTRO, CEREJEIRAS - RO",1,False,"110005605000015","110005605000032","-13.192187576394337","-60.806597571846424","0","411.7644656","1","225.0089178",False,True
21501,8,"2025-08-26 09:59:31-03","2025-08-26 09:59:31-03","0101000020E61000004749FE1653694EC04C261BCD99602AC0","0101000020E61000004749FE1653694EC04C261BCD99602AC0",11035056,2024,"RO",1100056,"Cerejeiras","Cerejeiras",110005605,"EEEF CASTRO ALVES",1,0,"AVENIDA DAS NACOES","1661",NULL,"CENTRO","76997000","Catálogo de Escolas - agosto/2024","0","-13.18867341","-60.8228482","110005605000005","-13.188883563387948","-60.82565386881096","numero_aproximado","da03","6","AVENIDA DAS NACOES, 1661 (aprox) - CENTRO, CEREJEIRAS - RO",1,False,"110005605000005","110005605000013","-13.188883563387948","-60.82565386881096","0","304.64530282","1","40.38575535",False,True
21502,8,"2025-08-26 09:59:31-03","2025-08-26 09:59:31-03","0101000020E6100000EA645F6864674EC07F34F7EBA9602AC0","0101000020E6100000EA645F6864674EC07F34F7EBA9602AC0",11037075,2024,"RO",1100056,"Cerejeiras","Cerejeiras",110005605,"ESCOLA DE EDUCACAO INFANTIL ENSINO FUNDAMENTAL E MEDIO DIMENSAO",1,0,"AVENIDA DAS NACOES","3327",NULL,"MARANATA","76997000","Catálogo de Escolas - agosto/2024","0","-13.1887964","-60.8077517","110005605000015","-13.188883969106172","-60.82680889047882","numero_aproximado","da04","6","AVENIDA DAS NACOES, 3327 (aprox) - CENTRO, CEREJEIRAS - RO",1,False,"110005605000015","110005605000013","-13.188883969106172","-60.82680889047882","0","2063.19495912","1","1381.29519862",False,False
21503,8,"2025-08-26 09:59:31-03","2025-08-26 09:59:31-03","0101000020E6100000D9A89894CC684EC0C0D1E9D4F0602AC0","0101000020E6100000D9A89894CC684EC0C0D1E9D4F0602AC0",11034696,2024,"RO",1100056,"Cerejeiras","Cerejeiras",110005605,"EEEF FLORIANO PEIXOTO",1,0,"RUA RORAIMA","998",NULL,"CENTRO","76997000","Catálogo de Escolas - agosto/2024","0","-13.1893374","-60.8187433","110005605000019","-13.199561768832329","-60.81849424533292","numero_aproximado","da03","6","RUA RORAIMA, 998 (aprox) - CENTRO, CEREJEIRAS - RO",1,False,"110005605000019","110005605000010","-13.199561768832329","-60.81849424533292","0","1137.2191831","1","749.85935261",False,False
21509,8,"2025-08-26 09:59:31-03","2025-08-26 09:59:31-03","0101000020E6100000736D03D259684EC02A3520E7A2622AC0","0101000020E6100000736D03D259684EC02A3520E7A2622AC0",11035072,2024,"RO",1100056,"Cerejeiras","Cerejeiras",110005605,"EMEIEF MUNDO DA CRIANCA TIAGO PANATTO",1,0,"RUA PANAMA","2489","PREDIO ESCOLAR","LIBERDADE","76997000","Catálogo de Escolas - agosto/2024","0","-13.1926491","-60.8152411","110005605000007","-13.192869461928542","-60.82581520027342","numero_aproximado","da04","6","RUA PANAMA, 2489 (aprox) - PRIMAVERA, CEREJEIRAS - RO",1,True,"110005605000007","110005605000004","-13.192804601270739","-60.81907448809535","729.78754698","1145.01844879","1","870.78360218",False,False
21510,8,"2025-08-26 09:59:31-03","2025-08-26 09:59:31-03","0101000020E6100000AB3308BD48684EC0DDEC0F94DB622AC0","0101000020E6100000AB3308BD48684EC0DDEC0F94DB622AC0",11034998,2024,"RO",1100056,"Cerejeiras","Cerejeiras",110005605,"EEEM TANCREDO DE ALMEIDA NEVES",1,0,"RUA PANAMA","2558",NULL,"LIBERDADE","76997000","Catálogo de Escolas - agosto/2024","0","-13.1930815","-60.8147198","110005605000007","-13.192869420129862","-60.825823578110345","numero_aproximado","da04","6","RUA PANAMA, 2558 (aprox) - PRIMAVERA, CEREJEIRAS - RO",1,True,"110005605000007","110005605000004","-13.192800887314437","-60.81901728925189","736.8906737","1202.32959506","1","871.69171526",False,False
21511,8,"2025-08-26 09:59:31-03","2025-08-26 09:59:31-03","0101000020E6100000A32F73709F684EC08E7F55E4C6632AC0","0101000020E6100000A32F73709F684EC08E7F55E4C6632AC0",11034467,2024,"RO",1100056,"Cerejeiras","Cerejeiras",110005605,"CEEJA CARLOS DRUMOND DE ANDRADE",1,0,"RUA ARACAJU","1458",NULL,"LIBERDADE","76997000","Catálogo de Escolas - agosto/2024","0","-13.1948768","-60.8173657","110005605000001","-13.199826681312649","-60.81702255613428","numero_aproximado","da04","6","RUA ARACAJU, 1458 (aprox) - CENTRO, CEREJEIRAS - RO",1,False,"110005605000001","110005605000010","-13.199826681312649","-60.81702255613428","0","551.65464018","1","278.15232856",False,True
21515,8,"2025-08-26 09:59:31-03","2025-08-26 09:59:31-03","0101000020E610000012A0A696AD694EC0EBC891CEC0642AC0","0101000020E610000012A0A696AD694EC0EBC891CEC0642AC0",11049286,2024,"RO",1100056,"Cerejeiras","Cerejeiras",110005605,"EMEI ISABEL OLIVEIRA DE ALMEIDA",1,0,"RUA MINAS GERAIS","1776",NULL,"FLORESTA","76997000","Catálogo de Escolas - agosto/2024","0","-13.1967835","-60.82561","110005605000011","-13.192057564275204","-60.825249800810305","numero_aproximado","da04","6","RUA MINAS GERAIS, 1776 (aprox) - PRIMAVERA, CEREJEIRAS - RO",1,True,"110005605000011","110005605000004","-13.18932463964881","-60.825262941776","303.89110183","526.94563638","1","503.59066141",False,False
21524,8,"2025-08-26 09:59:31-03","2025-08-26 09:59:31-03","0101000020E6100000C6B0790BDA674EC088354BB846662AC0","0101000020E6100000C6B0790BDA674EC088354BB846662AC0",11034777,2024,"RO",1100056,"Cerejeiras","Cerejeiras",110005605,"EEEF GOV JERONIMO GARCIA DE SANTANA",1,0,"RUA ROBSON FERREIRA TREVISAN","2936","ESCOLA","JOSE DE ANCHIETA","76997000","Catálogo de Escolas - agosto/2024","0","-13.1997583","-60.8113417","110005605000009","-13.19514419856569","-60.81718599062233","municipio","dm01","12478","CEREJEIRAS - RO",4137,False,"110005605000009","110005605000001","-13.19514419856569","-60.81718599062233","0","814.5775402","1","97.21287199",False,True
21526,8,"2025-08-26 09:59:31-03","2025-08-26 09:59:31-03","0101000020E61000005858703FE0684EC0E62FE35C79672AC0","0101000020E61000005858703FE0684EC0E62FE35C79672AC0",11042346,2024,"RO",1100056,"Cerejeiras","Cerejeiras",110005605,"EMEIEF PROFª MARIA HELENA BARREIROS",1,0,"RUA RIO DE JANEIRO","2440",NULL,"JARDIM SAO PAULO","76997000","Catálogo de Escolas - agosto/2024","0","-13.2020978","-60.8193435","110005605000010","-13.19514419856569","-60.81718599062233","municipio","dm01","12478","CEREJEIRAS - RO",4137,False,"110005605000010","110005605000001","-13.19514419856569","-60.81718599062233","0","807.71379215","1","239.95292388",False,True
21541,8,"2025-08-26 09:59:31-03","2025-08-26 09:59:31-03","0101000020E610000063C5BA021B284EC0C276E6D4846B2AC0","0101000020E610000063C5BA021B284EC0C276E6D4846B2AC0",11049324,2024,"RO",1100304,"Vilhena","Vilhena",110030405,"EIEEFM MAMAINDE CABIXI",2,2,"TERRA INDIGENA VALE DO GUAPORE - ALDEIA MAMAINDE CABIXI","SN","ALDEIA INDIGENA","ZONA RURAL","76988899","Catálogo de Escolas - agosto/2024","0","-13.2099978","-60.3133243","510330420000025","-12.730690779152827","-60.13203502571926","municipio","dm01","6002","VILHENA - RO",20439,False,"510330420000025","110030405000086","-12.730690779152827","-60.13203502571926","0","56801.54987085","1","55202.78495153",False,False
21571,8,"2025-08-26 09:59:31-03","2025-08-26 09:59:31-03","0101000020E61000008EBCDEC3C6454EC04D98F6EE0B752AC0","0101000020E61000008EBCDEC3C6454EC04D98F6EE0B752AC0",11035188,2024,"RO",1100064,"Colorado do Oeste","Colorado do Oeste",110006405,"EMEIEF PROFESSORA CLAIR DA SILVA WEYH",2,0,"LINHA 4 ESQUINA COM 1ª EIXO",NULL,"SEMED","ZONA RURAL","76993000","Catálogo de Escolas - agosto/2024","0","-13.22860667","-60.54512833","110006405000043","-13.13086773399046","-60.544762969997116","municipio","dm01","19877","COLORADO DO OESTE - RO",7298,False,"110006405000043","110006405000003","-13.13086773399046","-60.544762969997116","0","10868.16076788","1","877.13696549",False,False
21836,8,"2025-08-26 09:59:31-03","2025-08-26 09:59:31-03","0101000020E6100000CEF36DE2E0594EC07745B6140C982AC0","0101000020E6100000CEF36DE2E0594EC07745B6140C982AC0",11035404,2024,"RO",1100064,"Colorado do Oeste","Colorado do Oeste",110006405,"EMEIEF GETULIO VARGAS",2,0,"LINHA 6 ESQUINA COM 2 EIXO","S/N","NOVO COLORADO","ZONA RURAL","76993000","Catálogo de Escolas - agosto/2024","0","-13.29696717","-60.70217543","110006405000046","-13.13086773399046","-60.544762969997116","municipio","dm01","19877","COLORADO DO OESTE - RO",7298,False,"110006405000046","110006405000003","-13.13086773399046","-60.544762969997116","0","25129.33649756","1","15874.57726509",False,False
22016,8,"2025-08-26 09:59:31-03","2025-08-26 09:59:31-03","0101000020E61000001047B2A261354EC07328E89BD9BF2AC0","0101000020E61000001047B2A261354EC07328E89BD9BF2AC0",11034041,2024,"RO",1100031,"Cabixi","Cabixi",110003105,"EMEIEF CECILIA MEIRELES - 11034270",1,0,"LINHA 8 RUMO COLORADO","S/Nº","PREDIO CEDIDO","RURAL","76994000","Catálogo de Escolas - agosto/2024","0","-13.3747071","-60.4170421","110003105000008","-13.4580786936239","-60.54612172172271","municipio","dm01","21661","CABIXI - RO",1081,False,"110003105000008","110003105000005","-13.4580786936239","-60.54612172172271","0","16758.90022013","1","16379.83142647",False,False
22017,8,"2025-08-26 09:59:31-03","2025-08-26 09:59:31-03","0101000020E6100000BFD364C65B354EC040E88F1FE0BF2AC0","0101000020E6100000BFD364C65B354EC040E88F1FE0BF2AC0",11034270,2024,"RO",1100031,"Cabixi","Cabixi",110003105,"EEEFM PLANALTO",2,0,"LINHA 8 KM 14 , ESQUINA COM ZERO EIXO","SN","PLANALTO SAO LUIZ","ZONA RURAL","76994000","Catálogo de Escolas - agosto/2024","0","-13.3747568","-60.41686325","110003105000008","-13.4580786936239","-60.54612172172271","municipio","dm01","21661","CABIXI - RO",1081,False,"110003105000008","110003105000005","-13.4580786936239","-60.54612172172271","0","16771.96426932","1","16379.83142647",False,False
22145,8,"2025-08-26 09:59:31-03","2025-08-26 09:59:31-03","0101000020E6100000E865B911BB584EC0573728AB33D02AC0","0101000020E6100000E865B911BB584EC0573728AB33D02AC0",11034173,2024,"RO",1100031,"Cabixi","Cabixi",110003105,"EMEIEF MARCO IRIS - 11034050",1,0,"LINHA 9 KM 16 2ª EIXO RUMO ESCONDIDO","S/Nº","PREDIO CEDIDO","ZONA RURAL","76994000","Catálogo de Escolas - agosto/2024","0","-13.4066442","-60.6932089","110003105000023","-13.4580786936239","-60.54612172172271","municipio","dm01","21661","CABIXI - RO",1081,False,"110003105000023","110003105000005","-13.4580786936239","-60.54612172172271","0","16904.83177589","1","16655.76165875",False,False
22147,8,"2025-08-26 09:59:31-03","2025-08-26 09:59:31-03","0101000020E6100000AD4BAEDEB8584EC048CE991F45D02AC0","0101000020E6100000AD4BAEDEB8584EC048CE991F45D02AC0",11034050,2024,"RO",1100031,"Cabixi","Cabixi",110003105,"EEEF CHICO MENDES",2,0,"LINHA 09 KM 16 RUMO ESCONDIDO","S/N","ESTRELA DO OESTE","ZONA RURAL","76994000","Catálogo de Escolas - agosto/2024","0","-13.40677737","-60.69314178","110003105000023","-13.4580786936239","-60.54612172172271","municipio","dm01","21661","CABIXI - RO",1081,False,"110003105000023","110003105000005","-13.4580786936239","-60.54612172172271","0","16892.9905386","1","16655.76165875",False,False
22376,8,"2025-08-26 09:59:31-03","2025-08-26 09:59:31-03","0101000020E6100000BAD0A634AC854EC0D1306B18F4F42AC0","0101000020E6100000BAD0A634AC854EC0D1306B18F4F42AC0",11041781,2024,"RO",1101468,"Pimenteiras do Oeste","Pimenteiras do Oeste",110146805,"EMEF PAULO FREIRE",1,0,"RUA ANTONIO RODRIGUES DE SOUZA","1371","ESCOLA","CENTRO","76999000","Catálogo de Escolas - agosto/2024","0","-13.4784248","-61.0443178","110146805000001","-13.479855623460354","-61.04300830238744","localidade","db01","500","CENTRO, PIMENTEIRAS DO OESTE - RO",140,False,"110146805000001","110146805000001","-13.479855623460354","-61.04300830238744","0","212.98641418","1","0",True,NULL
22378,8,"2025-08-26 09:59:31-03","2025-08-26 09:59:31-03","0101000020E6100000D47A64181C864EC0D36C794034F62AC0","0101000020E6100000D47A64181C864EC0D36C794034F62AC0",11035080,2024,"RO",1101468,"Pimenteiras do Oeste","Pimenteiras do Oeste",110146805,"EEEFM INACIO DE CASTRO",1,0,"RUA ANTONIO RODRIGUES DE SOUZA","951",NULL,"CENTRO","76999000","Catálogo de Escolas - agosto/2024","0","-13.4808674","-61.0477324","110146805000002","-13.479855623460354","-61.04300830238744","localidade","db01","500","CENTRO, PIMENTEIRAS DO OESTE - RO",140,False,"110146805000002","110146805000001","-13.479855623460354","-61.04300830238744","0","523.06680052","1","441.78234202",False,True
22381,8,"2025-08-26 09:59:31-03","2025-08-26 09:59:31-03","0101000020E61000006B50EA8145864EC03343F4B578F62AC0","0101000020E61000006B50EA8145864EC03343F4B578F62AC0",11042370,2024,"RO",1101468,"Pimenteiras do Oeste","Pimenteiras do Oeste",110146805,"EMEI MUNDO MAGICO",1,0,"RUA ANOTONIO RODRIGUES DE SOUZA","S/N","ESCOLA","CENTRO","76999000","Catálogo de Escolas - agosto/2024","0","-13.4813897","-61.0489962","110146805000002","-13.479855623460354","-61.04300830238744","localidade","db01","500","CENTRO, PIMENTEIRAS DO OESTE - RO",140,False,"110146805000002","110146805000001","-13.479855623460354","-61.04300830238744","0","669.57383859","1","441.78234202",False,True
22389,8,"2025-08-26 09:59:31-03","2025-08-26 09:59:31-03","0101000020E610000063C21EC99B454EC0F89EDB95A7F92AC0","0101000020E610000063C21EC99B454EC0F89EDB95A7F92AC0",11034033,2024,"RO",1100031,"Cabixi","Cabixi",110003105,"EMEI CEBOLINHA",1,0,"AVENIDA TAPAJOS","4800","PREDIO","CENTRO","76994000","Catálogo de Escolas - agosto/2024","0","-13.4876067","-60.5438167","110003105000004","-13.499442562507086","-60.543702473615184","numero_aproximado","da03","6","AVENIDA TAPAJOS, 4800 (aprox) - CENTRO, CABIXI - RO",1,False,"110003105000004","110003105000021","-13.499442562507086","-60.543702473615184","0","1316.14762682","1","726.63744666",False,False
22390,8,"2025-08-26 09:59:31-03","2025-08-26 09:59:31-03","0101000020E6100000EF2B20FEAB454EC0884446AC6AFA2AC0","0101000020E6100000EF2B20FEAB454EC0884446AC6AFA2AC0",11039841,2024,"RO",1100031,"Cabixi","Cabixi",110003105,"EMEIEF CHICO SOLDADO",1,0,"AVENIDA TAPAJOS","4635","PREDIO PROPRIO","CENTRO","76994000","Catálogo de Escolas - agosto/2024","0","-13.4890951","-60.5443113","110003105000003","-13.4993952912987","-60.54370322739138","numero_aproximado","da03","6","AVENIDA TAPAJOS, 4635 (aprox) - CENTRO, CABIXI - RO",1,False,"110003105000003","110003105000021","-13.4993952912987","-60.54370322739138","0","1147.216185","1","707.74877962",False,False
22397,8,"2025-08-26 09:59:31-03","2025-08-26 09:59:31-03","0101000020E61000005490FA46CF454EC0FF959526A5FC2AC0","0101000020E61000005490FA46CF454EC0FF959526A5FC2AC0",11034440,2024,"RO",1100031,"Cabixi","Cabixi",110003105,"EEEFM JOSE DE ANCHIETA",1,0,"AVENIDA GUARANI","4125",NULL,"CENTRO","76994000","Catálogo de Escolas - agosto/2024","0","-13.4934475","-60.5453881","110003105000002","-13.49906199605222","-60.545044051794285","numero_aproximado","da03","6","AVENIDA GUARANI, 4125 (aprox) - CENTRO, CABIXI - RO",1,False,"110003105000002","110003105000021","-13.49906199605222","-60.545044051794285","0","625.4116611","1","277.01359329",False,True
22398,8,"2025-08-26 09:59:31-03","2025-08-26 09:59:31-03","0101000020E6100000E943BC1A45454EC021B64F221DFD2AC0","0101000020E6100000E943BC1A45454EC021B64F221DFD2AC0",11050098,2024,"RO",1100031,"Cabixi","Cabixi",110003105,"ESCOLA DE ENSINO ESPECIAL PROFESSORA LUCELAINE DA SILVEIRA - APAE",1,0,"AVENIDA TUPINIQUINS","4040",NULL,"CENTRO","76994000","Catálogo de Escolas - agosto/2024","0","-13.4943629","-60.5411714","110003105000002","-13.499928015249747","-60.5433574645117","localidade","db01","608","CENTRO, CABIXI - RO",512,False,"110003105000002","110003105000021","-13.499928015249747","-60.5433574645117","0","662.41906366","1","378.05150389",False,True
22404,8,"2025-08-26 09:59:31-03","2025-08-26 09:59:31-03","0101000020E6100000068D4FB7A2454EC038054367E3FE2AC0","0101000020E6100000068D4FB7A2454EC038054367E3FE2AC0",11033924,2024,"RO",1100031,"Cabixi","Cabixi",110003105,"CEEJA 6 DE JULHO",1,0,"AV. TAPAJOS","3659","ESCOLA","CENTRO","76994000","Catálogo de Escolas - agosto/2024","0","-13.4978287","-60.5440282","110003105000021","-13.5017728805542","-60.54243087768555","numero","dn03","6","AVENIDA TAPAJOS, 3659 - CENTRO, CABIXI - RO, 76994-000",1,False,"110003105000021","110003105000020","-13.5017728805542","-60.54243087768555","0","471.35380207","1","141.35896157",False,True
167199,8,"2025-08-26 09:59:31-03","2025-08-26 09:59:31-03","0101000020E6100000D1AFAD9FFEAB4FC0D21A834E08FD1FC0","0101000020E6100000D1AFAD9FFEAB4FC0D21A834E08FD1FC0",11040505,2024,"RO",1100205,"Porto Velho","Porto Velho",110020505,"EMEF NOSSA SENHORA APARECIDA",2,0,"BR 319 KM 46 SENTIDO HUMAITA","S/N","ZONA RURAL","ZONA RURAL","76834899","GEO LIDAS 2015","1","-7.997102","-63.343708","110020530000002","-8.836229025804817","-63.90871198866833","municipio","dm01","181697","PORTO VELHO - RO",134348,False,"110020530000002","110020505000188","-8.836229025804817","-63.90871198866833","0","112109.6987402","1","88499.20363638",False,False
167727,8,"2025-08-26 09:59:31-03","2025-08-26 09:59:31-03","0101000020E6100000989B77B5BF6F4FC01852BDB6300C20C0","0101000020E6100000989B77B5BF6F4FC01852BDB6300C20C0",11003413,2024,"RO",1100205,"Porto Velho","Calama",110020515,"EEEFM GENERAL OSORIO",1,0,"RUA SAO JOSE","3212","BAIXO MADEIRA","SAO JOSE DISTRITO DE CALAMA","76837000","Catálogo de Escolas - agosto/2024","0","-8.023809157000002","-62.87303799","110020515000001","-8.770894662473298","-63.83108429329953","numero_aproximado","da04","6","RUA SAO JOSE, 3212 (aprox) - SAO FRANCISCO, PORTO VELHO - RO",2,True,"110020515000001","110020505100004","-8.770894662473298","-63.83108429329953","0","134191.80140284","1","133042.93955731",False,False
167888,8,"2025-08-26 09:59:31-03","2025-08-26 09:59:31-03","0101000020E6100000EF275B0B50704FC0C5A511D0D01120C0","0101000020E6100000EF275B0B50704FC0C5A511D0D01120C0",11003383,2024,"RO",1100205,"Porto Velho","Calama",110020515,"EMEIEF DRA ANA ADELAIDE GRANGEIRO",2,0,"RUA DO AEROPORTO","135","BAIXO RIO MADEIRA","SAO FRANCISCO","76837000","Catálogo de Escolas - agosto/2024","0","-8.03479624","-62.87744276","110020515000002","-8.774671370131118","-63.82791378490918","localidade","db01","725","SAO FRANCISCO, PORTO VELHO - RO",1753,False,"110020515000002","110020505100009","-8.774671370131118","-63.82791378490918","0","133039.5386894","1","132372.79751856",False,False
169402,8,"2025-08-26 09:59:31-03","2025-08-26 09:59:31-03","0101000020E610000016A7B5C425A94FC08FADB195E14D20C0","0101000020E610000016A7B5C425A94FC08FADB195E14D20C0",11048670,2024,"RO",1100205,"Porto Velho","Nazaré",110020530,"EEEFM PROFESSOR FRANCISCO DESMOREST PASSOS",1,0,"RUA PAULISTA","55","BAIXO MADEIRA","DISTRITO DE NAZARE - PORTO","76836970","Catálogo de Escolas - agosto/2024","0","-8.152111700000004","-63.3214651","110020530000001","-8.7903180235567","-63.86878354282401","numero_aproximado","da04","6","RUA PAULISTA, 55 (aprox) - CASTANHEIRA, PORTO VELHO - RO",1,False,"110020530000001","110020505080047","-8.7903180235567","-63.86878354282401","0","93056.45234927","1","91583.91802201",False,False
169458,8,"2025-08-26 09:59:31-03","2025-08-26 09:59:31-03","0101000020E610000040ED221226A94FC0ECD2B4FBBD5020C0","0101000020E610000040ED221226A94FC0ECD2B4FBBD5020C0",11003391,2024,"RO",1100205,"Porto Velho","Nazaré",110020530,"EMEF MANOEL MACIEL NUNES",2,0,"RUA PRINCIPAL",NULL,"BAIXO MADEIRA",NULL,"76837000","Catálogo de Escolas - agosto/2024","0","-8.157699457","-63.32147433","110020530000001","-8.807285114617011","-63.895596043559344","logradouro","dl04","477","RUA PRINCIPAL - NOVO HORIZONTE, PORTO VELHO - RO",799,False,"110020530000001","110020505080133","-8.807285114617011","-63.895596043559344","0","95937.68319215","1","94943.93196011",False,False
169691,8,"2025-08-26 09:59:31-03","2025-08-26 09:59:31-03","0101000020E6100000062CB98AC5634FC0972D9276A35720C0","0101000020E6100000062CB98AC5634FC0972D9276A35720C0",11003464,2024,"RO",1100205,"Porto Velho","Demarcação",110020516,"EMEF JOAO DE BARROS GOUVEIA",2,0,"RUA PRINCIPAL",NULL,"RIO MACHADO",NULL,"76837000","GEO LIDAS 2015","1","-8.171169000000004","-62.779466","110020516000001","-8.807285114617011","-63.895596043559344","logradouro","dl04","477","RUA PRINCIPAL - NOVO HORIZONTE, PORTO VELHO - RO",799,False,"110020516000001","110020505080133","-8.807285114617011","-63.895596043559344","0","141669.14892561","1","141074.22763763",False,False
169848,8,"2025-08-26 09:59:31-03","2025-08-26 09:59:31-03","0101000020E61000003543AA285E634FC097016729596620C0","0101000020E61000003543AA285E634FC097016729596620C0",11003561,2024,"RO",1100205,"Porto Velho","Calama",110020515,"EMEF PE FRANCISCO JOSE PUCCI",2,0,"SAO JOSE DA PRAIA",NULL,"BAIXO MADEIRA",NULL,"76837000","GEO LIDAS 2015","1","-8.199899","-62.776311","110020516000002","-8.836229025804817","-63.90871198866833","municipio","dm01","181697","PORTO VELHO - RO",134348,False,"110020516000002","110020505000188","-8.836229025804817","-63.90871198866833","0","143225.95395167","1","139152.77597668",False,False
170039,8,"2025-08-26 09:59:31-03","2025-08-26 09:59:31-03","0101000020E6100000B4317E3394A04FC0DEADE042147820C0","0101000020E6100000B4317E3394A04FC0DEADE042147820C0",11003367,2024,"RO",1100205,"Porto Velho","Calama",110020515,"EMEF CASTRO ALVES",2,0,"SANTA CATARINA",NULL,"BAIXO MADEIRA",NULL,"76837000","Catálogo de Escolas - agosto/2024","0","-8.234529581","-63.25452274","110020515000013","-8.836229025804817","-63.90871198866833","municipio","dm01","181697","PORTO VELHO - RO",134348,False,"110020515000013","110020505000188","-8.836229025804817","-63.90871198866833","0","98240.97461382","1","97734.64944462",False,False
171275,8,"2025-08-26 09:59:31-03","2025-08-26 09:59:31-03","0101000020E61000008CC016C3EEBF4FC0EF6B7DC109E020C0","0101000020E61000008CC016C3EEBF4FC0EF6B7DC109E020C0",11001186,2024,"RO",1100205,"Porto Velho","São Carlos",110020540,"EMEF HENRIQUE DIAS",1,8,"RUA PADRE CHIQUINHO","196","BAIXO MADEIRA","CENTRO","76835000","Catálogo de Escolas - agosto/2024","0","-8.437574431","-63.49947394","110020540000001","-8.745661548386725","-63.89996472005442","numero_aproximado","da04","6","RUA PADRE CHIQUINHO, 196 (aprox) - SAO JOAO BOSCO, PORTO VELHO - RO",1,True,"110020540000001","110020505060036","-8.745661548386725","-63.89996472005442","0","55789.63536596","1","54574.33257682",False,False
171281,8,"2025-08-26 09:59:31-03","2025-08-26 09:59:31-03","0101000020E610000081996BA803C04FC05F681B7077E020C0","0101000020E610000081996BA803C04FC05F681B7077E020C0",11050578,2024,"RO",1100205,"Porto Velho","São Carlos",110020540,"EEEM PROFESSORA JURACY LIMA TAVARES",1,8,"RUA PE CHIQUINHO","SN","ZONA RURAL","CENTRO","76835000","Catálogo de Escolas - agosto/2024","0","-8.438411239000002","-63.50011163","110020540000001","-9.021088110364001","-64.36541593000756","localidade","db01","167331","CENTRO, PORTO VELHO - RO",2712,False,"110020540000001","110020520000007","-9.021088110364001","-64.36541593000756","0","115075.30576793","1","113935.6563244",False,False
171733,8,"2025-08-26 09:59:31-03","2025-08-26 09:59:31-03","0101000020E6100000E57E87A240ED4FC02681069B3A1F21C0","0101000020E6100000E57E87A240ED4FC02681069B3A1F21C0",11001011,2024,"RO",1100205,"Porto Velho","Porto Velho",110020505,"EMEIEF ERMELINDO MONTEIRO BRASIL",2,0,"AREA RURAL",NULL,NULL,"AREA RURAL DE PORTO VELHO","76834899","GEO LIDAS 2015","1","-8.560994000000004","-63.853535","110020505000063","-8.836229025804817","-63.90871198866833","municipio","dm01","181697","PORTO VELHO - RO",134348,False,"110020505000063","110020505000188","-8.836229025804817","-63.90871198866833","0","31199.91626999","1","25627.54668092",False,False
171815,8,"2025-08-26 09:59:31-03","2025-08-26 09:59:31-03","0101000020E6100000601FBEC85BDD4FC07A8182207A2B21C0","0101000020E6100000601FBEC85BDD4FC07A8182207A2B21C0",11113804,2024,"RO",1100205,"Porto Velho","Porto Velho",110020505,"EEEFM RAIMUNDO NONATO VIEIRA DA SILVA",2,0,"AREA RURAL","S/N","CUJUBIM GRANDE","AREA RURAL DE PORTO VELHO","76834899","Catálogo de Escolas - agosto/2024","0","-8.58491613","-63.72936353","110020505000092","-8.836229025804817","-63.90871198866833","municipio","dm01","181697","PORTO VELHO - RO",134348,False,"110020505000092","110020505000188","-8.836229025804817","-63.90871198866833","0","34197.91270899","1","33108.71377658",False,False
171819,8,"2025-08-26 09:59:31-03","2025-08-26 09:59:31-03","0101000020E61000003F77040A76DD4FC01A7D5707042C21C0","0101000020E61000003F77040A76DD4FC01A7D5707042C21C0",11000864,2024,"RO",1100205,"Porto Velho","Porto Velho",110020505,"EMEF DEIGMAR MORAES DE SOUZA",2,0,"AREA RURAL",NULL,"CUJUBIM GRANDE","AREA RURAL DE PORTO VELHO","76834899","Catálogo de Escolas - agosto/2024","0","-8.585968236379404","-63.7301647683912","110020505000092","-8.836229025804817","-63.90871198866833","municipio","dm01","181697","PORTO VELHO - RO",134348,False,"110020505000092","110020505000188","-8.836229025804817","-63.90871198866833","0","34051.53606494","1","33108.71377658",False,False
171932,8,"2025-08-26 09:59:31-03","2025-08-26 09:59:31-03","0101000020E610000076210CF269C54FC0968565225B3821C0","0101000020E610000076210CF269C54FC0968565225B3821C0",11002042,2024,"RO",1100205,"Porto Velho","São Carlos",110020540,"EMEIF PROF MARIA ANGELICA QUEIROZ DE OLIVEIRA",2,0,"AREA RURAL",NULL,"AGROVILA NOVA ALIANC","AREA RURAL DE PORTO VELHO","76834899","Catálogo de Escolas - agosto/2024","0","-8.6100703","-63.5422957","110020505000096","-8.836229025804817","-63.90871198866833","municipio","dm01","181697","PORTO VELHO - RO",134348,False,"110020505000096","110020505000188","-8.836229025804817","-63.90871198866833","0","47479.17447238","1","47129.43415704",False,False
172088,8,"2025-08-26 09:59:31-03","2025-08-26 09:59:31-03","0101000020E6100000EAAAE57393CE4FC0BF99E2BBDE4721C0","0101000020E6100000EAAAE57393CE4FC0BF99E2BBDE4721C0",11045809,2024,"RO",1100205,"Porto Velho","Porto Velho",110020505,"EMEF FRANCISCO JOSE CHIQUILITO COIMBRA ERSE",2,1,"ESTRADA 28 DE NOVEMBRO, KM 42","S/Nº","ALIANCA","ZONA RURAL","76820722","Catálogo de Escolas - agosto/2024","0","-8.640371200000002","-63.6138749","110020505000047","-8.836229025804817","-63.90871198866833","municipio","dm01","181697","PORTO VELHO - RO",134348,False,"110020505000047","110020505000188","-8.836229025804817","-63.90871198866833","0","39042.42313182","1","26161.58927201",False,False
172134,8,"2025-08-26 09:59:31-03","2025-08-26 09:59:31-03","0101000020E610000006DC6FC4C5B44FC0C232D349F85021C0","0101000020E610000006DC6FC4C5B44FC0C232D349F85021C0",11045043,2024,"RO",1100809,"Candeias do Jamari","Candeias do Jamari",110080905,"EMEIF MARIO COVAS",2,1,"RUA CEREJEIRAS","S/N",NULL,"DISTRITO NOVA SAMUEL","76860000","Catálogo de Escolas - agosto/2024","0","-8.65814429","-63.41228538","110080905000012","-8.659562061994503","-63.413037080031174","logradouro","dl04","702","RUA CEREJEIRAS - NOVA SAMUEL, CANDEIAS DO JAMARI - RO",83,False,"110080905000012","110080905000012","-8.659562061994503","-63.413037080031174","0","177.99283401","1","0",True,NULL
172364,8,"2025-08-26 09:59:31-03","2025-08-26 09:59:31-03","0101000020E61000005EBA490C02294FC0BE2D58AA0B6821C0","0101000020E61000005EBA490C02294FC0BE2D58AA0B6821C0",11003529,2024,"RO",1100205,"Porto Velho","Demarcação",110020516,"EMEF MONTE HOREB",2,0,"MONTE SINAI",NULL,"RIO MACHADO",NULL,"76837000","GEO LIDAS 2015","1","-8.703214","-62.320375","110020516000003","-8.836229025804817","-63.90871198866833","municipio","dm01","181697","PORTO VELHO - RO",134348,False,"110020516000003","110020505000188","-8.836229025804817","-63.90871198866833","0","175175.81786334","1","144275.06699679",False,False
172378,8,"2025-08-26 09:59:31-03","2025-08-26 09:59:31-03","0101000020E61000003C6C223317EC4FC023C66B5ED56921C0","0101000020E61000003C6C223317EC4FC023C66B5ED56921C0",11038012,2024,"RO",1100205,"Porto Velho","Porto Velho",110020505,"EEEFM MADEIRA MAMORE",2,0,"RUA JOSE CAMACHO","1375",NULL,"SAO JOAO BOSCO","76803708","GEO LIDAS 2015","1","-8.706706000000002","-63.844458","110020505000213","-8.751167297363281","-63.90321731567383","numero","dn03","6","RUA JOSE CAMACHO, 1375 - SAO JOAO BOSCO, PORTO VELHO - RO, 76803-708",2,False,"110020505000213","110020505060103","-8.751167297363281","-63.90321731567383","0","8133.17743434","1","8071.62129746",False,False
172384,8,"2025-08-26 09:59:31-03","2025-08-26 09:59:31-03","0101000020E610000061DD787764FE4FC0807F4A95286B21C0","0101000020E610000061DD787764FE4FC0807F4A95286B21C0",11037580,2024,"RO",1100205,"Porto Velho","Porto Velho",110020505,"EMEF JOSE RODRIGUES",2,0,"ESTRADA DO JATUARANA KM 25 BR 319",NULL,"VILA FRANCISCANA","AREA RURAL DE PORTO VELHO","76834899","GEO LIDAS 2015","1","-8.709294","-63.987441","110020505000211","-8.836229025804817","-63.90871198866833","municipio","dm01","181697","PORTO VELHO - RO",134348,False,"110020505000211","110020505000188","-8.836229025804817","-63.90871198866833","0","16555.21731031","1","5320.5072385",False,False
172385,8,"2025-08-26 09:59:31-03","2025-08-26 09:59:31-03","0101000020E6100000861BF0F961FE4FC02C89EC832C6B21C0","0101000020E6100000861BF0F961FE4FC02C89EC832C6B21C0",11045825,2024,"RO",1100205,"Porto Velho","Porto Velho",110020505,"EMEF JOSE DE FREITAS",2,1,"AREA RURAL",NULL,"PROJETO ASSENTAMENTO","AREA RURAL DE PORTO VELHO","76834899","GEO LIDAS 2015","1","-8.709324000000002","-63.987365","110020505000211","-8.836229025804817","-63.90871198866833","municipio","dm01","181697","PORTO VELHO - RO",134348,False,"110020505000211","110020505000188","-8.836229025804817","-63.90871198866833","0","16548.00915489","1","5320.5072385",False,False
172437,8,"2025-08-26 09:59:31-03","2025-08-26 09:59:31-03","0101000020E61000003CF71E2E39F04FC079C0CDC6707221C0","0101000020E61000003CF71E2E39F04FC079C0CDC6707221C0",11002093,2024,"RO",1100205,"Porto Velho","Porto Velho",110020505,"EMEIEF RIO MADEIRA",1,0,"ALAMEDA ROQUETE PINTO","4483","ALPHAVILLE 1","NOVA ESPERANCA","76822180","Catálogo de Escolas - agosto/2024","0","-8.723516667","-63.876745","110020505000036","-8.723908126643233","-63.876814651722434","numero_aproximado","da03","122","ALAMEDA ROQUETE PINTO, 4483 (aprox) - NOVA ESPERANCA, PORTO VELHO - RO",1,False,"110020505000036","110020505000036","-8.723908126643233","-63.876814651722434","0","44.19643058","1","0",True,NULL
172461,8,"2025-08-26 09:59:31-03","2025-08-26 09:59:31-03","0101000020E6100000721F14EF5BF44FC0BE970C11817421C0","0101000020E6100000721F14EF5BF44FC0BE970C11817421C0",11000937,2024,"RO",1100205,"Porto Velho","Porto Velho",110020505,"EEEFM DR OSWALDO PIANNA",1,0,"RUA MONTES CLAROS","6614",NULL,"NACIONAL","76801894","Catálogo de Escolas - agosto/2024","0","-8.7275472","-63.9090556","110020505060073","-8.730153041710208","-63.91121130453405","localidade","db01","1099","NACIONAL, PORTO VELHO - RO",2576,False,"110020505060073","110020505060078","-8.730153041710208","-63.91121130453405","0","374.29076783","1","131.06363688",False,True
172477,8,"2025-08-26 09:59:31-03","2025-08-26 09:59:31-03","0101000020E6100000000054A894F44FC00200305D9F7621C0","0101000020E6100000000054A894F44FC00200305D9F7621C0",11001658,2024,"RO",1100205,"Porto Velho","Porto Velho",110020505,"EMEIEF NACIONAL",1,0,"RUA VANDERLEI DANTAS","3298",NULL,"NACIONAL","76802386","Catálogo de Escolas - agosto/2024","0","-8.73168460093439","-63.91078666783869","110020505060078","-8.730153041710208","-63.91121130453405","localidade","db01","1099","NACIONAL, PORTO VELHO - RO",2576,False,"110020505060078","110020505060078","-8.730153041710208","-63.91121130453405","0","176.58098044","1","0",True,NULL
172482,8,"2025-08-26 09:59:31-03","2025-08-26 09:59:31-03","0101000020E61000008D4B2C5B31EE4FC01CAD380F067821C0","0101000020E61000008D4B2C5B31EE4FC01CAD380F067821C0",11037636,2024,"RO",1100205,"Porto Velho","Porto Velho",110020505,"EMEF PROF PEDRO TAVARES BATALHA",1,0,"RUA LUIZ DE CAMOES","5972","CONJUNTO OURO PRETO","APONIA","76824050","Catálogo de Escolas - agosto/2024","0","-8.734421230000002","-63.86088123","110020505090070","-8.738346215585288","-63.854763636372056","localidade","db01","571","APONIA, PORTO VELHO - RO",1805,False,"110020505090070","110020505090069","-8.738346215585288","-63.854763636372056","0","801.58515929","1","431.54811721",False,False
172492,8,"2025-08-26 09:59:31-03","2025-08-26 09:59:31-03","0101000020E6100000A5C39ED1B1ED4FC04A22A067587921C0","0101000020E6100000A5C39ED1B1ED4FC04A22A067587921C0",11047682,2024,"RO",1100205,"Porto Velho","Porto Velho",110020505,"EMEIEF GUADALUPE",1,0,"RUA ANDREIA","5692","DENTRO DA IGREJA","APONIA","76824178","Catálogo de Escolas - agosto/2024","0","-8.7370026","-63.8569891","110020505090069","-8.736739158630371","-63.8573112487793","numero","dn03","6","RUA ANDREIA, 5692 - APONIA, PORTO VELHO - RO, 76824-090",2,False,"110020505090069","110020505090069","-8.736739158630371","-63.8573112487793","0","45.95286689","1","0",True,NULL
172493,8,"2025-08-26 09:59:31-03","2025-08-26 09:59:31-03","0101000020E61000002A255F645DF04FC0B701E9AC607921C0","0101000020E61000002A255F645DF04FC0B701E9AC607921C0",11050136,2024,"RO",1100205,"Porto Velho","Porto Velho",110020505,"CRECHE E PRE-ESCOLA CATAVENTO",1,0,"RUA MARIO QUINTANA","4320",NULL,"RIO MADEIRA","76821471","Catálogo de Escolas - agosto/2024","0","-8.7370657","-63.8778501","110020505070055","-8.73662281036377","-63.878292083740234","numero","dn03","6","RUA MARIO QUINTANA, 4320 - RIO MADEIRA, PORTO VELHO - RO, 76821-474",1,False,"110020505070055","110020505070055","-8.73662281036377","-63.878292083740234","0","69.17313966","1","0",True,NULL
172494,8,"2025-08-26 09:59:31-03","2025-08-26 09:59:31-03","0101000020E6100000A75CE15D2EF24FC06E354646627921C0","0101000020E6100000A75CE15D2EF24FC06E354646627921C0",11001968,2024,"RO",1100205,"Porto Velho","Porto Velho",110020505,"EMEIEF MARIA IZAURA DA COSTA CRUZ",1,0,"RUA JARDIM","3418",NULL,"COSTA E SILVA","76803620","Catálogo de Escolas - agosto/2024","0","-8.7370779","-63.89204","110020505060092","-8.737018192678214","-63.893268899847406","numero_aproximado","da03","6","RUA JARDIM, 3418 (aprox) - COSTA E SILVA, PORTO VELHO - RO",1,False,"110020505060092","110020505060104","-8.737018192678214","-63.893268899847406","0","135.22502047","1","65.14930568",False,True
172495,8,"2025-08-26 09:59:31-03","2025-08-26 09:59:31-03","0101000020E6100000D4D7F335CBEF4FC0B6F3FDD4787921C0","0101000020E6100000D4D7F335CBEF4FC0B6F3FDD4787921C0",11050993,2024,"RO",1100205,"Porto Velho","Porto Velho",110020505,"EMEI ODILIA PEREIRA DE OLIVEIRA II",1,0,"RUA THALES BENEVIDES","SN",NULL,"RIO MADEIRA","76821350","Google 2025","1","-8.73725","-63.873389","110020505070065","-8.737402868270873","-63.8748171488444","logradouro","dl03","73","RUA THALES BENEVIDES - RIO MADEIRA, PORTO VELHO - RO, 76821-348",64,False,"110020505070065","110020505070065","-8.737402868270873","-63.8748171488444","0","157.87797321","1","0",True,NULL
172498,8,"2025-08-26 09:59:31-03","2025-08-26 09:59:31-03","0101000020E6100000FDFFEED3A7F24FC00B410E4A987921C0","0101000020E6100000FDFFEED3A7F24FC00B410E4A987921C0",11037733,2024,"RO",1100205,"Porto Velho","Porto Velho",110020505,"EMEI MEU PEQUENO JONES",1,0,"RUA ANTONIO DA FONSECA","3047",NULL,"COSTA E SILVA","76803628","Catálogo de Escolas - agosto/2024","0","-8.73749","-63.8957467","110020505060091","-8.737707457792636","-63.8955931324892","numero_aproximado","da03","6","RUA ANTONIO DA FONSECA, 3047 (aprox) - COSTA E SILVA, PORTO VELHO - RO",1,False,"110020505060091","110020505060091","-8.737707457792636","-63.8955931324892","0","29.48801683","1","0",True,NULL
172504,8,"2025-08-26 09:59:31-03","2025-08-26 09:59:31-03","0101000020E6100000CB5E5BE443F44FC01E0137E6D07921C0","0101000020E6100000CB5E5BE443F44FC01E0137E6D07921C0",11002301,2024,"RO",1100205,"Porto Velho","Porto Velho",110020505,"EEEF SAO SEBASTIAO I",1,0,"RUA CASTRO ALVES","5965",NULL,"SAO SEBASTIAO","76801620","Catálogo de Escolas - agosto/2024","0","-8.7379219","-63.9083219","110020505060068","-8.738021850585938","-63.90814971923828","numero","dn03","6","RUA CASTRO ALVES, 5965 - SAO SEBASTIAO, PORTO VELHO - RO, 76801-620",1,False,"110020505060068","110020505060068","-8.738021850585938","-63.90814971923828","0","21.94579232","1","0",True,NULL
172505,8,"2025-08-26 09:59:31-03","2025-08-26 09:59:31-03","0101000020E6100000A46BCB25FAF24FC0DFB6007ED77921C0","0101000020E6100000A46BCB25FAF24FC0DFB6007ED77921C0",11049936,2024,"RO",1100205,"Porto Velho","Porto Velho",110020505,"EEEMTI LYDIA JOHNSON DE MACEDO",1,0,"RUA DAS ASSOCIACOES, ESQUINA COM RUA 28 DE SETEMBRO","2899",NULL,"COSTA E SILVA","76803520","Catálogo de Escolas - agosto/2024","0","-8.7379722","-63.8982589","110020505060089","-8.73790922457792","-63.89576289932925","localidade","db01","659","COSTA E SILVA, PORTO VELHO - RO",1097,False,"110020505060089","110020505060091","-8.73790922457792","-63.89576289932925","0","274.4110546","1","140.98528377",False,False
172508,8,"2025-08-26 09:59:31-03","2025-08-26 09:59:31-03","0101000020E61000008ADC1D6338F24FC04EC81869F37921C0","0101000020E61000008ADC1D6338F24FC04EC81869F37921C0",11003294,2024,"RO",1100205,"Porto Velho","Porto Velho",110020505,"ASSOCIACAO PESTALOZZI DE PORTO VELHO ANTONIO CEZAR DE ABREU TEIXEIRA",1,0,"RUA LIBERO BADARO","3429",NULL,"COSTA E SILVA","76803630","Catálogo de Escolas - agosto/2024","0","-8.7381852","-63.8923458","110020505060092","-8.738415568294482","-63.89356564502659","numero_aproximado","da03","7","RUA LIBERO BADARO, 3429 (aprox) - COSTA E SILVA, PORTO VELHO - RO",1,False,"110020505060092","110020505060104","-8.738415568294482","-63.89356564502659","0","136.49157107","1","94.16166472",False,True
172509,8,"2025-08-26 09:59:31-03","2025-08-26 09:59:31-03","0101000020E6100000C1E677F585F04FC09064FB35FE7921C0","0101000020E6100000C1E677F585F04FC09064FB35FE7921C0",11000260,2024,"RO",1100205,"Porto Velho","Porto Velho",110020505,"COLEGIO TIRADENTES DA POLICIA MILITAR - CTPM I",1,0,"AVENIDA DOS IMIGRANTES","4884",NULL,"INDUSTRIAL","76821291","Catálogo de Escolas - agosto/2024","0","-8.7382676","-63.8790881","110020505070060","-8.737551346406438","-63.880947283152224","numero_aproximado","da03","7","AVENIDA DOS IMIGRANTES, 4884 (aprox) - INDUSTRIAL, PORTO VELHO - RO",4,False,"110020505070060","110020505070059","-8.737551346406438","-63.880947283152224","0","219.30562967","1","36.86930322",False,True
172511,8,"2025-08-26 09:59:31-03","2025-08-26 09:59:31-03","0101000020E6100000E656ADF13EF44FC0DA0FC2ED1A7A21C0","0101000020E6100000E656ADF13EF44FC0DA0FC2ED1A7A21C0",11048522,2024,"RO",1100205,"Porto Velho","Porto Velho",110020505,"EMEI SEMENTES DO ARACA",1,0,"RUA CASTRO ALVES","5899",NULL,"SAO SEBASTIAO I","76801620","Catálogo de Escolas - agosto/2024","0","-8.7384867","-63.9081709","110020505060068","-9.704533015241749","-64.53534152147208","numero_aproximado","da04","6","RUA CASTRO ALVES, 5899 (aprox) - UNIAO BANDEIRANTES, PORTO VELHO - RO",1,True,"110020505060068","110020525000017","-9.221693783561776","-64.22165118295874","63767.71585405","127582.83696044","1","126973.41781419",False,False
172513,8,"2025-08-26 09:59:31-03","2025-08-26 09:59:31-03","0101000020E6100000EEBEF8DC68F44FC06182DB59427A21C0","0101000020E6100000EEBEF8DC68F44FC06182DB59427A21C0",11002310,2024,"RO",1100205,"Porto Velho","Porto Velho",110020505,"EMEF PROFESSOR ANTONIO AUGUSTO REBELO DAS CHAGAS",1,0,"RUA ALMIRANTE TAMANDARE","5770","ESC0LA","SAO SEBASTIAO II","76801684","Catálogo de Escolas - agosto/2024","0","-8.738787468","-63.90945017","110020505060068","-8.73972346435772","-63.909002405864754","numero_aproximado","da04","6","RUA ALMIRANTE TAMANDARE, 5770 (aprox) - SAO SEBASTIAO, PORTO VELHO - RO",2,False,"110020505060068","110020505060071","-8.73972346435772","-63.909002405864754","0","115.12603372","1","67.95798399",False,True
172514,8,"2025-08-26 09:59:31-03","2025-08-26 09:59:31-03","0101000020E6100000F3542C239AEB4FC064A82FF0817A21C0","0101000020E6100000F3542C239AEB4FC064A82FF0817A21C0",11118814,2024,"RO",1100205,"Porto Velho","Porto Velho",110020505,"EMEF PE DE MURICI",1,0,"AVENIDA CALAMA","8354",NULL,"PLANALTO","76825401","Catálogo de Escolas - agosto/2024","0","-8.7392726","-63.8406414","110020505090080","-8.73887311850092","-63.84057335299839","numero_aproximado","da03","6","AVENIDA CALAMA, 8354 (aprox) - PLANALTO, PORTO VELHO - RO",1,False,"110020505090080","110020505090139","-8.73887311850092","-63.84057335299839","0","45.04553353","1","6.27826976",False,True
172527,8,"2025-08-26 09:59:31-03","2025-08-26 09:59:31-03","0101000020E610000087AE9F596DF24FC0297403AA247B21C0","0101000020E610000087AE9F596DF24FC0297403AA247B21C0",11049537,2024,"RO",1100205,"Porto Velho","Porto Velho",110020505,"CENTRO EDUCACIONAL GALILEU",1,0,"AVENIDA DOS IMIGRANTES","3239",NULL,"COSTA E SILVA","76803611","Catálogo de Escolas - agosto/2024","0","-8.7405141","-63.8939621","110020505060092","-8.741041883711945","-63.895968350846736","numero_aproximado","da03","6","AVENIDA DOS IMIGRANTES, 3239 (aprox) - COSTA E SILVA, PORTO VELHO - RO",2,False,"110020505060092","110020505060091","-8.741041883711945","-63.895968350846736","0","228.17076464","1","95.03240984",False,True
172531,8,"2025-08-26 09:59:31-03","2025-08-26 09:59:31-03","0101000020E6100000026D61CCCCF14FC09ABE0FBB7A7B21C0","0101000020E6100000026D61CCCCF14FC09ABE0FBB7A7B21C0",11107812,2024,"RO",1100205,"Porto Velho","Porto Velho",110020505,"IFRO - CAMPUS PORTO VELHO ZONA NORTE",1,0,"AVENIDA GOVERNADOR JORGE TEIXEIRA","3146",NULL,"INDUSTRIAL","76821002","Catálogo de Escolas - agosto/2024","0","-8.741170736000004","-63.88906245","110020505070060","-8.73859977722168","-63.88978958129883","numero_aproximado","da03","6","AVENIDA GOVERNADOR JORGE TEIXEIRA, 3146 (aprox) - INDUSTRIAL, PORTO VELHO - RO",1,False,"110020505070060","110020505070059","-8.73859977722168","-63.88978958129883","0","296.83758509","1","111.53428198",False,True
172533,8,"2025-08-26 09:59:31-03","2025-08-26 09:59:31-03","0101000020E610000012DFE412A2EE4FC009A52F849C7B21C0","0101000020E610000012DFE412A2EE4FC009A52F849C7B21C0",11000384,2024,"RO",1100205,"Porto Velho","Porto Velho",110020505,"EEEFM 4 DE JANEIRO",1,0,"RUA GREGORIO ALEGRE","5.761",NULL,"APONIA","76824196","Catálogo de Escolas - agosto/2024","0","-8.7414285","-63.8643211","110020505090056","-8.73939931178212","-63.853569857077126","numero_aproximado","da03","6","RUA GREGORIO ALEGRE, 5761 (aprox) - APONIA, PORTO VELHO - RO",1,False,"110020505090056","110020505090064","-8.73939931178212","-63.853569857077126","0","1202.95260414","1","872.02368761",False,False
172534,8,"2025-08-26 09:59:31-03","2025-08-26 09:59:31-03","0101000020E6100000155F828D4AEB4FC0DC193B1BD17B21C0","0101000020E6100000155F828D4AEB4FC0DC193B1BD17B21C0",11049618,2024,"RO",1100205,"Porto Velho","Porto Velho",110020505,"EMEI SAO LUIZ GONZAGA",1,0,"RUA CATARINA","SEM NUME",NULL,"TEIXEIRAO","76834899","Catálogo de Escolas - agosto/2024","0","-8.74182973","-63.83821267","110020505090137","-8.72696304321289","-63.86881446838379","logradouro","dl04","107","RUA CATARINA - NOVA ESPERANCA, PORTO VELHO - RO",17,False,"110020505090137","110020505000141","-8.72696304321289","-63.86881446838379","0","3747.61025329","1","3362.71828278",False,False
172535,8,"2025-08-26 09:59:31-03","2025-08-26 09:59:31-03","0101000020E61000008FD7CDD60BF04FC06A4DE262FB7B21C0","0101000020E61000008FD7CDD60BF04FC06A4DE262FB7B21C0",11000317,2024,"RO",1100205,"Porto Velho","Porto Velho",110020505,"EEEFM DR JOSE OTINO DE FREITAS",1,0,"RUA DA CASSITERITA","4608","CONJ MARECHAL RONDON","FLODOALDO PONTES PINTO","76820708","Catálogo de Escolas - agosto/2024","0","-8.742152300000004","-63.8753613","110020505070031","-8.746130343833894","-63.871360777125886","localidade","db01","971","FLODOALDO PONTES PINTO, PORTO VELHO - RO",2383,False,"110020505070031","110020505070039","-8.746130343833894","-63.871360777125886","0","623.67601168","1","430.58077055",False,False
172536,8,"2025-08-26 09:59:31-03","2025-08-26 09:59:31-03","0101000020E61000000BF0BCD8A4ED4FC04BC0BABAFB7B21C0","0101000020E61000000BF0BCD8A4ED4FC04BC0BABAFB7B21C0",11002956,2024,"RO",1100205,"Porto Velho","Porto Velho",110020505,"EMEIEF SENADOR OLAVO GOMES PIRES",1,0,"RUA ANDREIA","5039",NULL,"APONIA","76824090","Catálogo de Escolas - agosto/2024","0","-8.742154918000002","-63.85659322","110020505090063","-8.738270711485844","-63.85701959798683","numero_aproximado","da03","8","RUA ANDREIA, 5039 (aprox) - APONIA, PORTO VELHO - RO",1,False,"110020505090063","110020505090069","-8.738270711485844","-63.85701959798683","0","434.43934271","1","268.50362064",False,False
172538,8,"2025-08-26 09:59:31-03","2025-08-26 09:59:31-03","0101000020E6100000AAB294D16DF04FC0F06EC042417C21C0","0101000020E6100000AAB294D16DF04FC0F06EC042417C21C0",11002662,2024,"RO",1100205,"Porto Velho","Porto Velho",110020505,"EPEF DG SC LTDA",1,0,"RUA DA CASSITERITA","4328",NULL,"FLODOALDO PONTES PINTO","76820708","Catálogo de Escolas - agosto/2024","0","-8.7426854","-63.8783514","110020505070031","-8.746130343833894","-63.871360777125886","localidade","db01","971","FLODOALDO PONTES PINTO, PORTO VELHO - RO",2383,False,"110020505070031","110020505070039","-8.746130343833894","-63.871360777125886","0","858.48781344","1","430.58077055",False,False
172550,8,"2025-08-26 09:59:31-03","2025-08-26 09:59:31-03","0101000020E6100000676325E659EF4FC04F9CDCEF507C21C0","0101000020E6100000676325E659EF4FC04F9CDCEF507C21C0",11050888,2024,"RO",1100205,"Porto Velho","Porto Velho",110020505,"CENTRO EDUCACIONAL ACONCHEGO DA MAMAE",1,0,"RUA MESTRE GABRIEL","5145",NULL,"FLODOALDO PONTES PINTO","76820606","Google 2025","1","-8.742805000000002","-63.869931","110020505070030","-8.72872543334961","-63.84147644042969","numero_aproximado","da04","6","RUA MESTRE GABRIEL, 5145 (aprox) - PLANALTO, PORTO VELHO - RO",1,False,"110020505070030","110020505000254","-8.72872543334961","-63.84147644042969","0","3497.29258267","1","2880.93588026",False,False
172552,8,"2025-08-26 09:59:31-03","2025-08-26 09:59:31-03","0101000020E61000002854E4CED4EE4FC0EE3626C65D7C21C0","0101000020E61000002854E4CED4EE4FC0EE3626C65D7C21C0",11120819,2024,"RO",1100205,"Porto Velho","Porto Velho",110020505,"EMEIEF BELEZAS DO BURITI",1,0,"RUA TRINDADE","3454",NULL,"FLODOALDO PONTES PINTO","76801000","Catálogo de Escolas - agosto/2024","0","-8.742902939","-63.86586939","110020505070036","-8.744810104370117","-63.8657112121582","logradouro","dl03","6","RUA TRINDADE - FLODOALDO PONTES PINTO, PORTO VELHO - RO, 76820-612",1,False,"110020505070036","110020505070037","-8.744810104370117","-63.8657112121582","0","212.77874457","1","48.75059631",False,True
172554,8,"2025-08-26 09:59:31-03","2025-08-26 09:59:31-03","0101000020E6100000B4290DEB7CF44FC0D783EE377F7C21C0","0101000020E6100000B4290DEB7CF44FC0D783EE377F7C21C0",11002280,2024,"RO",1100205,"Porto Velho","Porto Velho",110020505,"EMEF SAO PEDRO",1,0,"RUA JOSE DE ALENCAR","5033",NULL,"PEDRINHAS","76801438","Catálogo de Escolas - agosto/2024","0","-8.7431581","-63.9100622","110020505060031","-8.7448057425445","-63.909661826094435","numero_aproximado","da03","6","RUA JOSE DE ALENCAR, 5033 (aprox) - PEDRINHAS, PORTO VELHO - RO",1,False,"110020505060031","110020505060031","-8.7448057425445","-63.909661826094435","0","188.41974962","1","0",True,NULL
172558,8,"2025-08-26 09:59:31-03","2025-08-26 09:59:31-03","0101000020E6100000F4BF5C8B16EC4FC086E63A8DB47C21C0","0101000020E6100000F4BF5C8B16EC4FC086E63A8DB47C21C0",11051272,2024,"RO",1100205,"Porto Velho","Porto Velho",110020505,"CENTRO EDUCACIONAL ALEGRIA DE CRIANCA LTDA - EPP",1,0,"RUA GILBERTO FREIRE","7935",NULL,"ESPERANCA DA COMUNIDADE","76825100","Google 2025","1","-8.743565","-63.844438","110020505090083","-8.74361515045166","-63.84441375732422","numero","dn04","6","RUA GILBERTO FREIRE, 7935 - TEIXEIRAO, PORTO VELHO - RO",1,False,"110020505090083","110020505090083","-8.74361515045166","-63.84441375732422","0","6.1802806","1","0",True,NULL
172560,8,"2025-08-26 09:59:31-03","2025-08-26 09:59:31-03","0101000020E6100000E95F92CA14F14FC0D8800871E57C21C0","0101000020E6100000E95F92CA14F14FC0D8800871E57C21C0",11003308,2024,"RO",1100205,"Porto Velho","Abunã",110020510,"EMEIEF MARECHAL RONDON",2,0,"AVENIDA TIRADENTES","SN","DISTRITO ABUNA","CENTRO","76843000","GEO LIDAS 2015","1","-8.743938","-63.883447","110020505070004","-8.744141260782877","-63.885777155558266","logradouro","dl04","333","AVENIDA TIRADENTES - EMBRATEL, PORTO VELHO - RO",19,True,"110020505070004","110020505070004","-8.744141260782877","-63.885777155558266","0","257.08581059","1","0",True,NULL
172561,8,"2025-08-26 09:59:31-03","2025-08-26 09:59:31-03","0101000020E6100000CA0A8F47BAF04FC0EFF3739E0C7D21C0","0101000020E6100000CA0A8F47BAF04FC0EFF3739E0C7D21C0",11003162,2024,"RO",1100205,"Porto Velho","Porto Velho",110020505,"EEEF CASA DE DAVI",1,0,"RUA SALVADOR","421",NULL,"EMBRATEL","76820730","Catálogo de Escolas - agosto/2024","0","-8.744236900000002","-63.8806848","110020505070005","-8.75146622608953","-63.8811708951566","localidade","db01","819","EMBRATEL, PORTO VELHO - RO",3085,False,"110020505070005","110020505070010","-8.75146622608953","-63.8811708951566","0","805.63869323","1","405.79721527",False,True
172562,8,"2025-08-26 09:59:31-03","2025-08-26 09:59:31-03","0101000020E6100000FA21DB9EC5F34FC0313810B3137D21C0","0101000020E6100000FA21DB9EC5F34FC0313810B3137D21C0",11001666,2024,"RO",1100205,"Porto Velho","Porto Velho",110020505,"EMEF NACOES UNIDAS",1,0,"RUA DINAMARCA","2294","CONJUNTO IPASE NOVO","PEDRINHAS","76801562","Catálogo de Escolas - agosto/2024","0","-8.74429092","-63.9044684","110020505060033","-8.745928968385208","-63.91083830604258","localidade","db01","328","PEDRINHAS, PORTO VELHO - RO",674,False,"110020505060033","110020505060031","-8.745928968385208","-63.91083830604258","0","723.37474286","1","296.39711518",False,False
172564,8,"2025-08-26 09:59:31-03","2025-08-26 09:59:31-03","0101000020E6100000953E19880AEB4FC0FDB49B2A297D21C0","0101000020E6100000953E19880AEB4FC0FDB49B2A297D21C0",11055600,2024,"RO",1100205,"Porto Velho","Porto Velho",110020505,"EEEF LUIZ SOARES DE CASSIA",1,0,"RUA INDEPENDENCIA/ ANTIGA TARCILA DO AMARAL","8523","ANTIGO TEIXEIRAO","MARINGA","76820518","Catálogo de Escolas - agosto/2024","0","-8.7444547","-63.8362589","110020505090138","-8.744064086940101","-63.83449734111695","localidade","db01","322","MARINGA, PORTO VELHO - RO",309,False,"110020505090138","110020505090138","-8.744064086940101","-63.83449734111695","0","198.41239167","1","0",True,NULL
172565,8,"2025-08-26 09:59:31-03","2025-08-26 09:59:31-03","0101000020E61000004B94BDA59CF24FC048FEBB992C7D21C0","0101000020E61000004B94BDA59CF24FC048FEBB992C7D21C0",11002484,2024,"RO",1100205,"Porto Velho","Porto Velho",110020505,"EEEM MAJOR GUAPINDAIA",1,0,"RUA PADRE CHIQUINHO","2375",NULL,"SAO JOAO BOSCO","76803822","Catálogo de Escolas - agosto/2024","0","-8.7444809","-63.8954055","110020505060037","-8.745709913086353","-63.89969832568853","numero_aproximado","da03","6","RUA PADRE CHIQUINHO, 2375 (aprox) - SAO JOAO BOSCO, PORTO VELHO - RO",1,False,"110020505060037","110020505060036","-8.745709913086353","-63.89969832568853","0","491.18580573","1","110.72625706",False,True
172567,8,"2025-08-26 09:59:31-03","2025-08-26 09:59:31-03","0101000020E610000085FE53BB70EE4FC0CC368133427D21C0","0101000020E610000085FE53BB70EE4FC0CC368133427D21C0",11001992,2024,"RO",1100205,"Porto Velho","Porto Velho",110020505,"EEEF PROF ROBERTO DUARTE PIRES",1,0,"RUA OSVALDO LACERDA","5895","CONJUNTO NOVA CAIARI","IGARAPE","76824222","Catálogo de Escolas - agosto/2024","0","-8.7446457","-63.8628153","110020505090018","-8.744602123708614","-63.861298581717286","numero_aproximado","da03","6","RUA OSVALDO LACERDA, 5895 (aprox) - IGARAPE, PORTO VELHO - RO",1,False,"110020505090018","110020505090009","-8.744602123708614","-63.861298581717286","0","166.76157744","1","65.32066885",False,True
172568,8,"2025-08-26 09:59:31-03","2025-08-26 09:59:31-03","0101000020E61000002EAC1BEF8EEF4FC05CB0F95D7D7D21C0","0101000020E61000002EAC1BEF8EEF4FC05CB0F95D7D7D21C0",11109807,2024,"RO",1100205,"Porto Velho","Porto Velho",110020505,"IFRO - CAMPUS PORTO VELHO CALAMA",1,0,"AVENIDA CALAMA","4985","LOTE 994, QUADRA 169","FLODOALDO PONTES PINTO","76820441","Catálogo de Escolas - agosto/2024","0","-8.745097100000002","-63.8715495","110020505070030","-8.745023472650272","-63.868646070806825","numero_aproximado","da03","6","AVENIDA CALAMA, 4985 (aprox) - FLODOALDO PONTES PINTO, PORTO VELHO - RO",1,False,"110020505070030","110020505070037","-8.745023472650272","-63.868646070806825","0","319.19883151","1","2.47430976",False,True
172569,8,"2025-08-26 09:59:31-03","2025-08-26 09:59:31-03","0101000020E610000003610212A8F04FC0A2A476757D7D21C0","0101000020E610000003610212A8F04FC0A2A476757D7D21C0",11000678,2024,"RO",1100205,"Porto Velho","Porto Velho",110020505,"EEEMTI BRASILIA",1,0,"RUA DA PENHA","3968","PREDIO","EMBRATEL","76820182","Catálogo de Escolas - agosto/2024","0","-8.7450978","-63.8801291","110020505070005","-8.75146622608953","-63.8811708951566","localidade","db01","819","EMBRATEL, PORTO VELHO - RO",3085,False,"110020505070005","110020505070010","-8.75146622608953","-63.8811708951566","0","717.33394193","1","405.79721527",False,True
172570,8,"2025-08-26 09:59:31-03","2025-08-26 09:59:31-03","0101000020E610000040CD7FFE31EF4FC0EBADDC66857D21C0","0101000020E610000040CD7FFE31EF4FC0EBADDC66857D21C0",11037474,2024,"RO",1100205,"Porto Velho","Porto Velho",110020505,"CENTRO DE ENSINO MINEIRO",1,0,"AVENIDA CALAMA","5262",NULL,"FLODOALDO PONTES PINTO","76820594","Catálogo de Escolas - agosto/2024","0","-8.7451584","-63.8687132","110020505070037","-8.74500937480487","-63.868464566064766","numero_aproximado","da03","6","AVENIDA CALAMA, 5262 (aprox) - FLODOALDO PONTES PINTO, PORTO VELHO - RO",1,False,"110020505070037","110020505070037","-8.74500937480487","-63.868464566064766","0","31.95738758","1","0",True,NULL
172573,8,"2025-08-26 09:59:31-03","2025-08-26 09:59:31-03","0101000020E6100000672AC423F1F04FC01163E30BA47D21C0","0101000020E6100000672AC423F1F04FC01163E30BA47D21C0",11000295,2024,"RO",1100205,"Porto Velho","Porto Velho",110020505,"EEF SANTA MARCELINA",1,0,"RUA BELO HORIZONTE","331",NULL,"EMBRATEL","76820732","Catálogo de Escolas - agosto/2024","0","-8.7453922","-63.882359","110020505070004","-9.765167859920817","-66.61510899761684","numero_aproximado","da04","6","RUA BELO HORIZONTE, 331 (aprox) - NOVA CALIFORNIA, PORTO VELHO - RO",1,True,"110020505070004","110020535000001","-9.242985347109336","-65.24269855041243","161321.68489755","320628.5783927","1","320342.03240701",False,False
172574,8,"2025-08-26 09:59:31-03","2025-08-26 09:59:31-03","0101000020E610000019452819ADED4FC064BD6257A47D21C0","0101000020E610000019452819ADED4FC064BD6257A47D21C0",11003197,2024,"RO",1100205,"Porto Velho","Porto Velho",110020505,"EEEF PROFESSORA MARIA APARECIDA DA SILVA RODRIGUES",1,0,"RUA FABIA","6382",NULL,"IGARAPE","76824268","Catálogo de Escolas - agosto/2024","0","-8.74539445","-63.85684504","110020505090010","-8.74587330308379","-63.860002482006784","numero_aproximado","da03","6","RUA FABIA, 6382 (aprox) - IGARAPE, PORTO VELHO - RO",1,False,"110020505090010","110020505090009","-8.74587330308379","-63.860002482006784","0","351.07124818","1","181.25209415",False,True
172579,8,"2025-08-26 09:59:31-03","2025-08-26 09:59:31-03","0101000020E6100000056EDDCD53ED4FC06D3B6D8D087E21C0","0101000020E6100000056EDDCD53ED4FC06D3B6D8D087E21C0",11040483,2024,"RO",1100205,"Porto Velho","Mutum Paraná",110020525,"EMEF BOA ESPERANCA",2,1,"LINHA FRANCISCO BR 364 KM 150",NULL,NULL,"AREA RURAL DE PORTO VELHO","76834899","GEO LIDAS 2015","1","-8.746159","-63.85412","110020505090011","-8.836229025804817","-63.90871198866833","municipio","dm01","181697","PORTO VELHO - RO",134348,False,"110020505090011","110020505000188","-8.836229025804817","-63.90871198866833","0","11674.57258568","1","11350.22778489",False,False
172580,8,"2025-08-26 09:59:31-03","2025-08-26 09:59:31-03","0101000020E610000057A7359310EB4FC03FD24F54107E21C0","0101000020E610000057A7359310EB4FC03FD24F54107E21C0",11037512,2024,"RO",1100205,"Porto Velho","Porto Velho",110020505,"EMEIEF CHAPEUZINHO VERMELHO",1,0,"RUA LUCIA CARVALHO","5417",NULL,"TEIXEIRAO","76824716","Catálogo de Escolas - agosto/2024","0","-8.746218333","-63.83644333","110020505090086","-8.748454551687086","-63.83578009231117","numero_aproximado","da03","6","RUA LUCIA CARVALHO, 5417 (aprox) - TEIXEIRAO, PORTO VELHO - RO",1,False,"110020505090086","110020505090087","-8.748454551687086","-63.83578009231117","0","259.11996319","1","110.72360047",False,True
172582,8,"2025-08-26 09:59:31-03","2025-08-26 09:59:31-03","0101000020E6100000DC291DACFFF24FC02269DC40267E21C0","0101000020E6100000DC291DACFFF24FC02269DC40267E21C0",11049480,2024,"RO",1100205,"Porto Velho","Porto Velho",110020505,"CENTRO EDUCACIONAL MODERNO",1,0,"RUA GETULIO VARGAS","3740",NULL,"SAO JOAO BOSCO","76803784","Catálogo de Escolas - agosto/2024","0","-8.7463856","-63.8984275","110020505060036","-8.74642276763916","-63.89842224121094","numero","dn03","6","RUA GETULIO VARGAS, 3740 - SAO JOAO BOSCO, PORTO VELHO - RO, 76803-808",1,False,"110020505060036","110020505060036","-8.74642276763916","-63.89842224121094","0","4.17307417","1","0",True,NULL
172584,8,"2025-08-26 09:59:31-03","2025-08-26 09:59:31-03","0101000020E6100000F0E8352C7CED4FC014453141597E21C0","0101000020E6100000F0E8352C7CED4FC014453141597E21C0",11045175,2024,"RO",1100205,"Porto Velho","Porto Velho",110020505,"EMEF JOAO RIBEIRO SOARES",1,0,"RUA ANDREIA","4512",NULL,"IGARAPE","76824314","Catálogo de Escolas - agosto/2024","0","-8.746774709","-63.85535195","110020505090010","-8.74597025821485","-63.85543360132578","numero_aproximado","da03","7","RUA ANDREIA, 4512 (aprox) - IGARAPE, PORTO VELHO - RO",3,False,"110020505090010","110020505090010","-8.74597025821485","-63.85543360132578","0","89.89995655","1","0",True,NULL
172585,8,"2025-08-26 09:59:31-03","2025-08-26 09:59:31-03","0101000020E61000000582088A02EC4FC016635C1B717E21C0","0101000020E61000000582088A02EC4FC016635C1B717E21C0",11043938,2024,"RO",1100205,"Porto Velho","Porto Velho",110020505,"EMEIEF SANTA MARGARIDA",1,0,"RUA SHEILA REGINA","5352",NULL,"TEIXEIRAO","76801000","Catálogo de Escolas - agosto/2024","0","-8.746956687000004","-63.84382749","110020505090083","-8.744963334903312","-63.845367442615746","numero_aproximado","da03","6","RUA SHEILA REGINA, 5352 (aprox) - TEIXEIRAO, PORTO VELHO - RO",1,False,"110020505090083","110020505090079","-8.744963334903312","-63.845367442615746","0","278.87756696","1","6.20683671",False,True
172593,8,"2025-08-26 09:59:31-03","2025-08-26 09:59:31-03","0101000020E61000000393C08B63ED4FC0F34295F5F67E21C0","0101000020E61000000393C08B63ED4FC0F34295F5F67E21C0",11049340,2024,"RO",1100205,"Porto Velho","Porto Velho",110020505,"INSTITUTO EDUCACIONAL ALENCAR FREITAS LTDA - ME",1,0,"RUA JULIA","6530",NULL,"IGARAPE","76824318","Catálogo de Escolas - agosto/2024","0","-8.7479779","-63.8546004","110020505090011","-8.746007402653484","-63.8462068464136","numero_aproximado","da04","6","RUA JULIA, 6530 (aprox) - TEIXEIRAO, PORTO VELHO - RO",11,False,"110020505090011","110020505090081","-8.746007402653484","-63.8462068464136","0","948.13190997","1","623.57861204",False,False
172596,8,"2025-08-26 09:59:31-03","2025-08-26 09:59:31-03","0101000020E610000025DC758071ED4FC08FD7CDD60B7F21C0","0101000020E610000025DC758071ED4FC08FD7CDD60B7F21C0",11040939,2024,"RO",1100205,"Porto Velho","Porto Velho",110020505,"EPEI - MARIA DE NAZARE",1,0,"RUA JULIA","6430","COM ANDREIA","IGARAPE","76824318","Catálogo de Escolas - agosto/2024","0","-8.7481372","-63.8550263","110020505090010","-8.74599897386811","-63.846180788538774","numero_aproximado","da04","6","RUA JULIA, 6430 (aprox) - TEIXEIRAO, PORTO VELHO - RO",11,False,"110020505090010","110020505090081","-8.74599897386811","-63.846180788538774","0","1000.79045784","1","990.904496",False,False
172617,8,"2025-08-26 09:59:31-03","2025-08-26 09:59:31-03","0101000020E6100000E20918B897F44FC045292158557F21C0","0101000020E6100000E20918B897F44FC045292158557F21C0",11003073,2024,"RO",1100205,"Porto Velho","Porto Velho",110020505,"INSTITUTO EDUCACIONAL MARISE CASTIEL",1,0,"RUA MARIO QUINTANA","4725",NULL,"RIO MADEIRA","76821454","Catálogo de Escolas - agosto/2024","0","-8.748698","-63.9108801","110020505060031","-8.735794067382812","-63.874420166015625","numero","dn03","6","RUA MARIO QUINTANA, 4725 - RIO MADEIRA, PORTO VELHO - RO, 76821-454",1,False,"110020505060031","110020505070055","-8.735794067382812","-63.874420166015625","0","4256.21545076","1","3994.3348667",False,False
172618,8,"2025-08-26 09:59:31-03","2025-08-26 09:59:31-03","0101000020E61000003D58101489F14FC08B259B61597F21C0","0101000020E61000003D58101489F14FC08B259B61597F21C0",11050535,2024,"RO",1100205,"Porto Velho","Porto Velho",110020505,"ESCOLA TECNICA PROFISSIONALIZANTE SINDSAUDE",1,0,"AVENIDA CALAMA","3239",NULL,"EMBRATEL","76820865","Catálogo de Escolas - agosto/2024","0","-8.7487288","-63.8869958","110020505070002","-8.74844858642788","-63.88455234805107","numero_aproximado","da03","8","AVENIDA CALAMA, 3239 (aprox) - EMBRATEL, PORTO VELHO - RO",1,False,"110020505070002","110020505070004","-8.74844858642788","-63.88455234805107","0","270.34027611","1","177.98181924",False,False
172619,8,"2025-08-26 09:59:31-03","2025-08-26 09:59:31-03","0101000020E6100000431D56B8E5EE4FC05454EC1E8F7F21C0","0101000020E6100000431D56B8E5EE4FC05454EC1E8F7F21C0",11002000,2024,"RO",1100205,"Porto Velho","Porto Velho",110020505,"EEEF PROF ELOISA BENTES RAMOS",1,0,"RUA COIMBRA","4994",NULL,"FLODOALDO PONTES PINTO","76820556","Catálogo de Escolas - agosto/2024","0","-8.749138800000004","-63.8663855","110020505070034","-8.748920440673828","-63.86646270751953","numero","dn03","6","RUA COIMBRA, 4994 - FLODOALDO PONTES PINTO, PORTO VELHO - RO, 76820-556",1,False,"110020505070034","110020505070034","-8.748920440673828","-63.86646270751953","0","25.7204291","1","0",True,NULL
172620,8,"2025-08-26 09:59:31-03","2025-08-26 09:59:31-03","0101000020E6100000B0FC5CE19BF44FC0ECC6E4A2947F21C0","0101000020E6100000B0FC5CE19BF44FC0ECC6E4A2947F21C0",11050160,2024,"RO",1100205,"Porto Velho","Porto Velho",110020505,"ESCOLA TECNICA ESTADUAL ETEC - IDEP",1,0,"AVENIDA TIRADENTES","3009",NULL,"INDUSTRIAL","76821001","Catálogo de Escolas - agosto/2024","0","-8.749180880000004","-63.91100709","110020505060031","-8.743951797485352","-63.886348724365234","numero","dn03","6","AVENIDA TIRADENTES, 3009 - INDUSTRIAL, PORTO VELHO - RO, 76821-001",1,False,"110020505060031","110020505070060","-8.743951797485352","-63.886348724365234","0","2771.67737877","1","2520.31932815",False,False
172621,8,"2025-08-26 09:59:31-03","2025-08-26 09:59:31-03","0101000020E610000022927C8049EC4FC0A5D8D138D47F21C0","0101000020E610000022927C8049EC4FC0A5D8D138D47F21C0",11040920,2024,"RO",1100205,"Porto Velho","Porto Velho",110020505,"EMEIEF SENADOR DARCY RIBEIRO",1,0,"AVENIDA JOSE VIEIRA CAULA","6662",NULL,"ESPERANCA DA COMUNIDADE","76825048","Catálogo de Escolas - agosto/2024","0","-8.749666","-63.8459931","110020505090090","-8.750411009806175","-63.85023034324525","numero_aproximado","da04","6","AVENIDA JOSE VIEIRA CAULA, 6662 (aprox) - IGARAPE, PORTO VELHO - RO",1,True,"110020505090090","110020505090097","-8.750411009806175","-63.85023034324525","0","472.98808413","1","384.03489937",False,True
172623,8,"2025-08-26 09:59:31-03","2025-08-26 09:59:31-03","0101000020E6100000E3248392B8ED4FC004DA35A5E57F21C0","0101000020E6100000E3248392B8ED4FC004DA35A5E57F21C0",11117826,2024,"RO",1100205,"Porto Velho","Porto Velho",110020505,"EMEIEF TARUMA",1,0,"RUA ALBA","4328",NULL,"IGARAPE","76824340","Catálogo de Escolas - agosto/2024","0","-8.749798930000004","-63.8571952","110020505090015","-8.749918937683105","-63.85755157470703","numero","dn03","6","RUA ALBA, 4328 - IGARAPE, PORTO VELHO - RO, 76824-048",1,False,"110020505090015","110020505090015","-8.749918937683105","-63.85755157470703","0","41.37679757","1","0",True,NULL
172624,8,"2025-08-26 09:59:31-03","2025-08-26 09:59:31-03","0101000020E61000009FA8F090F7EE4FC035FDD78EE97F21C0","0101000020E61000009FA8F090F7EE4FC035FDD78EE97F21C0",11049332,2024,"RO",1100205,"Porto Velho","Porto Velho",110020505,"EMEIEF BILINGUE PORTO VELHO",1,0,"RUA LITORANEA","4898",NULL,"FLODOALDO PONTES PINTO","76820552","Catálogo de Escolas - agosto/2024","0","-8.749828781","-63.86693012","110020505070034","-8.750315623557285","-63.866706592101096","numero_aproximado","da03","6","RUA LITORANEA, 4898 (aprox) - FLODOALDO PONTES PINTO, PORTO VELHO - RO",1,False,"110020505070034","110020505070034","-8.750315623557285","-63.866706592101096","0","59.44769319","1","0",True,NULL
172628,8,"2025-08-26 09:59:31-03","2025-08-26 09:59:31-03","0101000020E6100000691B5E9449F44FC03ECE3461FB7F21C0","0101000020E6100000691B5E9449F44FC03ECE3461FB7F21C0",11000309,2024,"RO",1100205,"Porto Velho","Porto Velho",110020505,"EMEI MARISE CASTIEL",1,0,"RUA PIO XII","875",NULL,"PEDRINHAS","76801475","Catálogo de Escolas - agosto/2024","0","-8.74996475","-63.90849547","110020505060032","-8.74996724367045","-63.90731895653758","numero_aproximado","da04","6","RUA PIO XII, 875 (aprox) - OLARIA, PORTO VELHO - RO",22,True,"110020505060032","110020505060010","-8.748780089112381","-63.90192884680339","606.90899074","129.300241","1","4.98174195",False,True
172629,8,"2025-08-26 09:59:31-03","2025-08-26 09:59:31-03","0101000020E6100000843419445AEC4FC0603711A2218021C0","0101000020E6100000843419445AEC4FC0603711A2218021C0",11047909,2024,"RO",1100205,"Porto Velho","Porto Velho",110020505,"EMEIEF ESPERANCA",1,0,"AVENIDA MAMORE","4968","ESCOLA DE POLICIA","ESPERANCA DA COMUNIDADE","76825031","Catálogo de Escolas - agosto/2024","0","-8.7502566","-63.8465047","110020505090090","-8.753748254920158","-63.84598095399496","numero_aproximado","da04","6","AVENIDA MAMORE, 4968 (aprox) - CUNIA, PORTO VELHO - RO",3,True,"110020505090090","110020505090004","-8.753748254920158","-63.84598095399496","0","392.49836268","1","170.49756368",False,True
172632,8,"2025-08-26 09:59:31-03","2025-08-26 09:59:31-03","0101000020E6100000854F296508F24FC08D768137498021C0","0101000020E6100000854F296508F24FC08D768137498021C0",11000376,2024,"RO",1100205,"Porto Velho","Porto Velho",110020505,"EEEF 21 DE ABRIL",1,0,"RUA RAFAEL VAZ E SILVA","2812",NULL,"LIBERDADE","76803890","Catálogo de Escolas - agosto/2024","0","-8.7505586","-63.8908812","110020505060044","-8.752592250192668","-63.89083171170463","numero_aproximado","da03","6","RUA RAFAEL VAZ E SILVA, 2812 (aprox) - LIBERDADE, PORTO VELHO - RO",1,False,"110020505060044","110020505060045","-8.752592250192668","-63.89083171170463","0","226.19729107","1","58.59476262",False,True
172634,8,"2025-08-26 09:59:31-03","2025-08-26 09:59:31-03","0101000020E61000008910B28751F34FC0069A7400698021C0","0101000020E61000008910B28751F34FC0069A7400698021C0",11000252,2024,"RO",1100205,"Porto Velho","Porto Velho",110020505,"COLEGIO SAPIENS - UNIDADE JARDIM AMERICA",1,0,"RUA EMIL GORAYEB","3505",NULL,"SAO JOAO BOSCO","76803728","Catálogo de Escolas - agosto/2024","0","-8.7508011","-63.9009256","110020505060035","-8.750536918640137","-63.90073776245117","numero","dn03","6","RUA EMIL GORAYEB, 3505 - SAO JOAO BOSCO, PORTO VELHO - RO, 76803-728",1,False,"110020505060035","110020505060035","-8.750536918640137","-63.90073776245117","0","35.90380659","1","0",True,NULL
172635,8,"2025-08-26 09:59:31-03","2025-08-26 09:59:31-03","0101000020E610000053CE177B2FF44FC088BD50C0768021C0","0101000020E610000053CE177B2FF44FC088BD50C0768021C0",11051175,2024,"RO",1100205,"Porto Velho","Porto Velho",110020505,"CENTRO EDUCACIONAL UNI DUNI TE",1,0,"RUA TABAJARA","865","PROXIMO AO SESC","OLARIA","76801316","Google 2025","1","-8.750906000000002","-63.907699","110020505060010","-8.751022338867188","-63.907684326171875","numero","dn03","6","RUA TABAJARA, 865 - OLARIA, PORTO VELHO - RO, 76801-316",1,False,"110020505060010","110020505060010","-8.751022338867188","-63.907684326171875","0","13.03644082","1","0",True,NULL
172636,8,"2025-08-26 09:59:31-03","2025-08-26 09:59:31-03","0101000020E610000045A22B6C61F44FC0768EA61F798021C0","0101000020E610000045A22B6C61F44FC0768EA61F798021C0",11040670,2024,"RO",1100205,"Porto Velho","Porto Velho",110020505,"C E PROFº LOURIVAL CHAGAS DA SILVA",1,0,"RUA MATRINCHA","915",NULL,"LAGOA","76812068","Catálogo de Escolas - agosto/2024","0","-8.750924100000002","-63.9092231","110020505060010","-8.7708244566847","-63.86914652509608","numero_aproximado","da03","6","RUA MATRINCHA, 915 (aprox) - LAGOA, PORTO VELHO - RO",1,False,"110020505060010","110020505070074","-8.7708244566847","-63.86914652509608","0","4928.96066159","1","4383.65338774",False,False
172637,8,"2025-08-26 09:59:31-03","2025-08-26 09:59:31-03","0101000020E61000005A8E46F421EC4FC018BB33C97E8021C0","0101000020E61000005A8E46F421EC4FC018BB33C97E8021C0",11002018,2024,"RO",1100205,"Porto Velho","Porto Velho",110020505,"EEEFM PROF FLORA CALHEIROS COTRIN",1,0,"RUA ASSIS CHATEAUBRIAND","7643","ZONA LESTE","ESPERANCA DA COMUNIDADE","76825012","Catálogo de Escolas - agosto/2024","0","-8.7509673","-63.8447862","110020505090090","-8.751167260622221","-63.844137196656895","numero_aproximado","da04","6","RUA ASSIS CHATEAUBRIAND, 7643 (aprox) - ESCOLA DE POLICIA, PORTO VELHO - RO",1,False,"110020505090090","110020505090090","-8.751167260622221","-63.844137196656895","0","74.71117032","1","0",True,NULL
172638,8,"2025-08-26 09:59:31-03","2025-08-26 09:59:31-03","0101000020E6100000D8369C64F1E84FC057CEBD0B848021C0","0101000020E6100000D8369C64F1E84FC057CEBD0B848021C0",11049596,2024,"RO",1100205,"Porto Velho","Porto Velho",110020505,"EMEI MAE MARGARIDA",1,0,"AVENIDA AMAZONAS",NULL,NULL,"JARDIM SANTANA","76828668","Catálogo de Escolas - agosto/2024","0","-8.75100743","-63.81986673","110020505000173","-8.74852820805141","-63.81095722743443","logradouro","dl03","304","AVENIDA AMAZONAS - JARDIM SANTANA, PORTO VELHO - RO, 76810-240",23,False,"110020505000173","110020505000077","-8.74852820805141","-63.81095722743443","0","1017.23090461","1","733.77204353",False,False
172639,8,"2025-08-26 09:59:31-03","2025-08-26 09:59:31-03","0101000020E6100000377EF2C17CED4FC0E45AFE8D878021C0","0101000020E6100000377EF2C17CED4FC0E45AFE8D878021C0",11046929,2024,"RO",1100205,"Porto Velho","Porto Velho",110020505,"APAE EDUCADORA DE PORTO VELHO",1,0,"RUA CRISTINA","6386",NULL,"IGARAPE","76824326","Catálogo de Escolas - agosto/2024","0","-8.7510342","-63.8553698","110020505090015","-8.750747680664062","-63.85558319091797","numero","dn03","6","RUA CRISTINA, 6386 - IGARAPE, PORTO VELHO - RO, 76825-126",1,False,"110020505090015","110020505090015","-8.750747680664062","-63.85558319091797","0","39.56030214","1","0",True,NULL
172640,8,"2025-08-26 09:59:31-03","2025-08-26 09:59:31-03","0101000020E6100000BBD05CA791F44FC0048D9944BD8021C0","0101000020E6100000BBD05CA791F44FC0048D9944BD8021C0",11047941,2024,"RO",1100205,"Porto Velho","Porto Velho",110020505,"CENTRO DE EDUCACAO PROFISSIONAL SENAC ESPLANADA",1,0,"RUA TABAJARA","539","AO LADO DO TJ","PANAIR","76801348","Catálogo de Escolas - agosto/2024","0","-8.751444","-63.910695","110020505060010","-8.751680374145508","-63.910587310791016","numero","dn04","6","RUA TABAJARA, 539 - OLARIA, PORTO VELHO - RO",1,False,"110020505060010","110020505060010","-8.751680374145508","-63.910587310791016","0","28.8253242","1","0",True,NULL
172641,8,"2025-08-26 09:59:31-03","2025-08-26 09:59:31-03","0101000020E6100000D4DC651AA8F34FC04AD1CABDC08021C0","0101000020E6100000D4DC651AA8F34FC04AD1CABDC08021C0",11050071,2024,"RO",1100205,"Porto Velho","Porto Velho",110020505,"ESCOLA DE MATERNAL E JARDIM O MUNDO ENCANTADO",1,0,"RUA JOSE CAMACHO","1340",NULL,"SAO JOAO BOSCO","76803708","Catálogo de Escolas - agosto/2024","0","-8.7514705","-63.9035676","110020505060103","-8.751391410827637","-63.90357971191406","numero","dn03","6","RUA JOSE CAMACHO, 1340 - SAO JOAO BOSCO, PORTO VELHO - RO, 76803-740",1,False,"110020505060103","110020505060103","-8.751391410827637","-63.90357971191406","0","8.89449416","1","0",True,NULL
172643,8,"2025-08-26 09:59:31-03","2025-08-26 09:59:31-03","0101000020E6100000F254D16927EF4FC08EFA35A3308121C0","0101000020E6100000F254D16927EF4FC08EFA35A3308121C0",11049073,2024,"RO",1100205,"Porto Velho","Porto Velho",110020505,"COLEGIO SAPIENS - UNIDADE INTENSIVO",1,0,"RUA PAULO FREIRE","4767",NULL,"FLODOALDO PONTES PINTO","76820514","Catálogo de Escolas - agosto/2024","0","-8.7523242","-63.8683903","110020505070035","-8.746130343833894","-63.871360777125886","localidade","db01","971","FLODOALDO PONTES PINTO, PORTO VELHO - RO",2383,False,"110020505070035","110020505070039","-8.746130343833894","-63.871360777125886","0","762.1806671","1","669.33956572",False,True
172645,8,"2025-08-26 09:59:31-03","2025-08-26 09:59:31-03","0101000020E6100000CE50DCF126EF4FC05FC7C90E3B8121C0","0101000020E6100000CE50DCF126EF4FC05FC7C90E3B8121C0",11000198,2024,"RO",1100205,"Porto Velho","Porto Velho",110020505,"COLEGIO SAPIENS - UNIDADE JARDIM DAS MANGUEIRAS",1,0,"RUA PAULO FREIRE","4767",NULL,"FLODOALDO PONTES PINTO","76820514","Catálogo de Escolas - agosto/2024","0","-8.7524037","-63.868376","110020505070035","-8.746130343833894","-63.871360777125886","localidade","db01","971","FLODOALDO PONTES PINTO, PORTO VELHO - RO",2383,False,"110020505070035","110020505070039","-8.746130343833894","-63.871360777125886","0","770.84549201","1","669.33956572",False,True
172647,8,"2025-08-26 09:59:31-03","2025-08-26 09:59:31-03","0101000020E6100000D808693288E84FC07582ECAB618121C0","0101000020E6100000D808693288E84FC07582ECAB618121C0",11038063,2024,"RO",1100205,"Porto Velho","Porto Velho",110020505,"EEEFM ULISSES GUIMARAES - CIVICO-MILITAR",1,0,"RUA TURMALINA","10015","ZONA LESTE","JARDIM SANTANA","76828626","Catálogo de Escolas - agosto/2024","0","-8.7526983","-63.8166564","110020505000009","-8.754734001929249","-63.82277387012374","numero_aproximado","da03","6","RUA TURMALINA, 10015 (aprox) - JARDIM SANTANA, PORTO VELHO - RO",1,False,"110020505000009","110020505000006","-8.754734001929249","-63.82277387012374","0","709.39286635","1","215.43110169",False,True
172649,8,"2025-08-26 09:59:31-03","2025-08-26 09:59:31-03","0101000020E61000002F26474B2FF44FC0E64647286C8121C0","0101000020E61000002F26474B2FF44FC0E64647286C8121C0",11049006,2024,"RO",1100205,"Porto Velho","Porto Velho",110020505,"MAPLE BEAR PORTO VELHO",1,0,"AVENIDA CALAMA","937",NULL,"OLARIA","76801309","Catálogo de Escolas - agosto/2024","0","-8.7527783","-63.9076933","110020505060010","-8.753119468688965","-63.90654754638672","numero","dn03","6","AVENIDA CALAMA, 937 - OLARIA, PORTO VELHO - RO, 76801-309",1,False,"110020505060010","110020505060010","-8.753119468688965","-63.90654754638672","0","131.50895124","1","0",True,NULL
172653,8,"2025-08-26 09:59:31-03","2025-08-26 09:59:31-03","0101000020E6100000C53BC09316F44FC069C4CC3E8F8121C0","0101000020E6100000C53BC09316F44FC069C4CC3E8F8121C0",11050918,2024,"RO",1100205,"Porto Velho","Porto Velho",110020505,"MAPLE BEAR KIDS PORTO VELHO",1,0,"AVENIDA CALAMA","937","937 B","OLARIA","76801309","Google 2025","1","-8.753046","-63.906939","110020505060010","-8.753119468688965","-63.90654754638672","numero","dn03","6","AVENIDA CALAMA, 937 - OLARIA, PORTO VELHO - RO, 76801-309",1,False,"110020505060010","110020505060010","-8.753119468688965","-63.90654754638672","0","43.78954669","1","0",True,NULL
172661,8,"2025-08-26 09:59:31-03","2025-08-26 09:59:31-03","0101000020E61000009803F3469CE94FC0DAF2DB210F8221C0","0101000020E61000009803F3469CE94FC0DAF2DB210F8221C0",11037482,2024,"RO",1100205,"Porto Velho","Porto Velho",110020505,"EMEIEF SAO MIGUEL",1,0,"RUA RAIMUNDO CANTUARIA","9589","ENTRE","JARDIM SANTANA","76828638","Catálogo de Escolas - agosto/2024","0","-8.7540217","-63.8250817","110020505000007","-8.748901574261943","-63.80094408181196","numero_aproximado","da03","6","RUA RAIMUNDO CANTUARIA, 9589 (aprox) - JARDIM SANTANA, PORTO VELHO - RO",1,False,"110020505000007","110020505000200","-8.748901574261943","-63.80094408181196","0","2713.14401181","1","2270.53892988",False,False
172662,8,"2025-08-26 09:59:31-03","2025-08-26 09:59:31-03","0101000020E61000005DC0CB0C1BF14FC099BB96900F8221C0","0101000020E61000005DC0CB0C1BF14FC099BB96900F8221C0",11050942,2024,"RO",1100205,"Porto Velho","Porto Velho",110020505,"CENTRO DAS POTENCIALIDADES HUMANAS - CPH",1,0,"AVENIDA JOSE VIEIRA CAULA","4942",NULL,"AGENOR DE CARVALHO","76820290","Google 2025","1","-8.754025","-63.883638","110020505070012","-8.752330432456645","-63.85912686811857","numero_aproximado","da04","6","AVENIDA JOSE VIEIRA CAULA, 4942 (aprox) - IGARAPE, PORTO VELHO - RO",1,True,"110020505070012","110020505090008","-8.750579737629781","-63.85024212760857","995.6535817","2700.35550708","1","2620.67205073",False,False
172665,8,"2025-08-26 09:59:31-03","2025-08-26 09:59:31-03","0101000020E6100000FE7C5BB054F24FC0728D2A1E728221C0","0101000020E6100000FE7C5BB054F24FC0728D2A1E728221C0",11050101,2024,"RO",1100205,"Porto Velho","Porto Velho",110020505,"ESCOLA DE EDUCACAO INFANTIL E ENSINO FUNDAMENTAL PEIXINHO FELIZ",1,0,"RUA JOAO GOULART C/ BENJAMIM CONSTAT","2263",NULL,"SAO CRISTOVAO","76804050","Catálogo de Escolas - agosto/2024","0","-8.7547769","-63.8932095","110020505060014","-8.756692136022188","-63.89377050204428","localidade","db01","724","SAO CRISTOVAO, PORTO VELHO - RO",1125,False,"110020505060014","110020505060016","-8.756692136022188","-63.89377050204428","0","221.70970715","1","189.83532635",False,True
172672,8,"2025-08-26 09:59:31-03","2025-08-26 09:59:31-03","0101000020E61000008EEE7B2F19F34FC06FEDE98FD58221C0","0101000020E61000008EEE7B2F19F34FC06FEDE98FD58221C0",11037601,2024,"RO",1100205,"Porto Velho","Porto Velho",110020505,"CEEJA PE MORETTI",1,0,"RUA HERBERT DE AZEVEDO","1649",NULL,"SAO CRISTOVAO","76804068","Catálogo de Escolas - agosto/2024","0","-8.7555356","-63.8992061","110020505060014","-8.756553612311057","-63.906613782343335","numero_aproximado","da04","6","RUA HERBERT DE AZEVEDO, 1649 (aprox) - OLARIA, PORTO VELHO - RO",2,False,"110020505060014","110020505060009","-8.756553612311057","-63.906613782343335","0","821.93025383","1","780.16337922",False,False
172673,8,"2025-08-26 09:59:31-03","2025-08-26 09:59:31-03","0101000020E61000001FE4ABD337F34FC06ECD0CD1D78221C0","0101000020E61000001FE4ABD337F34FC06ECD0CD1D78221C0",11003081,2024,"RO",1100205,"Porto Velho","Porto Velho",110020505,"INSTITUTO LAURA VICUNA",1,0,"RUA BENJAMIN CONSTANT","1531",NULL,"OLARIA","76801252","Catálogo de Escolas - agosto/2024","0","-8.7555528","-63.9001412","110020505060012","-8.756091117858887","-63.899967193603516","numero","dn03","6","RUA BENJAMIN CONSTANT, 1531 - OLARIA, PORTO VELHO - RO, 76801-252",1,False,"110020505060012","110020505060012","-8.756091117858887","-63.899967193603516","0","62.83877193","1","0",True,NULL
172685,8,"2025-08-26 09:59:31-03","2025-08-26 09:59:31-03","0101000020E6100000C43247A00BF14FC026C3226D808321C0","0101000020E6100000C43247A00BF14FC026C3226D808321C0",11049570,2024,"RO",1100205,"Porto Velho","Porto Velho",110020505,"EMEI COSME E DAMIAO",1,0,"URUGUAI","1834",NULL,"EMBRATEL","76820078","Catálogo de Escolas - agosto/2024","0","-8.756839190000004","-63.8831673","110020505070013","-8.75146622608953","-63.8811708951566","localidade","db01","819","EMBRATEL, PORTO VELHO - RO",3085,False,"110020505070013","110020505070010","-8.75146622608953","-63.8811708951566","0","636.4600151","1","409.66004087",False,False
172687,8,"2025-08-26 09:59:31-03","2025-08-26 09:59:31-03","0101000020E610000040DA83390FF44FC0CB042E558A8321C0","0101000020E610000040DA83390FF44FC0CB042E558A8321C0",11002506,2024,"RO",1100205,"Porto Velho","Porto Velho",110020505,"EEEFM MARECHAL CASTELO BRANCO",1,0,"RUA JOSE DE ALENCAR","3622",NULL,"OLARIA","76801226","Catálogo de Escolas - agosto/2024","0","-8.75691477","-63.90671462","110020505060009","-8.756944010104865","-63.9070836134118","numero_aproximado","da03","6","RUA JOSE DE ALENCAR, 3622 (aprox) - OLARIA, PORTO VELHO - RO",1,False,"110020505060009","110020505060009","-8.756944010104865","-63.9070836134118","0","40.68210053","1","0",True,NULL
172699,8,"2025-08-26 09:59:31-03","2025-08-26 09:59:31-03","0101000020E6100000C61858C7F1F14FC08C1BB7989F8321C0","0101000020E6100000C61858C7F1F14FC08C1BB7989F8321C0",11000473,2024,"RO",1100205,"Porto Velho","Porto Velho",110020505,"EMEF ANTONIO FERREIRA DA SILVA",1,0,"RUA DUQUE DE CAXIAS","2454",NULL,"SAO CRISTOVAO","76804018","Catálogo de Escolas - agosto/2024","0","-8.757077000000002","-63.890191","110020505060019","-8.759009975347595","-63.897291215171876","numero_aproximado","da03","6","RUA DUQUE DE CAXIAS, 2454 (aprox) - SAO CRISTOVAO, PORTO VELHO - RO",1,False,"110020505060019","110020505060021","-8.759009975347595","-63.897291215171876","0","809.36487996","1","491.3177391",False,False
172701,8,"2025-08-26 09:59:31-03","2025-08-26 09:59:31-03","0101000020E61000007429AE2A7BEE4FC0007D7906AF8321C0","0101000020E61000007429AE2A7BEE4FC0007D7906AF8321C0",11050624,2024,"RO",1100205,"Porto Velho","Porto Velho",110020505,"KOSMOS CENTRO EDUCAIONAL",1,0,"RUA RAIMUNDO MERCES","4951",NULL,"AGENOR DE CARVALHO","76820276","Catálogo de Escolas - agosto/2024","0","-8.757194712","-63.86313375","110020505070069","-8.75741958618164","-63.86301040649414","numero","dn04","6","RUA RAIMUNDO MERCES, 4951 - AGENOR M DE CARVALHO, PORTO VELHO - RO",1,False,"110020505070069","110020505070052","-8.75741958618164","-63.86301040649414","0","28.44277286","1","2.97481859",False,True
172702,8,"2025-08-26 09:59:31-03","2025-08-26 09:59:31-03","0101000020E6100000A053909F8DF34FC0F8EF0BF9B18321C0","0101000020E6100000A053909F8DF34FC0F8EF0BF9B18321C0",11050055,2024,"RO",1100205,"Porto Velho","Porto Velho",110020505,"CRECHE PRE ESCOLAR CANTINHO DA ALEGRIA",1,0,"AVENIDA CAMPOS SALES","3174",NULL,"OLARIA","76801246","Catálogo de Escolas - agosto/2024","0","-8.7572172","-63.9027595","110020505060013","-8.757240295410156","-63.902923583984375","numero","dn03","6","AVENIDA CAMPOS SALES, 3174 - OLARIA, PORTO VELHO - RO, 76801-246",1,False,"110020505060013","110020505060013","-8.757240295410156","-63.902923583984375","0","18.21458154","1","0",True,NULL
172705,8,"2025-08-26 09:59:31-03","2025-08-26 09:59:31-03","0101000020E61000001378CCE5ABEE4FC092DFEC20C08321C0","0101000020E61000001378CCE5ABEE4FC092DFEC20C08321C0",11003200,2024,"RO",1100205,"Porto Velho","Porto Velho",110020505,"EEEF NOSSA SENHORA DO AMPARO",1,0,"RUA CLEA MERCES","4914","COM A RUA REVERENDO","AGENOR DE CARVALHO","76820278","Catálogo de Escolas - agosto/2024","0","-8.7573252","-63.8646209","110020505070068","-8.75704288482666","-63.86463928222656","numero","dn04","6","RUA CLEA MERCES, 4914 - AGENOR M DE CARVALHO, PORTO VELHO - RO",1,False,"110020505070068","110020505070069","-8.75704288482666","-63.86463928222656","0","31.45699391","1","2.10041577",False,True
172707,8,"2025-08-26 09:59:31-03","2025-08-26 09:59:31-03","0101000020E6100000669BC019A1EB4FC0130EBDC5C38321C0","0101000020E6100000669BC019A1EB4FC0130EBDC5C38321C0",11001526,2024,"RO",1100205,"Porto Velho","Porto Velho",110020505,"EEEF MARIA CARMOSINA PINHEIRO",1,0,"RUA RAIMUNDO CANTUARIA","7893","ZONA LESTE","TIRADENTES","76829592","Catálogo de Escolas - agosto/2024","0","-8.757353","-63.8408539","110020505090032","-8.756011962890625","-63.83343505859374","numero_aproximado","da03","6","RUA RAIMUNDO CANTUARIA, 7893 (aprox) - TIRADENTES, PORTO VELHO - RO",1,False,"110020505090032","110020505090032","-8.756011962890625","-63.83343505859374","0","828.84700642","1","0",True,NULL
172708,8,"2025-08-26 09:59:31-03","2025-08-26 09:59:31-03","0101000020E610000075E9BA4B3DF04FC0322471A0D18321C0","0101000020E610000075E9BA4B3DF04FC0322471A0D18321C0",11050080,2024,"RO",1100205,"Porto Velho","Porto Velho",110020505,"COLEGIO CONCEITOS",1,0,"RUA EQUADOR","2188",NULL,"NOVA PORTO VELHO","76820154","Catálogo de Escolas - agosto/2024","0","-8.757458700000004","-63.8768706","110020505070019","-8.755156256657356","-63.877648142299684","numero_aproximado","da04","6","RUA EQUADOR, 2188 (aprox) - EMBRATEL, PORTO VELHO - RO",1,False,"110020505070019","110020505070008","-8.755156256657356","-63.877648142299684","0","269.90430595","1","137.20381536",False,True
172709,8,"2025-08-26 09:59:31-03","2025-08-26 09:59:31-03","0101000020E6100000F14CC34BCBF14FC098AE168ED68321C0","0101000020E6100000F14CC34BCBF14FC098AE168ED68321C0",11046643,2024,"RO",1100205,"Porto Velho","Porto Velho",110020505,"EIEF ALTERNATIVA",1,0,"RUA DUQUE DE CAXIAS","2622",NULL,"SAO CRISTOVAO","76804018","Catálogo de Escolas - agosto/2024","0","-8.7574963","-63.8890166","110020505060018","-8.759014297585574","-63.89730672328816","numero_aproximado","da03","6","RUA DUQUE DE CAXIAS, 2622 (aprox) - SAO CRISTOVAO, PORTO VELHO - RO",1,False,"110020505060018","110020505060021","-8.759014297585574","-63.89730672328816","0","926.57635646","1","848.68024046",False,False
172710,8,"2025-08-26 09:59:31-03","2025-08-26 09:59:31-03","0101000020E6100000E1CDE01026EF4FC0E6048E80E18321C0","0101000020E6100000E1CDE01026EF4FC0E6048E80E18321C0",11043946,2024,"RO",1100205,"Porto Velho","Porto Velho",110020505,"AMA-RO ASSOCIACAO DE PAIS E AMIGOS DO AUTISTA DE RONDONIA",1,0,"RUA ANARI","6199",NULL,"JD. ELDORADO","76811887","Catálogo de Escolas - agosto/2024","0","-8.75757982","-63.86834918","110020505070048","-8.787551879882812","-63.86931610107422","numero","dn04","6","RUA ANARI, 6199 - ELDORADO, PORTO VELHO - RO",1,False,"110020505070048","110020505080086","-8.787551879882812","-63.86931610107422","0","3334.43910572","1","3228.63748385",False,False
172711,8,"2025-08-26 09:59:31-03","2025-08-26 09:59:31-03","0101000020E610000010C935AA78F24FC046EA8722EE8321C0","0101000020E610000010C935AA78F24FC046EA8722EE8321C0",11001283,2024,"RO",1100205,"Porto Velho","Porto Velho",110020505,"EEEFM JOHN KENNEDY",1,0,"RUA SALGADO FILHO","2286",NULL,"SAO CRISTOVAO","76804039","Catálogo de Escolas - agosto/2024","0","-8.757676200000002","-63.8943074","110020505060020","-8.756393219525515","-63.894961939625354","numero_aproximado","da03","6","RUA SALGADO FILHO, 2286 (aprox) - SAO CRISTOVAO, PORTO VELHO - RO",2,False,"110020505060020","110020505060015","-8.756393219525515","-63.894961939625354","0","159.77037682","1","110.72645972",False,True
172712,8,"2025-08-26 09:59:31-03","2025-08-26 09:59:31-03","0101000020E6100000453BB885F8EF4FC0BEBEC579EE8321C0","0101000020E6100000453BB885F8EF4FC0BEBEC579EE8321C0",11000350,2024,"RO",1100205,"Porto Velho","Porto Velho",110020505,"COLEGIO ADVENTISTA DE PORTO VELHO",1,0,"AVENIDA PREFEITO CHIQUILITO ERSE","2166",NULL,"NOVA PORTO VELHO","76820161","Catálogo de Escolas - agosto/2024","0","-8.757678800000004","-63.8747718","110020505070047","-8.757765769958496","-63.874935150146484","numero","dn04","6","AVENIDA PREFEITO CHIQUILITO ERSE, 2166 - AGENOR M DE CARVALHO, PORTO VELHO - RO",1,False,"110020505070047","110020505070047","-8.757765769958496","-63.874935150146484","0","20.39102836","1","0",True,NULL
172714,8,"2025-08-26 09:59:31-03","2025-08-26 09:59:31-03","0101000020E61000001F2964DF7CED4FC09D0378C9078421C0","0101000020E61000001F2964DF7CED4FC09D0378C9078421C0",11003138,2024,"RO",1100205,"Porto Velho","Porto Velho",110020505,"IME ENGENHEIRO FRANCISCO ERSE",1,0,"AVENIDA AMAZONAS","6363",NULL,"CUNIA","76824475","Catálogo de Escolas - agosto/2024","0","-8.75787191","-63.85537331","110020505090007","-8.756499826416345","-63.84658439868415","numero_aproximado","da03","6","AVENIDA AMAZONAS, 6363 (aprox) - CUNIA, PORTO VELHO - RO",2,False,"110020505090007","110020505090004","-8.756499826416345","-63.84658439868415","0","977.86634137","1","696.9868088",False,False
172716,8,"2025-08-26 09:59:31-03","2025-08-26 09:59:31-03","0101000020E6100000B9F6AA3A50ED4FC0B7B6F0BC548421C0","0101000020E6100000B9F6AA3A50ED4FC0B7B6F0BC548421C0",11000023,2024,"RO",1100205,"Porto Velho","Porto Velho",110020505,"EEEE ABNAEL MACHADO DE LIMA - CENE",1,0,"AVENIDA AMAZONAS","6492","ZONA LESTE","TIRADENTES","76824556","Catálogo de Escolas - agosto/2024","0","-8.758459","-63.8540109","110020505090113","-8.758302688598633","-63.85417938232422","numero","dn03","6","AVENIDA AMAZONAS, 6492 - TIRADENTES, PORTO VELHO - RO, 76824-668",1,False,"110020505090113","110020505090113","-8.758302688598633","-63.85417938232422","0","25.39569927","1","0",True,NULL
172718,8,"2025-08-26 09:59:31-03","2025-08-26 09:59:31-03","0101000020E61000005F07CE1951F04FC03A3476D3778421C0","0101000020E61000005F07CE1951F04FC03A3476D3778421C0",11001119,2024,"RO",1100205,"Porto Velho","Porto Velho",110020505,"EEEFM GOV ARAUJO LIMA",1,0,"AVENIDA SETE DE SETEMBRO","3697","CENTRO NORTE","NOVA PORTO VELHO","76820150","Catálogo de Escolas - agosto/2024","0","-8.7587267","-63.877475","110020505070018","-8.760401687257222","-63.882447931693044","numero_aproximado","da03","6","AVENIDA SETE DE SETEMBRO, 3697 (aprox) - NOVA PORTO VELHO, PORTO VELHO - RO",1,False,"110020505070018","110020505070029","-8.760401687257222","-63.882447931693044","0","577.38090796","1","418.23903349",False,False
172721,8,"2025-08-26 09:59:31-03","2025-08-26 09:59:31-03","0101000020E610000089997D1EA3F24FC00C789961A38421C0","0101000020E610000089997D1EA3F24FC00C789961A38421C0",11051345,2024,"RO",1100205,"Porto Velho","Porto Velho",110020505,"COLEGIO PORTO MADEIRA",1,0,"RUA GETULIO VARGAS","2308",NULL,"SAO JOAO BOSCO","76804044","Google 2025","1","-8.759059000000002","-63.895603","110020505060020","-8.750505285710158","-63.89756010176043","numero_aproximado","da03","6","RUA GETULIO VARGAS, 2308 (aprox) - SAO JOAO BOSCO, PORTO VELHO - RO",1,False,"110020505060020","110020505060039","-8.750505285710158","-63.89756010176043","0","975.14687856","1","807.07451112",False,False
172723,8,"2025-08-26 09:59:31-03","2025-08-26 09:59:31-03","0101000020E610000079509A1771F44FC0A6F7E868B08421C0","0101000020E610000079509A1771F44FC0A6F7E868B08421C0",11000970,2024,"RO",1100205,"Porto Velho","Porto Velho",110020505,"EEEFM DUQUE DE CAXIAS",1,0,"AVENIDA FARQUAR","1969",NULL,"ARIGOLANDIA","76801209","Catálogo de Escolas - agosto/2024","0","-8.7591584","-63.9097013","110020505060028","-8.762297542152965","-63.908819248045035","numero_aproximado","da04","6","AVENIDA FARQUAR, 1969 (aprox) - CAIARI, PORTO VELHO - RO",1,True,"110020505060028","110020505060008","-8.76058840412593","-63.909167105868306","193.8545294","362.26703057","1","206.64775751",False,True
172725,8,"2025-08-26 09:59:31-03","2025-08-26 09:59:31-03","0101000020E61000004C6DA983BCEC4FC08BB26D07D98421C0","0101000020E61000004C6DA983BCEC4FC08BB26D07D98421C0",11048310,2024,"RO",1100205,"Porto Velho","Porto Velho",110020505,"EMEIEF FLOR DO PIQUIA",1,0,"RUA RAIMUNDO CANTUARIA","6727",NULL,"TIRADENTES","76801000","Catálogo de Escolas - agosto/2024","0","-8.7594683","-63.849503","110020505090113","-8.756011962890625","-63.83343505859375","numero_aproximado","da03","6","RUA RAIMUNDO CANTUARIA, 6727 (aprox) - TIRADENTES, PORTO VELHO - RO",1,False,"110020505090113","110020505090032","-8.756011962890625","-63.83343505859375","0","1807.1847221","1","1760.25271034",False,False
172727,8,"2025-08-26 09:59:31-03","2025-08-26 09:59:31-03","0101000020E61000000CEA5BE674F44FC0A9CF1FE4068521C0","0101000020E61000000CEA5BE674F44FC0A9CF1FE4068521C0",11003065,2024,"RO",1100205,"Porto Velho","Porto Velho",110020505,"IEE CARMELA DUTRA",1,0,"AV FARQUAR","1913",NULL,"ARIGOLANDIA","76801209","Catálogo de Escolas - agosto/2024","0","-8.7598182","-63.9098175","110020505060028","-8.758172436147422","-63.9096767176934","numero_aproximado","da04","6","AVENIDA FARQUAR, 1913 (aprox) - OLARIA, PORTO VELHO - RO",1,True,"110020505060028","110020505060009","-8.758172436147422","-63.9096767176934","0","183.65370403","1","6.55895612",False,True
172728,8,"2025-08-26 09:59:31-03","2025-08-26 09:59:31-03","0101000020E61000000CB501333AEB4FC0E11577723C8521C0","0101000020E61000000CB501333AEB4FC0E11577723C8521C0",11002123,2024,"RO",1100205,"Porto Velho","Porto Velho",110020505,"EEEFM RISOLETA NEVES",1,0,"RUA EDITE FEITOSA","8158","ZONA LESTE","TANCREDO NEVES","76829578","Catálogo de Escolas - agosto/2024","0","-8.7602268","-63.8377136","110020505090029","-8.760385134870774","-63.8381469068095","localidade","db01","685","TANCREDO NEVES, PORTO VELHO - RO",2184,False,"110020505090029","110020505090029","-8.760385134870774","-63.8381469068095","0","50.76997709","1","0",True,NULL
172729,8,"2025-08-26 09:59:31-03","2025-08-26 09:59:31-03","0101000020E6100000FEFB638CD5E94FC0B85B3FBB4B8521C0","0101000020E6100000FEFB638CD5E94FC0B85B3FBB4B8521C0",11048506,2024,"RO",1100205,"Porto Velho","Porto Velho",110020505,"EMEIEF FRANCISCO ELENILSON NEGREIROS",1,0,"RUA ALTO DA BRONZE","9422",NULL,"SOCIALISTA","76829130","Catálogo de Escolas - agosto/2024","0","-8.760343410000004","-63.82682948","110020505000179","-8.759516716003418","-63.82455062866211","numero_aproximado","pa03","6","RUA ALTO DO BRONZE, 9422 (aprox) - SOCIALISTA, PORTO VELHO - RO",1,False,"110020505000179","110020505000179","-8.759516716003418","-63.82455062866211","0","266.77870762","1","0",True,NULL
172733,8,"2025-08-26 09:59:31-03","2025-08-26 09:59:31-03","0101000020E6100000AF3D586BCDF04FC0D6E7C5E4688521C0","0101000020E6100000AF3D586BCDF04FC0D6E7C5E4688521C0",11048344,2024,"RO",1100205,"Porto Velho","Porto Velho",110020505,"CENTRO EDUCACIONAL TURMA DA MONICA",1,0,"RUA BUENOS AIRES","1504",NULL,"NOVA PORTO VELHO","76820138","Catálogo de Escolas - agosto/2024","0","-8.7605659","-63.8812689","110020505070016","-8.761469113544674","-63.881438600511565","numero_aproximado","da03","6","RUA BUENOS AIRES, 1504 (aprox) - NOVA PORTO VELHO, PORTO VELHO - RO",1,False,"110020505070016","110020505070029","-8.761469113544674","-63.881438600511565","0","102.14978645","1","7.52337",False,True
172735,8,"2025-08-26 09:59:31-03","2025-08-26 09:59:31-03","0101000020E610000078CCE5AB89F34FC07E213F76728521C0","0101000020E610000078CCE5AB89F34FC07E213F76728521C0",11048590,2024,"RO",1100205,"Porto Velho","Porto Velho",110020505,"EIEEFM JOJ BIT O MIRIM",2,2,"KM 32 -SENTIDO ACRE",NULL,"ALDEIA JUARI",NULL,"76839000","Catálogo de Escolas - agosto/2024","0","-8.7606389","-63.9026389","110020505060002","-8.836229025804817","-63.90871198866833","municipio","dm01","181697","PORTO VELHO - RO",134348,False,"110020505060002","110020505000188","-8.836229025804817","-63.90871198866833","0","8431.70125395","1","7929.05866042",False,False
172736,8,"2025-08-26 09:59:31-03","2025-08-26 09:59:31-03","0101000020E610000000FA224674F34FC012E456F77E8521C0","0101000020E610000000FA224674F34FC012E456F77E8521C0",11000058,2024,"RO",1100205,"Porto Velho","Porto Velho",110020505,"CENTRO DE ENSINO CLASSE A",1,0,"AVENIDA CARLOS GOMES","1135",NULL,"CENTRO","76801123","Catálogo de Escolas - agosto/2024","0","-8.7607343","-63.9019859","110020505060003","-8.761063575744629","-63.90188980102539","numero","dn03","6","AVENIDA CARLOS GOMES, 1135 - CENTRO, PORTO VELHO - RO, 76801-147",1,False,"110020505060003","110020505060003","-8.761063575744629","-63.90188980102539","0","38.10655351","1","0",True,NULL
172737,8,"2025-08-26 09:59:31-03","2025-08-26 09:59:31-03","0101000020E6100000E0728AC80FE84FC0E8305F5E808521C0","0101000020E6100000E0728AC80FE84FC0E8305F5E808521C0",11050721,2024,"RO",1100205,"Porto Velho","Porto Velho",110020505,"EMEI JUDITH HOLDER",1,0,"RUA DEZ SETOR 33","35","ORGULHO DO MADEIRA","SOCIALISTA","76828510","Catálogo de Escolas - agosto/2024","0","-8.760745","-63.81298167","110020505000115","-8.760682465551424","-63.82939810799344","localidade","db01","1370","SOCIALISTA, PORTO VELHO - RO",2677,False,"110020505000115","110020505000004","-8.760682465551424","-63.82939810799344","0","1804.1433603","1","1778.22699412",False,False
172738,8,"2025-08-26 09:59:31-03","2025-08-26 09:59:31-03","0101000020E61000000E12A27C41F34FC0732D5A80B68521C0","0101000020E61000000E12A27C41F34FC0732D5A80B68521C0",11000635,2024,"RO",1100205,"Porto Velho","Porto Velho",110020505,"EMEF BOHEMUNDO ALVARES AFONSO",2,0,"AREA RURAL",NULL,"EST. DOS PERIQUITOS","AREA RURAL DE PORTO VELHO","76834899","Coordenadas Sede do Município","3","-8.761158","-63.900436","110020505060003","-8.836229025804817","-63.90871198866833","municipio","dm01","181697","PORTO VELHO - RO",134348,False,"110020505060003","110020505000188","-8.836229025804817","-63.90871198866833","0","8396.9208222","1","8219.67410008",False,False
172739,8,"2025-08-26 09:59:31-03","2025-08-26 09:59:31-03","0101000020E61000000E12A27C41F34FC0732D5A80B68521C0","0101000020E61000000E12A27C41F34FC0732D5A80B68521C0",11001151,2024,"RO",1100205,"Porto Velho","Porto Velho",110020505,"EMEF HEITOR VILLA LOBOS",2,0,"MEDIO MADEIRA",NULL,"RAMAL N S DO ROSARIO","AREA RURAL DE PORTO VELHO","76834899","Coordenadas Sede do Município","3","-8.761158","-63.900436","110020505060003","-8.836229025804817","-63.90871198866833","municipio","dm01","181697","PORTO VELHO - RO",134348,False,"110020505060003","110020505000188","-8.836229025804817","-63.90871198866833","0","8396.9208222","1","8219.67410008",False,False
172740,8,"2025-08-26 09:59:31-03","2025-08-26 09:59:31-03","0101000020E61000000E12A27C41F34FC0732D5A80B68521C0","0101000020E61000000E12A27C41F34FC0732D5A80B68521C0",11001445,2024,"RO",1100205,"Porto Velho","Porto Velho",110020505,"EMEF PROFESSOR MANOEL GRANGEIRO",2,0,"AREA RURAL",NULL,NULL,"AREA RURAL DE PORTO VELHO","76834899","Coordenadas Sede do Município","3","-8.761158","-63.900436","110020505060003","-8.836229025804817","-63.90871198866833","municipio","dm01","181697","PORTO VELHO - RO",134348,False,"110020505060003","110020505000188","-8.836229025804817","-63.90871198866833","0","8396.9208222","1","8219.67410008",False,False
172741,8,"2025-08-26 09:59:31-03","2025-08-26 09:59:31-03","0101000020E61000000E12A27C41F34FC0732D5A80B68521C0","0101000020E61000000E12A27C41F34FC0732D5A80B68521C0",11001798,2024,"RO",1100205,"Porto Velho","Calama",110020515,"EMEF PADRE JOSE DE ANCHIETA",2,0,"GLEBA RIO PRETO KM 17",NULL,"LINHA ELETRONICA KM",NULL,"76837000","Coordenadas Sede do Município","3","-8.761158","-63.900436","110020505060003","-8.836229025804817","-63.90871198866833","municipio","dm01","181697","PORTO VELHO - RO",134348,False,"110020505060003","110020505000188","-8.836229025804817","-63.90871198866833","0","8396.9208222","1","8219.67410008",False,False
172742,8,"2025-08-26 09:59:31-03","2025-08-26 09:59:31-03","0101000020E61000000E12A27C41F34FC0732D5A80B68521C0","0101000020E61000000E12A27C41F34FC0732D5A80B68521C0",11002263,2024,"RO",1100205,"Porto Velho","São Carlos",110020540,"EMEF SAO LUIZ GONZAGA",2,0,"LOCALIDADE BRASILEIRA","S/N","BAIXO MADEIRA",NULL,"76835000","Coordenadas Sede do Município","3","-8.761158","-63.900436","110020505060003","-8.836229025804817","-63.90871198866833","municipio","dm01","181697","PORTO VELHO - RO",134348,False,"110020505060003","110020505000188","-8.836229025804817","-63.90871198866833","0","8396.9208222","1","8219.67410008",False,False
172743,8,"2025-08-26 09:59:31-03","2025-08-26 09:59:31-03","0101000020E61000000E12A27C41F34FC0732D5A80B68521C0","0101000020E61000000E12A27C41F34FC0732D5A80B68521C0",11002409,2024,"RO",1100205,"Porto Velho","Porto Velho",110020505,"EMEF UNIAO",2,0,"AREA RURAL",NULL,"ESTRADA DA PENAL","AREA RURAL DE PORTO VELHO","76834899","Coordenadas Sede do Município","3","-8.761158","-63.900436","110020505060003","-8.836229025804817","-63.90871198866833","municipio","dm01","181697","PORTO VELHO - RO",134348,False,"110020505060003","110020505000188","-8.836229025804817","-63.90871198866833","0","8396.9208222","1","8219.67410008",False,False
172744,8,"2025-08-26 09:59:31-03","2025-08-26 09:59:31-03","0101000020E61000000E12A27C41F34FC0732D5A80B68521C0","0101000020E61000000E12A27C41F34FC0732D5A80B68521C0",11038039,2024,"RO",1100205,"Porto Velho","Nova Califórnia",110020535,"EMEF UNIAO DA VITORIA",2,0,"RAMAL DO PIONEIRO KM 23","SN",NULL,"DISTRITO DE NOVA CALIFORNIA","76848000","Coordenadas Sede do Município","3","-8.761158","-63.900436","110020505060003","-8.836229025804817","-63.90871198866833","municipio","dm01","181697","PORTO VELHO - RO",134348,False,"110020505060003","110020505000188","-8.836229025804817","-63.90871198866833","0","8396.9208222","1","8219.67410008",False,False
172745,8,"2025-08-26 09:59:31-03","2025-08-26 09:59:31-03","0101000020E61000000E12A27C41F34FC0732D5A80B68521C0","0101000020E61000000E12A27C41F34FC0732D5A80B68521C0",11040548,2024,"RO",1100205,"Porto Velho","São Carlos",110020540,"EMEF RIO VERDE",2,0,"AGROVILA RIO VERDE - RIO JAMARI",NULL,"DIST. SAO CARLOS",NULL,"76835000","Coordenadas Sede do Município","3","-8.761158","-63.900436","110020505060003","-8.836229025804817","-63.90871198866833","municipio","dm01","181697","PORTO VELHO - RO",134348,False,"110020505060003","110020505000188","-8.836229025804817","-63.90871198866833","0","8396.9208222","1","8219.67410008",False,False
172746,8,"2025-08-26 09:59:31-03","2025-08-26 09:59:31-03","0101000020E61000000E12A27C41F34FC0732D5A80B68521C0","0101000020E61000000E12A27C41F34FC0732D5A80B68521C0",11040637,2024,"RO",1100205,"Porto Velho","Extrema",110020517,"EIEEFM SANTA MARIA KAXARARI",2,2,"ALDEIA PEDREIRA",NULL,"TERRA IND. KAXARARI",NULL,"76847000","Coordenadas Sede do Município","3","-8.761158","-63.900436","110020505060003","-8.836229025804817","-63.90871198866833","municipio","dm01","181697","PORTO VELHO - RO",134348,False,"110020505060003","110020505000188","-8.836229025804817","-63.90871198866833","0","8396.9208222","1","8219.67410008",False,False
172747,8,"2025-08-26 09:59:31-03","2025-08-26 09:59:31-03","0101000020E61000000E12A27C41F34FC0732D5A80B68521C0","0101000020E61000000E12A27C41F34FC0732D5A80B68521C0",11041773,2024,"RO",1100205,"Porto Velho","Extrema",110020517,"EIEEF FLORESTA MAIA",2,2,"ALDEIA MARMELINHO",NULL,"TERRA IND KAXARARI",NULL,"76847000","Coordenadas Sede do Município","3","-8.761158","-63.900436","110020505060003","-8.836229025804817","-63.90871198866833","municipio","dm01","181697","PORTO VELHO - RO",134348,False,"110020505060003","110020505000188","-8.836229025804817","-63.90871198866833","0","8396.9208222","1","8219.67410008",False,False
172748,8,"2025-08-26 09:59:31-03","2025-08-26 09:59:31-03","0101000020E61000000E12A27C41F34FC0732D5A80B68521C0","0101000020E61000000E12A27C41F34FC0732D5A80B68521C0",11045108,2024,"RO",1100205,"Porto Velho","Extrema",110020517,"EIEEFM KURANA KAXARARI",2,2,"ALDEIA PAXIUBA",NULL,NULL,NULL,"76847000","Coordenadas Sede do Município","3","-8.761158","-63.900436","110020505060003","-8.836229025804817","-63.90871198866833","municipio","dm01","181697","PORTO VELHO - RO",134348,False,"110020505060003","110020505000188","-8.836229025804817","-63.90871198866833","0","8396.9208222","1","8219.67410008",False,False
172749,8,"2025-08-26 09:59:31-03","2025-08-26 09:59:31-03","0101000020E61000000E12A27C41F34FC0732D5A80B68521C0","0101000020E61000000E12A27C41F34FC0732D5A80B68521C0",11045922,2024,"RO",1100205,"Porto Velho","Extrema",110020517,"EIEEFM KAIBU",2,2,"ALDEIA BARRRINHA",NULL,"TERRA IND. KAXARARI",NULL,"76847000","Coordenadas Sede do Município","3","-8.761158","-63.900436","110020505060003","-8.836229025804817","-63.90871198866833","municipio","dm01","181697","PORTO VELHO - RO",134348,False,"110020505060003","110020505000188","-8.836229025804817","-63.90871198866833","0","8396.9208222","1","8219.67410008",False,False
172750,8,"2025-08-26 09:59:31-03","2025-08-26 09:59:31-03","0101000020E61000000E12A27C41F34FC0732D5A80B68521C0","0101000020E61000000E12A27C41F34FC0732D5A80B68521C0",11047690,2024,"RO",1100205,"Porto Velho","Porto Velho",110020505,"EMEF FRANCISCO SALES DE OLIVEIRA",2,0,"KM 13",NULL,"VILA CODARON","ZONA RURAL","76801000","Coordenadas Sede do Município","3","-8.761158","-63.900436","110020505060003","-8.836229025804817","-63.90871198866833","municipio","dm01","181697","PORTO VELHO - RO",134348,False,"110020505060003","110020505000188","-8.836229025804817","-63.90871198866833","0","8396.9208222","1","8219.67410008",False,False
172751,8,"2025-08-26 09:59:31-03","2025-08-26 09:59:31-03","0101000020E61000000E12A27C41F34FC0732D5A80B68521C0","0101000020E61000000E12A27C41F34FC0732D5A80B68521C0",11049421,2024,"RO",1100205,"Porto Velho","Extrema",110020517,"EIEEF BINU",2,2,"ALDEIA NOVA",NULL,"TERRA IND. KAXARARI",NULL,"76847000","Coordenadas Sede do Município","3","-8.761158","-63.900436","110020505060003","-8.836229025804817","-63.90871198866833","municipio","dm01","181697","PORTO VELHO - RO",134348,False,"110020505060003","110020505000188","-8.836229025804817","-63.90871198866833","0","8396.9208222","1","8219.67410008",False,False
172752,8,"2025-08-26 09:59:31-03","2025-08-26 09:59:31-03","0101000020E61000000E12A27C41F34FC0732D5A80B68521C0","0101000020E61000000E12A27C41F34FC0732D5A80B68521C0",11049820,2024,"RO",1100205,"Porto Velho","Extrema",110020517,"EIEEF KUNANARI",2,2,"ALDEIA BURITI","SN","TERRA IND. KAXARARI",NULL,"76847000","Coordenadas Sede do Município","3","-8.761158","-63.900436","110020505060003","-8.836229025804817","-63.90871198866833","municipio","dm01","181697","PORTO VELHO - RO",134348,False,"110020505060003","110020505000188","-8.836229025804817","-63.90871198866833","0","8396.9208222","1","8219.67410008",False,False
172753,8,"2025-08-26 09:59:31-03","2025-08-26 09:59:31-03","0101000020E61000000E12A27C41F34FC0732D5A80B68521C0","0101000020E61000000E12A27C41F34FC0732D5A80B68521C0",11049839,2024,"RO",1100205,"Porto Velho","Extrema",110020517,"EIEEF KAWAPU",2,2,"ALDEIA KAWAPU",NULL,"TERRA IND KAXARARI",NULL,"76847000","Coordenadas Sede do Município","3","-8.761158","-63.900436","110020505060003","-8.836229025804817","-63.90871198866833","municipio","dm01","181697","PORTO VELHO - RO",134348,False,"110020505060003","110020505000188","-8.836229025804817","-63.90871198866833","0","8396.9208222","1","8219.67410008",False,False
172754,8,"2025-08-26 09:59:31-03","2025-08-26 09:59:31-03","0101000020E61000000E12A27C41F34FC0732D5A80B68521C0","0101000020E61000000E12A27C41F34FC0732D5A80B68521C0",11049847,2024,"RO",1100205,"Porto Velho","Extrema",110020517,"EIEEF APULY",2,2,"ALDEIA TSHAKUBY",NULL,"TERRA IND. KAXARARI",NULL,"76847000","Coordenadas Sede do Município","3","-8.761158","-63.900436","110020505060003","-8.836229025804817","-63.90871198866833","municipio","dm01","181697","PORTO VELHO - RO",134348,False,"110020505060003","110020505000188","-8.836229025804817","-63.90871198866833","0","8396.9208222","1","8219.67410008",False,False
172755,8,"2025-08-26 09:59:31-03","2025-08-26 09:59:31-03","0101000020E61000000E12A27C41F34FC0732D5A80B68521C0","0101000020E61000000E12A27C41F34FC0732D5A80B68521C0",11052201,2024,"RO",1100205,"Porto Velho","Extrema",110020517,"EIEEF ABYA",2,2,"ALDEIA INDIGENA CENTRAL",NULL,NULL,NULL,"76847000","Coordenadas Sede do Município","3","-8.761158","-63.900436","110020505060003","-8.836229025804817","-63.90871198866833","municipio","dm01","181697","PORTO VELHO - RO",134348,False,"110020505060003","110020505000188","-8.836229025804817","-63.90871198866833","0","8396.9208222","1","8219.67410008",False,False
172756,8,"2025-08-26 09:59:31-03","2025-08-26 09:59:31-03","0101000020E6100000C918C4ACBCEE4FC0F988F3CBBB8521C0","0101000020E6100000C918C4ACBCEE4FC0F988F3CBBB8521C0",11048883,2024,"RO",1100205,"Porto Velho","Porto Velho",110020505,"EMEIEF NOSSA SENHORA DO AMPARO",1,0,"RUA ESTER SALES","1600","PREDIO DA IGREJA","AGENOR MARTINS DE CARVALHO","76820234","Catálogo de Escolas - agosto/2024","0","-8.7611984","-63.8651329","110020505070043","-8.766149919682217","-63.86397221484104","numero_aproximado","pa03","6","RUA ESTHER SALES, 1600 (aprox) - AGENOR MARTINS DE CARVALHO, PORTO VELHO - RO",1,False,"110020505070043","110020505070042","-8.766149919682217","-63.86397221484104","0","565.16713113","1","120.10486421",False,True
172757,8,"2025-08-26 09:59:31-03","2025-08-26 09:59:31-03","0101000020E61000005F65C80CAFF44FC0CC8756DDD98521C0","0101000020E61000005F65C80CAFF44FC0CC8756DDD98521C0",11003154,2024,"RO",1100205,"Porto Velho","Porto Velho",110020505,"EEEF BRANCA DE NEVE",1,0,"RUA MAJOR AMARANTE","391","FRENTE A ASSEMBLEIA","CENTRO","76801004","Catálogo de Escolas - agosto/2024","0","-8.7614278","-63.9115921","110020505060007","-8.761075973510742","-63.91135025024414","numero","dn03","6","RUA MAJOR AMARANTE, 391 - CENTRO, PORTO VELHO - RO, 76801-004",1,False,"110020505060007","110020505060007","-8.761075973510742","-63.91135025024414","0","47.29598097","1","0",True,NULL
172759,8,"2025-08-26 09:59:31-03","2025-08-26 09:59:31-03","0101000020E6100000B9AAECBB22F44FC04B766C04E28521C0","0101000020E6100000B9AAECBB22F44FC04B766C04E28521C0",11001070,2024,"RO",1100205,"Porto Velho","São Carlos",110020540,"EMEF FRANCISCO BRAGA",2,0,"RESERVA EXTRATIVISTA DO LAGO DO CUNIA","S/N","BAIXO MADEIRA",NULL,"76835000","GEO LIDAS 2015","1","-8.76149","-63.90731","110020505060008","-8.836229025804817","-63.90871198866833","municipio","dm01","181697","PORTO VELHO - RO",134348,False,"110020505060008","110020505000188","-8.836229025804817","-63.90871198866833","0","8312.03976561","1","8028.74263786",False,False
172760,8,"2025-08-26 09:59:31-03","2025-08-26 09:59:31-03","0101000020E610000031D120054FEB4FC0F1E84910E38521C0","0101000020E610000031D120054FEB4FC0F1E84910E38521C0",11046538,2024,"RO",1100205,"Porto Velho","Porto Velho",110020505,"INSTITUTO EDUCACIONAL CINDERELA",1,0,"AVENIDA RIO DE JANEIRO","8069",NULL,"TANCREDO NEVES","76829585","Catálogo de Escolas - agosto/2024","0","-8.761497983","-63.838349","110020505090025","-8.761595726013184","-63.8382568359375","numero","dn03","6","AVENIDA RIO DE JANEIRO, 8069 - TANCREDO NEVES, PORTO VELHO - RO, 76805-827",1,False,"110020505090025","110020505090025","-8.761595726013184","-63.8382568359375","0","14.85643953","1","0",True,NULL
172761,8,"2025-08-26 09:59:31-03","2025-08-26 09:59:31-03","0101000020E61000006F2A52616CF34FC08995D1C8E78521C0","0101000020E61000006F2A52616CF34FC08995D1C8E78521C0",11049189,2024,"RO",1100205,"Porto Velho","Mutum Paraná",110020525,"EMEI ENCANTOS DE MUTUM",2,0,"RUA IDALINO KRUGER","82","NOVA MUTUM PARANA","CENTRO","76842000","GEO LIDAS 2015","1","-8.761534","-63.901745","110020505060003","-9.021088110364001","-64.36541593000756","localidade","db01","167331","CENTRO, PORTO VELHO - RO",2712,False,"110020505060003","110020520000007","-9.021088110364001","-64.36541593000756","0","58546.37405339","1","58472.49934421",False,False
172762,8,"2025-08-26 09:59:31-03","2025-08-26 09:59:31-03","0101000020E610000085FF3A58FBED4FC0D1E3A6EFFD8521C0","0101000020E610000085FF3A58FBED4FC0D1E3A6EFFD8521C0",11050691,2024,"RO",1100205,"Porto Velho","Porto Velho",110020505,"EMEI PROFESSORA LAUDICEIA MARIA LISBOA MONTEIRO",1,0,"RUA RAIMUNDO CANTUARIA",NULL,NULL,"TIRADENTES","76824571","Catálogo de Escolas - agosto/2024","0","-8.761703004","-63.85923293","110020505090112","-8.756011962890625","-63.83343505859375","logradouro","dl03","6","RUA RAIMUNDO CANTUARIA - TIRADENTES, PORTO VELHO - RO, 76824-649",1,False,"110020505090112","110020505090032","-8.756011962890625","-63.83343505859375","0","2904.90794498","1","2525.90751379",False,False
172763,8,"2025-08-26 09:59:31-03","2025-08-26 09:59:31-03","0101000020E6100000FC65206413E84FC03D4621E5018621C0","0101000020E6100000FC65206413E84FC03D4621E5018621C0",11050748,2024,"RO",1100205,"Porto Velho","Porto Velho",110020505,"EMEF MARIA FRANCISCA DE JESUS GONCALVES",1,0,"RUA OSWALDO RIBEIRO","S/N","QUADRA 536 LOTE 231","SOCIALISTA","76829210","Catálogo de Escolas - agosto/2024","0","-8.761733208000004","-63.81309177","110020505000116","-8.76335062299456","-63.82416588919504","logradouro","dl03","36","RUA OSWALDO RIBEIRO - SOCIALISTA, PORTO VELHO - RO, 76829-210",7,False,"110020505000116","110020505000252","-8.76335062299456","-63.82416588919504","0","1230.23214354","1","994.01940109",False,False
172764,8,"2025-08-26 09:59:31-03","2025-08-26 09:59:31-03","0101000020E61000001F0E12A27CF34FC059349D9D0C8621C0","0101000020E61000001F0E12A27CF34FC059349D9D0C8621C0",11040440,2024,"RO",1100205,"Porto Velho","Porto Velho",110020505,"EMEF VISTA ALEGRE",2,0,"RUA GASPAR ALEIXO","11",NULL,"SAO JORGE","76801000","GEO LIDAS 2015","1","-8.761815","-63.902241","110020505060002","-8.836229025804817","-63.90871198866833","municipio","dm01","181697","PORTO VELHO - RO",134348,False,"110020505060002","110020505000188","-8.836229025804817","-63.90871198866833","0","8304.9706877","1","7929.05866042",False,False
172765,8,"2025-08-26 09:59:31-03","2025-08-26 09:59:31-03","0101000020E61000000F0BB5A679F34FC05D21ACC6128621C0","0101000020E61000000F0BB5A679F34FC05D21ACC6128621C0",11001267,2024,"RO",1100205,"Porto Velho","Porto Velho",110020505,"EMEIEF JOAO AFRO VIEIRA",2,0,"RUA FRANCISCO FONTINELE","200",NULL,"VILA PRINCESA","76801000","GEO LIDAS 2015","1","-8.761862000000002","-63.90215","110020505060002","-8.849972607290441","-63.94079264725606","numero_aproximado","pa03","6","RUA FRANCISCO FONTENELE, 200 (aprox) - VILA PRINCESA, PORTO VELHO - RO",1,False,"110020505060002","110020505000049","-8.849972607290441","-63.94079264725606","0","10678.04980464","1","10304.81293855",False,False
172766,8,"2025-08-26 09:59:31-03","2025-08-26 09:59:31-03","0101000020E6100000A240E1E4E5E94FC0141EDEBA358621C0","0101000020E6100000A240E1E4E5E94FC0141EDEBA358621C0",11043989,2024,"RO",1100205,"Porto Velho","Porto Velho",110020505,"EMEIEF JESUS DE NAZARE",1,0,"RUA MANE GARRINCHA","3154",NULL,"SOCIALISTA","76801000","Catálogo de Escolas - agosto/2024","0","-8.762128677","-63.82732831","110020505000179","-8.762772567839454","-63.82791849856062","numero_aproximado","da03","6","RUA MANE GARRINCHA, 3154 (aprox) - SOCIALISTA, PORTO VELHO - RO",1,False,"110020505000179","110020505000003","-8.762772567839454","-63.82791849856062","0","96.60763034","1","11.12098183",False,True
172767,8,"2025-08-26 09:59:31-03","2025-08-26 09:59:31-03","0101000020E6100000917968482AEB4FC0BD5B934D3D8621C0","0101000020E6100000917968482AEB4FC0BD5B934D3D8621C0",11000660,2024,"RO",1100205,"Porto Velho","Porto Velho",110020505,"EMEIEF BOM PRINCIPIO",1,0,"RUA ENGENHEIRO PAULO PINHEIRO","1616",NULL,"TANCREDO NEVES","76829500","Catálogo de Escolas - agosto/2024","0","-8.762186455","-63.83722787","110020505090024","-8.760385134870774","-63.8381469068095","localidade","db01","685","TANCREDO NEVES, PORTO VELHO - RO",2184,False,"110020505090024","110020505090029","-8.760385134870774","-63.8381469068095","0","224.32175838","1","128.1824508",False,True
172768,8,"2025-08-26 09:59:31-03","2025-08-26 09:59:31-03","0101000020E6100000541A31B3CFF34FC0783B67B04E8621C0","0101000020E6100000541A31B3CFF34FC0783B67B04E8621C0",11002468,2024,"RO",1100205,"Porto Velho","Porto Velho",110020505,"EEEFM BARAO DO SOLIMOES",1,0,"RUA JOSE BONIFACIO","351",NULL,"CAIARI","76801144","Catálogo de Escolas - agosto/2024","0","-8.7623191","-63.904776","110020505060008","-8.760774031320576","-63.90486629074056","numero_aproximado","da03","6","RUA JOSE BONIFACIO, 351 (aprox) - CAIARI, PORTO VELHO - RO",1,False,"110020505060008","110020505060008","-8.760774031320576","-63.90486629074056","0","172.09034544","1","0",True,NULL
172772,8,"2025-08-26 09:59:31-03","2025-08-26 09:59:31-03","0101000020E610000055ACD0F69EEE4FC0BAA68AF3818621C0","0101000020E610000055ACD0F69EEE4FC0BAA68AF3818621C0",11001364,2024,"RO",1100205,"Porto Velho","Porto Velho",110020505,"EEEFM JUSCELINO KUBITSCHEK DE OLIVEIRA",1,0,"RUA RAIMUNDO CANTUARIA","5129",NULL,"AGENOR DE CARVALHO","76820247","Catálogo de Escolas - agosto/2024","0","-8.762710200000004","-63.8642262","110020505070068","-8.763409169085993","-63.865712936301435","numero_aproximado","da04","6","RUA RAIMUNDO CANTUARIA, 5129 (aprox) - AGENOR M DE CARVALHO, PORTO VELHO - RO",1,True,"110020505070068","110020505070043","-8.763409169085993","-63.865712936301435","0","180.93183266","1","121.18210046",False,True
172773,8,"2025-08-26 09:59:31-03","2025-08-26 09:59:31-03","0101000020E6100000AE34DF77C2F24FC0915731A6AA8621C0","0101000020E6100000AE34DF77C2F24FC0915731A6AA8621C0",11001640,2024,"RO",1100205,"Porto Velho","Porto Velho",110020505,"EEEFM MURILO BRAGA",1,0,"AVENIDA SETE DE SETEMBRO","1561",NULL,"CENTRO","76804102","Catálogo de Escolas - agosto/2024","0","-8.7630207","-63.8965597","110020505060022","-8.764458141968598","-63.901447605208894","numero_aproximado","da03","7","AVENIDA SETE DE SETEMBRO, 1561 (aprox) - CENTRO, PORTO VELHO - RO",1,False,"110020505060022","110020505060002","-8.764458141968598","-63.901447605208894","0","560.44133903","1","413.38350373",False,False
172774,8,"2025-08-26 09:59:31-03","2025-08-26 09:59:31-03","0101000020E61000002AC8CF46AEF34FC0B857E6ADBA8621C0","0101000020E61000002AC8CF46AEF34FC0B857E6ADBA8621C0",11002425,2024,"RO",1100205,"Porto Velho","Porto Velho",110020505,"EMEF VALE DO JAMARI",2,0,"RAMAL DO JACU, POSTE 63","S/Nº","BAIXO-MADEIRA","AREA RURAL DE PORTO VELHO","76834899","GEO LIDAS 2015","1","-8.763143","-63.903756","110020505060001","-8.836229025804817","-63.90871198866833","municipio","dm01","181697","PORTO VELHO - RO",134348,False,"110020505060001","110020505000188","-8.836229025804817","-63.90871198866833","0","8145.03326614","1","7779.28970864",False,False
172775,8,"2025-08-26 09:59:31-03","2025-08-26 09:59:31-03","0101000020E61000003163237359EF4FC09C621FAEE68621C0","0101000020E61000003163237359EF4FC09C621FAEE68621C0",11050861,2024,"RO",1100205,"Porto Velho","Porto Velho",110020505,"CENTRO EDUCACIONAL INFANTIL PLENITUDE",1,0,"RUA DOUTOR AGENOR DE CARVALHO","1029",NULL,"AGENOR DE CARVALHO","76820351","Catálogo de Escolas - agosto/2024","0","-8.7634787","-63.86991729","110020505070067","-8.764187812805176","-63.87031173706055","numero","dn04","6","RUA DOUTOR AGENOR DE CARVALHO, 1029 - AGENOR M DE CARVALHO, PORTO VELHO - RO",1,False,"110020505070067","110020505070067","-8.764187812805176","-63.87031173706055","0","89.9799486","1","0",True,NULL
172776,8,"2025-08-26 09:59:31-03","2025-08-26 09:59:31-03","0101000020E61000004EA72B8EB9EA4FC0BF72CE99FE8621C0","0101000020E61000004EA72B8EB9EA4FC0BF72CE99FE8621C0",11117800,2024,"RO",1100205,"Porto Velho","Porto Velho",110020505,"EMEIEF SOM DA CRAVIOLA",1,0,"RUA PIRITA","8525","NOS FUNDO DA IGREJA","TANCREDO NEVES","76829520","Catálogo de Escolas - agosto/2024","0","-8.7636612","-63.8337877","110020505090023","-8.763849722949018","-63.83349471235697","numero_aproximado","da03","6","RUA PIRITA, 8525 (aprox) - TANCREDO NEVES, PORTO VELHO - RO",1,False,"110020505090023","110020505090023","-8.763849722949018","-63.83349471235697","0","38.42107006","1","0",True,NULL
172778,8,"2025-08-26 09:59:31-03","2025-08-26 09:59:31-03","0101000020E61000002B9DB415A0F34FC03E5BF6DA228721C0","0101000020E61000002B9DB415A0F34FC03E5BF6DA228721C0",11046457,2024,"RO",1100205,"Porto Velho","Porto Velho",110020505,"COLEGIO VALE DO GUAPORE",1,0,"RUA GONCALVES DIAS","131",NULL,"CENTRO","76801076","Catálogo de Escolas - agosto/2024","0","-8.763937800000004","-63.9033229","110020505060001","-8.763776837298554","-63.903115755172756","numero_aproximado","da03","6","RUA GONCALVES DIAS, 131 (aprox) - CENTRO, PORTO VELHO - RO",1,False,"110020505060001","110020505060001","-8.763776837298554","-63.903115755172756","0","28.95812548","1","0",True,NULL
172779,8,"2025-08-26 09:59:31-03","2025-08-26 09:59:31-03","0101000020E61000008B36C7B94DEE4FC010406A13278721C0","0101000020E61000008B36C7B94DEE4FC010406A13278721C0",11051280,2024,"RO",1100205,"Porto Velho","Porto Velho",110020505,"CRECHE E PRE ESCOLA ESPACO LIVRE",1,0,"RUA DELEGADO MAURO DOS SANTOS","893",NULL,"AGENOR DE CARVALHO","76820242","Google 2025","1","-8.76397","-63.861747","110020505070041","-8.76391315460205","-63.8614387512207","numero","dn04","6","RUA DELEGADO MAURO DOS SANTOS, 893 - AGENOR M DE CARVALHO, PORTO VELHO - RO",2,False,"110020505070041","110020505070041","-8.76391315460205","-63.8614387512207","0","34.46023357","1","0",True,NULL
172780,8,"2025-08-26 09:59:31-03","2025-08-26 09:59:31-03","0101000020E6100000719582C9E8EF4FC0270C6F7B278721C0","0101000020E6100000719582C9E8EF4FC0270C6F7B278721C0",11001461,2024,"RO",1100205,"Porto Velho","Porto Velho",110020505,"EMEF MANOEL PEDRO PEREIRA",2,0,"RODOVIA BR-364","S/N","KM 24","ZONA RURAL","76807001","Catálogo de Escolas - agosto/2024","0","-8.7639731","-63.8742916","110020505070020","-8.836229025804817","-63.90871198866833","municipio","dm01","181697","PORTO VELHO - RO",134348,False,"110020505070020","110020505000188","-8.836229025804817","-63.90871198866833","0","8880.27060741","1","8571.8046736",False,False
172781,8,"2025-08-26 09:59:31-03","2025-08-26 09:59:31-03","0101000020E6100000CF94E70B6BF04FC075D14CD42B8721C0","0101000020E6100000CF94E70B6BF04FC075D14CD42B8721C0",11000201,2024,"RO",1100205,"Porto Velho","Porto Velho",110020505,"EMEF PROF HERBERT DE ALENCAR",1,0,"RUA MANOEL LAURENTINO DE SOUZA","1299","ESCOLA","NOVA PORTO VELHO","76820168","Catálogo de Escolas - agosto/2024","0","-8.764006266000004","-63.8782668","110020505070022","-8.752906463591957","-63.88013258659673","numero_aproximado","da04","7","RUA MANOEL LAURENTINO DE SOUZA, 1299 (aprox) - EMBRATEL, PORTO VELHO - RO",1,False,"110020505070022","110020505070014","-8.752906463591957","-63.88013258659673","0","1251.15989821","1","1189.72375126",False,False
172782,8,"2025-08-26 09:59:31-03","2025-08-26 09:59:31-03","0101000020E6100000B19C2919A5F14FC00CB20A40488721C0","0101000020E6100000B19C2919A5F14FC00CB20A40488721C0",11002549,2024,"RO",1100205,"Porto Velho","Porto Velho",110020505,"EEEFM RIO BRANCO",1,0,"RUA RAFAEL VAZ E SILVA","1250",NULL,"NOSSA SENHORA DAS GRACAS","76804162","Catálogo de Escolas - agosto/2024","0","-8.764223100000002","-63.8878509","110020505060047","-8.764505386352539","-63.888145446777344","numero","dn03","6","RUA RAFAEL VAZ E SILVA, 1250 - NOSSA SENHORA DAS GRACAS, PORTO VELHO - RO, 76804-162",1,False,"110020505060047","110020505060047","-8.764505386352539","-63.888145446777344","0","45.089452","1","0",True,NULL
172783,8,"2025-08-26 09:59:31-03","2025-08-26 09:59:31-03","0101000020E61000006D156987E4E94FC0366EF793AD8721C0","0101000020E61000006D156987E4E94FC0366EF793AD8721C0",11050039,2024,"RO",1100205,"Porto Velho","Porto Velho",110020505,"EMEI ENGº WALMER ADAO DENNY SIQUEIRA",1,0,"RUA OSVALDO RIBEIRO","2186",NULL,"SOCIALISTA","76801000","Catálogo de Escolas - agosto/2024","0","-8.76499617","-63.82728665","110020505000179","-8.763258934020996","-63.8239860534668","numero_aproximado","pa03","6","RUA OSWALDO RIBEIRO, 2186 (aprox) - SOCIALISTA, PORTO VELHO - RO",1,False,"110020505000179","110020505000252","-8.763258934020996","-63.8239860534668","0","410.95594889","1","16.40844564",False,True
172785,8,"2025-08-26 09:59:31-03","2025-08-26 09:59:31-03","0101000020E6100000F6F708EBB5F24FC0AB7823F3C88721C0","0101000020E6100000F6F708EBB5F24FC0AB7823F3C88721C0",11000082,2024,"RO",1100205,"Porto Velho","Porto Velho",110020505,"CENTRO EDUCACIONAL PRESBITERIANO 15 DE NOVEMBRO",1,0,"RUA ALMIRANTE BARROSO","1483",NULL,"SANTA BARBARA","76804214","Catálogo de Escolas - agosto/2024","0","-8.765205","-63.8961767","110020505060023","-8.76545238494873","-63.89619064331055","numero","dn04","6","RUA ALMIRANTE BARROSO, 1483 - KM 1, PORTO VELHO - RO",1,False,"110020505060023","110020505060023","-8.76545238494873","-63.89619064331055","0","27.55063462","1","0",True,NULL
172786,8,"2025-08-26 09:59:31-03","2025-08-26 09:59:31-03","0101000020E6100000B0EB72A5F9F24FC0AE65321CCF8721C0","0101000020E6100000B0EB72A5F9F24FC0AE65321CCF8721C0",11050519,2024,"RO",1100205,"Porto Velho","Porto Velho",110020505,"IESB - INSTITUTO ESCOLAR SOMOS BRASILEIROS",1,0,"RUA MARECHAL DEODORO","1856",NULL,"CENTRO","76801098","Catálogo de Escolas - agosto/2024","0","-8.765252","-63.8982436","110020505060005","-8.760070922018771","-63.899720327702816","numero_aproximado","da03","6","RUA MARECHAL DEODORO, 1856 (aprox) - CENTRO, PORTO VELHO - RO",1,False,"110020505060005","110020505060003","-8.760070922018771","-63.899720327702816","0","598.53207098","1","435.29090646",False,False
172790,8,"2025-08-26 09:59:31-03","2025-08-26 09:59:31-03","0101000020E61000004CC11A67D3ED4FC0C4B0C398F48721C0","0101000020E61000004CC11A67D3ED4FC0C4B0C398F48721C0",11051302,2024,"RO",1100205,"Porto Velho","Porto Velho",110020505,"SABE QUE SABE CENTRO EDUCACIONAL",1,0,"RUA FRANCISCO DIAS","2590",NULL,"LAGOINHA","76829720","Google 2025","1","-8.765538","-63.858014","110020505090072","-8.765657424926758","-63.858055114746094","numero","dn03","6","RUA FRANCISCO DIAS, 2590 - LAGOINHA, PORTO VELHO - RO, 76829-720",1,False,"110020505090072","110020505090072","-8.765657424926758","-63.858055114746094","0","14.02710749","1","0",True,NULL
172791,8,"2025-08-26 09:59:31-03","2025-08-26 09:59:31-03","0101000020E6100000B538BE5186F34FC0E141FD78F98721C0","0101000020E6100000B538BE5186F34FC0E141FD78F98721C0",11003090,2024,"RO",1100205,"Porto Velho","Porto Velho",110020505,"INSTITUTO MARIA AUXILIADORA",1,0,"RUA IRMA CAPELLI","41",NULL,"CENTRO","76801082","Catálogo de Escolas - agosto/2024","0","-8.765575200000002","-63.9025366","110020505060006","-8.76546859741211","-63.90220642089844","numero","dn03","6","RUA IRMA CAPELLI, 41 - CENTRO, PORTO VELHO - RO, 76801-082",1,False,"110020505060006","110020505060006","-8.76546859741211","-63.90220642089844","0","38.17257836","1","0",True,NULL
172794,8,"2025-08-26 09:59:31-03","2025-08-26 09:59:31-03","0101000020E61000005D6F9BA910F04FC0B28607A42F8821C0","0101000020E61000005D6F9BA910F04FC0B28607A42F8821C0",11000651,2024,"RO",1100205,"Porto Velho","Porto Velho",110020505,"EMEF BOM JESUS",1,0,"RUA RAIMUNDO CANTUARIA","3862","PREDIO ANEXO IGREJA","NOVA PORTO VELHO","76820180","Catálogo de Escolas - agosto/2024","0","-8.76598847","-63.8755085","110020505070021","-8.763538328346769","-63.86625700688945","numero_aproximado","da04","6","RUA RAIMUNDO CANTUARIA, 3862 (aprox) - AGENOR M DE CARVALHO, PORTO VELHO - RO",1,True,"110020505070021","110020505070043","-8.763538328346769","-63.86625700688945","0","1052.57755672","1","814.7070442",False,False
172796,8,"2025-08-26 09:59:31-03","2025-08-26 09:59:31-03","0101000020E610000064247B849AEF4FC0B8019F1F468821C0","0101000020E610000064247B849AEF4FC0B8019F1F468821C0",11050900,2024,"RO",1100205,"Porto Velho","Porto Velho",110020505,"CRECHE E PRE ESCOLA ESPACO CRIANCA E CIA",1,0,"RUA EDUARDO LIMA E SILVA","1124",NULL,"AGENOR DE CARVALHO","76820202","Google 2025","1","-8.76616","-63.871903","110020505070045","-8.764078557946645","-63.87261972961031","numero_aproximado","da04","7","RUA EDUARDO LIMA E SILVA, 1124 (aprox) - AGENOR M DE CARVALHO, PORTO VELHO - RO",1,True,"110020505070045","110020505070066","-8.764078557946645","-63.87474391099297","233.44068824","244.48189179","1","88.04617292",False,True
172797,8,"2025-08-26 09:59:31-03","2025-08-26 09:59:31-03","0101000020E61000000650E7E50BEB4FC08843CAAA638821C0","0101000020E61000000650E7E50BEB4FC08843CAAA638821C0",11000856,2024,"RO",1100205,"Porto Velho","Porto Velho",110020505,"EEEFM PROFESSOR DANIEL NERI DA SILVA - CIVICO-MILITAR",1,0,"RUA BENEDITO INOCENCIO","4846","ZONA LESTE","JUSCELINO KUBITSCHEK","76829426","Catálogo de Escolas - agosto/2024","0","-8.766385400000004","-63.8363006","110020505090042","-8.767062022904346","-63.83706912765261","numero_aproximado","da03","6","RUA BENEDITO INOCENCIO, 4846 (aprox) - JUSCELINO KUBITSCHEK, PORTO VELHO - RO",1,False,"110020505090042","110020505090041","-8.767062022904346","-63.83706912765261","0","113.10967874","1","35.79682556",False,True
172798,8,"2025-08-26 09:59:31-03","2025-08-26 09:59:31-03","0101000020E610000065F1ACEEA2EE4FC0088F801B738821C0","0101000020E610000065F1ACEEA2EE4FC0088F801B738821C0",11040998,2024,"RO",1100205,"Porto Velho","Porto Velho",110020505,"CESC - CENTRO EDUC SONHOS DE CRIANCA",1,0,"RUA GOVERNADOR ARI MARCOS","1050",NULL,"AGENOR DE CARVALHO","76820232","Catálogo de Escolas - agosto/2024","0","-8.766503200000002","-63.8643473","110020505070042","-8.766470909118652","-63.864810943603516","numero","dn04","6","RUA GOVERNADOR ARI MARCOS, 1050 - AGENOR MARTINS DE CARVALHO, PORTO VELHO - RO",1,False,"110020505070042","110020505070042","-8.766470909118652","-63.864810943603516","0","51.07896371","1","0",True,NULL
172802,8,"2025-08-26 09:59:31-03","2025-08-26 09:59:31-03","0101000020E6100000349954E18DF34FC0FB76331FE78821C0","0101000020E6100000349954E18DF34FC0FB76331FE78821C0",11047933,2024,"RO",1100205,"Porto Velho","Porto Velho",110020505,"EMEIEF PEQUENO POLEGAR",1,0,"RUA 13 DE MAIO","2170",NULL,"MOCAMBO","76804274","Catálogo de Escolas - agosto/2024","0","-8.76738832","-63.90276734","110020505060024","-8.836229025804817","-63.90871198866833","municipio","dm01","181697","PORTO VELHO - RO",134348,False,"110020505060024","110020505000188","-8.836229025804817","-63.90871198866833","0","7682.56952251","1","7307.26151222",False,False
172803,8,"2025-08-26 09:59:31-03","2025-08-26 09:59:31-03","0101000020E6100000A3C38DA559F24FC00FD253E4108921C0","0101000020E6100000A3C38DA559F24FC00FD253E4108921C0",11001712,2024,"RO",1100205,"Porto Velho","Porto Velho",110020505,"EEEF NOSSA SENHORA DAS GRACAS",1,0,"RUA JACY PARANA","1881",NULL,"NOSSA SENHORA DAS GRACAS","76804418","Catálogo de Escolas - agosto/2024","0","-8.767707","-63.8933608","110020505060048","-8.766780919917746","-63.88790983416112","numero_aproximado","pa03","6","RUA JACI PARANA, 1881 (aprox) - NOSSA SENHORA DAS GRACAS, PORTO VELHO - RO",1,False,"110020505060048","110020505060047","-8.766780919917746","-63.88790983416112","0","607.8248586","1","194.62476565",False,True
172804,8,"2025-08-26 09:59:31-03","2025-08-26 09:59:31-03","0101000020E61000006725523F14EB4FC0C2B80A18138921C0","0101000020E61000006725523F14EB4FC0C2B80A18138921C0",11037865,2024,"RO",1100205,"Porto Velho","Porto Velho",110020505,"EMEIF ULISSES SOARES FERREIRA",1,0,"RUA JOSE AMADOR DOS REIS","2938",NULL,"JUSCELINO KUBITSCHEK JKI","76829422","Catálogo de Escolas - agosto/2024","0","-8.767723800000002","-63.8365554","110020505090043","-8.767807960510254","-63.8364143371582","numero","dn04","6","RUA JOSE AMADOR DOS REIS, 2938 - JUSCELINO KUBITSCHEK, PORTO VELHO - RO",1,False,"110020505090043","110020505090043","-8.767807960510254","-63.8364143371582","0","18.10786278","1","0",True,NULL
172806,8,"2025-08-26 09:59:31-03","2025-08-26 09:59:31-03","0101000020E6100000055E9812EAEA4FC042FDBFCE738921C0","0101000020E6100000055E9812EAEA4FC042FDBFCE738921C0",11048530,2024,"RO",1100205,"Porto Velho","Porto Velho",110020505,"EMEIEF VOO DA JURITI",1,0,"RUA ANTONIO FRAGA MOREIRA","2833",NULL,"JK I","76829306","Catálogo de Escolas - agosto/2024","0","-8.768461667","-63.83526833","110020505090043","-8.768521308898926","-63.835044860839844","numero","dn04","6","RUA ANTONIO FRAGA MOREIRA, 2833 - JUSCELINO KUBITSCHEK, PORTO VELHO - RO",1,False,"110020505090043","110020505090043","-8.768521308898926","-63.835044860839844","0","25.43795381","1","0",True,NULL
172808,8,"2025-08-26 09:59:31-03","2025-08-26 09:59:31-03","0101000020E6100000814BB6700FF04FC01449F4328A8921C0","0101000020E6100000814BB6700FF04FC01449F4328A8921C0",11000104,2024,"RO",1100205,"Porto Velho","Porto Velho",110020505,"CENTRO EDUC CORA CORALINA",1,0,"RUA MEXICO","1056",NULL,"NOVA PORTO VELHO","76820190","Catálogo de Escolas - agosto/2024","0","-8.768632500000002","-63.8754712","110020505070023","-8.752421995511757","-63.879266949095936","numero_aproximado","da04","6","RUA MEXICO, 1056 (aprox) - EMBRATEL, PORTO VELHO - RO",2,False,"110020505070023","110020505070014","-8.752421995511757","-63.879266949095936","0","1850.16702248","1","1726.56883808",False,False
172809,8,"2025-08-26 09:59:31-03","2025-08-26 09:59:31-03","0101000020E610000083DA6FED44EF4FC0C47762D68B8921C0","0101000020E610000083DA6FED44EF4FC0C47762D68B8921C0",11050977,2024,"RO",1100205,"Porto Velho","Porto Velho",110020505,"EEEFM SAO DOMINGOS SAVIO - UNIDADE I",1,0,"AV. RIO DE JANEIRO","4934",NULL,"LAGOA","76820203","Google 2025","1","-8.768645","-63.869291","110020505070074","-8.768619537353516","-63.86924362182617","numero","dn03","6","AVENIDA RIO DE JANEIRO, 4934 - LAGOA, PORTO VELHO - RO, 76812-080",1,False,"110020505070074","110020505070074","-8.768619537353516","-63.86924362182617","0","5.9266794","1","0",True,NULL
172810,8,"2025-08-26 09:59:31-03","2025-08-26 09:59:31-03","0101000020E610000055FB743C66F04FC0BEA24A83918921C0","0101000020E610000055FB743C66F04FC0BEA24A83918921C0",11001135,2024,"RO",1100205,"Porto Velho","Porto Velho",110020505,"COLEGIO MILITAR DOM PEDRO II - CMDP II - UNIDADE I",1,0,"RUA ALEXANDRE GUIMARAES","3862",NULL,"NOVA PORTO VELHO","76820191","Catálogo de Escolas - agosto/2024","0","-8.768688300000004","-63.87812","110020505070023","-8.768095789811461","-63.87845149945736","numero_aproximado","da03","7","RUA ALEXANDRE GUIMARAES, 3862 (aprox) - NOVA PORTO VELHO, PORTO VELHO - RO",4,False,"110020505070023","110020505070024","-8.768095789811461","-63.87845149945736","0","75.2854357","1","14.66009819",False,True
172811,8,"2025-08-26 09:59:31-03","2025-08-26 09:59:31-03","0101000020E610000095FA0D6EC6EC4FC01566DAFE958921C0","0101000020E610000095FA0D6EC6EC4FC01566DAFE958921C0",11050470,2024,"RO",1100205,"Porto Velho","Porto Velho",110020505,"EMEI PROFESSOR FRANCISCO MARTO DE AZEVEDO",1,0,"RUA DANIELE","2142",NULL,"LAGOINHA","76829818","Catálogo de Escolas - agosto/2024","0","-8.768722500000004","-63.8498056","110020505090115","-8.76811044392397","-63.84903232793952","numero_aproximado","pa03","14","RUA DANIELA, 2142 (aprox) - LAGOINHA, PORTO VELHO - RO",107,False,"110020505090115","110020505090121","-8.76811044392397","-63.84903232793952","0","108.87281679","1","41.34759356",False,True
172813,8,"2025-08-26 09:59:31-03","2025-08-26 09:59:31-03","0101000020E610000067ED5B525AEF4FC0687D25EBCB8921C0","0101000020E610000067ED5B525AEF4FC0687D25EBCB8921C0",11002514,2024,"RO",1100205,"Porto Velho","Porto Velho",110020505,"EEEFM PROF ORLANDO FREIRE",1,0,"AVENIDA RIO DE JANEIRO","4864","AO LADO DO SESI","AGENOR DE CARVALHO","76820235","Catálogo de Escolas - agosto/2024","0","-8.7691339","-63.8699439","110020505070074","-8.76881217956543","-63.86994171142578","numero","dn04","6","AVENIDA RIO DE JANEIRO, 4864 - LAGOA, PORTO VELHO - RO",1,False,"110020505070074","110020505070074","-8.76881217956543","-63.86994171142578","0","35.77453788","1","0",True,NULL
172814,8,"2025-08-26 09:59:31-03","2025-08-26 09:59:31-03","0101000020E610000058DD8F8076EF4FC06ADAC534D38921C0","0101000020E610000058DD8F8076EF4FC06ADAC534D38921C0",11049944,2024,"RO",1100205,"Porto Velho","Porto Velho",110020505,"CEET- CENTRO DE EXCELENCIA EM EDUCACAO E TECNOLOGIA SENAI SEBASTIAO CAMARGO",1,0,"RUA MATRINCHA","895",NULL,"LAGOA","76812068","Catálogo de Escolas - agosto/2024","0","-8.7691895","-63.8708039","110020505070074","-8.770809122601094","-63.869135209831825","numero_aproximado","da03","6","RUA MATRINCHA, 895 (aprox) - LAGOA, PORTO VELHO - RO",1,False,"110020505070074","110020505070074","-8.770809122601094","-63.869135209831825","0","257.02601264","1","0",True,NULL
172815,8,"2025-08-26 09:59:31-03","2025-08-26 09:59:31-03","0101000020E61000000AE12C8084EC4FC09CD8E841E68921C0","0101000020E61000000AE12C8084EC4FC09CD8E841E68921C0",11048298,2024,"RO",1100205,"Porto Velho","Porto Velho",110020505,"EMEIEF PADRE GEOVANI MENDES",1,0,"RUA BENEDITO INOCENCIO","6913",NULL,"TRES MARIAS","76829819","Catálogo de Escolas - agosto/2024","0","-8.76933485","-63.8477936","110020505090122","-8.769498888182655","-63.84750273476114","numero_aproximado","da03","7","RUA BENEDITO INOCENCIO, 6913 (aprox) - TRES MARIAS, PORTO VELHO - RO",1,False,"110020505090122","110020505090050","-8.769498888182655","-63.84750273476114","0","36.80282483","1","8.69213494",False,True
172816,8,"2025-08-26 09:59:31-03","2025-08-26 09:59:31-03","0101000020E61000009F89552877EF4FC0CF914BD2EB8921C0","0101000020E61000009F89552877EF4FC0CF914BD2EB8921C0",11000880,2024,"RO",1100205,"Porto Velho","Porto Velho",110020505,"CENTRO EDUCACIONAL DR GILBERTO MENDES DE AZEVEDO",1,0,"AVENIDA RIO DE JANEIRO","4734",NULL,"LAGOA","76812080","Catálogo de Escolas - agosto/2024","0","-8.7693773","-63.8708239","110020505070074","-8.769133567810059","-63.87127685546875","numero","dn03","6","AVENIDA RIO DE JANEIRO, 4734 - LAGOA, PORTO VELHO - RO, 76812-080",1,False,"110020505070074","110020505070074","-8.769133567810059","-63.87127685546875","0","56.67736204","1","0",True,NULL
172817,8,"2025-08-26 09:59:31-03","2025-08-26 09:59:31-03","0101000020E6100000B120B8F515EF4FC0F711D09F038A21C0","0101000020E6100000B120B8F515EF4FC0F711D09F038A21C0",11048557,2024,"RO",1100205,"Porto Velho","Porto Velho",110020505,"COLEGIO CRISTAO",1,0,"RUA MATRINCHA","996","ANEXO DA UNOPAR","LAGOA","76812068","Catálogo de Escolas - agosto/2024","0","-8.76955890097541","-63.86785766115771","110020505070074","-8.768779754638672","-63.86797332763672","numero","dn03","6","RUA MATRINCHA, 996 - LAGOA, PORTO VELHO - RO, 76812-068",1,False,"110020505070074","110020505070074","-8.768779754638672","-63.86797332763672","0","87.56475188","1","0",True,NULL
172821,8,"2025-08-26 09:59:31-03","2025-08-26 09:59:31-03","0101000020E61000003FDEED72F8EB4FC02796CE66598A21C0","0101000020E61000003FDEED72F8EB4FC02796CE66598A21C0",11050837,2024,"RO",1100205,"Porto Velho","Porto Velho",110020505,"INSTITUTO EDUCACIONAL ESPACO INFANTIL",1,0,"RUA AMERICA DO SUL","2818",NULL,"TRES MARIAS","76812704","Catálogo de Escolas - agosto/2024","0","-8.770213330000002","-63.84351956","110020505090101","-8.770217895507812","-63.843692779541016","numero","dn03","6","RUA AMERICA DO SUL, 2818 - TRES MARIAS, PORTO VELHO - RO, 76812-704",1,False,"110020505090101","110020505090101","-8.770217895507812","-63.843692779541016","0","19.04272297","1","0",True,NULL
172823,8,"2025-08-26 09:59:31-03","2025-08-26 09:59:31-03","0101000020E6100000B1EA6289BDE84FC0095A3794908A21C0","0101000020E6100000B1EA6289BDE84FC0095A3794908A21C0",11001240,2024,"RO",1100205,"Porto Velho","Porto Velho",110020505,"EEEF JANIO DA SILVA QUADROS",1,0,"RUA ROSALINA GOMES","9991","ZONA LESTE","MARIANA","76813572","Catálogo de Escolas - agosto/2024","0","-8.7706343","-63.8182842","110020505100015","-8.771148761668398","-63.81924278570488","numero_aproximado","da03","6","RUA ROSALINA GOMES, 9991 (aprox) - MARIANA, PORTO VELHO - RO",1,False,"110020505100015","110020505100016","-8.771148761668398","-63.81924278570488","0","119.87386889","1","8.55695261",False,True
172824,8,"2025-08-26 09:59:31-03","2025-08-26 09:59:31-03","0101000020E61000005C23DD2AE3E84FC0C98E8D40BC8A21C0","0101000020E61000005C23DD2AE3E84FC0C98E8D40BC8A21C0",11049120,2024,"RO",1100205,"Porto Velho","Porto Velho",110020505,"EMEIEF LAR DA CRIANCA",1,0,"RUA ROSALINA GOMES","9851",NULL,"MARIANA","76813572","Catálogo de Escolas - agosto/2024","0","-8.7709675","-63.8194326","110020505100015","-8.771068572998047","-63.819339752197266","numero","dn03","6","RUA ROSALINA GOMES, 9851 - MARIANA, PORTO VELHO - RO, 76813-572",1,False,"110020505100015","110020505100015","-8.771068572998047","-63.819339752197266","0","15.17966259","1","0",True,NULL
172825,8,"2025-08-26 09:59:31-03","2025-08-26 09:59:31-03","0101000020E61000007C8ED9A381E94FC08116A64AEF8A21C0","0101000020E61000007C8ED9A381E94FC08116A64AEF8A21C0",11001550,2024,"RO",1100205,"Porto Velho","Porto Velho",110020505,"EEEFM MARIANA",1,0,"RUA CARLOS REIS","9317","ZONA LESTE","SAO FRANCISCO","76813332","Catálogo de Escolas - agosto/2024","0","-8.771356900000002","-63.8242688","110020505100011","-8.771733435628201","-63.82451323991316","numero_aproximado","da03","6","RUA CARLOS REIS, 9317 (aprox) - SAO FRANCISCO, PORTO VELHO - RO",3,False,"110020505100011","110020505100010","-8.771733435628201","-63.82451323991316","0","49.74541029","1","1.25763808",False,True
172826,8,"2025-08-26 09:59:31-03","2025-08-26 09:59:31-03","0101000020E6100000AB71DB638EF34FC03672DD94F28A21C0","0101000020E6100000AB71DB638EF34FC03672DD94F28A21C0",11002476,2024,"RO",1100205,"Porto Velho","Porto Velho",110020505,"EEEFM GETULIO VARGAS - CIVICO-MILITAR",1,0,"RUA ALMIRANTE BARROSO","986",NULL,"SANTA BARBARA","76804236","Catálogo de Escolas - agosto/2024","0","-8.771382","-63.9027829","110020505060055","-8.76549663675799","-63.896439317716144","numero_aproximado","da04","6","RUA ALMIRANTE BARROSO, 986 (aprox) - KM 1, PORTO VELHO - RO",1,True,"110020505060055","110020505060023","-8.764636246349472","-63.8924330729412","450.54700283","956.17035967","1","627.21720434",False,False
172829,8,"2025-08-26 09:59:31-03","2025-08-26 09:59:31-03","0101000020E6100000FAFF9B026CF34FC0FFFF671B2B8B21C0","0101000020E6100000FAFF9B026CF34FC0FFFF671B2B8B21C0",11001828,2024,"RO",1100205,"Porto Velho","Porto Velho",110020505,"EMEF PADRE CHIQUINHO",1,0,"AVENIDA CAMPOS SALES","881",NULL,"AREAL","76804321","Catálogo de Escolas - agosto/2024","0","-8.77181325573474","-63.9017337094992","110020505060055","-8.776503739295915","-63.89878126551845","numero_aproximado","da03","7","AVENIDA CAMPOS SALES, 881 (aprox) - AREAL, PORTO VELHO - RO",1,False,"110020505060055","110020505060056","-8.776503739295915","-63.89878126551845","0","614.24318893","1","19.94239112",False,True
172830,8,"2025-08-26 09:59:31-03","2025-08-26 09:59:31-03","0101000020E6100000EDCCCA1730F74FC07105B1BF2E8B21C0","0101000020E6100000EDCCCA1730F74FC07105B1BF2E8B21C0",11117834,2024,"RO",1100205,"Porto Velho","Porto Velho",110020505,"EMEF ENGENHO DO MADEIRA",2,0,"AREA RURAL","S/N","AGROVILA NOVOENGENHO","AREA RURAL DE PORTO VELHO","76834899","Catálogo de Escolas - agosto/2024","0","-8.77184104","-63.93115518","110020505000211","-8.836229025804817","-63.90871198866833","municipio","dm01","181697","PORTO VELHO - RO",134348,False,"110020505000211","110020505000188","-8.836229025804817","-63.90871198866833","0","7572.46649947","1","5320.5072385",False,False
172833,8,"2025-08-26 09:59:31-03","2025-08-26 09:59:31-03","0101000020E61000004A8A3C079EE74FC043630744718B21C0","0101000020E61000004A8A3C079EE74FC043630744718B21C0",11049588,2024,"RO",1100205,"Porto Velho","Porto Velho",110020505,"EMEI EDUARDO VALVERDE ARAUJO ALVES",1,0,"RUA PALMEIRA","S/N","LTO. PQ. AMAZONIA","MARCOS FREIRE","76813756","Catálogo de Escolas - agosto/2024","0","-8.772348524","-63.80951014","110020505100030","-8.771493434906006","-63.81021499633789","logradouro","dl04","24","RUA PALMEIRA - MARIANA, PORTO VELHO - RO",7,False,"110020505100030","110020505100030","-8.771493434906006","-63.81021499633789","0","122.63992421","1","0",True,NULL
172836,8,"2025-08-26 09:59:31-03","2025-08-26 09:59:31-03","0101000020E610000083AA0B570BE44FC044856E1F878B21C0","0101000020E610000083AA0B570BE44FC044856E1F878B21C0",11037539,2024,"RO",1100205,"Porto Velho","Porto Velho",110020505,"EMEIEF PROGRESSO",2,0,"RUA LINHA PROGRESSO","14195","ZONA RURAL","RONALDO ARAGAO","76814240","Catálogo de Escolas - agosto/2024","0","-8.77251528","-63.78159607","110020505000247","-8.782655355340003","-63.799166505487776","localidade","db01","418","RONALDO ARAGAO, PORTO VELHO - RO",549,False,"110020505000247","110020505000027","-8.782655355340003","-63.799166505487776","0","2235.96774895","1","964.2804412",False,False
172840,8,"2025-08-26 09:59:31-03","2025-08-26 09:59:31-03","0101000020E610000054EE36567FE74FC071E4353ADD8B21C0","0101000020E610000054EE36567FE74FC071E4353ADD8B21C0",11049170,2024,"RO",1100205,"Porto Velho","Porto Velho",110020505,"EMEF ELY BEZERRA DE SALLES",1,0,"RUA PAULO FREIRE","2525","PARQUE AMAZONIA","MARIANA","76803712","Catálogo de Escolas - agosto/2024","0","-8.773172206","-63.80857351","110020505100030","-8.772723895735822","-63.81876703107369","localidade","db01","1027","MARIANA, PORTO VELHO - RO",2099,False,"110020505100030","110020505100016","-8.772723895735822","-63.81876703107369","0","1121.31699215","1","850.75970474",False,False
172841,8,"2025-08-26 09:59:31-03","2025-08-26 09:59:31-03","0101000020E6100000ACD2CC49DEEA4FC080FFF7F1E18B21C0","0101000020E6100000ACD2CC49DEEA4FC080FFF7F1E18B21C0",11002255,2024,"RO",1100205,"Porto Velho","Porto Velho",110020505,"EEEFM SAO LUIZ",1,0,"RUA MARIO ANDREAZZA","8186","ZONA LESTE","JUSCELINO KUBITSCHEK","76829334","Catálogo de Escolas - agosto/2024","0","-8.7732082","-63.8349087","110020505090033","-8.772094766833302","-63.831288557123194","numero_aproximado","da04","6","RUA MARIO ANDREAZZA, 8186 (aprox) - SAO FRANCISCO, PORTO VELHO - RO",5,True,"110020505090033","110020505100004","-8.771285783510956","-63.82126609020668","1105.08155221","416.65269966","1","171.66899163",False,True
172843,8,"2025-08-26 09:59:31-03","2025-08-26 09:59:31-03","0101000020E61000008E4B0B4DC8E64FC0472454BA058C21C0","0101000020E61000008E4B0B4DC8E64FC0472454BA058C21C0",11002883,2024,"RO",1100205,"Porto Velho","Porto Velho",110020505,"EMEIEF PINGO DE GENTE",1,0,"RUA ORION","0102",NULL,"ULISSES GUIMARAES","76813868","Catálogo de Escolas - agosto/2024","0","-8.773481200000004","-63.8029877","110020505000018","-8.775701978729272","-63.80252002264209","numero_aproximado","da03","6","RUA ORION, 102 (aprox) - ULISSES GUIMARAES, PORTO VELHO - RO",1,False,"110020505000018","110020505000022","-8.775701978729272","-63.80252002264209","0","252.2312886","1","16.4264596",False,True
172844,8,"2025-08-26 09:59:31-03","2025-08-26 09:59:31-03","0101000020E6100000E3CE3B0444F34FC01034B09F0F8C21C0","0101000020E6100000E3CE3B0444F34FC01034B09F0F8C21C0",11001046,2024,"RO",1100205,"Porto Velho","Porto Velho",110020505,"EEEFM ESTUDO E TRABALHO",1,0,"RUA ALEXANDRE GUIMARAES","1340",NULL,"AREAL","76804296","Catálogo de Escolas - agosto/2024","0","-8.7735567","-63.9005132","110020505060060","-8.773234267711823","-63.900286839789146","numero_aproximado","da03","9","RUA ALEXANDRE GUIMARAES, 1340 (aprox) - AREAL, PORTO VELHO - RO",2,False,"110020505060060","110020505060055","-8.773234267711823","-63.900286839789146","0","43.63744313","1","14.25751102",False,True
172845,8,"2025-08-26 09:59:31-03","2025-08-26 09:59:31-03","0101000020E610000043ED123015EC4FC03A1B86EA418C21C0","0101000020E610000043ED123015EC4FC03A1B86EA418C21C0",11047925,2024,"RO",1100205,"Porto Velho","Porto Velho",110020505,"EMEIEF 12 DE OUTUBRO",1,0,"RUA AMERICA DO NORTE","2455",NULL,"TRES MARIAS","76812712","Catálogo de Escolas - agosto/2024","0","-8.773940400000004","-63.8443966","110020505090101","-8.77399730682373","-63.844329833984375","numero","dn03","6","RUA AMERICA DO NORTE, 2455 - TRES MARIAS, PORTO VELHO - RO, 76812-712",1,False,"110020505090101","110020505090101","-8.77399730682373","-63.844329833984375","0","9.68889376","1","0",True,NULL
172853,8,"2025-08-26 09:59:31-03","2025-08-26 09:59:31-03","0101000020E61000003B23A534F6F14FC07FD360BFCC8C21C0","0101000020E61000003B23A534F6F14FC07FD360BFCC8C21C0",11001410,2024,"RO",1100205,"Porto Velho","Porto Velho",110020505,"COLEGIO TIRADENTES DA POLICIA MILITAR CTPM VII",1,0,"RUA SALGADO FILHO","404","PREDIO","MATO GROSSO","76804386","Catálogo de Escolas - agosto/2024","0","-8.7749996","-63.8903261","110020505060052","-8.762128902978013","-63.893684760270325","numero_aproximado","da04","7","RUA SALGADO FILHO, 404 (aprox) - NOSSA SENHORA DAS GRACAS, PORTO VELHO - RO",3,True,"110020505060052","110020505060049","-8.759166182561849","-63.89435689764046","337.61948449","1477.98837791","1","1408.31655307",False,False
172855,8,"2025-08-26 09:59:31-03","2025-08-26 09:59:31-03","0101000020E61000008893038FD2E64FC013D68975F18C21C0","0101000020E61000008893038FD2E64FC013D68975F18C21C0",11002158,2024,"RO",1100205,"Porto Velho","Porto Velho",110020505,"EMEF SAO FRANCISCO DE ASSIS",1,0,"RUA ESCORPIAO","11511",NULL,"ULISSES GUIMARAES","76813880","Catálogo de Escolas - agosto/2024","0","-8.775279687","-63.80330074","110020505000018","-8.77529647969858","-63.801140386006566","numero_aproximado","da03","6","RUA ESCORPIAO, 11511 (aprox) - ULISSES GUIMARAES, PORTO VELHO - RO",1,False,"110020505000018","110020505000022","-8.77529647969858","-63.801140386006566","0","237.4161193","1","168.67779454",False,True
172856,8,"2025-08-26 09:59:31-03","2025-08-26 09:59:31-03","0101000020E6100000BE405AAD5DF44FC0AEF2F395F68C21C0","0101000020E6100000BE405AAD5DF44FC0AEF2F395F68C21C0",11001097,2024,"RO",1100205,"Porto Velho","Porto Velho",110020505,"EEEF FRANKLIN DELANO ROOSEVELT",1,0,"RUA RIO MACHADO","888",NULL,"TRIANGULO","76805788","Catálogo de Escolas - agosto/2024","0","-8.775318800000004","-63.9091088","110020505060061","-8.77775764465332","-63.91004943847656","numero","dn03","6","RUA RIO MACHADO, 888 - TRIANGULO, PORTO VELHO - RO, 76805-788",1,False,"110020505060061","110020505060061","-8.77775764465332","-63.91004943847656","0","290.22054126","1","0",True,NULL
172859,8,"2025-08-26 09:59:31-03","2025-08-26 09:59:31-03","0101000020E6100000706072A3C8E64FC09CDF30D1208D21C0","0101000020E6100000706072A3C8E64FC09CDF30D1208D21C0",11001305,2024,"RO",1100205,"Porto Velho","Porto Velho",110020505,"EEEFM JORGE TEIXEIRA DE OLIVEIRA",1,0,"RUA ORION","2701","ZONA LESTE","ULISSES GUIMARAES","76813864","Catálogo de Escolas - agosto/2024","0","-8.775641","-63.802998","110020505000018","-8.775504525377269","-63.80255503469332","numero_aproximado","da03","6","RUA ORION, 2701 (aprox) - ULISSES GUIMARAES, PORTO VELHO - RO",1,False,"110020505000018","110020505000022","-8.775504525377269","-63.80255503469332","0","50.98951268","1","12.80089324",False,True
172864,8,"2025-08-26 09:59:31-03","2025-08-26 09:59:31-03","0101000020E610000004E3640B56F34FC00352A7AB578D21C0","0101000020E610000004E3640B56F34FC00352A7AB578D21C0",11048549,2024,"RO",1100205,"Porto Velho","Porto Velho",110020505,"EMEIEF KHRYS DAMARIS",1,0,"RUA CAPITAO ESRON DE MENEZES","1227",NULL,"AREAL","76804310","Catálogo de Escolas - agosto/2024","0","-8.776059498","-63.90106337","110020505060054","-8.772123382332717","-63.90178966748067","numero_aproximado","da03","7","RUA CAPITAO ESRON DE MENEZES, 1227 (aprox) - AREAL, PORTO VELHO - RO",1,False,"110020505060054","110020505060055","-8.772123382332717","-63.90178966748067","0","444.89484138","1","389.83950305",False,True
172873,8,"2025-08-26 09:59:31-03","2025-08-26 09:59:31-03","0101000020E6100000114AA99553ED4FC0C6E3FD13B78D21C0","0101000020E6100000114AA99553ED4FC0C6E3FD13B78D21C0",11001003,2024,"RO",1100205,"Porto Velho","Porto Velho",110020505,"EMEF ENGº WADIH DARWICH ZACARIAS",1,0,"RUA CIDADE","2118","INEP 11001003","TRES MARIAS","76812644","Catálogo de Escolas - agosto/2024","0","-8.7767874","-63.8541133","110020505090045","-8.778593548608573","-63.854837011650886","numero_aproximado","da03","6","RUA CIDADE, 2118 (aprox) - TRES MARIAS, PORTO VELHO - RO",1,False,"110020505090045","110020505090053","-8.778593548608573","-63.854837011650886","0","216.00870054","1","180.3014656",False,True
172875,8,"2025-08-26 09:59:31-03","2025-08-26 09:59:31-03","0101000020E6100000F631D582CDF04FC0EADEC325C78D21C0","0101000020E6100000F631D582CDF04FC0EADEC325C78D21C0",11001143,2024,"RO",1100205,"Porto Velho","Porto Velho",110020505,"EEEFM GOV JESUS BURLAMAQUI HOSANNAH",1,0,"RUA DAS CRIANCAS","4686",NULL,"FLORESTA","76806440","Catálogo de Escolas - agosto/2024","0","-8.776910000000004","-63.8812717","110020505080043","-8.782978711904288","-63.880400346402396","localidade","db01","938","FLORESTA, PORTO VELHO - RO",2419,False,"110020505080043","110020505080118","-8.782978711904288","-63.880400346402396","0","681.57079572","1","437.27078154",False,False
172876,8,"2025-08-26 09:59:31-03","2025-08-26 09:59:31-03","0101000020E6100000E5515C1BCBEA4FC04E8B69C2D08D21C0","0101000020E6100000E5515C1BCBEA4FC04E8B69C2D08D21C0",11048280,2024,"RO",1100205,"Porto Velho","Porto Velho",110020505,"EMEIEF FLAMBOYANT",1,0,"RUA JOSE AMADOR DOS REIS","1750",NULL,"CASCALHEIRA","76813090","Catálogo de Escolas - agosto/2024","0","-8.776983333","-63.83432333","110020505090111","-8.776935577392578","-63.83449172973633","numero","dn03","6","RUA JOSE AMADOR DOS REIS, 1750 - CASCALHEIRA, PORTO VELHO - RO, 76813-090",1,False,"110020505090111","110020505090111","-8.776935577392578","-63.83449172973633","0","19.25274411","1","0",True,NULL
172880,8,"2025-08-26 09:59:31-03","2025-08-26 09:59:31-03","0101000020E6100000D1D70318DCF04FC0784D486B0C8E21C0","0101000020E6100000D1D70318DCF04FC0784D486B0C8E21C0",11041048,2024,"RO",1100205,"Porto Velho","Porto Velho",110020505,"EMEIEF AREAL DA FLORESTA",1,0,"RUA ACAI","778",NULL,"AREAL DA FLORESTA","76806400","Catálogo de Escolas - agosto/2024","0","-8.777438500000002","-63.88171673","110020505080043","-9.76372323677137","-66.61651990313729","numero_aproximado","da04","6","RUA ACAI, 778 (aprox) - NOVA CALIFORNIA, PORTO VELHO - RO",1,True,"110020505080043","110020535000001","-9.273559871264347","-65.2438685455761","160093.55408175","319530.14132319","1","319145.49276208",False,False
172885,8,"2025-08-26 09:59:31-03","2025-08-26 09:59:31-03","0101000020E61000000292FAFC41F14FC01F97DD38CE8E21C0","0101000020E61000000292FAFC41F14FC01F97DD38CE8E21C0",11049464,2024,"RO",1100205,"Porto Velho","Porto Velho",110020505,"CENTRO EDUCACIONAL FLORESTA ENCANTADA LTDA - ME",1,0,"RUA DO SOL","772",NULL,"FLORESTA","76806488","Catálogo de Escolas - agosto/2024","0","-8.7789171","-63.8848263","110020505080043","-8.779386205796706","-63.88469741040723","numero_aproximado","da03","6","RUA DO SOL, 772 (aprox) - FLORESTA, PORTO VELHO - RO",1,False,"110020505080043","110020505080035","-8.779386205796706","-63.88469741040723","0","54.05107967","1","8.3539202",False,True
172888,8,"2025-08-26 09:59:31-03","2025-08-26 09:59:31-03","0101000020E610000036E1E2D15BF24FC0C3772372488F21C0","0101000020E610000036E1E2D15BF24FC0C3772372488F21C0",11044004,2024,"RO",1100205,"Porto Velho","Porto Velho",110020505,"EMEI MOISES FERREIRA NETO",1,0,"RUA BAHIA","2310",NULL,"TUCUMANZAL","76804494","Catálogo de Escolas - agosto/2024","0","-8.779849593","-63.89342712","110020505060082","-8.779970658153827","-63.893753568588764","numero_aproximado","da03","7","RUA BAHIA, 2310 (aprox) - TUCUMANZAL, PORTO VELHO - RO",1,False,"110020505060082","110020505060082","-8.779970658153827","-63.893753568588764","0","38.31675547","1","0",True,NULL
172891,8,"2025-08-26 09:59:31-03","2025-08-26 09:59:31-03","0101000020E61000001AA0D91AB6E74FC0367BFBCE8A8F21C0","0101000020E61000001AA0D91AB6E74FC0367BFBCE8A8F21C0",11048450,2024,"RO",1100205,"Porto Velho","Porto Velho",110020505,"ESCOLA MARCELO CANDIA SUBSEDE I",1,0,"RUA PETROLINA","10804",NULL,"MARIANA","76813690","Catálogo de Escolas - agosto/2024","0","-8.7803559","-63.8102449","110020505100044","-8.773148032274806","-63.817351623142855","numero_aproximado","da03","6","RUA PETROLINA, 10804 (aprox) - MARIANA, PORTO VELHO - RO",1,False,"110020505100044","110020505100017","-8.773148032274806","-63.817351623142855","0","1119.06119846","1","585.36228467",False,False
172892,8,"2025-08-26 09:59:31-03","2025-08-26 09:59:31-03","0101000020E6100000D42C2BA803F34FC0631525D7039021C0","0101000020E6100000D42C2BA803F34FC0631525D7039021C0",11001844,2024,"RO",1100205,"Porto Velho","Porto Velho",110020505,"EEEF PE MARIO CASTAGNA",1,0,"AVENIDA CAMPOS SALES","395",NULL,"TUPY","76804553","Catálogo de Escolas - agosto/2024","0","-8.7812793","-63.8985491","110020505060095","-8.787230886488986","-63.89673099250477","numero_aproximado","da04","6","AVENIDA CAMPOS SALES, 395 (aprox) - ELETRONORTE, PORTO VELHO - RO",1,True,"110020505060095","110020505080020","-8.787230886488986","-63.89772912653241","109.68487057","691.28834186","1","230.12243019",False,False
172893,8,"2025-08-26 09:59:31-03","2025-08-26 09:59:31-03","0101000020E6100000F3AB394030E74FC0664AEB6F099021C0","0101000020E6100000F3AB394030E74FC0664AEB6F099021C0",11047895,2024,"RO",1100205,"Porto Velho","Porto Velho",110020505,"EMEIEF JORNALISTA FERNANDO ESCARIZ",1,0,"RUA COLATINA","2005",NULL,"MARCOS FREIRE","76814090","Catálogo de Escolas - agosto/2024","0","-8.781322","-63.80616","110020505100024","-8.780214880319203","-63.804956811315876","localidade","db01","473","MARCOS FREIRE, PORTO VELHO - RO",1146,False,"110020505100024","110020505100021","-8.780214880319203","-63.804956811315876","0","180.65835887","1","7.04604456",False,True
172894,8,"2025-08-26 09:59:31-03","2025-08-26 09:59:31-03","0101000020E6100000C6EC1B4E4FF24FC0C2FC29163E9021C0","0101000020E6100000C6EC1B4E4FF24FC0C2FC29163E9021C0",11048514,2024,"RO",1100205,"Porto Velho","Porto Velho",110020505,"EMEIEF ENCANTO DO IPE",1,0,"RUA ARCO VERDE","95",NULL,"NOVA FLORESTA","76806726","Catálogo de Escolas - agosto/2024","0","-8.781723683","-63.8930452","110020505080030","-8.781697098520365","-63.892720425889486","numero_aproximado","da03","6","RUA ARCO VERDE, 95 (aprox) - NOVA FLORESTA, PORTO VELHO - RO",2,False,"110020505080030","110020505080030","-8.781697098520365","-63.892720425889486","0","35.81214368","1","0",True,NULL
172895,8,"2025-08-26 09:59:31-03","2025-08-26 09:59:31-03","0101000020E6100000FFFF7BBFDCE54FC0FEFF0FED429021C0","0101000020E6100000FFFF7BBFDCE54FC0FEFF0FED429021C0",11047178,2024,"RO",1100205,"Porto Velho","Porto Velho",110020505,"EMEIEF VOVO HELENA",1,0,"RUA CUTIA","1996",NULL,"RONALDO ARAGAO","76814162","Catálogo de Escolas - agosto/2024","0","-8.78176060505211","-63.7957991939038","110020505000245","-8.782250183011696","-63.7959547404895","numero_aproximado","pa03","6","RUA COTIA, 1996 (aprox) - RONALDO ARAGAO, PORTO VELHO - RO",1,False,"110020505000245","110020505000027","-8.782250183011696","-63.7959547404895","0","57.0591508","1","53.64892383",False,True
172896,8,"2025-08-26 09:59:31-03","2025-08-26 09:59:31-03","0101000020E61000003A07CF8426E74FC08B53AD85599021C0","0101000020E61000003A07CF8426E74FC08B53AD85599021C0",11001038,2024,"RO",1100205,"Porto Velho","Porto Velho",110020505,"EMEF ESTELA DE ARAUJO COMPASSO",1,0,"RUA COLATINA","2030",NULL,"MARCOS FREIRE","76814090","Catálogo de Escolas - agosto/2024","0","-8.781933","-63.805863","110020505100024","-8.780214880319203","-63.804956811315876","localidade","db01","473","MARCOS FREIRE, PORTO VELHO - RO",1146,False,"110020505100024","110020505100021","-8.780214880319203","-63.804956811315876","0","215.44246007","1","7.04604456",False,True
172898,8,"2025-08-26 09:59:31-03","2025-08-26 09:59:31-03","0101000020E6100000111EE9E38CD94FC0108829F46E9021C0","0101000020E6100000111EE9E38CD94FC0108829F46E9021C0",11042893,2024,"RO",1100809,"Candeias do Jamari","Candeias do Jamari",110080905,"EMEI FRANCISCO ALVES DA SILVA",1,0,"RUA AIRTON SENNA COM CONTINENTAL","1135","RUA CONTINENTAL","PALHEIRAL","76860000","Catálogo de Escolas - agosto/2024","0","-8.782096510000002","-63.69961213","110080905000029","-8.782331380466957","-63.69849294457732","localidade","db01","636","PALHEIRAL, CANDEIAS DO JAMARI - RO",559,False,"110080905000029","110080905000029","-8.782331380466957","-63.69849294457732","0","125.73117717","1","0",True,NULL
172901,8,"2025-08-26 09:59:31-03","2025-08-26 09:59:31-03","0101000020E6100000C7B0719A91D94FC0C65AF060939021C0","0101000020E6100000C7B0719A91D94FC0C65AF060939021C0",11048689,2024,"RO",1100809,"Candeias do Jamari","Candeias do Jamari",110080905,"EMEF FLOR DO PALHEIRAL",1,0,"RUA CONTINENTAL","170",NULL,"PALHEIRAL","76860000","Catálogo de Escolas - agosto/2024","0","-8.78237441","-63.69975596","110080905000029","-8.781660079956055","-63.69877815246582","numero","dn03","8","RUA CONTINENTAL, 170 - PALHEIRAL, CANDEIAS DO JAMARI - RO, 76860-000",3,False,"110080905000029","110080905000029","-8.781660079956055","-63.69877815246582","0","133.62337544","1","0",True,NULL
172902,8,"2025-08-26 09:59:31-03","2025-08-26 09:59:31-03","0101000020E6100000A49C0960DDE54FC0D15134FC949021C0","0101000020E6100000A49C0960DDE54FC0D15134FC949021C0",11049162,2024,"RO",1100205,"Porto Velho","Porto Velho",110020505,"EMEF PROFESSORA JOELMA RODRIGUES DOS SANTOS",1,0,"RUA COTIA","SN",NULL,"RONALDO ARAGAO","76801000","Catálogo de Escolas - agosto/2024","0","-8.78238666666667","-63.7958183333333","110020505000244","-8.782966864736457","-63.79595545718544","logradouro","dl03","141","RUA COTIA - RONALDO ARAGAO, PORTO VELHO - RO, 76814-162",20,False,"110020505000244","110020505000027","-8.782966864736457","-63.79595545718544","0","66.25159167","1","4.94679304",False,True
172905,8,"2025-08-26 09:59:31-03","2025-08-26 09:59:31-03","0101000020E61000005B0C1EA67DEA4FC0657FEA69D19021C0","0101000020E61000005B0C1EA67DEA4FC0657FEA69D19021C0",11047739,2024,"RO",1100205,"Porto Velho","Porto Velho",110020505,"EMEIEF AUTA DE SOUZA",1,0,"RUA 05 DE OUTUBRO","1555",NULL,"SAO FRANCISCO","76813186","Catálogo de Escolas - agosto/2024","0","-8.7828477","-63.8319595","110020505100038","-8.774671370131118","-63.82791378490918","localidade","db01","725","SAO FRANCISCO, PORTO VELHO - RO",1753,False,"110020505100038","110020505100009","-8.774671370131118","-63.82791378490918","0","1012.05196224","1","540.22205905",False,False
172908,8,"2025-08-26 09:59:31-03","2025-08-26 09:59:31-03","0101000020E61000004F6F4E3E20F14FC09894BDD01C9121C0","0101000020E61000004F6F4E3E20F14FC09894BDD01C9121C0",11000996,2024,"RO",1100205,"Porto Velho","Porto Velho",110020505,"EMEI NOVA REPUBLICA",1,0,"RUA SEPETIBA","0100","ENTRE RUAS PARANA E","AREAL DA FLORESTA","76806320","Catálogo de Escolas - agosto/2024","0","-8.783422969","-63.88379649","110020505080035","-8.78312551528511","-63.8842697138292","numero_aproximado","da04","6","RUA SEPETIBA, 100 (aprox) - FLORESTA, PORTO VELHO - RO",1,False,"110020505080035","110020505080035","-8.78312551528511","-63.8842697138292","0","61.63036763","1","0",True,NULL
172909,8,"2025-08-26 09:59:31-03","2025-08-26 09:59:31-03","0101000020E6100000798FD89365E64FC0F01A4F5F2A9121C0","0101000020E6100000798FD89365E64FC0F01A4F5F2A9121C0",11001496,2024,"RO",1100205,"Porto Velho","Porto Velho",110020505,"EEEFM MARCOS DE BARROS FREIRE",1,0,"RUA RIO LAJE","11927","ZONA LESTE","RONALDO ARAGAO","76814136","Catálogo de Escolas - agosto/2024","0","-8.7835264","-63.7999749","110020505000025","-8.783817291259766","-63.79991912841797","numero","dn03","6","RUA RIO LAJE, 11927 - RONALDO ARAGAO, PORTO VELHO - RO, 76814-158",1,False,"110020505000025","110020505000025","-8.783817291259766","-63.79991912841797","0","32.92119258","1","0",True,NULL
172910,8,"2025-08-26 09:59:31-03","2025-08-26 09:59:31-03","0101000020E6100000B2D2495B01F34FC061246A58429121C0","0101000020E6100000B2D2495B01F34FC061246A58429121C0",11040955,2024,"RO",1100205,"Porto Velho","Porto Velho",110020505,"INSTITUTO EDUCACIONAL SAO FRANCISCO",1,0,"RUA JURUNA","191","PREDIO","VILA TUPY","76804568","Catálogo de Escolas - agosto/2024","0","-8.7837093","-63.8984789","110020505060095","-8.836229025804817","-63.90871198866833","municipio","dm01","181697","PORTO VELHO - RO",134348,False,"110020505060095","110020505000188","-8.836229025804817","-63.90871198866833","0","5947.20242777","1","5442.98194673",False,False
172911,8,"2025-08-26 09:59:31-03","2025-08-26 09:59:31-03","0101000020E61000002ED27AAEA5F04FC0246AA2CF479121C0","0101000020E61000002ED27AAEA5F04FC0246AA2CF479121C0",11041056,2024,"RO",1100205,"Porto Velho","Porto Velho",110020505,"EMEI MORANGUINHO",1,0,"RUA CAMOMILA","2631","COMERCIAL","COHAB FLORESTA","76807532","Catálogo de Escolas - agosto/2024","0","-8.783751000000002","-63.8800562","110020505080118","-8.836229025804817","-63.90871198866833","municipio","dm01","181697","PORTO VELHO - RO",134348,False,"110020505080118","110020505000188","-8.836229025804817","-63.90871198866833","0","6630.65425639","1","6199.43055223",False,False
172912,8,"2025-08-26 09:59:31-03","2025-08-26 09:59:31-03","0101000020E6100000953A1279DCEF4FC05202AC9F489121C0","0101000020E6100000953A1279DCEF4FC05202AC9F489121C0",11040793,2024,"RO",1100205,"Porto Velho","Porto Velho",110020505,"EEEB PROF JOAO BENTO DA COSTA",1,0,"RUA DAS CAMELIAS","5301",NULL,"ELDORADO","76811858","Catálogo de Escolas - agosto/2024","0","-8.7837572","-63.8739158","110020505080086","-8.784225811543138","-63.873735527986305","numero_aproximado","da03","6","RUA DAS CAMELIAS, 5301 (aprox) - ELDORADO, PORTO VELHO - RO",1,False,"110020505080086","110020505080086","-8.784225811543138","-63.873735527986305","0","55.74600008","1","0",True,NULL
172922,8,"2025-08-26 09:59:31-03","2025-08-26 09:59:31-03","0101000020E6100000633F30ECD5F24FC08B5A50CE069321C0","0101000020E6100000633F30ECD5F24FC08B5A50CE069321C0",11043857,2024,"RO",1100205,"Porto Velho","Porto Velho",110020505,"COLEGIO CLASSE A",1,0,"RUA TUTOIA","3340","VILA DA ELETRONORTE","ELETRONORTE","76808668","Catálogo de Escolas - agosto/2024","0","-8.7871613","-63.8971534","110020505080020","-8.790203463300513","-63.90079343690037","numero_aproximado","da03","6","RUA TUTOIA, 3340 (aprox) - ELETRONORTE, PORTO VELHO - RO",1,False,"110020505080020","110020505080114","-8.790203463300513","-63.90079343690037","0","523.86111341","1","33.32997842",False,True
172923,8,"2025-08-26 09:59:31-03","2025-08-26 09:59:31-03","0101000020E610000080FF390E34D94FC0DC68A5B50E9321C0","0101000020E610000080FF390E34D94FC0DC68A5B50E9321C0",11040416,2024,"RO",1100809,"Candeias do Jamari","Candeias do Jamari",110080905,"EMEFTI LUIZ PERSEGHINI",1,0,"RUA CARLOS DRUMMOND DE ANDRADE","1491",NULL,"DAS FLORES","76860000","Catálogo de Escolas - agosto/2024","0","-8.787221600000002","-63.69690111","110080905000008","-8.778893481646797","-63.633986531272285","municipio","dm01","27964","CANDEIAS DO JAMARI - RO",4520,False,"110080905000008","110080905000038","-8.778893481646797","-63.633986531272285","0","6975.49871894","1","6856.31244908",False,False
172926,8,"2025-08-26 09:59:31-03","2025-08-26 09:59:31-03","0101000020E6100000186AC14922EF4FC0A78F4CC96A9321C0","0101000020E6100000186AC14922EF4FC0A78F4CC96A9321C0",11050780,2024,"RO",1100205,"Porto Velho","Porto Velho",110020505,"EEEF MARIA DE NAZARE",1,0,"RUA AQUARIQUARA","683",NULL,"JARDIM ELDORADO","76811884","Catálogo de Escolas - agosto/2024","0","-8.787924090000002","-63.86823389","110020505080087","-8.787281991376052","-63.868383753166036","numero_aproximado","da04","6","RUA AQUARIQUARA, 683 (aprox) - ELDORADO, PORTO VELHO - RO",1,False,"110020505080087","110020505080086","-8.787281991376052","-63.868383753166036","0","73.27286958","1","4.62649975",False,True
172928,8,"2025-08-26 09:59:31-03","2025-08-26 09:59:31-03","0101000020E61000006D7022FAB5EF4FC0F01307D0EF9321C0","0101000020E61000006D7022FAB5EF4FC0F01307D0EF9321C0",11048328,2024,"RO",1100205,"Porto Velho","Porto Velho",110020505,"EMEIEF TUCUMA",1,0,"RUA ABOBORA","5992",NULL,"COHAB FLORESTA","76807528","Catálogo de Escolas - agosto/2024","0","-8.788939","-63.872741","110020505080063","-8.836229025804817","-63.90871198866833","municipio","dm01","181697","PORTO VELHO - RO",134348,False,"110020505080063","110020505000188","-8.836229025804817","-63.90871198866833","0","6578.28524253","1","5992.50886948",False,False
172929,8,"2025-08-26 09:59:31-03","2025-08-26 09:59:31-03","0101000020E61000002CB81FF0C0F24FC0876D8B321B9421C0","0101000020E61000002CB81FF0C0F24FC0876D8B321B9421C0",11045892,2024,"RO",1100205,"Porto Velho","Porto Velho",110020505,"EMEIEF 03 DE DEZEMBRO",2,0,"BR 364 LINHA 101 KM 60","S/N","UNIAO BANDEIRANTES",NULL,"76841000","GEO LIDAS 2015","1","-8.78927","-63.896513","110020505080020","-8.836229025804817","-63.90871198866833","municipio","dm01","181697","PORTO VELHO - RO",134348,False,"110020505080020","110020505000188","-8.836229025804817","-63.90871198866833","0","5390.92327772","1","4974.76903097",False,False
172930,8,"2025-08-26 09:59:31-03","2025-08-26 09:59:31-03","0101000020E6100000BB26A43506ED4FC09D9B36E3349421C0","0101000020E6100000BB26A43506ED4FC09D9B36E3349421C0",11051191,2024,"RO",1100205,"Porto Velho","Porto Velho",110020505,"EIEEFM AKOT PY EJYPETY PYPYDNIPA",2,2,"BR 364 SENTIDO ACRE KM 6 TERRA INDIGENA KARITIANA",NULL,"ZONA RURAL",NULL,"76801000","Google 2025","1","-8.789466","-63.851752","110020505080130","-8.836229025804817","-63.90871198866833","municipio","dm01","181697","PORTO VELHO - RO",134348,False,"110020505080130","110020505000188","-8.836229025804817","-63.90871198866833","0","8137.06837165","1","6561.51717062",False,False
172933,8,"2025-08-26 09:59:31-03","2025-08-26 09:59:31-03","0101000020E6100000D439D429EED84FC08CE80911919421C0","0101000020E6100000D439D429EED84FC08CE80911919421C0",11085800,2024,"RO",1100809,"Candeias do Jamari","Candeias do Jamari",110080905,"CRECHE MUNICIPAL SERAFINA AZEVEDO SOARES",1,0,"RUA VENEZUELA","S/N",NULL,"SANTA LETICIA","76860000","Catálogo de Escolas - agosto/2024","0","-8.79016927","-63.69476817","110080905000040","-8.778893481646797","-63.633986531272285","municipio","dm01","27964","CANDEIAS DO JAMARI - RO",4520,False,"110080905000040","110080905000038","-8.778893481646797","-63.633986531272285","0","6795.99906801","1","6447.89602839",False,False
172934,8,"2025-08-26 09:59:31-03","2025-08-26 09:59:31-03","0101000020E61000005B329E73FDD84FC035F19A99919421C0","0101000020E61000005B329E73FDD84FC035F19A99919421C0",11049693,2024,"RO",1100809,"Candeias do Jamari","Candeias do Jamari",110080905,"EMEIF MARIA GORETE ALVES DE SOUZA",1,0,"RUA VENEZUELA","05",NULL,"SANTA LETICIA","76860000","Catálogo de Escolas - agosto/2024","0","-8.790173340000004","-63.69523473","110080905000040","-8.778893481646797","-63.633986531272285","municipio","dm01","27964","CANDEIAS DO JAMARI - RO",4520,False,"110080905000040","110080905000038","-8.778893481646797","-63.633986531272285","0","6846.47895853","1","6447.89602839",False,False
172935,8,"2025-08-26 09:59:31-03","2025-08-26 09:59:31-03","0101000020E6100000C79B5F41D8D84FC0FBB37AE2949421C0","0101000020E6100000C79B5F41D8D84FC0FBB37AE2949421C0",11085819,2024,"RO",1100809,"Candeias do Jamari","Candeias do Jamari",110080905,"EMEI FERNANDO MANOEL FERNANDES DA FONSECA",1,0,"RUA VENEZUELA","S/N",NULL,"SANTA LETICIA I","76860000","Catálogo de Escolas - agosto/2024","0","-8.7901984","-63.69409959","110080905000040","-8.778893481646797","-63.633986531272285","municipio","dm01","27964","CANDEIAS DO JAMARI - RO",4520,False,"110080905000040","110080905000038","-8.778893481646797","-63.633986531272285","0","6724.4077065","1","6447.89602839",False,False
172936,8,"2025-08-26 09:59:31-03","2025-08-26 09:59:31-03","0101000020E61000006F7B06FD9AF14FC0B941AB9BA49421C0","0101000020E61000006F7B06FD9AF14FC0B941AB9BA49421C0",11048875,2024,"RO",1100205,"Porto Velho","Porto Velho",110020505,"EMEIEF FLOR DE LARANJEIRA",1,0,"RUA BURITIS","4316",NULL,"NOVA FLORESTA","76807120","Catálogo de Escolas - agosto/2024","0","-8.790318360000002","-63.88754237","110020505080026","-9.707398512375995","-64.53258746677587","numero_aproximado","da04","6","RUA BURITIS, 4316 (aprox) - UNIAO BANDEIRANTES, PORTO VELHO - RO",1,False,"110020505080026","110020525000018","-9.707398512375995","-64.53258746677587","0","124138.81308106","1","123563.22791221",False,False
172941,8,"2025-08-26 09:59:31-03","2025-08-26 09:59:31-03","0101000020E6100000F92CCF83BBD94FC096E82CB3089521C0","0101000020E6100000F92CCF83BBD94FC096E82CB3089521C0",11048808,2024,"RO",1100809,"Candeias do Jamari","Candeias do Jamari",110080905,"EIEEF KITY PYPYDNIPA",2,2,"ALDEIA BYYJYTY OSOP AKY- TERRA INDIGENA KARITIANA",NULL,NULL,NULL,"76860000","Coordenadas Sede do Município","3","-8.791082","-63.701035","110080905000002","-8.778893481646797","-63.633986531272285","municipio","dm01","27964","CANDEIAS DO JAMARI - RO",4520,False,"110080905000002","110080905000038","-8.778893481646797","-63.633986531272285","0","7491.6090143","1","6883.44222803",False,False
172942,8,"2025-08-26 09:59:31-03","2025-08-26 09:59:31-03","0101000020E6100000814C2146BEF04FC060ADDA35219521C0","0101000020E6100000814C2146BEF04FC060ADDA35219521C0",11001275,2024,"RO",1100205,"Porto Velho","Porto Velho",110020505,"EMEF JOAQUIM VICENTE RONDON",1,0,"RUA GAROPABA","2615",NULL,"COHAB FLORESTA","76808082","Catálogo de Escolas - agosto/2024","0","-8.791269","-63.8808067","110020505080062","-8.836229025804817","-63.90871198866833","municipio","dm01","181697","PORTO VELHO - RO",134348,False,"110020505080062","110020505000188","-8.836229025804817","-63.90871198866833","0","5864.76534436","1","5586.32423393",False,False
172945,8,"2025-08-26 09:59:31-03","2025-08-26 09:59:31-03","0101000020E61000008FFFE13297D94FC06B7011CE5D9521C0","0101000020E61000008FFFE13297D94FC06B7011CE5D9521C0",11004860,2024,"RO",1100809,"Candeias do Jamari","Candeias do Jamari",110080905,"EMEF DOM JOAO BATISTA COSTA",1,0,"AVENIDA AYRTON SENNA","604",NULL,"UNIAO","76860000","Catálogo de Escolas - agosto/2024","0","-8.7917313","-63.69992672","110080905000002","-8.791733009848882","-63.700110984684684","numero_aproximado","pa03","6","AVENIDA AIRTON SENNA, 604 (aprox) - UNIAO, CANDEIAS DO JAMARI - RO",1,False,"110080905000002","110080905000002","-8.791733009848882","-63.700110984684684","0","20.24947847","1","0",True,NULL
172946,8,"2025-08-26 09:59:31-03","2025-08-26 09:59:31-03","0101000020E6100000FB8D1B237EF04FC034B33B495F9521C0","0101000020E6100000FB8D1B237EF04FC034B33B495F9521C0",11048573,2024,"RO",1100205,"Porto Velho","Porto Velho",110020505,"COOPEMETA COOPERATIVA EDUCACIONAL DE RONDONIA",1,0,"RUA ANARI","6039",NULL,"ELDORADO","76811887","Catálogo de Escolas - agosto/2024","0","-8.7917426","-63.8788494","110020505080062","-8.786918640136719","-63.870731353759766","numero","dn03","6","RUA ANARI, 6039 - ELDORADO, PORTO VELHO - RO, 76811-887",1,False,"110020505080062","110020505080066","-8.786918640136719","-63.870731353759766","0","1040.93408849","1","850.25002668",False,False
172947,8,"2025-08-26 09:59:31-03","2025-08-26 09:59:31-03","0101000020E6100000BCCD1B2785F24FC00B85BEAA699521C0","0101000020E6100000BCCD1B2785F24FC00B85BEAA699521C0",11040831,2024,"RO",1100205,"Porto Velho","Porto Velho",110020505,"CENTRO DE ENSINO APRENDER",1,0,"RUA DAS MANGUEIRAS","831",NULL,"NOVA FLORESTA","76807082","Catálogo de Escolas - agosto/2024","0","-8.7918218","-63.8946885","110020505080029","-8.79177188873291","-63.89485168457031","numero","dn03","6","RUA DAS MANGUEIRAS, 831 - NOVA FLORESTA, PORTO VELHO - RO, 76807-082",1,False,"110020505080029","110020505080029","-8.79177188873291","-63.89485168457031","0","18.77131143","1","0",True,NULL
172948,8,"2025-08-26 09:59:31-03","2025-08-26 09:59:31-03","0101000020E6100000D43ADCD4E1F14FC096BFCE8FB79521C0","0101000020E6100000D43ADCD4E1F14FC096BFCE8FB79521C0",11046899,2024,"RO",1100205,"Porto Velho","Porto Velho",110020505,"CENTRO PROFISSIONALIZANTE SIMONE ARAUJO",1,0,"AVENIDA JATUARANA","4046",NULL,"CONCEICAO","76808426","Catálogo de Escolas - agosto/2024","0","-8.79241609","-63.88970433","110020505080027","-8.792610168457031","-63.889495849609375","numero","dn03","6","AVENIDA JATUARANA, 4046 - CONCEICAO, PORTO VELHO - RO, 76808-426",2,False,"110020505080027","110020505080002","-8.792610168457031","-63.889495849609375","0","31.47331019","1","13.75165806",False,True
172949,8,"2025-08-26 09:59:31-03","2025-08-26 09:59:31-03","0101000020E6100000A7BC0CB55CF24FC070FC9AF6DE9521C0","0101000020E6100000A7BC0CB55CF24FC070FC9AF6DE9521C0",11002522,2024,"RO",1100205,"Porto Velho","Porto Velho",110020505,"EEEFM PROF EDUARDO LIMA E SILVA",1,0,"RUA DANIEL NERY","1089","CASA","NOVA FLORESTA","76807124","Catálogo de Escolas - agosto/2024","0","-8.7927167","-63.8934542","110020505080027","-8.792149843839642","-63.893419268961814","numero_aproximado","da03","6","RUA DANIEL NERY, 1089 (aprox) - NOVA FLORESTA, PORTO VELHO - RO",1,False,"110020505080027","110020505080027","-8.792149843839642","-63.893419268961814","0","63.14838722","1","0",True,NULL
172951,8,"2025-08-26 09:59:31-03","2025-08-26 09:59:31-03","0101000020E6100000E186CE215FDE4FC0C9BB348F0D9621C0","0101000020E6100000E186CE215FDE4FC0C9BB348F0D9621C0",11000910,2024,"RO",1100205,"Porto Velho","Porto Velho",110020505,"ESCOLA SANTA MARCELINA MARCELLO CANDIA",2,0,"RODOVIA BR-364","KM 17","CAIXA POSTAL 313","ZONA RURAL","76806679","Catálogo de Escolas - agosto/2024","0","-8.7930722","-63.7372782","110020505000193","-8.836229025804817","-63.90871198866833","municipio","dm01","181697","PORTO VELHO - RO",134348,False,"110020505000193","110020505000188","-8.836229025804817","-63.90871198866833","0","19439.09030817","1","14777.55576974",False,False
172952,8,"2025-08-26 09:59:31-03","2025-08-26 09:59:31-03","0101000020E61000004ADD63236FF04FC0A0FD4811199621C0","0101000020E61000004ADD63236FF04FC0A0FD4811199621C0",11050632,2024,"RO",1100205,"Porto Velho","Porto Velho",110020505,"CENTRO DE EDUCACAO PROFISSIONAL SUPERIOR - CEPS",1,0,"RUA GUANABARA","1797",NULL,"SAO CRISTOVAO","76804031","Catálogo de Escolas - agosto/2024","0","-8.79316","-63.87839167","110020505080061","-8.755551054975788","-63.89179397092204","numero_aproximado","da03","6","RUA GUANABARA, 1797 (aprox) - SAO CRISTOVAO, PORTO VELHO - RO",1,False,"110020505080061","110020505060016","-8.755551054975788","-63.89179397092204","0","4433.70730704","1","4264.01435046",False,False
172953,8,"2025-08-26 09:59:31-03","2025-08-26 09:59:31-03","0101000020E6100000C2E6D2AEF8EF4FC01AC79283239621C0","0101000020E6100000C2E6D2AEF8EF4FC01AC79283239621C0",11046937,2024,"RO",1100205,"Porto Velho","Porto Velho",110020505,"EEEF JORGE VICENTE SALAZAR DOS SANTOS",1,0,"RUA JERONIMO SANTANA","2940","ESCOLA","COHAB","76807800","Catálogo de Escolas - agosto/2024","0","-8.793239700000004","-63.8747767","110020505080055","-8.796418012012115","-63.87507234035266","numero_aproximado","da03","6","RUA JERONIMO SANTANA, 2940 (aprox) - COHAB, PORTO VELHO - RO",1,False,"110020505080055","110020505080057","-8.796418012012115","-63.87507234035266","0","354.9027002","1","264.72120591",False,True
172955,8,"2025-08-26 09:59:31-03","2025-08-26 09:59:31-03","0101000020E61000006A16E43E24F14FC00519AECC639621C0","0101000020E61000006A16E43E24F14FC00519AECC639621C0",11000040,2024,"RO",1100205,"Porto Velho","Porto Velho",110020505,"EMEIEF PEQUENOS TALENTOS",1,0,"RUA CAETANO","3256","PREDIO","CALADINHO","76808108","Catálogo de Escolas - agosto/2024","0","-8.793730160000004","-63.88391863","110020505080081","-8.793672561645508","-63.88365173339844","numero","dn03","6","RUA CAETANO, 3256 - CALADINHO, PORTO VELHO - RO, 76808-108",1,False,"110020505080081","110020505080081","-8.793672561645508","-63.88365173339844","0","30.01989773","1","0",True,NULL
172957,8,"2025-08-26 09:59:31-03","2025-08-26 09:59:31-03","0101000020E610000011E56613BBF24FC0686D6468869621C0","0101000020E610000011E56613BBF24FC0686D6468869621C0",11002778,2024,"RO",1100205,"Porto Velho","Porto Velho",110020505,"EMEIEF DR TANCREDO DE ALMEIDA NEVES",1,0,"RUA DAS FAVEIRAS","3123",NULL,"ELETRONORTE","76808638","Catálogo de Escolas - agosto/2024","0","-8.7939942","-63.8963341","110020505080018","-8.850029381639278","-63.940210094508046","numero_aproximado","da04","6","RUA DAS FAVEIRAS, 3123 (aprox) - VILA PRINCESA, PORTO VELHO - RO",1,False,"110020505080018","110020505000049","-8.850029381639278","-63.940210094508046","0","7878.20398378","1","7797.60396868",False,False
172958,8,"2025-08-26 09:59:31-03","2025-08-26 09:59:31-03","0101000020E61000009B20EA3E00F04FC06974626AA69621C0","0101000020E61000009B20EA3E00F04FC06974626AA69621C0",11049359,2024,"RO",1100205,"Porto Velho","Porto Velho",110020505,"INSTITUTO DE EDUCACAO INFANTIL E FUNDAMENTAL VIDA PLENA",1,0,"RUA DAS ROSAS","5822",NULL,"COHAB","76807868","Catálogo de Escolas - agosto/2024","0","-8.7942384","-63.8750075","110020505080058","-8.794617320752772","-63.875507938237334","numero_aproximado","da03","6","RUA DAS ROSAS, 5822 (aprox) - COHAB, PORTO VELHO - RO",1,False,"110020505080058","110020505080058","-8.794617320752772","-63.875507938237334","0","69.27777413","1","0",True,NULL
172962,8,"2025-08-26 09:59:31-03","2025-08-26 09:59:31-03","0101000020E61000005F3D518668DA4FC06FC78AD0BE9621C0","0101000020E61000005F3D518668DA4FC06FC78AD0BE9621C0",11040742,2024,"RO",1100809,"Candeias do Jamari","Candeias do Jamari",110080905,"PEM VOVO GINOCA",1,0,"RUA JASMIM","SN","ESCOLA","UNIAO","76860000","Catálogo de Escolas - agosto/2024","0","-8.79442455","-63.70631484","110080905000010","-8.794871118333605","-63.70576688978407","logradouro","dl03","46","RUA JASMIM - UNIAO, CANDEIAS DO JAMARI - RO, 76860-000",10,False,"110080905000010","110080905000010","-8.794871118333605","-63.70576688978407","0","78.04706177","1","0",True,NULL
172963,8,"2025-08-26 09:59:31-03","2025-08-26 09:59:31-03","0101000020E6100000BC9A971EA8F24FC0E6C127E7D59621C0","0101000020E6100000BC9A971EA8F24FC0E6C127E7D59621C0",11049502,2024,"RO",1100205,"Porto Velho","Porto Velho",110020505,"CENTRO EDUCATIVO SEMEANDO",1,0,"RUA DAS MANGUEIRAS","1201",NULL,"ELETRONORTE","76808574","Catálogo de Escolas - agosto/2024","0","-8.7946007","-63.8957556","110020505080019","-8.791304353843701","-63.89469080744283","numero_aproximado","da04","6","RUA DAS MANGUEIRAS, 1201 (aprox) - NOVA FLORESTA, PORTO VELHO - RO",3,True,"110020505080019","110020505080029","-8.784329621984705","-63.89469080744283","775.55586519","384.76048412","1","180.94605097",False,True
172964,8,"2025-08-26 09:59:31-03","2025-08-26 09:59:31-03","0101000020E610000072BF4351A0D94FC0EE23B726DD9621C0","0101000020E610000072BF4351A0D94FC0EE23B726DD9621C0",11048999,2024,"RO",1100809,"Candeias do Jamari","Candeias do Jamari",110080905,"CENTRO EDUCACIONAL ESPECIALIZADO PROFESSORA MARIA DE JESUS BARROS CEESP APAE CANDEIA",1,0,"RUA AIRTON SENA","326",NULL,"UNIAO","76860000","Google 2025","1","-8.794656","-63.700205","110080905000003","-8.792673335602535","-63.701030685674006","localidade","db01","724","UNIAO, CANDEIAS DO JAMARI - RO",1676,False,"110080905000003","110080905000003","-8.792673335602535","-63.701030685674006","0","238.40342928","1","0",True,NULL
172965,8,"2025-08-26 09:59:31-03","2025-08-26 09:59:31-03","0101000020E610000031D49B30E5DA4FC056FE39F5169721C0","0101000020E610000031D49B30E5DA4FC056FE39F5169721C0",11045590,2024,"RO",1100809,"Candeias do Jamari","Candeias do Jamari",110080905,"CRECHE MUNICIPAL PEDRO TORRES DE CASTRO",1,0,"AV. TANCREDO NEVES","S/N",NULL,"SATELITE","76860000","Catálogo de Escolas - agosto/2024","0","-8.795097030000004","-63.71011932","110080905000005","-8.795473392193134","-63.70835854456975","logradouro","dl03","181","AVENIDA TANCREDO NEVES - SATELITE, CANDEIAS DO JAMARI - RO, 76860-000",55,False,"110080905000005","110080905000005","-8.795473392193134","-63.70835854456975","0","197.96139543","1","0",True,NULL
172966,8,"2025-08-26 09:59:31-03","2025-08-26 09:59:31-03","0101000020E61000006C53A7C9ADDA4FC0CFA7148F199721C0","0101000020E61000006C53A7C9ADDA4FC0CFA7148F199721C0",11004894,2024,"RO",1100809,"Candeias do Jamari","Candeias do Jamari",110080905,"EEEF JAIME BARCESSAT",1,0,"RUA DOM BOSCO","20","PROXIMO ASA NORTE","SATELITE","76860000","Catálogo de Escolas - agosto/2024","0","-8.795116874","-63.70842858","110080905000005","-8.794378153912893","-63.70917657097308","numero_aproximado","pa03","6","RUA DOM BOSCO II, 20 (aprox) - SATELITE, CANDEIAS DO JAMARI - RO",1,False,"110080905000005","110080905000005","-8.794378153912893","-63.70917657097308","0","116.20384224","1","0",True,NULL
172967,8,"2025-08-26 09:59:31-03","2025-08-26 09:59:31-03","0101000020E6100000ACAC8E9830DA4FC076A16807249721C0","0101000020E6100000ACAC8E9830DA4FC076A16807249721C0",11005041,2024,"RO",1100809,"Candeias do Jamari","Candeias do Jamari",110080905,"EEEFM CARLOS DRUMMOND DE ANDRADE",1,0,"RUA TANCREDO NEVES","1487",NULL,"UNIAO","76860000","Catálogo de Escolas - agosto/2024","0","-8.795196754","-63.70460803","110080905000010","-8.792673335602535","-63.701030685674006","localidade","db01","724","UNIAO, CANDEIAS DO JAMARI - RO",1676,False,"110080905000010","110080905000003","-8.792673335602535","-63.701030685674006","0","482.97495015","1","257.43956118",False,True
172969,8,"2025-08-26 09:59:31-03","2025-08-26 09:59:31-03","0101000020E6100000988345EAE2EE4FC02AAECF413C9721C0","0101000020E6100000988345EAE2EE4FC02AAECF413C9721C0",11001160,2024,"RO",1100205,"Porto Velho","Porto Velho",110020505,"EEEF HEITOR VILLA LOBOS",1,0,"RUA OITO DE JULHO","1730",NULL,"CASTANHEIRA","76811548","Catálogo de Escolas - agosto/2024","0","-8.795381600000002","-63.8662999","110020505080050","-8.800896755153625","-63.87101590819592","localidade","db01","1306","CASTANHEIRA, PORTO VELHO - RO",3033,False,"110020505080050","110020505080139","-8.800896755153625","-63.87101590819592","0","802.89740061","1","664.1243052",False,False
172973,8,"2025-08-26 09:59:31-03","2025-08-26 09:59:31-03","0101000020E6100000EDAC2704BCF24FC0BDF14982CB9721C0","0101000020E6100000EDAC2704BCF24FC0BDF14982CB9721C0",11049146,2024,"RO",1100205,"Porto Velho","Porto Velho",110020505,"EMEIEF MIGUEL FERREIRA",1,0,"RUA SERRA DA COTIA","3274",NULL,"ELETRONORTE","76808564","Catálogo de Escolas - agosto/2024","0","-8.796474525000002","-63.8963628","110020505080011","-8.796685158895944","-63.90236831519624","numero_aproximado","da03","6","RUA SERRA DA COTIA, 3274 (aprox) - ELETRONORTE, PORTO VELHO - RO",1,False,"110020505080011","110020505080115","-8.796685158895944","-63.90236831519624","0","660.34443584","1","385.80116283",False,False
172974,8,"2025-08-26 09:59:31-03","2025-08-26 09:59:31-03","0101000020E6100000ECA17DACE0F14FC0569FABADD89721C0","0101000020E6100000ECA17DACE0F14FC0569FABADD89721C0",11051299,2024,"RO",1100205,"Porto Velho","Porto Velho",110020505,"CRECHE ESCOLA CANTINHO DE ANJOS",1,0,"RUA VICOSA","1449","CASA","CONCEICAO","76808300","Google 2025","1","-8.796575000000002","-63.889669","110020505080004","-8.796607971191406","-63.88975524902344","numero","dn03","6","RUA VICOSA, 1449 - CONCEICAO, PORTO VELHO - RO, 76808-300",1,False,"110020505080004","110020505080004","-8.796607971191406","-63.88975524902344","0","10.16205164","1","0",True,NULL
172976,8,"2025-08-26 09:59:31-03","2025-08-26 09:59:31-03","0101000020E6100000608D583096EB4FC07872970EE79721C0","0101000020E6100000608D583096EB4FC07872970EE79721C0",11001909,2024,"RO",1100205,"Porto Velho","Porto Velho",110020505,"EEEF PRINCESA IZABEL",2,0,"RODOVIA BR-364",NULL,"KM - 5,5","CIDADE JARDIM","76815800","Catálogo de Escolas - agosto/2024","0","-8.7966847","-63.8405209","110020505000171","-8.786957693315738","-63.830296546625334","localidade","db01","2214","CIDADE JARDIM, PORTO VELHO - RO",233,False,"110020505000171","110020505000144","-8.786957693315738","-63.830296546625334","0","1559.54779134","1","1420.18382755",False,True
172978,8,"2025-08-26 09:59:31-03","2025-08-26 09:59:31-03","0101000020E6100000A1C3F840DDEE4FC043C4BE7E379821C0","0101000020E6100000A1C3F840DDEE4FC043C4BE7E379821C0",11048301,2024,"RO",1100205,"Porto Velho","Porto Velho",110020505,"EMEIEF CASTANHEIRA",1,0,"RUA OITO DE JULHO","1960",NULL,"CASTANHEIRA","76811548","Catálogo de Escolas - agosto/2024","0","-8.797298394","-63.86612713","110020505080049","-8.800896755153625","-63.87101590819592","localidade","db01","1306","CASTANHEIRA, PORTO VELHO - RO",3033,False,"110020505080049","110020505080139","-8.800896755153625","-63.87101590819592","0","669.84394079","1","539.01172429",False,False
172979,8,"2025-08-26 09:59:31-03","2025-08-26 09:59:31-03","0101000020E61000009163A9FDEFF24FC02BAEB5ED379821C0","0101000020E61000009163A9FDEFF24FC02BAEB5ED379821C0",11002999,2024,"RO",1100205,"Porto Velho","Porto Velho",110020505,"EMEF SAUL BENNESBY",1,0,"RUA ALGODOEIRO","3130",NULL,"ELETRONORTE","76808518","Catálogo de Escolas - agosto/2024","0","-8.797301701","-63.89794894","110020505080012","-8.794628673517169","-63.88494623815714","numero_aproximado","da04","6","RUA ALGODOEIRO, 3130 (aprox) - CALADINHO, PORTO VELHO - RO",1,True,"110020505080012","110020505080081","-8.794628673517169","-63.88494623815714","0","1459.41963153","1","1327.45496251",False,False
172980,8,"2025-08-26 09:59:31-03","2025-08-26 09:59:31-03","0101000020E6100000F84AC56B03F34FC03049658A399821C0","0101000020E6100000F84AC56B03F34FC03049658A399821C0",11002328,2024,"RO",1100205,"Porto Velho","Porto Velho",110020505,"EEEF SEBASTIANA LIMA DE OLIVEIRA",1,0,"RUA ALGODOEIRO","3060",NULL,"ELETRONORTE","76808518","Catálogo de Escolas - agosto/2024","0","-8.797314","-63.8985419","110020505080012","-8.794627140792699","-63.88493909552247","numero_aproximado","da04","6","RUA ALGODOEIRO, 3060 (aprox) - CALADINHO, PORTO VELHO - RO",1,True,"110020505080012","110020505080081","-8.794627140792699","-63.88493909552247","0","1524.34107486","1","1328.25884434",False,False
172981,8,"2025-08-26 09:59:31-03","2025-08-26 09:59:31-03","0101000020E61000000E40B4A041F14FC0D1ED8046449821C0","0101000020E61000000E40B4A041F14FC0D1ED8046449821C0",11001178,2024,"RO",1100205,"Porto Velho","Porto Velho",110020505,"EEEF HELIO NEVES BOTELHO",1,0,"RUA NOVA ESPERANCA","3189",NULL,"CALADINHO","76808232","Catálogo de Escolas - agosto/2024","0","-8.7973959","-63.8848153","110020505080079","-8.798095859630093","-63.88230876043983","localidade","db01","1128","CALADINHO, PORTO VELHO - RO",2194,False,"110020505080079","110020505080079","-8.798095859630093","-63.88230876043983","0","286.22126153","1","0",True,NULL
172985,8,"2025-08-26 09:59:31-03","2025-08-26 09:59:31-03","0101000020E6100000E83A43273AF24FC040DCD5ABC89821C0","0101000020E6100000E83A43273AF24FC040DCD5ABC89821C0",11000597,2024,"RO",1100205,"Porto Velho","Porto Velho",110020505,"EEEFM BELA VISTA",1,0,"RUA GOVERNADOR VALADARES","3601",NULL,"CONCEICAO","76808298","Catálogo de Escolas - agosto/2024","0","-8.798406","-63.8923997","110020505080006","-8.798230770316488","-63.89083927391781","numero_aproximado","da03","6","RUA GOVERNADOR VALADARES, 3601 (aprox) - CONCEICAO, PORTO VELHO - RO",1,False,"110020505080006","110020505080125","-8.798230770316488","-63.89083927391781","0","172.57347029","1","121.42736469",False,True
172986,8,"2025-08-26 09:59:31-03","2025-08-26 09:59:31-03","0101000020E6100000529CA38E0EDB4FC0A32DF1C4CF9821C0","0101000020E6100000529CA38E0EDB4FC0A32DF1C4CF9821C0",11005050,2024,"RO",1100809,"Candeias do Jamari","Candeias do Jamari",110080905,"EEEFM TEODORO DE ASSUNCAO",1,0,"RUA 01","964","AO LADO DA PASSARELA","SANTA ISABEL","76860000","Catálogo de Escolas - agosto/2024","0","-8.798460154000002","-63.71138175","110080905000044","-8.778893481646797","-63.633986531272285","municipio","dm01","27964","CANDEIAS DO JAMARI - RO",4520,False,"110080905000044","110080905000038","-8.778893481646797","-63.633986531272285","0","8778.80596192","1","7032.84675386",False,False
172990,8,"2025-08-26 09:59:31-03","2025-08-26 09:59:31-03","0101000020E61000008858716899F14FC049300ABF2A9921C0","0101000020E61000008858716899F14FC049300ABF2A9921C0",11048484,2024,"RO",1100205,"Porto Velho","Porto Velho",110020505,"EMEIEF BROTO DO ACAI",1,0,"RUA QUINZE DE NOVEMBRO","3937",NULL,"CONCEICAO","76808320","Catálogo de Escolas - agosto/2024","0","-8.799154253","-63.88749414","110020505080007","-8.800505902907151","-63.8888463403448","numero_aproximado","da03","6","RUA QUINZE DE NOVEMBRO, 3937 (aprox) - CONCEICAO, PORTO VELHO - RO",1,False,"110020505080007","110020505080008","-8.800505902907151","-63.8888463403448","0","211.34703224","1","84.05706837",False,True
172996,8,"2025-08-26 09:59:31-03","2025-08-26 09:59:31-03","0101000020E6100000FE43FAEDEBF04FC00E2E1D739E9921C0","0101000020E6100000FE43FAEDEBF04FC00E2E1D739E9921C0",11043920,2024,"RO",1100205,"Porto Velho","Porto Velho",110020505,"INSTITUTO BATISTA DE ENSINO EL SHADAI - IBEL",1,0,"RUA CARDEAL","4000","CONJUNTO TUCURUI","CALADINHO","76808146","Catálogo de Escolas - agosto/2024","0","-8.800037","-63.8822","110020505080078","-8.800029754638672","-63.882144927978516","numero","dn03","6","RUA CARDEAL, 4000 - CALADINHO, PORTO VELHO - RO, 76808-148",1,False,"110020505080078","110020505080078","-8.800029754638672","-63.882144927978516","0","6.10504291","1","0",True,NULL
172997,8,"2025-08-26 09:59:31-03","2025-08-26 09:59:31-03","0101000020E61000001DDEBDED53F34FC07B116DC7D49921C0","0101000020E61000001DDEBDED53F34FC07B116DC7D49921C0",11050551,2024,"RO",1100205,"Porto Velho","Porto Velho",110020505,"EMEI PADRE ZENILDO GOMES DA SILVA",1,0,"ESTRADA AREIA BRANCA","1104","ESQ DOMINGO ALEGRE","AREIA BRANCA","76810125","Catálogo de Escolas - agosto/2024","0","-8.8004515","-63.9009988","110020505080021","-8.803520679501258","-63.90111986845066","numero_aproximado","da04","6","ESTRADA AREIA BRANCA, 1104 (aprox) - NOVO HORIZONTE, PORTO VELHO - RO",2,True,"110020505080021","110020505080099","-8.79979628629056","-63.90199763422613","425.21815788","341.53686255","1","239.65664722",False,True
172999,8,"2025-08-26 09:59:31-03","2025-08-26 09:59:31-03","0101000020E6100000FD38F5DC9DE24FC079A7F1C1219A21C0","0101000020E6100000FD38F5DC9DE24FC079A7F1C1219A21C0",11001810,2024,"RO",1100205,"Porto Velho","Porto Velho",110020505,"EEEF GOVERNADOR PAULO NUNES LEAL",2,0,"AREA RURAL","S/N",NULL,"AREA RURAL DE PORTO VELHO","76834899","Catálogo de Escolas - agosto/2024","0","-8.801038800000002","-63.7704426","110020505000233","-8.836229025804817","-63.90871198866833","municipio","dm01","181697","PORTO VELHO - RO",134348,False,"110020505000233","110020505000188","-8.836229025804817","-63.90871198866833","0","15688.92541767","1","5224.27916062",False,False
173000,8,"2025-08-26 09:59:31-03","2025-08-26 09:59:31-03","0101000020E610000008A7AA7587F24FC0359886E1239A21C0","0101000020E610000008A7AA7587F24FC0359886E1239A21C0",11050179,2024,"RO",1100205,"Porto Velho","Porto Velho",110020505,"EMEI PROFESSORA RONILZA CORDEIRO AFONSO DIAS",1,0,"RUA JOAO PAULO I","2655",NULL,"NOVO HORIZONTE","76810156","Catálogo de Escolas - agosto/2024","0","-8.801055","-63.8947589","110020505080022","-8.80186646508728","-63.89718986770878","numero_aproximado","da03","74","RUA JOAO PAULO I, 2655 (aprox) - NOVO HORIZONTE, PORTO VELHO - RO",16,False,"110020505080022","110020505080022","-8.80186646508728","-63.89718986770878","0","281.95620667","1","0",True,NULL
173003,8,"2025-08-26 09:59:31-03","2025-08-26 09:59:31-03","0101000020E61000005778D9A74AEF4FC0D13328605C9A21C0","0101000020E61000005778D9A74AEF4FC0D13328605C9A21C0",11002085,2024,"RO",1100205,"Porto Velho","Porto Velho",110020505,"E M E F RIO GUAPORE",1,0,"RUA SANTAREM","2137","PREDIO","CASTANHEIRA","76811412","Catálogo de Escolas - agosto/2024","0","-8.80148602","-63.86946581","110020505080122","-8.744015404285253","-63.80327128700696","numero_aproximado","da04","6","RUA SANTAREM, 2137 (aprox) - JARDIM SANTANA, PORTO VELHO - RO",1,False,"110020505080122","110020505000200","-8.744015404285253","-63.80327128700696","0","9682.69920365","1","8992.44175902",False,False
173005,8,"2025-08-26 09:59:31-03","2025-08-26 09:59:31-03","0101000020E6100000FB76542DD0EF4FC08E502AE97A9A21C0","0101000020E6100000FB76542DD0EF4FC08E502AE97A9A21C0",11041064,2024,"RO",1100205,"Porto Velho","Porto Velho",110020505,"EMEIEF ALEGRIA",1,0,"RUA GRUTA AZUL","2124","CONJUNTO MAMORE","CASTANHEIRA","76811362","Catálogo de Escolas - agosto/2024","0","-8.801718985000004","-63.87354056","110020505080052","-8.801728248596191","-63.873592376708984","numero","dn03","6","RUA GRUTA AZUL, 2124 - CASTANHEIRA, PORTO VELHO - RO, 76811-362",1,False,"110020505080052","110020505080052","-8.801728248596191","-63.873592376708984","0","5.78633411","1","0",True,NULL
173017,8,"2025-08-26 09:59:31-03","2025-08-26 09:59:31-03","0101000020E6100000D56AFE4E49DE4FC05163D6E65A9B21C0","0101000020E6100000D56AFE4E49DE4FC05163D6E65A9B21C0",11048794,2024,"RO",1100205,"Porto Velho","Porto Velho",110020505,"CETEM - CENTRO TECNOLOGICO DE MECATRONICA - SENAI",1,0,"AV. ORESTE FLORIANO BONATO","001","QUADRA 03","DISTRITO INDUSTRIAL","76801974","Catálogo de Escolas - agosto/2024","0","-8.803427900000004","-63.7366122","110020505000233","-8.836229025804817","-63.90871198866833","municipio","dm01","181697","PORTO VELHO - RO",134348,False,"110020505000233","110020505000188","-8.836229025804817","-63.90871198866833","0","19258.89143412","1","5224.27916062",False,False
173021,8,"2025-08-26 09:59:31-03","2025-08-26 09:59:31-03","0101000020E6100000245E22073AEE4FC096037FF0889B21C0","0101000020E6100000245E22073AEE4FC096037FF0889B21C0",11044012,2024,"RO",1100205,"Porto Velho","Porto Velho",110020505,"EMEI CANTO DO UIRAPURU",1,0,"RUA RIO BONITO","1953",NULL,"AEROCLUBE","76811106","Catálogo de Escolas - agosto/2024","0","-8.80377914","-63.86114587","110020505080128","-8.80373764038086","-63.861183166503906","numero","dn03","6","RUA RIO BONITO, 1953 - AEROCLUBE, PORTO VELHO - RO, 76811-106",1,False,"110020505080128","110020505080128","-8.80373764038086","-63.861183166503906","0","6.17174106","1","0",True,NULL
173025,8,"2025-08-26 09:59:31-03","2025-08-26 09:59:31-03","0101000020E6100000A8B7F589F2EE4FC05AF844E8B19B21C0","0101000020E6100000A8B7F589F2EE4FC05AF844E8B19B21C0",11000848,2024,"RO",1100205,"Porto Velho","Porto Velho",110020505,"EEEFM DOM PEDRO I",1,0,"RUA BANZO","2194","CONJUNTO RIO GUAPORE","CASTANHEIRA","76811204","Catálogo de Escolas - agosto/2024","0","-8.804091700000004","-63.8667767","110020505080053","-8.80401118969903","-63.866308600868734","numero_aproximado","da03","6","RUA BANZO, 2194 (aprox) - CASTANHEIRA, PORTO VELHO - RO",1,False,"110020505080053","110020505080053","-8.80401118969903","-63.866308600868734","0","52.21028342","1","0",True,NULL
173027,8,"2025-08-26 09:59:31-03","2025-08-26 09:59:31-03","0101000020E610000035D108B275F04FC096C0BB9CDF9B21C0","0101000020E610000035D108B275F04FC096C0BB9CDF9B21C0",11048492,2024,"RO",1100205,"Porto Velho","Porto Velho",110020505,"EMEIEF COR DE JAMBO",1,0,"RUA COLORADO","4588",NULL,"CALADINHO","76808176","Catálogo de Escolas - agosto/2024","0","-8.804440401000004","-63.87859178","110020505080074","-8.798095859630093","-63.88230876043983","localidade","db01","1128","CALADINHO, PORTO VELHO - RO",2194,False,"110020505080074","110020505080079","-8.798095859630093","-63.88230876043983","0","815.18734189","1","731.58092562",False,False
173032,8,"2025-08-26 09:59:31-03","2025-08-26 09:59:31-03","0101000020E6100000F9C89C1D5FF04FC087A757CA329C21C0","0101000020E6100000F9C89C1D5FF04FC087A757CA329C21C0",11001887,2024,"RO",1100205,"Porto Velho","Porto Velho",110020505,"EEEFM PRES TANCREDO DE ALMEIDA NEVES",1,0,"RUA TANCREDO NEVES","4718",NULL,"CALADINHO","76808180","Catálogo de Escolas - agosto/2024","0","-8.805075","-63.8779027","110020505080074","-8.804085615358773","-63.87810297393906","numero_aproximado","da03","6","RUA TANCREDO NEVES, 4718 (aprox) - CALADINHO, PORTO VELHO - RO",1,False,"110020505080074","110020505080076","-8.804085615358773","-63.87810297393906","0","112.19423178","1","11.31370323",False,True
173033,8,"2025-08-26 09:59:31-03","2025-08-26 09:59:31-03","0101000020E6100000107C881D78F04FC035471462479C21C0","0101000020E6100000107C881D78F04FC035471462479C21C0",11003006,2024,"RO",1100205,"Porto Velho","Porto Velho",110020505,"EMEIF ESTRELA DO AMANHA",1,0,"RUA MATO GROSSO","696",NULL,"CALADINHO","76808178","Catálogo de Escolas - agosto/2024","0","-8.80523211","-63.87866563","110020505080074","-9.25295692180849","-64.4089980758262","numero_aproximado","da04","6","RUA MATO GROSSO, 696 (aprox) - JACI PARANA, PORTO VELHO - RO",1,False,"110020505080074","110020520000015","-9.25295692180849","-64.4089980758262","0","76618.29327006","1","76273.14428776",False,False
173034,8,"2025-08-26 09:59:31-03","2025-08-26 09:59:31-03","0101000020E61000001116BAB7C7F24FC0A3DAF1704C9C21C0","0101000020E61000001116BAB7C7F24FC0A3DAF1704C9C21C0",11050357,2024,"RO",1100205,"Porto Velho","Porto Velho",110020505,"ESCOLA BATISTA VIDA PLENA",1,0,"RUA SECUDARIA","1705",NULL,"NOVO HORIZONTE","76810164","Catálogo de Escolas - agosto/2024","0","-8.8052707","-63.8967199","110020505080100","-8.806680374597805","-63.89883259777252","numero_aproximado","pa03","49","RUA SECUNDARIA, 1705 (aprox) - NOVO HORIZONTE, PORTO VELHO - RO",104,False,"110020505080100","110020505080099","-8.806680374597805","-63.89883259777252","0","280.11598796","1","9.64181473",False,True
173040,8,"2025-08-26 09:59:31-03","2025-08-26 09:59:31-03","0101000020E6100000DC645419C6F34FC0C4793881E99C21C0","0101000020E6100000DC645419C6F34FC0C4793881E99C21C0",11001607,2024,"RO",1100205,"Porto Velho","Porto Velho",110020505,"EMEF MORVAN FREIRE BRASIL",2,0,"ESTRADA AREIA BRANCA",NULL,"KM 8","AREIA BRANCA","76808730","GEO LIDAS 2015","1","-8.806469","-63.904483","110020505080088","-8.804605960845947","-63.901243448257446","logradouro","dl04","689","ESTRADA AREIA BRANCA - NOVO HORIZONTE, PORTO VELHO - RO",17,True,"110020505080088","110020505080099","-8.80042061805725","-63.90202248096466","473.19711337","411.8675173","1","42.46015016",False,True
173047,8,"2025-08-26 09:59:31-03","2025-08-26 09:59:31-03","0101000020E61000008A2D4EC642F14FC0E67805A2279D21C0","0101000020E61000008A2D4EC642F14FC0E67805A2279D21C0",11000708,2024,"RO",1100205,"Porto Velho","Porto Velho",110020505,"EEEFM CAP CLAUDIO MANOEL DA COSTA",1,0,"RUA JOAO ELIAS DE SOUZA","301",NULL,"CIDADE DO LOBO","76810534","Catálogo de Escolas - agosto/2024","0","-8.806943","-63.8848503","110020505080070","-8.806856155395508","-63.884803771972656","numero","dn03","6","RUA JOAO ELIAS DE SOUZA, 301 - CIDADE DO LOBO, PORTO VELHO - RO, 76810-486",1,False,"110020505080070","110020505080070","-8.806856155395508","-63.884803771972656","0","10.92663306","1","0",True,NULL
173048,8,"2025-08-26 09:59:31-03","2025-08-26 09:59:31-03","0101000020E6100000338E2EC256F14FC0DE91FD68429D21C0","0101000020E6100000338E2EC256F14FC0DE91FD68429D21C0",11002719,2024,"RO",1100205,"Porto Velho","Porto Velho",110020505,"EMEI - PEQUENO MESTRE",1,0,"RUA PERCY HOLDER","3594",NULL,"CIDADE DO LOBO","76810456","Catálogo de Escolas - agosto/2024","0","-8.807147294","-63.88546016","110020505080070","-8.806895446538137","-63.885402510588534","numero_aproximado","pa03","6","RUA PERCI HOLDER, 3594 (aprox) - CIDADE DO LOBO, PORTO VELHO - RO",4,False,"110020505080070","110020505080070","-8.806895446538137","-63.885402510588534","0","28.71174335","1","0",True,NULL
173059,8,"2025-08-26 09:59:31-03","2025-08-26 09:59:31-03","0101000020E6100000C2244B9CCBEF4FC00B9E8112189E21C0","0101000020E6100000C2244B9CCBEF4FC00B9E8112189E21C0",11037644,2024,"RO",1100205,"Porto Velho","Porto Velho",110020505,"EMEF RAIMUNDO AGOSTINHO DA SILVA",1,0,"RUA BOM JESUS","6375",NULL,"CIDADE NOVA","76810750","Catálogo de Escolas - agosto/2024","0","-8.808777407","-63.8734012","110020505080135","-8.804189436552397","-63.875044434804884","numero_aproximado","da04","6","RUA BOM JESUS, 6375 (aprox) - CASTANHEIRA, PORTO VELHO - RO",1,True,"110020505080135","110020505080046","-8.766757361396351","-63.84775080467615","5130.32987097","541.17176546","1","328.48346049",False,False
173064,8,"2025-08-26 09:59:31-03","2025-08-26 09:59:31-03","0101000020E61000007841446ADA0150C0E3C116BB7D9E21C0","0101000020E61000007841446ADA0150C0E3C116BB7D9E21C0",11046651,2024,"RO",1100205,"Porto Velho","Porto Velho",110020505,"EMEF RIACHO AZUL",2,1,"AREA RURAL",NULL,NULL,"AREA RURAL DE PORTO VELHO","76834899","GEO LIDAS 2015","1","-8.809553","-64.028956","110020505000211","-8.836229025804817","-63.90871198866833","municipio","dm01","181697","PORTO VELHO - RO",134348,False,"110020505000211","110020505000188","-8.836229025804817","-63.90871198866833","0","13541.20703074","1","5320.5072385",False,False
173068,8,"2025-08-26 09:59:31-03","2025-08-26 09:59:31-03","0101000020E610000080794CCD33F84FC033D9EC06D99E21C0","0101000020E610000080794CCD33F84FC033D9EC06D99E21C0",11002182,2024,"RO",1100205,"Porto Velho","Porto Velho",110020505,"EMEF SANTO ANTONIO I",2,0,"ESTRADA SANTO ANTONIO","633",NULL,"TRIANGULO","76805696","Catálogo de Escolas - agosto/2024","0","-8.810249535000002","-63.93908087","110020505000043","-8.78544879127333","-63.912291652819604","numero_aproximado","da03","14","ESTRADA SANTO ANTONIO, 633 (aprox) - TRIANGULO, PORTO VELHO - RO",1,False,"110020505000043","110020505060101","-8.78544879127333","-63.912291652819604","0","4033.71633","1","611.40298324",False,True
173079,8,"2025-08-26 09:59:31-03","2025-08-26 09:59:31-03","0101000020E6100000995A0064B2F04FC0343903C3BC9F21C0","0101000020E6100000995A0064B2F04FC0343903C3BC9F21C0",11045167,2024,"RO",1100205,"Porto Velho","Porto Velho",110020505,"EMEF MANOEL APARICIO NUNES ALMEIDA",1,0,"RUA HUMBERTO FLORENCIO","5473",NULL,"CIDADE NOVA","76801000","Catálogo de Escolas - agosto/2024","0","-8.811987013","-63.88044405","110020505080094","-8.811578332146535","-63.88075437332445","numero_aproximado","da03","6","RUA HUMBERTO FLORENCIO, 5473 (aprox) - CIDADE NOVA, PORTO VELHO - RO",1,False,"110020505080094","110020505080094","-8.811578332146535","-63.88075437332445","0","56.81412802","1","0",True,NULL
173129,8,"2025-08-26 09:59:31-03","2025-08-26 09:59:31-03","0101000020E61000005FCAA7648CE44FC01887A25CF4A221C0","0101000020E61000005FCAA7648CE44FC01887A25CF4A221C0",11045868,2024,"RO",1100205,"Porto Velho","Porto Velho",110020505,"EMEF JERUSALEM DA AMAZONIA",2,0,"CAIXA POSTAL COMUNITARIA BR-364, KM 13 SENTIDO CUIABA","S/Nº",NULL,"ZONA RURAL","76815991","Catálogo de Escolas - agosto/2024","0","-8.818270583","-63.78553446","110020505000233","-8.836229025804817","-63.90871198866833","municipio","dm01","181697","PORTO VELHO - RO",134348,False,"110020505000233","110020505000188","-8.836229025804817","-63.90871198866833","0","13681.02241571","1","5224.27916062",False,False
173311,8,"2025-08-26 09:59:31-03","2025-08-26 09:59:31-03","0101000020E6100000EB19255C06F24FC0BC860938BEB921C0","0101000020E6100000EB19255C06F24FC0BC860938BEB921C0",11001224,2024,"RO",1100205,"Porto Velho","Porto Velho",110020505,"EMEF ERIALDO GOMES DO CARMO",2,0,"ESTRADA TREZE DE SETEMBRO",NULL,"KM 11","AEROCLUBE","76811197","Catálogo de Escolas - agosto/2024","0","-8.86277938","-63.89081909","110020505000189","-8.812001493242052","-63.862973319159615","logradouro","dl03","202","ESTRADA TREZE DE SETEMBRO - AEROCLUBE, PORTO VELHO - RO, 76811-003",19,True,"110020505000189","110020505000233","-8.806325153135667","-63.86180953963314","644.00534179","6421.9174875","1","1131.3139324",False,True
173333,8,"2025-08-26 09:59:31-03","2025-08-26 09:59:31-03","0101000020E61000000FA2105C800350C003EDF58B65BE21C0","0101000020E61000000FA2105C800350C003EDF58B65BE21C0",11000465,2024,"RO",1100205,"Porto Velho","Porto Velho",110020505,"EMEIEF ANTONIO AUGUSTO VASCONCELOS",2,1,"RUA 06","38","ZONA RURAL","VILA NOVA DE TEOTONIO","76801000","Catálogo de Escolas - agosto/2024","0","-8.871868490000002","-64.05470945","110020505000091","-8.836229025804817","-63.90871198866833","municipio","dm01","181697","PORTO VELHO - RO",134348,False,"110020505000091","110020505000188","-8.836229025804817","-63.90871198866833","0","16523.02564493","1","15960.64232428",False,False
173589,8,"2025-08-26 09:59:31-03","2025-08-26 09:59:31-03","0101000020E6100000DD86078321074FC0B151D66F26DE21C0","0101000020E6100000DD86078321074FC0B151D66F26DE21C0",11008806,2024,"RO",1100130,"Machadinho D'Oeste","Machadinho D'Oeste",110013005,"EMEIEFR PADRE ANGELO CERRI",2,0,"NUCLEO TABAJARA",NULL,NULL,"ZONA RURAL","76868000","Catálogo de Escolas - agosto/2024","0","-8.933887","-62.0557102","110013025000001","-9.423859992957832","-62.07339127866982","municipio","dm01","50047","MACHADINHO D'OESTE - RO",11808,False,"110013025000001","110013005000061","-9.423859992957832","-62.07339127866982","0","54517.14543605","1","53560.43974057",False,False
173851,8,"2025-08-26 09:59:31-03","2025-08-26 09:59:31-03","0101000020E6100000662940B1A1CA4FC0264942E8C1F521C0","0101000020E6100000662940B1A1CA4FC0264942E8C1F521C0",11047267,2024,"RO",1100809,"Candeias do Jamari","Candeias do Jamari",110080905,"EMEF CANDIDO GIACOMET",2,1,"LINHA 1 ASSENTAMENTO FLOR DO AMAZONAS II",NULL,NULL,"ZONA RURAL","76860000","Catálogo de Escolas - agosto/2024","0","-8.97999502","-63.58305946","110080905000020","-8.778893481646797","-63.633986531272285","municipio","dm01","27964","CANDEIAS DO JAMARI - RO",4520,False,"110080905000020","110080905000038","-8.778893481646797","-63.633986531272285","0","23050.82286069","1","7479.50735075",False,False
174450,8,"2025-08-26 09:59:31-03","2025-08-26 09:59:31-03","0101000020E6100000AF99D76CC00A50C0C45675FB513922C0","0101000020E6100000AF99D76CC00A50C0C45675FB513922C0",11046660,2024,"RO",1100205,"Porto Velho","Porto Velho",110020505,"EMEF FLOR DO CUPUACU",2,1,"RODOVIA BR-364","S/N","REASSENT. SANTA RITA","ZONA RURAL","76815800","Catálogo de Escolas - agosto/2024","0","-9.1119536","-64.1679947","110020505000090","-8.836229025804817","-63.90871198866833","municipio","dm01","181697","PORTO VELHO - RO",134348,False,"110020505000090","110020505000188","-8.836229025804817","-63.90871198866833","0","41844.76846909","1","27743.83857532",False,False
174635,8,"2025-08-26 09:59:31-03","2025-08-26 09:59:31-03","0101000020E61000001EFE9AAC510B50C00C7558E1964F22C0","0101000020E61000001EFE9AAC510B50C00C7558E1964F22C0",11001500,2024,"RO",1100205,"Porto Velho","Porto Velho",110020505,"EMEF MARIA A QUEIROZ DE OLIVEIRA",2,0,"RODOVIA BR 364",NULL,"KM 32 LINHA 32",NULL,"76816800","GEO LIDAS 2015","1","-9.155448","-64.17686","110020505000169","-8.836229025804817","-63.90871198866833","municipio","dm01","181697","PORTO VELHO - RO",134348,False,"110020505000169","110020505000188","-8.836229025804817","-63.90871198866833","0","46121.96108985","1","11792.92917895",False,False
174792,8,"2025-08-26 09:59:31-03","2025-08-26 09:59:31-03","0101000020E61000002A05381845DD4EC0AE0FEB8D5A5922C0","0101000020E61000002A05381845DD4EC0AE0FEB8D5A5922C0",11047569,2024,"RO",1100130,"Machadinho D'Oeste","Machadinho D'Oeste",110013005,"EPMEIEF JOAO PAULO II",2,1,"LINHA MA 28 - NUCLEO SANTA MARIA II, KM 72 - DISTR",NULL,NULL,"ZONA RURAL","76868000","Catálogo de Escolas - agosto/2024","0","-9.174519","-61.7286711","110013005000066","-9.423859992957832","-62.07339127866982","municipio","dm01","50047","MACHADINHO D'OESTE - RO",11808,False,"110013005000066","110013005000061","-9.423859992957832","-62.07339127866982","0","46900.05864652","1","46403.98003276",False,False
174837,8,"2025-08-26 09:59:31-03","2025-08-26 09:59:31-03","0101000020E6100000D90A9A9658974FC062C092AB585C22C0","0101000020E6100000D90A9A9658974FC062C092AB585C22C0",11051116,2024,"RO",1101104,"Itapuã do Oeste","Itapuã do Oeste",110110405,"APAE ITAPUA DO OESTE - CENTRO DE EDUCACAO ESPECIAL PEDRA BONITA",1,0,"RUA ANA FERREIRA","1694",NULL,"CENTRO","76861000","Google 2025","1","-9.180364","-63.182391","110110405000022","-9.185972222768237","-63.185234191983376","localidade","db01","932","CENTRO, ITAPUA DO OESTE - RO",1447,False,"110110405000022","110110405000021","-9.185972222768237","-63.185234191983376","0","697.344902","1","513.11330852",False,True
174845,8,"2025-08-26 09:59:31-03","2025-08-26 09:59:31-03","0101000020E610000034A1496249984FC070500CDAF55C22C0","0101000020E610000034A1496249984FC070500CDAF55C22C0",11005378,2024,"RO",1101104,"Itapuã do Oeste","Itapuã do Oeste",110110405,"EMEI PEQUENO PRINCIPE",1,0,"AVENIDA COSTA E SILVA","2166","CENTRO","CENTRO","76861000","Catálogo de Escolas - agosto/2024","0","-9.1815632","-63.1897395","110110405000004","-9.187400504507865","-63.19210586780426","numero_aproximado","da03","6","AVENIDA COSTA E SILVA, 2166 (aprox) - CENTRO, ITAPUA DO OESTE - RO",1,False,"110110405000004","110110405000003","-9.187400504507865","-63.19210586780426","0","699.12582792","1","453.65554131",False,True
174865,8,"2025-08-26 09:59:31-03","2025-08-26 09:59:31-03","0101000020E6100000C6D5123CCF974FC040FBECDBA45E22C0","0101000020E6100000C6D5123CCF974FC040FBECDBA45E22C0",11005300,2024,"RO",1101104,"Itapuã do Oeste","Itapuã do Oeste",110110405,"EMEIEF SOSSEGO DA MAMAE",1,0,"RUA SENADOR OLAVO PIRES","1367",NULL,"CENTRO","76861000","Catálogo de Escolas - agosto/2024","0","-9.184851525","-63.1860118","110110405000021","-9.185972222768237","-63.185234191983376","localidade","db01","932","CENTRO, ITAPUA DO OESTE - RO",1447,False,"110110405000021","110110405000021","-9.185972222768237","-63.185234191983376","0","151.04653825","1","0",True,NULL
174871,8,"2025-08-26 09:59:31-03","2025-08-26 09:59:31-03","0101000020E6100000D297F79B7D984FC08B905773C25E22C0","0101000020E6100000D297F79B7D984FC08B905773C25E22C0",11040882,2024,"RO",1101104,"Itapuã do Oeste","Itapuã do Oeste",110110405,"EEEF JOAO FRANCISCO CORREIA",1,0,"RUA SENADOR OLAVO PIRES","1363",NULL,"CENTRO","76861000","Catálogo de Escolas - agosto/2024","0","-9.18507729","-63.19133329","110110405000003","-9.185972222768237","-63.185234191983376","localidade","db01","932","CENTRO, ITAPUA DO OESTE - RO",1447,False,"110110405000003","110110405000021","-9.185972222768237","-63.185234191983376","0","676.84824954","1","222.43260752",False,True
174873,8,"2025-08-26 09:59:31-03","2025-08-26 09:59:31-03","0101000020E6100000CD49FFFDEF974FC026987120125F22C0","0101000020E6100000CD49FFFDEF974FC026987120125F22C0",11005360,2024,"RO",1101104,"Itapuã do Oeste","Itapuã do Oeste",110110405,"EEEFM PAULO FREIRE",1,0,"AV. AYRTON SENNA","1655","PREDIO ESCOLAR","CENTRO","76861000","Catálogo de Escolas - agosto/2024","0","-9.185685171","-63.18701148","110110405000021","-9.185972222768237","-63.185234191983376","localidade","db01","932","CENTRO, ITAPUA DO OESTE - RO",1447,False,"110110405000021","110110405000021","-9.185972222768237","-63.185234191983376","0","197.68514519","1","0",True,NULL
174883,8,"2025-08-26 09:59:31-03","2025-08-26 09:59:31-03","0101000020E6100000AA1B5A2A10984FC0C3AFE925EC6022C0","0101000020E6100000AA1B5A2A10984FC0C3AFE925EC6022C0",11048395,2024,"RO",1101104,"Itapuã do Oeste","Itapuã do Oeste",110110405,"CRECHE MUNICIPAL PEQUENINOS DE CRISTO",1,0,"RUA ANA FERREIRA","S/N",NULL,"CENTRO","76861000","Catálogo de Escolas - agosto/2024","0","-9.189301667","-63.18799333","110110405000002","-9.185972222768237","-63.185234191983376","localidade","db01","932","CENTRO, ITAPUA DO OESTE - RO",1447,False,"110110405000002","110110405000021","-9.185972222768237","-63.185234191983376","0","478.31930967","1","235.74898307",False,True
174902,8,"2025-08-26 09:59:31-03","2025-08-26 09:59:31-03","0101000020E61000009C19FD6838974FC0EFAEB321FF6422C0","0101000020E61000009C19FD6838974FC0EFAEB321FF6422C0",11005122,2024,"RO",1101104,"Itapuã do Oeste","Itapuã do Oeste",110110405,"EMEIEF CECILIA MEIRELLES",2,0,"LINHA B 40 - A KM 10","00",NULL,"ZONA RURAL","76861000","Coordenadas Sede do Município","3","-9.197259","-63.181409","110110405000019","-9.190292924680335","-63.190339304799515","municipio","dm01","11955","ITAPUA DO OESTE - RO",1662,False,"110110405000019","110110405000002","-9.190292924680335","-63.190339304799515","0","1249.35332234","1","228.67420973",False,True
174951,8,"2025-08-26 09:59:31-03","2025-08-26 09:59:31-03","0101000020E6100000B847252B75054FC0D8B0F03F437122C0","0101000020E6100000B847252B75054FC0D8B0F03F437122C0",11043172,2024,"RO",1100130,"Machadinho D'Oeste","Machadinho D'Oeste",110013005,"EPMEIEF ONOFRE DIAS LOPES",2,0,"RO 133 GLEBA 04",NULL,"RO 133 KM 30","RURAL","76868000","Catálogo de Escolas - agosto/2024","0","-9.2212162","-62.0426382","110013005000051","-9.423859992957832","-62.07339127866982","municipio","dm01","50047","MACHADINHO D'OESTE - RO",11808,False,"110013005000051","110013005000061","-9.423859992957832","-62.07339127866982","0","22784.25978875","1","21853.94683065",False,False
174953,8,"2025-08-26 09:59:31-03","2025-08-26 09:59:31-03","0101000020E610000041C207E197054FC03798B81B657122C0","0101000020E610000041C207E197054FC03798B81B657122C0",11050870,2024,"RO",1100130,"Machadinho D'Oeste","Machadinho D'Oeste",110013005,"EEEFM VIVALDINO FERNANDES DE AVILA",2,1,"RO 133 RUA LUIZ BANDEIRA LEITE, GLEBA 03","SN","DISTRIT ESTRELA AZUL","ZONA RURAL","76868000","Catálogo de Escolas - agosto/2024","0","-9.22147452","-62.04369748","110013005000051","-9.423859992957832","-62.07339127866982","municipio","dm01","50047","MACHADINHO D'OESTE - RO",11808,False,"110013005000051","110013005000061","-9.423859992957832","-62.07339127866982","0","22738.90772959","1","21853.94683065",False,False
175034,8,"2025-08-26 09:59:31-03","2025-08-26 09:59:31-03","0101000020E6100000B9F6AA3A50E94EC09D972FD4068022C0","0101000020E6100000B9F6AA3A50E94EC09D972FD4068022C0",11043180,2024,"RO",1100130,"Machadinho D'Oeste","Machadinho D'Oeste",110013005,"EMEIEFR TOM JOBIM",2,0,"LINHA MA 28, KM 40","28",NULL,"ZONA RURAL","76868000","Catálogo de Escolas - agosto/2024","0","-9.2500521","-61.8227609","110013005000046","-9.423859992957832","-62.07339127866982","municipio","dm01","50047","MACHADINHO D'OESTE - RO",11808,False,"110013005000046","110013005000061","-9.423859992957832","-62.07339127866982","0","33611.69774449","1","28133.61606228",False,False
175043,8,"2025-08-26 09:59:31-03","2025-08-26 09:59:31-03","0101000020E6100000643F8BA5481B50C093CC45D7E08022C0","0101000020E6100000643F8BA5481B50C093CC45D7E08022C0",11049430,2024,"RO",1100205,"Porto Velho","Jaci Paraná",110020520,"COLEGIO TIRADENTES DA POLICIA MILITAR II UNIDADE JACI PARANA CTPM II",1,0,"RUA BEM TE VI","GLEBA 26",NULL,"JACANA","76840000","Catálogo de Escolas - agosto/2024","0","-9.2517154","-64.426309","110020520000020","-8.836229025804817","-63.90871198866833","municipio","dm01","181697","PORTO VELHO - RO",134348,False,"110020520000020","110020505000188","-8.836229025804817","-63.90871198866833","0","73246.62969774","1","72597.19880855",False,False
175049,8,"2025-08-26 09:59:31-03","2025-08-26 09:59:31-03","0101000020E61000007D100AA8F61950C0F11248DF808122C0","0101000020E61000007D100AA8F61950C0F11248DF808122C0",11003693,2024,"RO",1100205,"Porto Velho","Jaci Paraná",110020520,"EMEF CORA CORALINA",2,0,"RUA HILARIO MAIA","SN","DISTRITO JACI PARANA","NOVA JACI","76840000","Catálogo de Escolas - agosto/2024","0","-9.25293634180841","-64.405679712132","110020520000016","-8.836229025804817","-63.90871198866833","municipio","dm01","181697","PORTO VELHO - RO",134348,False,"110020520000016","110020505000188","-8.836229025804817","-63.90871198866833","0","71590.74315504","1","71156.48065169",False,False
175057,8,"2025-08-26 09:59:31-03","2025-08-26 09:59:31-03","0101000020E6100000014F5AB8AC1A50C0DA3BA3AD4A8222C0","0101000020E6100000014F5AB8AC1A50C0DA3BA3AD4A8222C0",11049154,2024,"RO",1100205,"Porto Velho","Jaci Paraná",110020520,"EMEI ABC DE JACI",2,0,"RUA JOSE PEREIRA","S/Nº",NULL,"NOVA JACI","76840000","GEO LIDAS 2015","1","-9.254476","-64.416792","110020520000019","-9.25424620117804","-64.40896683509904","logradouro","dl04","505","RUA JOSE PEREIRA - JACI PARANA, PORTO VELHO - RO",105,False,"110020520000019","110020520000015","-9.25424620117804","-64.40896683509904","0","859.17452663","1","379.2177275",False,True
175070,8,"2025-08-26 09:59:31-03","2025-08-26 09:59:31-03","0101000020E610000057AA5505B41950C014BD42D59E8422C0","0101000020E610000057AA5505B41950C014BD42D59E8422C0",11003812,2024,"RO",1100205,"Porto Velho","Jaci Paraná",110020520,"EEEFM MARIA NAZARE DOS SANTOS",1,0,"RUA DO ESTADIO","SN",NULL,"JACANA","76840000","Catálogo de Escolas - agosto/2024","0","-9.2590243","-64.4016126","110020520000001","-8.836229025804817","-63.90871198866833","municipio","dm01","181697","PORTO VELHO - RO",134348,False,"110020520000001","110020505000188","-8.836229025804817","-63.90871198866833","0","71692.60516995","1","70301.46033785",False,False
175076,8,"2025-08-26 09:59:31-03","2025-08-26 09:59:31-03","0101000020E61000007A10C62EC31950C0C71298DAA98522C0","0101000020E61000007A10C62EC31950C0C71298DAA98522C0",11037881,2024,"RO",1100205,"Porto Velho","Jaci Paraná",110020520,"EMEIEF JOAQUIM VICENTE RONDON",2,0,"RUA JOSE RODRIGUES, S/N, PROXIMO AO ESTADIO DE FUTEBOL.","S/N","RURAL","JACANA","76840000","Catálogo de Escolas - agosto/2024","0","-9.26106150728573","-64.4025380071852","110020520000001","-8.836229025804817","-63.90871198866833","municipio","dm01","181697","PORTO VELHO - RO",134348,False,"110020520000001","110020505000188","-8.836229025804817","-63.90871198866833","0","71917.83118713","1","70301.46033785",False,False
175078,8,"2025-08-26 09:59:31-03","2025-08-26 09:59:31-03","0101000020E61000005439ED29391850C01BA19FA9D78522C0","0101000020E61000005439ED29391850C01BA19FA9D78522C0",11045884,2024,"RO",1100205,"Porto Velho","Porto Velho",110020505,"EMEIEF ERNANDES COUTINHO",2,0,"AREA RURAL",NULL,"BR 364, KM67 CARACOL","AREA RURAL DE PORTO VELHO","76834899","GEO LIDAS 2015","1","-9.261411","-64.378489","110020520000008","-8.836229025804817","-63.90871198866833","municipio","dm01","181697","PORTO VELHO - RO",134348,False,"110020520000008","110020505000188","-8.836229025804817","-63.90871198866833","0","69974.32405042","1","62041.39194978",False,False
175130,8,"2025-08-26 09:59:31-03","2025-08-26 09:59:31-03","0101000020E610000046274BADF7BB4FC01BF33AE2908D22C0","0101000020E610000046274BADF7BB4FC01BF33AE2908D22C0",11046953,2024,"RO",1100809,"Candeias do Jamari","Candeias do Jamari",110080905,"EEEFM ALBINO BUTTNER",1,0,"RUA LUMIAR","1058","DISTRITO TRIUNFO","DISTRITO","76860890","GEO LIDAS 2015","1","-9.276496","-63.468496","110080920000010","-8.778893481646797","-63.633986531272285","municipio","dm01","27964","CANDEIAS DO JAMARI - RO",4520,False,"110080920000010","110080905000038","-8.778893481646797","-63.633986531272285","0","58239.14817534","1","57409.975003",False,False
175142,8,"2025-08-26 09:59:31-03","2025-08-26 09:59:31-03","0101000020E6100000B26984025FBB4FC0D8959E02C38E22C0","0101000020E6100000B26984025FBB4FC0D8959E02C38E22C0",11086807,2024,"RO",1100809,"Candeias do Jamari","Candeias do Jamari",110080905,"PRE ESCOLA LEONORA ATANAZIO DE ALMEIDA",2,0,"RUA JAMARI","718",NULL,"DISTRITO TRIUNFO","76860890","Catálogo de Escolas - agosto/2024","0","-9.27883156","-63.46383697","110080920000010","-9.281026221282827","-63.46454490399336","numero_aproximado","da04","6","RUA JAMARI, 718 (aprox) - TRIUNFO, CANDEIAS DO JAMARI - RO",1,False,"110080920000010","110080920000007","-9.281026221282827","-63.46454490399336","0","256.10320213","1","226.98428859",False,True
175144,8,"2025-08-26 09:59:31-03","2025-08-26 09:59:31-03","0101000020E6100000D9DB1C9D29BC4FC0E8072249188F22C0","0101000020E6100000D9DB1C9D29BC4FC0E8072249188F22C0",11038640,2024,"RO",1100809,"Candeias do Jamari","Candeias do Jamari",110080905,"EMEF JONATAS COELHO NEIVA",2,0,"RUA DOS ESTUDANTES","1044",NULL,"CENTRO","76860890","Catálogo de Escolas - agosto/2024","0","-9.27948216","-63.47001995","110080920000011","-8.778893481646797","-63.633986531272285","municipio","dm01","27964","CANDEIAS DO JAMARI - RO",4520,False,"110080920000011","110080905000038","-8.778893481646797","-63.633986531272285","0","58502.95584132","1","57412.37042084",False,False
175203,8,"2025-08-26 09:59:31-03","2025-08-26 09:59:31-03","0101000020E6100000BFC40E19452350C080057AF2FA9622C0","0101000020E6100000BFC40E19452350C080057AF2FA9622C0",11037652,2024,"RO",1100205,"Porto Velho","Mutum Paraná",110020525,"EMEF NOSSA SENHORA DE NAZARE",2,1,"RUA PRAINHA","S/N",NULL,"FASE 01","76842000","Catálogo de Escolas - agosto/2024","0","-9.294883325","-64.5510924","110020520000021","-9.294529914855957","-64.55090866088867","logradouro","dl04","211","RUA PRAINHA - NOVA MUTUM, PORTO VELHO - RO",11,False,"110020520000021","110020520000021","-9.294529914855957","-64.55090866088867","0","44.16812383","1","0",True,NULL
175205,8,"2025-08-26 09:59:31-03","2025-08-26 09:59:31-03","0101000020E61000004340193E3D0050C0A1BC1D4E519722C0","0101000020E61000004340193E3D0050C0A1BC1D4E519722C0",11048581,2024,"RO",1100205,"Porto Velho","Porto Velho",110020505,"EIEEFM KYOWA",2,2,"ALDEIA CENTRAL KARITIANA","S/N","RAMAL MARIA CONGA",NULL,"76840000","Catálogo de Escolas - agosto/2024","0","-9.295542184","-64.00373795","110020505000152","-8.836229025804817","-63.90871198866833","municipio","dm01","181697","PORTO VELHO - RO",134348,False,"110020505000152","110020505000188","-8.836229025804817","-63.90871198866833","0","52128.35080746","1","50267.26396098",False,False
175325,8,"2025-08-26 09:59:31-03","2025-08-26 09:59:31-03","0101000020E610000035694B04070450C03CFDB9CBF2A322C0","0101000020E610000035694B04070450C03CFDB9CBF2A322C0",11048972,2024,"RO",1100205,"Porto Velho","Porto Velho",110020505,"EIEEF NYJ NYJI",2,2,"ALDEIA BOM SAMARITANO -TERRA INDIGENA KARITIANA","S/N","ALDEIA","RURAL","76840000","Catálogo de Escolas - agosto/2024","0","-9.32021176","-64.06292827","110020505000166","-8.836229025804817","-63.90871198866833","municipio","dm01","181697","PORTO VELHO - RO",134348,False,"110020505000166","110020505000188","-8.836229025804817","-63.90871198866833","0","56417.63979464","1","55842.52320212",False,False
175376,8,"2025-08-26 09:59:31-03","2025-08-26 09:59:31-03","0101000020E610000015FE0C6FD63E4FC00FB6D8EDB3AA22C0","0101000020E610000015FE0C6FD63E4FC00FB6D8EDB3AA22C0",11009136,2024,"RO",1100940,"Cujubim","Cujubim",110094005,"EMEIEF 23 DE MARCO",2,0,"LINHA CA 16 LOTE 139 GLEBA 02",NULL,NULL,"ZONA RURAL","76864000","GEO LIDAS 2015","1","-9.333404","-62.490919","110094005000010","-9.363231116018303","-62.579418479325525","municipio","dm01","25356","CUJUBIM - RO",2462,False,"110094005000010","110094005000004","-9.363231116018303","-62.579418479325525","0","10260.81750818","1","2358.04376429",False,False
175410,8,"2025-08-26 09:59:31-03","2025-08-26 09:59:31-03","0101000020E61000000E30F31DFC004FC06953758F6CAE22C0","0101000020E61000000E30F31DFC004FC06953758F6CAE22C0",11008598,2024,"RO",1100130,"Machadinho D'Oeste","Machadinho D'Oeste",110013005,"EMEF JOVINA DE CARVALHO RIBEIRO",1,0,"AVENIDA MARECHAL DEODORO DA FONSECA","2832","ZONA URBANA","CENTRO","76868000","GEO LIDAS 2015","1","-9.340672","-62.007694","110013005000018","-9.425561804520456","-62.00071358184628","localidade","db01","1613","CENTRO, MACHADINHO D'OESTE - RO",2580,False,"110013005000018","110013005000001","-9.425561804520456","-62.00071358184628","0","9470.34202767","1","3092.17609701",False,False
175508,8,"2025-08-26 09:59:31-03","2025-08-26 09:59:31-03","0101000020E6100000CF6B47CC474A4FC03CCD131967B922C0","0101000020E6100000CF6B47CC474A4FC03CCD131967B922C0",11053402,2024,"RO",1100940,"Cujubim","Cujubim",110094005,"EMEF ALUISIO BECKER",1,0,"AV. GALO DA SERRA","N 2113",NULL,"SETOR 01","76864000","Catálogo de Escolas - agosto/2024","0","-9.3621147","-62.5803161","110094005000024","-9.363735873524735","-62.582826567859186","logradouro","dl03","323","AVENIDA GALO DA SERRA - SETOR 01, CUJUBIM - RO, 76864-000",44,False,"110094005000024","110094005000004","-9.363735873524735","-62.582826567859186","0","329.17958352","1","6.07834247",False,True
175510,8,"2025-08-26 09:59:31-03","2025-08-26 09:59:31-03","0101000020E610000040B09932260E50C029907EA081B922C0","0101000020E610000040B09932260E50C029907EA081B922C0",11050128,2024,"RO",1100205,"Porto Velho","Jaci Paraná",110020520,"EIEEF PYM KEJA SIGNATY PYPYDNIPA",2,2,"LINHA 67, BR 364, SENT ACRE - ALDEIA BYJYTY AKOT PYTIM ADNA -","SN","TERRA IND KARITIANA","RURAL","76840000","Catálogo de Escolas - agosto/2024","0","-9.3623171","-64.2210814","110020505000165","-8.836229025804817","-63.90871198866833","municipio","dm01","181697","PORTO VELHO - RO",134348,False,"110020505000165","110020505000188","-8.836229025804817","-63.90871198866833","0","67810.97189546","1","67159.44588664",False,False
175526,8,"2025-08-26 09:59:31-03","2025-08-26 09:59:31-03","0101000020E61000002C8FA0BE064B4FC078514CC2ABBA22C0","0101000020E61000002C8FA0BE064B4FC078514CC2ABBA22C0",11048131,2024,"RO",1100940,"Cujubim","Cujubim",110094005,"EMEI RAIO DE LUZ",1,0,"AV BEIJA-FLOR","3088",NULL,"SETOR 03","76864000","Catálogo de Escolas - agosto/2024","0","-9.364591667","-62.58614333","110094005000002","-9.366530734262648","-62.58722368471182","localidade","db01","616","SETOR 03, CUJUBIM - RO",661,False,"110094005000002","110094005000002","-9.366530734262648","-62.58722368471182","0","246.04632682","1","0",True,NULL
175555,8,"2025-08-26 09:59:31-03","2025-08-26 09:59:31-03","0101000020E61000002DD2C43BC04A4FC01C29B6DD5FBC22C0","0101000020E61000002DD2C43BC04A4FC01C29B6DD5FBC22C0",11009152,2024,"RO",1100940,"Cujubim","Cujubim",110094005,"EEEFM ANTONIO FRANCISCO LISBOA",1,0,"AV. MARACANA","1413",NULL,"SETOR 03","76864000","Catálogo de Escolas - agosto/2024","0","-9.3679189","-62.5839915","110094005000022","-9.369367810319455","-62.585832591833686","numero_aproximado","da03","6","AVENIDA MARACANA, 1413 (aprox) - SETOR 03, CUJUBIM - RO",1,False,"110094005000022","110094005000022","-9.369367810319455","-62.585832591833686","0","258.3733852","1","0",True,NULL
175565,8,"2025-08-26 09:59:31-03","2025-08-26 09:59:31-03","0101000020E6100000464F5F09834A4FC0396D3507E2BC22C0","0101000020E6100000464F5F09834A4FC0396D3507E2BC22C0",11038780,2024,"RO",1100940,"Cujubim","Cujubim",110094005,"EMEIEF PEQUENO PRINCIPE",1,0,"AVENIDA ROUXINOL","2481",NULL,"SETOR 02","76864000","Catálogo de Escolas - agosto/2024","0","-9.368911958","-62.58212392","110094005000023","-9.370200185469553","-62.581291874365334","numero_aproximado","da03","6","AVENIDA ROUXINOL, 2481 (aprox) - SETOR 02, CUJUBIM - RO",1,False,"110094005000023","110094005000023","-9.370200185469553","-62.581291874365334","0","169.85866286","1","0",True,NULL
175575,8,"2025-08-26 09:59:31-03","2025-08-26 09:59:31-03","0101000020E61000004709F29AF44A4FC0AAC7E84679BD22C0","0101000020E61000004709F29AF44A4FC0AAC7E84679BD22C0",11048727,2024,"RO",1100940,"Cujubim","Cujubim",110094005,"ESCOLA DE EDUCACAO INFANTIL E ENSINO FUNDAMENTAL CASTELINHO",1,0,"AVENIDA CONDOR","1171",NULL,"SETOR 03","76864000","Catálogo de Escolas - agosto/2024","0","-9.370065895","-62.58558976","110094005000022","-9.366530734262648","-62.58722368471182","localidade","db01","616","SETOR 03, CUJUBIM - RO",661,False,"110094005000022","110094005000002","-9.366530734262648","-62.58722368471182","0","432.0373342","1","58.53200244",False,True
175629,8,"2025-08-26 09:59:31-03","2025-08-26 09:59:31-03","0101000020E61000001BA7D71CD61D4FC031C2CA57B8BF22C0","0101000020E61000001BA7D71CD61D4FC031C2CA57B8BF22C0",11043229,2024,"RO",1100130,"Machadinho D'Oeste","Machadinho D'Oeste",110013005,"EPMEIEF HERMINIA CASTOLDI DE OLIVEIRA",2,1,"LINHA MC-07 - KM 30 - NUCLEO HELENOPOLIS","SN",NULL,"HELENOPOLIS","76868000","Catálogo de Escolas - agosto/2024","0","-9.3744533","-62.2330967","110013005000039","-9.423859992957832","-62.07339127866982","municipio","dm01","50047","MACHADINHO D'OESTE - RO",11808,False,"110013005000039","110013005000061","-9.423859992957832","-62.07339127866982","0","18361.19493062","1","4628.83971826",False,True
176040,8,"2025-08-26 09:59:31-03","2025-08-26 09:59:31-03","0101000020E61000008B6B7C26FB004FC0493D55CF93D422C0","0101000020E61000008B6B7C26FB004FC0493D55CF93D422C0",11049863,2024,"RO",1100130,"Machadinho D'Oeste","Machadinho D'Oeste",110013005,"EMEIEF PROFESSOR CLAUDIOMIR CAMPESTRINI",1,0,"RUA GIRASSOL","3139",NULL,"PRIMAVERA","76868000","Catálogo de Escolas - agosto/2024","0","-9.4151902","-62.0076645","110013005000053","-9.41533598680731","-62.00767198194586","numero_aproximado","da03","6","RUA GIRASSOL, 3139 (aprox) - PRIMAVERA, MACHADINHO D'OESTE - RO",1,False,"110013005000053","110013005000053","-9.41533598680731","-62.00767198194586","0","16.23153951","1","0",True,NULL
176072,8,"2025-08-26 09:59:31-03","2025-08-26 09:59:31-03","0101000020E6100000E48233F8FB014FC0F2B4FCC055D622C0","0101000020E6100000E48233F8FB014FC0F2B4FCC055D622C0",11051329,2024,"RO",1100130,"Machadinho D'Oeste","Machadinho D'Oeste",110013005,"CMEI PORTO FELIZ DR ELIAS ESTEVAM PEREIRA FILHO",1,0,"RUA DIEGO SARTORO","3771",NULL,"PORTO FELIZ II","76868000","Google 2025","1","-9.418623","-62.015502","110013005000076","-9.423859992957832","-62.07339127866982","municipio","dm01","50047","MACHADINHO D'OESTE - RO",11808,False,"110013005000076","110013005000061","-9.423859992957832","-62.07339127866982","0","6376.82230438","1","5857.62802045",False,True
176084,8,"2025-08-26 09:59:31-03","2025-08-26 09:59:31-03","0101000020E61000005395B6B8C6FD4EC0B56FEEAF1ED722C0","0101000020E61000005395B6B8C6FD4EC0B56FEEAF1ED722C0",11049677,2024,"RO",1100130,"Machadinho D'Oeste","Machadinho D'Oeste",110013005,"CENTRO MUNICIPAL DE EDUCACAO INFANTIL PEQUENO PRINCIPE",1,0,"AV. CASTELO BRANCO","5106",NULL,"BOM FUTURO","76868000","Google 2025","1","-9.420156","-61.982627","110013005000064","-9.42015552520752","-61.982627868652344","numero","dn03","6","AVENIDA CASTELO BRANCO, 5106 - BOM FUTURO, MACHADINHO D'OESTE - RO, 76868-000",1,False,"110013005000064","110013005000064","-9.42015552520752","-61.982627868652344","0","0.10893549","1","0",True,NULL
176086,8,"2025-08-26 09:59:31-03","2025-08-26 09:59:31-03","0101000020E610000002017C0107FE4EC0221D797B6BD722C0","0101000020E610000002017C0107FE4EC0221D797B6BD722C0",11008148,2024,"RO",1100130,"Machadinho D'Oeste","Machadinho D'Oeste",110013005,"EMEIEF BOM FUTURO",1,0,"CASTELO BRANCO","4780",NULL,"BOM FUTURO","76868000","Catálogo de Escolas - agosto/2024","0","-9.4207419","-61.9845888","110013005000063","-9.421421474078494","-61.98505733989568","localidade","db01","873","BOM FUTURO, MACHADINHO D'OESTE - RO",1391,False,"110013005000063","110013005000063","-9.421421474078494","-61.98505733989568","0","91.38777651","1","0",True,NULL
176105,8,"2025-08-26 09:59:31-03","2025-08-26 09:59:31-03","0101000020E6100000DA25057179FF4EC03BF1E6BA3AD922C0","0101000020E6100000DA25057179FF4EC03BF1E6BA3AD922C0",11009080,2024,"RO",1100130,"Machadinho D'Oeste","Machadinho D'Oeste",110013005,"EEEFM JOAQUIM PEREIRA DA ROCHA",1,0,"AVENIDA DIOMERO MORAES BORBA","3647",NULL,"CENTRO","76868000","Catálogo de Escolas - agosto/2024","0","-9.4242762","-61.9958936","110013005000012","-9.424317359924316","-61.9953727722168","numero","dn03","6","AVENIDA DIOMERO MORAES BORBA, 3647 - CENTRO, MACHADINHO D'OESTE - RO, 76868-000",1,False,"110013005000012","110013005000012","-9.424317359924316","-61.9953727722168","0","57.31484556","1","0",True,NULL
176106,8,"2025-08-26 09:59:31-03","2025-08-26 09:59:31-03","0101000020E610000017B60B72BCFF4EC0E7952AD276D922C0","0101000020E610000017B60B72BCFF4EC0E7952AD276D922C0",11009110,2024,"RO",1100130,"Machadinho D'Oeste","Machadinho D'Oeste",110013005,"EMEI CRIANCA FELIZ",1,0,"AVENIDA BRASIL","3142",NULL,"CENTRO","76868000","Catálogo de Escolas - agosto/2024","0","-9.424734657","-61.9979384","110013005000001","-9.425127622471686","-61.997646747542","numero_aproximado","da03","6","AVENIDA BRASIL, 3142 (aprox) - CENTRO, MACHADINHO D'OESTE - RO",1,False,"110013005000001","110013005000001","-9.425127622471686","-61.997646747542","0","54.15577534","1","0",True,NULL
176107,8,"2025-08-26 09:59:31-03","2025-08-26 09:59:31-03","0101000020E6100000C442AD69DEFF4EC03FF4EED984D922C0","0101000020E6100000C442AD69DEFF4EC03FF4EED984D922C0",11007982,2024,"RO",1100130,"Machadinho D'Oeste","Machadinho D'Oeste",110013005,"CEEJA PAULO FREIRE",1,0,"AV DIOMERO MORAES BORBA","3305",NULL,"CENTRO","76868000","Catálogo de Escolas - agosto/2024","0","-9.4248417","-61.998975","110013005000001","-9.425488399164859","-61.99820925469983","numero_aproximado","da03","6","AVENIDA DIOMERO MORAES BORBA, 3305 (aprox) - CENTRO, MACHADINHO D'OESTE - RO",1,False,"110013005000001","110013005000001","-9.425488399164859","-61.99820925469983","0","110.57404698","1","0",True,NULL
176109,8,"2025-08-26 09:59:31-03","2025-08-26 09:59:31-03","0101000020E6100000AF7F322141FF4EC09262DBFD85D922C0","0101000020E6100000AF7F322141FF4EC09262DBFD85D922C0",11049871,2024,"RO",1100130,"Machadinho D'Oeste","Machadinho D'Oeste",110013005,"EMEF PROFESSORA MARIA DE JESUS GRILO",1,0,"AV. PRESIDENTE MEDICI","3953",NULL,"CENTRO","76868000","Catálogo de Escolas - agosto/2024","0","-9.4248504","-61.9941751","110013005000012","-9.425285168124093","-61.99253648485271","numero_aproximado","da03","6","AVENIDA PRESIDENTE MEDICI, 3953 (aprox) - CENTRO, MACHADINHO D'OESTE - RO",1,False,"110013005000012","110013005000008","-9.425285168124093","-61.99253648485271","0","186.13401702","1","117.82816907",False,True
176111,8,"2025-08-26 09:59:31-03","2025-08-26 09:59:31-03","0101000020E61000005C7347FFCB2C50C0910C39B69ED922C0","0101000020E61000005C7347FFCB2C50C0910C39B69ED922C0",11003774,2024,"RO",1100205,"Porto Velho","Mutum Paraná",110020525,"EMEF OLYMPIA SALVATORE RIBEIRO",2,0,"BR 364 KM 128","SN","VILA DE JIRAU",NULL,"76840000","GEO LIDAS 2015","1","-9.425039","-64.699951","110020520000026","-8.836229025804817","-63.90871198866833","municipio","dm01","181697","PORTO VELHO - RO",134348,False,"110020520000026","110020505000188","-8.836229025804817","-63.90871198866833","0","108777.28684179","1","107240.25977869",False,False
176113,8,"2025-08-26 09:59:31-03","2025-08-26 09:59:31-03","0101000020E61000003C31EBC550004FC0B6847CD0B3D922C0","0101000020E61000003C31EBC550004FC0B6847CD0B3D922C0",11051310,2024,"RO",1100130,"Machadinho D'Oeste","Quinto BEC",110013020,"ESCOLA MUNICIPAL DE ENSINO FUNDAMENTAL SILVANO REGINO CRIVELARI",1,0,"RUA CARLOS FERNANDES DE SOUZA","S/N","DISTRITO DE 5º BEC",NULL,"76868000","Google 2025","2","-9.4252","-62.002465","110013005000001","-9.423859992957832","-62.07339127866982","municipio","dm01","50047","MACHADINHO D'OESTE - RO",11808,False,"110013005000001","110013005000061","-9.423859992957832","-62.07339127866982","0","7781.6269833","1","7751.41506042",False,False
176125,8,"2025-08-26 09:59:31-03","2025-08-26 09:59:31-03","0101000020E610000042E84592C5004FC0E561A1D634DB22C0","0101000020E610000042E84592C5004FC0E561A1D634DB22C0",11008008,2024,"RO",1100130,"Machadinho D'Oeste","Machadinho D'Oeste",110013005,"EEEFM ALBERTO NEPOMUCENO",1,0,"AVENIDA CASTELO BRANCO","2452",NULL,"CENTRO","76868000","Catálogo de Escolas - agosto/2024","0","-9.4281375","-62.0060294","110013005000067","-9.42449421076139","-61.99824188423004","numero_aproximado","da03","6","AVENIDA CASTELO BRANCO, 2452 (aprox) - CENTRO, MACHADINHO D'OESTE - RO",2,False,"110013005000067","110013005000001","-9.42449421076139","-61.99824188423004","0","945.4343668","1","461.74297997",False,True
176134,8,"2025-08-26 09:59:31-03","2025-08-26 09:59:31-03","0101000020E61000001DA643C8F5004FC065F2846080DC22C0","0101000020E61000001DA643C8F5004FC065F2846080DC22C0",11007966,2024,"RO",1100130,"Machadinho D'Oeste","Machadinho D'Oeste",110013005,"APAE JOSE DE CASTRO PEREIRA DOS SANTOS",1,0,"RUA PARANA","3406",NULL,"CENTRO","76868000","Catálogo de Escolas - agosto/2024","0","-9.430666939","-62.00750068","110013005000067","-9.43231219076471","-62.00646266629809","numero_aproximado","da03","6","RUA PARANA, 3406 (aprox) - CENTRO, MACHADINHO D'OESTE - RO",1,False,"110013005000067","110013005000080","-9.43231219076471","-62.00646266629809","0","215.48311699","1","83.74392295",False,True
176201,8,"2025-08-26 09:59:31-03","2025-08-26 09:59:31-03","0101000020E61000003DEB0190E6004FC03077E90322DD22C0","0101000020E61000003DEB0190E6004FC03077E90322DD22C0",11049901,2024,"RO",1100130,"Machadinho D'Oeste","Machadinho D'Oeste",110013005,"CD - DRUMMOND EDUCACIONAL",1,0,"AV MARECHAL DEODORO DA FONSECA","2486",NULL,"CENTRO","76868000","Catálogo de Escolas - agosto/2024","0","-9.431900141","-62.00703621","110013005000080","-9.425561804520456","-62.00071358184628","localidade","db01","1613","CENTRO, MACHADINHO D'OESTE - RO",2580,False,"110013005000080","110013005000001","-9.425561804520456","-62.00071358184628","0","988.80690809","1","391.46619962",False,True
176427,8,"2025-08-26 09:59:31-03","2025-08-26 09:59:31-03","0101000020E610000041A08E22C6204FC0ACAA97DF69EE22C0","0101000020E610000041A08E22C6204FC0ACAA97DF69EE22C0",11047704,2024,"RO",1100130,"Machadinho D'Oeste","Machadinho D'Oeste",110013005,"EPMEIEF AMIGOS DO CAMPO",2,1,"LH MP 115 ASSENTAMENTO AMIGOS DO CAMPO","SN",NULL,"AREA RURAL","76868000","Catálogo de Escolas - agosto/2024","0","-9.4656515","-62.2560466","110013005000070","-9.423859992957832","-62.07339127866982","municipio","dm01","50047","MACHADINHO D'OESTE - RO",11808,False,"110013005000070","110013005000061","-9.423859992957832","-62.07339127866982","0","20566.91406345","1","20158.39050076",False,False
176526,8,"2025-08-26 09:59:31-03","2025-08-26 09:59:31-03","0101000020E61000009FE6E44526544FC009DFFB1BB4F722C0","0101000020E61000009FE6E44526544FC009DFFB1BB4F722C0",11009543,2024,"RO",1100940,"Cujubim","Cujubim",110094005,"EMEIEF TEOTONIO BRANDAO VILELA",2,0,"RO 205","S/N",NULL,"COMUNIDADE CASTANHEIRA","76864000","GEO LIDAS 2015","1","-9.483796","-62.657418","110094005000047","-9.363231116018303","-62.579418479325525","municipio","dm01","25356","CUJUBIM - RO",2462,False,"110094005000047","110094005000004","-9.363231116018303","-62.579418479325525","0","15903.89664978","1","14001.20168786",False,False
176726,8,"2025-08-26 09:59:31-03","2025-08-26 09:59:31-03","0101000020E610000050C58D5BCC9750C00F62670A9D0F23C0","0101000020E610000050C58D5BCC9750C00F62670A9D0F23C0",11051361,2024,"RO",1100205,"Porto Velho","Extrema",110020517,"EIEEF IXAHIPI",2,2,"LINHA 2 KM 34 -TERRA INDIGENA KAXARARI",NULL,"TERRA INDI KAXARARI",NULL,"76847000","Google 2025","2","-9.530495","-66.371848","110020517000014","-8.836229025804817","-63.90871198866833","municipio","dm01","181697","PORTO VELHO - RO",134348,False,"110020517000014","110020505000188","-8.836229025804817","-63.90871198866833","0","281180.96272467","1","280651.58573633",False,False
177202,8,"2025-08-26 09:59:31-03","2025-08-26 09:59:31-03","0101000020E61000007CAD951AEB234FC0F0D874A9B62C23C0","0101000020E61000007CAD951AEB234FC0F0D874A9B62C23C0",11054204,2024,"RO",1100130,"Machadinho D'Oeste","Machadinho D'Oeste",110013005,"EMEIEFR ANTONIO FRANCISCO LISBOA",2,1,"LINHA C-04,CEDRO JEQUITIBA",NULL,NULL,"RURAL","76868000","Catálogo de Escolas - agosto/2024","0","-9.5873311","-62.2806123","110013015000004","-9.423859992957832","-62.07339127866982","municipio","dm01","50047","MACHADINHO D'OESTE - RO",11808,False,"110013015000004","110013005000061","-9.423859992957832","-62.07339127866982","0","29100.88589224","1","22750.2953217",False,False
177491,8,"2025-08-26 09:59:31-03","2025-08-26 09:59:31-03","0101000020E6100000901B34AAC2FB4FC0D6CCB5C3BA4023C0","0101000020E6100000901B34AAC2FB4FC0D6CCB5C3BA4023C0",11043997,2024,"RO",1100205,"Porto Velho","Porto Velho",110020505,"EMEIEF RIO PARDO",2,0,"BR 364 -FLONA BOM FUTURO LINHA CARACOL KM 90",NULL,"RIO PARDO","ZONA RURAL","76840000","Catálogo de Escolas - agosto/2024","0","-9.6264249","-63.9668782","110020505000204","-8.836229025804817","-63.90871198866833","municipio","dm01","181697","PORTO VELHO - RO",134348,False,"110020505000204","110020505000188","-8.836229025804817","-63.90871198866833","0","88097.50472013","1","86693.94414641",False,False
177628,8,"2025-08-26 09:59:31-03","2025-08-26 09:59:31-03","0101000020E6100000FA8B0BCD16FB4FC0AA89ADBCBE4923C0","0101000020E6100000FA8B0BCD16FB4FC0AA89ADBCBE4923C0",11050349,2024,"RO",1100205,"Porto Velho","Porto Velho",110020505,"EEEFM FERNANDO DE SOUZA GOMES",2,0,"AREA RURAL",NULL,"AVENIDA TIRADENTES","AREA RURAL DE PORTO VELHO","76834899","Catálogo de Escolas - agosto/2024","0","-9.644033333","-63.96163333","110020505000205","-8.836229025804817","-63.90871198866833","municipio","dm01","181697","PORTO VELHO - RO",134348,False,"110020505000205","110020505000188","-8.836229025804817","-63.90871198866833","0","90011.45255747","1","88091.72298568",False,False
177722,8,"2025-08-26 09:59:31-03","2025-08-26 09:59:31-03","0101000020E6100000D3102614196F50C0C91338C5445023C0","0101000020E6100000D3102614196F50C0C91338C5445023C0",11047780,2024,"RO",1100205,"Porto Velho","Vista Alegre do Abunã",110020545,"EMEIEF MARIA CASAROTO ABATI",1,0,"RUA ANTONIO OLIMPIO DE LIMA","3238",NULL,"CENTRO","76846000","Catálogo de Escolas - agosto/2024","0","-9.65677467641389","-65.7359056827293","110020545000006","-9.657107158784317","-65.73551008343085","numero_aproximado","da04","6","RUA ANTONIO OLIMPIO DE LIMA, 3238 (aprox) - VISTA ALEGRE DO ABUNA, PORTO VELHO - RO",1,True,"110020545000006","110020545000006","-9.656866101898682","-65.73316455320534","258.5090416","56.98566356","1","0",True,NULL
177728,8,"2025-08-26 09:59:31-03","2025-08-26 09:59:31-03","0101000020E6100000AC838B2ED26F50C04EF02CC57E5023C0","0101000020E6100000AC838B2ED26F50C04EF02CC57E5023C0",11000457,2024,"RO",1100205,"Porto Velho","Vista Alegre do Abunã",110020545,"EEEFM PROFESSORA ANTONIA VIEIRA FROTA",1,0,"AVENIDA RIO ABUNA","S/N","VISTA ALEGRE DO ABUN","CENTRO","76846000","Catálogo de Escolas - agosto/2024","0","-9.65721718","-65.74720348","110020545000012","-9.021088110364001","-64.36541593000756","localidade","db01","167331","CENTRO, PORTO VELHO - RO",2712,False,"110020545000012","110020520000007","-9.021088110364001","-64.36541593000756","0","167299.38696692","1","166415.0898511",False,False
177858,8,"2025-08-26 09:59:31-03","2025-08-26 09:59:31-03","0101000020E6100000869AD7C7F90C4FC0AA72EB7FCA5623C0","0101000020E6100000869AD7C7F90C4FC0AA72EB7FCA5623C0",11009020,2024,"RO",1101757,"Vale do Anari","Vale do Anari",110175705,"EMEIF ORIBE ANTONIO DOS SANTOS",2,0,"LINHA MA 04 KM 10","S/N","SAO MARCOS","ZONA RURAL","76867000","Catálogo de Escolas - agosto/2024","0","-9.6695137","-62.1013727","110175705000020","-9.879378684997558","-62.19257870144314","municipio","dm01","17802","VALE DO ANARI - RO",1185,False,"110175705000020","110175705000021","-9.879378684997558","-62.19257870144314","0","25386.12678798","1","24749.22433672",False,False
177916,8,"2025-08-26 09:59:31-03","2025-08-26 09:59:31-03","0101000020E6100000A167B3EA73FD4EC0C57E051F395C23C0","0101000020E6100000A167B3EA73FD4EC0C57E051F395C23C0",11047631,2024,"RO",1100130,"Machadinho D'Oeste","Machadinho D'Oeste",110013005,"EMEIEFR ROBERTO MARINHO",2,0,"LINHA MA- 16 COM MA - 18,","SN  -KM",NULL,"RURAL","76868000","Catálogo de Escolas - agosto/2024","0","-9.6801233","-61.9801","110013005000024","-9.423859992957832","-62.07339127866982","municipio","dm01","50047","MACHADINHO D'OESTE - RO",11808,False,"110013005000024","110013005000061","-9.423859992957832","-62.07339127866982","0","30275.8022997","1","12742.38563311",False,False
177948,8,"2025-08-26 09:59:31-03","2025-08-26 09:59:31-03","0101000020E610000023DDAE1BDF1A4FC0916084D2125F23C0","0101000020E610000023DDAE1BDF1A4FC0916084D2125F23C0",11009047,2024,"RO",1100130,"Machadinho D'Oeste","Quinto BEC",110013020,"EMEF VISCONDE DO RIO BRANCO",1,0,"AVENIDA SENADOR OLAVO PIRES","2628","DISTRITO DE 5º BEC","CENTRO","76868000","Catálogo de Escolas - agosto/2024","0","-9.685690478","-62.20993372","110013020000007","-9.425561804520456","-62.00071358184628","localidade","db01","1613","CENTRO, MACHADINHO D'OESTE - RO",2580,False,"110013020000007","110013005000001","-9.425561804520456","-62.00071358184628","0","36918.37876667","1","36444.3547199",False,False
177950,8,"2025-08-26 09:59:31-03","2025-08-26 09:59:31-03","0101000020E61000003AF98082831A4FC09CF2CAF0FD5F23C0","0101000020E61000003AF98082831A4FC09CF2CAF0FD5F23C0",11049812,2024,"RO",1100130,"Machadinho D'Oeste","Quinto BEC",110013020,"EEEFM VALDOMIRO FRANCISCO DE OLIVEIRA",1,0,"LOTE 31 GLEBA 02 LINHA MP 03","2659","ESCOLA RURAL","DISTRITO 5º BEC","76868000","Catálogo de Escolas - agosto/2024","0","-9.687484288","-62.20713836","110013020000007","-9.423859992957832","-62.07339127866982","municipio","dm01","50047","MACHADINHO D'OESTE - RO",11808,False,"110013020000007","110013005000061","-9.423859992957832","-62.07339127866982","0","32777.67150866","1","32213.8239196",False,False
177952,8,"2025-08-26 09:59:31-03","2025-08-26 09:59:31-03","0101000020E61000005D0D9AA7841A4FC05EE85B30026023C0","0101000020E61000005D0D9AA7841A4FC05EE85B30026023C0",11048018,2024,"RO",1100130,"Machadinho D'Oeste","Machadinho D'Oeste",110013005,"EEEM PROFª MARIA CONCEICAO DE SOUZA",1,0,"AVENIDA JOAO BATISTA FIGUEIREDO","3540",NULL,"UNIAO","76868000","Catálogo de Escolas - agosto/2024","0","-9.6875167","-62.2071733","110013020000007","-9.430595639755643","-61.994211307072725","numero_aproximado","da03","6","AVENIDA JOAO BATISTA FIGUEIREDO, 3540 (aprox) - UNIAO, MACHADINHO D'OESTE - RO",1,False,"110013020000007","110013005000012","-9.430595639755643","-61.994211307072725","0","36897.74663549","1","36459.27005749",False,False
177959,8,"2025-08-26 09:59:31-03","2025-08-26 09:59:31-03","0101000020E6100000165CFFF06B1A4FC07E422C51AC6023C0","0101000020E6100000165CFFF06B1A4FC07E422C51AC6023C0",11050640,2024,"RO",1100130,"Machadinho D'Oeste","Quinto BEC",110013020,"CMEI JOSE FERREIRA MACHADO",1,0,"RUA JORGE TEIXEIRA","2684","DISTRITO 5º BEC","CENTRO","76868000","Catálogo de Escolas - agosto/2024","0","-9.688814675","-62.20641911","110013020000007","-9.425561804520456","-62.00071358184628","localidade","db01","1613","CENTRO, MACHADINHO D'OESTE - RO",2580,False,"110013020000007","110013005000001","-9.425561804520456","-62.00071358184628","0","36954.64107312","1","36444.3547199",False,False
177979,8,"2025-08-26 09:59:31-03","2025-08-26 09:59:31-03","0101000020E6100000DB7268701F2250C0CB1B1659216723C0","0101000020E6100000DB7268701F2250C0CB1B1659216723C0",11104805,2024,"RO",1100205,"Porto Velho","Porto Velho",110020505,"EEEFM CESAR FREITAS CASSOL",2,0,"AVENIDA DOS IMIGRANTES, DISTRITO UNIAO BANDEIRANTES","S/Nº",NULL,"CENTRO","76841000","Catálogo de Escolas - agosto/2024","0","-9.7014263","-64.53316889","110020525000017","-9.021088110364001","-64.36541593000756","localidade","db01","167331","CENTRO, PORTO VELHO - RO",2712,False,"110020525000017","110020520000007","-9.021088110364001","-64.36541593000756","0","77856.90235034","1","77003.76454682",False,False
177981,8,"2025-08-26 09:59:31-03","2025-08-26 09:59:31-03","0101000020E61000003FC6DCB584734FC0D8B38C79C26723C0","0101000020E61000003FC6DCB584734FC0D8B38C79C26723C0",11049928,2024,"RO",1100262,"Rio Crespo","Rio Crespo",110026205,"CMEI CARROSSEL DOURADO",1,0,"RUA GOVERNADOR JORGE TEIXEIRA","1338",NULL,"EDIANE MARIA MOREIRA","76863000","Catálogo de Escolas - agosto/2024","0","-9.7026556","-62.9024875","110026205000011","-9.64063132233415","-62.82747763885311","municipio","dm01","37146","RIO CRESPO - RO",858,False,"110026205000011","110026205000004","-9.64063132233415","-62.82747763885311","0","10731.72804071","1","10382.93031967",False,False
177982,8,"2025-08-26 09:59:31-03","2025-08-26 09:59:31-03","0101000020E61000006E41A50007734FC008BD48B2586823C0","0101000020E61000006E41A50007734FC008BD48B2586823C0",11009306,2024,"RO",1100262,"Rio Crespo","Rio Crespo",110026205,"EEEFM FRANCISCO MIGNONE",1,0,"AV. GOV. OSVALDO PIANA FILHO","1751","CENTRO","SETOR 01","76863000","Catálogo de Escolas - agosto/2024","0","-9.7038017","-62.8986512","110026205000012","-9.701763837233834","-62.899158975352414","localidade","db01","361","SETOR 01, RIO CRESPO - RO",49,False,"110026205000012","110026205000012","-9.701763837233834","-62.899158975352414","0","233.33477909","1","0",True,NULL
177993,8,"2025-08-26 09:59:31-03","2025-08-26 09:59:31-03","0101000020E61000002FFDA60B0C734FC038222933EF6A23C0","0101000020E61000002FFDA60B0C734FC038222933EF6A23C0",11038268,2024,"RO",1100262,"Rio Crespo","Rio Crespo",110026205,"EMEF VANEIDE DE OLIVEIRA",1,0,"RUA CEREJEIRA","1570","SETOR 03","VILA BAIANA","76863000","Catálogo de Escolas - agosto/2024","0","-9.7088562","-62.8988051","110026205000012","-9.64063132233415","-62.82747763885311","municipio","dm01","37146","RIO CRESPO - RO",858,False,"110026205000012","110026205000004","-9.64063132233415","-62.82747763885311","0","10894.02750569","1","10051.05666482",False,False
178018,8,"2025-08-26 09:59:31-03","2025-08-26 09:59:31-03","0101000020E6100000A43AFCB911A84FC012FDC35E746F23C0","0101000020E6100000A43AFCB911A84FC012FDC35E746F23C0",11048140,2024,"RO",1100403,"Alto Paraíso","Alto Paraíso",110040305,"EEEF CUSTODIO GABRIEL FILHO",1,0,"RUA MARINGA","3629","QUADRA","JARDIM ALVORA II","76862000","Catálogo de Escolas - agosto/2024","0","-9.717684709","-63.31304097","110040305000036","-9.717841148376465","-63.31306838989258","numero","dn04","6","RUA MARINGA, 3629 - ALVORADA, ALTO PARAISO - RO",1,False,"110040305000036","110040305000036","-9.717841148376465","-63.31306838989258","0","17.65297011","1","0",True,NULL
178024,8,"2025-08-26 09:59:31-03","2025-08-26 09:59:31-03","0101000020E610000073586D40FCA84FC0CF6CEF040F7023C0","0101000020E610000073586D40FCA84FC0CF6CEF040F7023C0",11045434,2024,"RO",1100403,"Alto Paraíso","Alto Paraíso",110040305,"ESCOLA SANTA MARCELINA - SUBSEDE I",1,0,"RUA SANTA MARCELINA","2869","SETOR 2","CENTRO","76862000","Catálogo de Escolas - agosto/2024","0","-9.718864588","-63.32019811","110040305000001","-9.719130447526743","-63.32010728293353","numero_aproximado","da03","6","RUA SANTA MARCELINA, 2869 (aprox) - CENTRO, ALTO PARAISO - RO",1,False,"110040305000001","110040305000002","-9.719130447526743","-63.32010728293353","0","31.19329009","1","4.68198823",False,True
178027,8,"2025-08-26 09:59:31-03","2025-08-26 09:59:31-03","0101000020E6100000D014F02197A84FC0A57F308DB27023C0","0101000020E6100000D014F02197A84FC0A57F308DB27023C0",11009888,2024,"RO",1100403,"Alto Paraíso","Alto Paraíso",110040305,"EEEFM LAURINDO RABELO",1,0,"RUA MARIO LUIZ BARBOSA","3218","PREDIO","CENTRO","76862000","Catálogo de Escolas - agosto/2024","0","-9.72011224","-63.3171122","110040305000002","-9.719587272331914","-63.31689347674882","numero_aproximado","da03","7","RUA MARIO LUIZ BARBOSA, 3218 (aprox) - CENTRO, ALTO PARAISO - RO",1,False,"110040305000002","110040305000002","-9.719587272331914","-63.31689347674882","0","63.10428956","1","0",True,NULL
178035,8,"2025-08-26 09:59:31-03","2025-08-26 09:59:31-03","0101000020E61000000E4A9869FBA74FC0F4C0C760C57123C0","0101000020E61000000E4A9869FBA74FC0F4C0C760C57123C0",11009950,2024,"RO",1100403,"Alto Paraíso","Alto Paraíso",110040305,"EMEF OSVALDO DE ANDRADE",2,0,"LC 95 TB 20",NULL,NULL,NULL,"76862000","GEO LIDAS 2015","1","-9.722209","-63.31236","110040305000036","-9.719592097179264","-63.31546227900261","municipio","dm01","33583","ALTO PARAISO - RO",1820,False,"110040305000036","110040305000002","-9.719592097179264","-63.31546227900261","0","447.52299092","1","220.3577484",False,True
178037,8,"2025-08-26 09:59:31-03","2025-08-26 09:59:31-03","0101000020E610000075D8122C6DA84FC0B3C63176E87123C0","0101000020E610000075D8122C6DA84FC0B3C63176E87123C0",11042974,2024,"RO",1100403,"Alto Paraíso","Alto Paraíso",110040305,"EMEI CRIANCA FELIZ",1,0,"RUA PAULO VI","3827",NULL,"CENTRO","76862000","Catálogo de Escolas - agosto/2024","0","-9.722476667","-63.31583167","110040305000003","-9.720790491912505","-63.31603363655362","numero_aproximado","da03","6","RUA PAULO VI, 3827 (aprox) - CENTRO, ALTO PARAISO - RO",1,False,"110040305000003","110040305000002","-9.720790491912505","-63.31603363655362","0","188.79646883","1","54.66572858",False,True
178039,8,"2025-08-26 09:59:31-03","2025-08-26 09:59:31-03","0101000020E610000055F7C8E6AAA74FC052F2EA1C037223C0","0101000020E610000055F7C8E6AAA74FC052F2EA1C037223C0",11009977,2024,"RO",1100403,"Alto Paraíso","Alto Paraíso",110040305,"EMEF PADRE ANGELO SPADARI",2,0,"LC 100 TB 20",NULL,NULL,"ZONA RURAL","76862000","GEO LIDAS 2015","1","-9.72268","-63.309903","110040305000036","-9.719592097179264","-63.31546227900261","municipio","dm01","33583","ALTO PARAISO - RO",1820,False,"110040305000036","110040305000002","-9.719592097179264","-63.31546227900261","0","699.3769877","1","220.3577484",False,True
178041,8,"2025-08-26 09:59:31-03","2025-08-26 09:59:31-03","0101000020E610000072F90FE9B7A74FC00D6D0036207223C0","0101000020E610000072F90FE9B7A74FC00D6D0036207223C0",11010126,2024,"RO",1100403,"Alto Paraíso","Alto Paraíso",110040305,"EMEF UNIAO DO ALTO ALEGRE",2,0,"LC 85 MARC",NULL,NULL,"ZONA RURAL","76862000","GEO LIDAS 2015","1","-9.722902","-63.3103","110040305000036","-9.719592097179264","-63.31546227900261","municipio","dm01","33583","ALTO PARAISO - RO",1820,False,"110040305000036","110040305000002","-9.719592097179264","-63.31546227900261","0","674.95286969","1","220.3577484",False,True
178042,8,"2025-08-26 09:59:31-03","2025-08-26 09:59:31-03","0101000020E61000005C0531D0B5A74FC05740A19E3E7223C0","0101000020E61000005C0531D0B5A74FC05740A19E3E7223C0",11010037,2024,"RO",1100403,"Alto Paraíso","Alto Paraíso",110040305,"EMEF RIBEIRO COUTO",2,0,"LC- 80 TB 35",NULL,NULL,"ZONA RURAL","76862000","GEO LIDAS 2015","1","-9.723134","-63.310236","110040305000036","-9.719592097179264","-63.31546227900261","municipio","dm01","33583","ALTO PARAISO - RO",1820,False,"110040305000036","110040305000002","-9.719592097179264","-63.31546227900261","0","695.12733631","1","220.3577484",False,True
178057,8,"2025-08-26 09:59:31-03","2025-08-26 09:59:31-03","0101000020E610000087261E8A61A84FC04EB4AB90F27323C0","0101000020E610000087261E8A61A84FC04EB4AB90F27323C0",11044179,2024,"RO",1100403,"Alto Paraíso","Alto Paraíso",110040305,"EMEIEF ROGERIO DA SILVA GONCALVES",1,0,"RUA PAULO VI","4600",NULL,"ROTA DO SOL","76862000","Catálogo de Escolas - agosto/2024","0","-9.72646","-63.31547667","110040305000031","-9.720753103291084","-63.316019211245305","numero_aproximado","da04","6","RUA PAULO VI, 4600 (aprox) - CENTRO, ALTO PARAISO - RO",1,False,"110040305000031","110040305000002","-9.720753103291084","-63.316019211245305","0","637.35856223","1","508.09038851",False,False
178061,8,"2025-08-26 09:59:31-03","2025-08-26 09:59:31-03","0101000020E6100000AB7BBF2C48F54EC04956348C717423C0","0101000020E6100000AB7BBF2C48F54EC04956348C717423C0",11043970,2024,"RO",1101757,"Vale do Anari","Vale do Anari",110175705,"EMEIF VANDERNEI SEBASTIAO DOS SANTOS JUNIOR",2,1,"LINHA PA 13 ASSENTAMENTO PALMA ARRUDA","S/N",NULL,"ZONA RURAL","76867000","Catálogo de Escolas - agosto/2024","0","-9.7274288","-61.9162651","110175705000015","-9.879378684997558","-62.19257870144314","municipio","dm01","17802","VALE DO ANARI - RO",1185,False,"110175705000015","110175705000021","-9.879378684997558","-62.19257870144314","0","34671.55786472","1","20676.48771781",False,False
178098,8,"2025-08-26 09:59:31-03","2025-08-26 09:59:31-03","0101000020E6100000897C9752978250C09CA73AE4667823C0","0101000020E6100000897C9752978250C09CA73AE4667823C0",11003324,2024,"RO",1100205,"Porto Velho","Porto Velho",110020505,"EMEF SANTA JULIA",2,0,"AREA RURAL",NULL,NULL,"AREA RURAL DE PORTO VELHO","76834899","GEO LIDAS 2015","1","-9.73516","-66.040486","110020517000020","-8.836229025804817","-63.90871198866833","municipio","dm01","181697","PORTO VELHO - RO",134348,False,"110020517000020","110020505000188","-8.836229025804817","-63.90871198866833","0","254393.96396811","1","241476.05782558",False,False
178230,8,"2025-08-26 09:59:31-03","2025-08-26 09:59:31-03","0101000020E6100000274F594D571450C06B8F28FE398223C0","0101000020E6100000274F594D571450C06B8F28FE398223C0",11042923,2024,"RO",1100205,"Porto Velho","Jaci Paraná",110020520,"EIEEF PIN KARIPUNA",2,2,"ALDEIA PANORAMA",NULL,"BR 364, JACY PARANA,",NULL,"76839000","Catálogo de Escolas - agosto/2024","0","-9.7543487","-64.3178285","110020520000031","-8.836229025804817","-63.90871198866833","municipio","dm01","181697","PORTO VELHO - RO",134348,False,"110020520000031","110020505000188","-8.836229025804817","-63.90871198866833","0","111525.36634749","1","110843.3321869",False,False
178249,8,"2025-08-26 09:59:31-03","2025-08-26 09:59:31-03","0101000020E610000097B5247247A750C0F1CA3F44B48323C0","0101000020E610000097B5247247A750C0F1CA3F44B48323C0",11040556,2024,"RO",1100205,"Porto Velho","Nova Califórnia",110020535,"EMEIEF PROF MARIA JACIRA FEITOSA DE CARVALHO",1,0,"RUA CAFELANDIA","S/Nº",NULL,"DISTRITO NOVA CALIFORNIA","76848000","Catálogo de Escolas - agosto/2024","0","-9.7572347","-66.61373571","110020535000001","-9.756828481500799","-66.61329304088245","logradouro","dl04","77","RUA CAFELANDIA - NOVA CALIFORNIA, PORTO VELHO - RO",12,False,"110020535000001","110020535000001","-9.756828481500799","-66.61329304088245","0","66.28397517","1","0",True,NULL
178259,8,"2025-08-26 09:59:31-03","2025-08-26 09:59:31-03","0101000020E6100000ABB019E082A750C0CF3758EEBB8423C0","0101000020E6100000ABB019E082A750C0CF3758EEBB8423C0",11000554,2024,"RO",1100205,"Porto Velho","Nova Califórnia",110020535,"EEEFM BANDEIRANTES",1,0,"RUA SOBRAL","394","PREDIO","CENTRO","76848000","Catálogo de Escolas - agosto/2024","0","-9.7592463","-66.617363","110020535000003","-8.80399734458367","-63.86218686100798","numero_aproximado","da04","6","RUA SOBRAL, 394 (aprox) - AEROCLUBE, PORTO VELHO - RO",1,False,"110020535000003","110020505080128","-8.80399734458367","-63.86218686100798","0","320461.92541027","1","319736.34964015",False,False
178299,8,"2025-08-26 09:59:31-03","2025-08-26 09:59:31-03","0101000020E61000000261A758359C4FC02DEDD45C6E8823C0","0101000020E61000000261A758359C4FC02DEDD45C6E8823C0",11009918,2024,"RO",1100403,"Alto Paraíso","Alto Paraíso",110040305,"EMEIEF MAURICIO DE NASSAU",2,0,"LC- 110 TB -10",NULL,NULL,NULL,"76862000","GEO LIDAS 2015","1","-9.766467","-63.220378","110040305000020","-9.719592097179264","-63.31546227900261","municipio","dm01","33583","ALTO PARAISO - RO",1820,False,"110040305000020","110040305000002","-9.719592097179264","-63.31546227900261","0","11651.28838454","1","4444.93302958",False,False
178305,8,"2025-08-26 09:59:31-03","2025-08-26 09:59:31-03","0101000020E6100000F910A8B5AF9650C0011438935B8923C0","0101000020E6100000F910A8B5AF9650C0011438935B8923C0",11001313,2024,"RO",1100205,"Porto Velho","Extrema",110020517,"EMEIEF JOSE AUGUSTO DA SILVA",1,0,"TRAVESSA DAS ARARAS","246","EXTREMA","TANCREDO NEVES","76847000","Catálogo de Escolas - agosto/2024","0","-9.76827678737209","-66.3544744626305","110020517000005","-8.760385134870774","-63.8381469068095","localidade","db01","685","TANCREDO NEVES, PORTO VELHO - RO",2184,False,"110020517000005","110020505090029","-8.760385134870774","-63.8381469068095","0","298024.48673961","1","297146.12262018",False,False
178324,8,"2025-08-26 09:59:31-03","2025-08-26 09:59:31-03","0101000020E61000003B6414153B9750C058CC6328828B23C0","0101000020E61000003B6414153B9750C058CC6328828B23C0",11040629,2024,"RO",1100205,"Porto Velho","Extrema",110020517,"EEEFM JAYME PEIXOTO DE ALENCAR",1,0,"AV PRINCIPAL","540",NULL,"CENTRO","76847000","Catálogo de Escolas - agosto/2024","0","-9.7724774","-66.3629811","110020517000004","-9.769923047869995","-66.35746368947706","numero_aproximado","da04","6","AVENIDA PRINCIPAL, 540 (aprox) - PLANALTO, PORTO VELHO - RO",1,False,"110020517000004","110020517000005","-9.769923047869995","-66.35746368947706","0","668.00133993","1","382.07911349",False,True
178333,8,"2025-08-26 09:59:31-03","2025-08-26 09:59:31-03","0101000020E6100000C2E28983F89650C0CC688B3B438C23C0","0101000020E6100000C2E28983F89650C0CC688B3B438C23C0",11049413,2024,"RO",1100205,"Porto Velho","Extrema",110020517,"CEEJA PROFESSORA NADIR APARECIDA FERREIRA",1,0,"RUA SANTA INES","971",NULL,"SAO LUIS","76847000","Catálogo de Escolas - agosto/2024","0","-9.773950444","-66.35891808","110020517000001","-8.836229025804817","-63.90871198866833","municipio","dm01","181697","PORTO VELHO - RO",134348,False,"110020517000001","110020505000188","-8.836229025804817","-63.90871198866833","0","288373.0386953","1","288260.96318994",False,False
178349,8,"2025-08-26 09:59:31-03","2025-08-26 09:59:31-03","0101000020E61000000011DE18CB9650C0081498D6498E23C0","0101000020E61000000011DE18CB9650C0081498D6498E23C0",11000368,2024,"RO",1100205,"Porto Velho","Extrema",110020517,"EMEIEF 13 DE MAIO",2,0,"RUA CAMPO GRANDE","582",NULL,"TELEACRE","76847000","Catálogo de Escolas - agosto/2024","0","-9.77790709120201","-66.3561460655801","110020517000003","-9.756363986581805","-66.61270878585786","numero_aproximado","da04","6","RUA CAMPO GRANDE, 582 (aprox) - NOVA CALIFORNIA, PORTO VELHO - RO",1,True,"110020517000003","110020535000001","-9.280345756432204","-65.24482557352874","159071.88069428","28216.86798936","1","27632.27770344",False,False
178355,8,"2025-08-26 09:59:31-03","2025-08-26 09:59:31-03","0101000020E61000009F76F86BB26150C049D74CBED98E23C0","0101000020E61000009F76F86BB26150C049D74CBED98E23C0",11000562,2024,"RO",1100205,"Porto Velho","Fortaleza do Abunã",110020518,"EMEF BARAO DO RIO BRANCO",1,0,"RUA 13 DE SETEMBRO","SN",NULL,"FORTALEZA DO ABUNA","76845000","GEO LIDAS 2015","1","-9.779005","-65.526515","110020518000001","-9.745290435232768","-65.53183612358279","localidade","db01","29600","FORTALEZA DO ABUNA, PORTO VELHO - RO",432,False,"110020518000001","110020518000002","-9.745290435232768","-65.53183612358279","0","3793.97252438","1","3397.97166287",False,True
178473,8,"2025-08-26 09:59:31-03","2025-08-26 09:59:31-03","0101000020E6100000CA80D2DB56C44FC010D8B4E0EB9D23C0","0101000020E6100000CA80D2DB56C44FC010D8B4E0EB9D23C0",11050233,2024,"RO",1100023,"Ariquemes","Ariquemes",110002305,"EEEFM PROFESSORA QUITERIA DE OLIVEIRA DA SILVA",2,0,"AREA RURAL","4090","GARIMPO BOM FUTURO","AREA RURAL DE ARIQUEMES","76878899","Catálogo de Escolas - agosto/2024","0","-9.80844022948807","-63.5339007165763","110002305000158","-9.914413869624408","-63.03236814099321","municipio","dm01","55536","ARIQUEMES - RO",35565,False,"110002305000158","110002305000001","-9.914413869624408","-63.03236814099321","0","56193.37654751","1","55261.59845966",False,False
178489,8,"2025-08-26 09:59:31-03","2025-08-26 09:59:31-03","0101000020E6100000AFE710DDD8C34FC09F9E539DC99E23C0","0101000020E6100000AFE710DDD8C34FC09F9E539DC99E23C0",11007605,2024,"RO",1100023,"Ariquemes","Ariquemes",110002305,"EMEIEF PADRE ANGELO SPADARI",2,0,"BR 421 LINHA C 75 TB 0 RUA TOPAZIO","4268",NULL,"VILA EBESA","76879400","Catálogo de Escolas - agosto/2024","0","-9.810131947","-63.53005565","110002305000158","-9.805693438263978","-63.531463979863794","localidade","db01","404","VILA EBESA, ARIQUEMES - RO",619,False,"110002305000158","110002305000181","-9.805693438263978","-63.531463979863794","0","517.10135135","1","215.32508924",False,True
178633,8,"2025-08-26 09:59:31-03","2025-08-26 09:59:31-03","0101000020E61000008390E2D267734FC05F0DF2A868AE23C0","0101000020E61000008390E2D267734FC05F0DF2A868AE23C0",11007249,2024,"RO",1100023,"Ariquemes","Ariquemes",110002305,"EMEIEF HENRIQUE DIAS",2,0,"BR-364, LC-70, GL 17, LT 64, KM 16","S/N",NULL,"AREA RURAL DE ARIQUEMES","76878899","Catálogo de Escolas - agosto/2024","0","-9.840642242","-62.90160595","110002305000084","-9.914413869624408","-63.03236814099321","municipio","dm01","55536","ARIQUEMES - RO",35565,False,"110002305000084","110002305000001","-9.914413869624408","-63.03236814099321","0","16507.07255049","1","3318.18521868",False,False
178687,8,"2025-08-26 09:59:31-03","2025-08-26 09:59:31-03","0101000020E610000037209D15AC164FC09B43087E0AB623C0","0101000020E610000037209D15AC164FC09B43087E0AB623C0",11055200,2024,"RO",1101757,"Vale do Anari","Vale do Anari",110175705,"ESCOLA DE EDUCACAO ESPECIAL WALTER FUZA",1,0,"AV. TANCREDO NEVES","331","ATRAS DA PREFEITURA","SETOR 02","76867000","Catálogo de Escolas - agosto/2024","0","-9.8555488","-62.1771266","110175705000027","-9.85268528939489","-62.176630899016104","numero_aproximado","da04","6","AVENIDA TANCREDO NEVES, 331 (aprox) - CENTRO, VALE DO ANARI - RO",1,False,"110175705000027","110175705000025","-9.85268528939489","-62.176630899016104","0","323.00621521","1","305.70240589",False,True
178691,8,"2025-08-26 09:59:31-03","2025-08-26 09:59:31-03","0101000020E6100000B077DA75CA164FC07D6940738CB623C0","0101000020E6100000B077DA75CA164FC07D6940738CB623C0",11103809,2024,"RO",1101757,"Vale do Anari","Vale do Anari",110175705,"EMEI BALAO MAGICO",1,0,"AVENIDA PRESIDENTE DUTRA","3603",NULL,"CENTRO","76867000","Catálogo de Escolas - agosto/2024","0","-9.8565403","-62.1780536","110175705000027","-9.852104600000697","-62.17778017720812","numero_aproximado","da03","6","AVENIDA PRESIDENTE DUTRA, 3603 (aprox) - CENTRO, VALE DO ANARI - RO",1,False,"110175705000027","110175705000025","-9.852104600000697","-62.17778017720812","0","494.13678171","1","369.78728757",False,True
178694,8,"2025-08-26 09:59:31-03","2025-08-26 09:59:31-03","0101000020E6100000658A39083A164FC0AC87D459D2B623C0","0101000020E6100000658A39083A164FC0AC87D459D2B623C0",11008105,2024,"RO",1101757,"Vale do Anari","Vale do Anari",110175705,"EEEFM BARTOLOMEU LOURENCO DE GUSMAO",1,0,"AVENIDA 23 DE AGOSTO","4492","PREDIO","CENTRO","76867000","Catálogo de Escolas - agosto/2024","0","-9.8570736","-62.173646","110175705000028","-9.853635020310259","-62.173832731540415","numero_aproximado","da03","6","AVENIDA 23 DE AGOSTO, 4492 (aprox) - CENTRO, VALE DO ANARI - RO",1,False,"110175705000028","110175705000026","-9.853635020310259","-62.173832731540415","0","382.90001779","1","203.22530318",False,True
178706,8,"2025-08-26 09:59:31-03","2025-08-26 09:59:31-03","0101000020E61000002BE1647671164FC08D98D9E731BA23C0","0101000020E61000002BE1647671164FC08D98D9E731BA23C0",11008938,2024,"RO",1101757,"Vale do Anari","Vale do Anari",110175705,"EMEIEF DARCI RIBEIRO",1,0,"RUA PALMAS","1037",NULL,"CENTRO","76867000","Catálogo de Escolas - agosto/2024","0","-9.863662","-62.1753376","110175705000029","-9.86497704188029","-62.1853396097819","logradouro","dl04","194","RUA PALMAS - GLEBA MACHADINHO, VALE DO ANARI - RO",7,False,"110175705000029","110175705000021","-9.86497704188029","-62.1853396097819","0","1105.44604917","1","952.64383407",False,True
178779,8,"2025-08-26 09:59:31-03","2025-08-26 09:59:31-03","0101000020E61000006485F0A20E824FC07F079772E4C623C0","0101000020E61000006485F0A20E824FC07F079772E4C623C0",11050772,2024,"RO",1100023,"Ariquemes","Ariquemes",110002305,"EMEIEF PROFESSOR GESSI JANES SOARES MOREIRA",1,0,"AVENIDA HUGO WALDEMAR FREY","5454",NULL,"JARDIM ALVORADA","76870970","Catálogo de Escolas - agosto/2024","0","-9.888461667","-63.01607167","110002305000182","-9.888239322196075","-63.02107357979171","numero_aproximado","da04","6","AVENIDA HUGO WALDEMAR FREY, 5454 (aprox) - ROTA DO SOL, ARIQUEMES - RO",1,False,"110002305000182","110002305000117","-9.888239322196075","-63.02107357979171","0","548.48268933","1","441.01980459",False,False
178781,8,"2025-08-26 09:59:31-03","2025-08-26 09:59:31-03","0101000020E610000059F8F251AF844FC0995B7B51F6C623C0","0101000020E610000059F8F251AF844FC0995B7B51F6C623C0",11050586,2024,"RO",1100023,"Ariquemes","Ariquemes",110002305,"CENTRO DE ATENDIMENTO EDUCACIONAL ESPECIALIZADO - AMAAR",1,0,"RUA FRANCA","3187",NULL,"JARDIM EUROPA","76871310","Catálogo de Escolas - agosto/2024","0","-9.88859800940354","-63.0366003452661","110002305000120","-9.914413869624408","-63.03236814099321","municipio","dm01","55536","ARIQUEMES - RO",35565,False,"110002305000120","110002305000001","-9.914413869624408","-63.03236814099321","0","2907.78976095","1","2241.72616393",False,True
178786,8,"2025-08-26 09:59:31-03","2025-08-26 09:59:31-03","0101000020E61000006FAEAB13E1824FC026B1FF95F0C723C0","0101000020E61000006FAEAB13E1824FC026B1FF95F0C723C0",11048620,2024,"RO",1100023,"Ariquemes","Ariquemes",110002305,"EEEFM PROFESSORA CARMEM IONE DE ARAUJO",1,0,"RUA URSA MAIOR","4563",NULL,"ROTA DO SOL","76874026","Catálogo de Escolas - agosto/2024","0","-9.8905074","-63.0224938","110002305000117","-9.890555727962468","-63.02189689347237","numero_aproximado","da03","7","RUA URSA MAIOR, 4563 (aprox) - ROTA DO SOL, ARIQUEMES - RO",3,False,"110002305000117","110002305000117","-9.890555727962468","-63.02189689347237","0","65.60706801","1","0",True,NULL
178790,8,"2025-08-26 09:59:31-03","2025-08-26 09:59:31-03","0101000020E6100000998D846C0F914FC00738CEB74FC823C0","0101000020E6100000998D846C0F914FC00738CEB74FC823C0",11007834,2024,"RO",1100023,"Ariquemes","Ariquemes",110002305,"EMEIEF VINICIUS DE MORAES",2,0,"LINHA C 65 TB 40",NULL,NULL,"BR 421","76870001","Catálogo de Escolas - agosto/2024","0","-9.8912332","-63.1332832","110002305000106","-9.94120037733619","-63.254874713385284","localidade","db01","20166","BR 421, ARIQUEMES - RO",283,False,"110002305000106","110002305000105","-9.94120037733619","-63.254874713385284","0","14430.86436904","1","2555.01046902",False,True
178798,8,"2025-08-26 09:59:31-03","2025-08-26 09:59:31-03","0101000020E6100000DABE918A10844FC0208B7E7E29C923C0","0101000020E6100000DABE918A10844FC0208B7E7E29C923C0",11044462,2024,"RO",1100023,"Ariquemes","Ariquemes",110002305,"CENTRO EDUCACIONAL MONTEIRO LOBATO",1,0,"AVENIDA JUSCELINO KUBITSCHEK","4192",NULL,"BOM JESUS","76874166","Catálogo de Escolas - agosto/2024","0","-9.8928947","-63.0317548","110002305000192","-9.916648696404067","-63.03155386025776","numero_aproximado","da04","7","AVENIDA JUSCELINO KUBITSCHEK, 4192 (aprox) - SETOR 02, ARIQUEMES - RO",9,True,"110002305000192","110002305000174","-9.916648696404067","-63.03155386025776","0","2641.41923048","1","2473.97502576",False,False
178806,8,"2025-08-26 09:59:31-03","2025-08-26 09:59:31-03","0101000020E61000009C31715067844FC02F281DF68CCA23C0","0101000020E61000009C31715067844FC02F281DF68CCA23C0",11047291,2024,"RO",1100023,"Ariquemes","Ariquemes",110002305,"CENTRO EDUCACIONAL SESC ARIQUEMES",1,0,"AVENIDA TANCREDO NEVES","3998","INSTITUICAO","SETOR INSTITUCIONAL","76870597","Catálogo de Escolas - agosto/2024","0","-9.8956067","-63.0344029","110002305000001","-9.89538288116455","-63.03451919555664","numero","dn03","6","AVENIDA TANCREDO NEVES, 3998 - SETOR INSTITUCIONAL, ARIQUEMES - RO, 76872-838",1,False,"110002305000001","110002305000001","-9.89538288116455","-63.03451919555664","0","27.95845536","1","0",True,NULL
178810,8,"2025-08-26 09:59:31-03","2025-08-26 09:59:31-03","0101000020E610000041802D2BA4824FC0815E343BBDCA23C0","0101000020E610000041802D2BA4824FC0815E343BBDCA23C0",11007710,2024,"RO",1100023,"Ariquemes","Ariquemes",110002305,"EMEF PROFESSOR VENANCIO KOTTWITZ",1,0,"RUA ALBINO SODE","3926",NULL,"SETOR 11","76873778","Catálogo de Escolas - agosto/2024","0","-9.89597497","-63.02063503","110002305000065","-9.899255952300575","-63.01950298298073","localidade","db01","589","SETOR 11, ARIQUEMES - RO",714,False,"110002305000065","110002305000073","-9.899255952300575","-63.01950298298073","0","385.32764274","1","48.30070466",False,True
178818,8,"2025-08-26 09:59:31-03","2025-08-26 09:59:31-03","0101000020E610000056140A6C29854FC0FF2DB76A8DCB23C0","0101000020E610000056140A6C29854FC0FF2DB76A8DCB23C0",11007028,2024,"RO",1100023,"Ariquemes","Ariquemes",110002305,"CEI CASTORZINHO",1,0,"RUA GOIAS","3791",NULL,"SETOR 05","76870692","Catálogo de Escolas - agosto/2024","0","-9.8975633","-63.0403266","110002305000056","-9.897574424743652","-63.04027557373047","numero","dn03","6","RUA GOIAS, 3791 - SETOR 05, ARIQUEMES - RO, 76870-692",1,False,"110002305000056","110002305000056","-9.897574424743652","-63.04027557373047","0","5.72467189","1","0",True,NULL
178828,8,"2025-08-26 09:59:31-03","2025-08-26 09:59:31-03","0101000020E610000006C2A96ADD844FC0C1D6B67240CC23C0","0101000020E610000006C2A96ADD844FC0C1D6B67240CC23C0",11006773,2024,"RO",1100023,"Ariquemes","Ariquemes",110002305,"EEEFM CORA CORALINA",1,0,"AVENIDA GUAPORE","3087",NULL,"SETOR 05","76870575","Catálogo de Escolas - agosto/2024","0","-9.8989292","-63.0380071","110002305000054","-9.89933730190103","-63.03754931681176","numero_aproximado","da03","7","AVENIDA GUAPORE, 3087 (aprox) - SETOR 05, ARIQUEMES - RO",1,False,"110002305000054","110002305000054","-9.89933730190103","-63.03754931681176","0","67.62992331","1","0",True,NULL
178842,8,"2025-08-26 09:59:31-03","2025-08-26 09:59:31-03","0101000020E6100000CCA5C5166F834FC00731CC9E49CD23C0","0101000020E6100000CCA5C5166F834FC00731CC9E49CD23C0",11007079,2024,"RO",1100023,"Ariquemes","Ariquemes",110002305,"EMEF DR DIRCEU DE ALMEIDA",1,0,"RUA MONTEIRO LOBATO, 3348","3348",NULL,"SETOR 06","76873702","Catálogo de Escolas - agosto/2024","0","-9.90095230333874","-63.0268276658131","110002305000060","-9.90078319868881","-63.02712976075589","numero_aproximado","pa03","6","RUA MONTEIRO LOBATO, 3348 (aprox) - SETOR 06, ARIQUEMES - RO",1,False,"110002305000060","110002305000060","-9.90078319868881","-63.02712976075589","0","38.06050485","1","0",True,NULL
178844,8,"2025-08-26 09:59:31-03","2025-08-26 09:59:31-03","0101000020E6100000848AA2EE20844FC006F8061052CD23C0","0101000020E6100000848AA2EE20844FC006F8061052CD23C0",11050950,2024,"RO",1100023,"Ariquemes","Ariquemes",110002305,"COLEGIO CRISTAO DE ARIQUEMES",1,0,"AVENIDA JUSCELINO KUBITSCHEK","3349",NULL,"SETOR INSTITUCIONAL","76872847","Catálogo de Escolas - agosto/2024","0","-9.901016713","-63.03225501","110002305000001","-9.901040077209473","-63.03195571899414","numero","pn03","6","AVENIDA JUSCELINO KUBITSCHECK, 3349 - SETOR INSTITUCIONAL, ARIQUEMES - RO, 76872-847",1,False,"110002305000001","110002305000059","-9.901040077209473","-63.03195571899414","0","32.88680574","1","0.51297272",False,True
178851,8,"2025-08-26 09:59:31-03","2025-08-26 09:59:31-03","0101000020E6100000D944C1E7E2824FC04DAC42B923CE23C0","0101000020E6100000D944C1E7E2824FC04DAC42B923CE23C0",11007257,2024,"RO",1100023,"Ariquemes","Ariquemes",110002305,"EMEF IRENO ANTONIO BERTICELLI",1,0,"RUA RAQUEL DE QUEIROZ","4825",NULL,"COLONIAL","76873724","Catálogo de Escolas - agosto/2024","0","-9.9026163","-63.0225496","110002305000066","-9.902397914438469","-63.019931423862","numero_aproximado","da03","6","RUA RAQUEL DE QUEIROZ, 4825 (aprox) - COLONIAL, ARIQUEMES - RO",1,False,"110002305000066","110002305000073","-9.902397914438469","-63.019931423862","0","287.817253","1","101.42100314",False,True
178855,8,"2025-08-26 09:59:31-03","2025-08-26 09:59:31-03","0101000020E6100000C739A05B9E854FC0F68B232070CE23C0","0101000020E6100000C739A05B9E854FC0F68B232070CE23C0",11006846,2024,"RO",1100023,"Ariquemes","Ariquemes",110002305,"EEEF ALBINA MARCIO SORDI",1,0,"RUA VILHENA","2360","BNH","07","76870772","Catálogo de Escolas - agosto/2024","0","-9.9031992","-63.0438952","110002305000051","-9.902783393859863","-63.04375457763672","numero","dn04","6","RUA VILHENA, 2360 - BNH, ARIQUEMES - RO",1,False,"110002305000051","110002305000051","-9.902783393859863","-63.04375457763672","0","48.73396507","1","0",True,NULL
178859,8,"2025-08-26 09:59:31-03","2025-08-26 09:59:31-03","0101000020E61000009E60FF756E844FC088D9CBB6D3CE23C0","0101000020E61000009E60FF756E844FC088D9CBB6D3CE23C0",11051248,2024,"RO",1100023,"Ariquemes","Ariquemes",110002305,"CENTRO DE EDUCACAO INFANTIL TANIA SACCOMAN TORRENTE",1,0,"RUA SAO JORGE","2040",NULL,"SITIO BOA VISTA","76877192","Google 2025","2","-9.903959","-63.034621","110002305000009","-9.914413869624408","-63.03236814099321","municipio","dm01","55536","ARIQUEMES - RO",35565,False,"110002305000009","110002305000001","-9.914413869624408","-63.03236814099321","0","1188.43234338","1","658.32411567",False,True
178864,8,"2025-08-26 09:59:31-03","2025-08-26 09:59:31-03","0101000020E6100000512DC7D056854FC03ECB98277CCF23C0","0101000020E6100000512DC7D056854FC03ECB98277CCF23C0",11007931,2024,"RO",1100023,"Ariquemes","Ariquemes",110002305,"EMEIEF CHAPEUZINHO VERMELHO",1,0,"ALAMEDA VITORIA","2924",NULL,"SETOR 03","76870352","Catálogo de Escolas - agosto/2024","0","-9.9052441","-63.0417119","110002305000008","-9.913078235059084","-63.042440471282944","numero_aproximado","da03","6","ALAMEDA VITORIA, 2924 (aprox) - SETOR 03, ARIQUEMES - RO",1,False,"110002305000008","110002305000005","-9.913078235059084","-63.042440471282944","0","874.7651887","1","445.58234479",False,False
178868,8,"2025-08-26 09:59:31-03","2025-08-26 09:59:31-03","0101000020E6100000C837045C4A854FC0FC4DC318DACF23C0","0101000020E6100000C837045C4A854FC0FC4DC318DACF23C0",11006765,2024,"RO",1100023,"Ariquemes","Ariquemes",110002305,"ESCOLA ADVENTISTA DE ARIQUEMES",1,0,"RUA SALVADOR","2867",NULL,"SETOR 03","76870450","Catálogo de Escolas - agosto/2024","0","-9.905960821","-63.04133177","110002305000008","-9.912139295397576","-63.04095127672762","numero_aproximado","da03","6","RUA SALVADOR, 2867 (aprox) - SETOR 03, ARIQUEMES - RO",1,False,"110002305000008","110002305000005","-9.912139295397576","-63.04095127672762","0","688.27898473","1","345.85744989",False,False
178870,8,"2025-08-26 09:59:31-03","2025-08-26 09:59:31-03","0101000020E6100000788AEAE7AC824FC02D8444F61BD023C0","0101000020E6100000788AEAE7AC824FC02D8444F61BD023C0",11048476,2024,"RO",1100023,"Ariquemes","Ariquemes",110002305,"CMEI CRIANCA FELIZ",1,0,"RUA DO ZOOLOGICO","4947",NULL,"SETOR 08","76873336","Catálogo de Escolas - agosto/2024","0","-9.906463333","-63.02090167","110002305000068","-9.906731634876754","-63.02311347358432","numero_aproximado","da03","7","RUA DO ZOOLOGICO, 4947 (aprox) - SETOR 08, ARIQUEMES - RO",1,False,"110002305000068","110002305000075","-9.906731634876754","-63.02311347358432","0","244.10453672","1","144.17720652",False,True
178873,8,"2025-08-26 09:59:31-03","2025-08-26 09:59:31-03","0101000020E61000003A52222EA5834FC02A0EB10B50D023C0","0101000020E61000003A52222EA5834FC02A0EB10B50D023C0",11007508,2024,"RO",1100023,"Ariquemes","Ariquemes",110002305,"EMEIEF MARIO QUINTANA",1,0,"RUA PAPOULAS","2710",NULL,"SETOR 04","76873516","Catálogo de Escolas - agosto/2024","0","-9.9068607","-63.0284784","110002305000011","-9.906684728619348","-63.02882901233659","numero_aproximado","da03","6","RUA PAPOULAS, 2710 (aprox) - SETOR 04, ARIQUEMES - RO",1,False,"110002305000011","110002305000011","-9.906684728619348","-63.02882901233659","0","43.10244296","1","0",True,NULL
178874,8,"2025-08-26 09:59:31-03","2025-08-26 09:59:31-03","0101000020E6100000AFB321FFCC834FC02AC6F99B50D023C0","0101000020E6100000AFB321FFCC834FC02AC6F99B50D023C0",11049375,2024,"RO",1100023,"Ariquemes","Ariquemes",110002305,"CEET - CENTRO DE EXCELENCIA EM EDUCACAO E TECNOLOGIA SENAI - JOSE FERNANDES DE MOURA",1,0,"AVENIDA TANCREDO NEVES","3822",NULL,"SETOR INSTITUCIONAL","76872838","Catálogo de Escolas - agosto/2024","0","-9.906865","-63.0296935","110002305000011","-9.901447058759764","-63.034365640462944","numero_aproximado","da03","6","AVENIDA TANCREDO NEVES, 3822 (aprox) - SETOR INSTITUCIONAL, ARIQUEMES - RO",1,False,"110002305000011","110002305000001","-9.901447058759764","-63.034365640462944","0","790.48044523","1","379.35359658",False,True
178875,8,"2025-08-26 09:59:31-03","2025-08-26 09:59:31-03","0101000020E6100000C166CA98CC834FC0F408241752D023C0","0101000020E6100000C166CA98CC834FC0F408241752D023C0",11049910,2024,"RO",1100023,"Ariquemes","Ariquemes",110002305,"COLEGIO EXCELENCIA",1,0,"RUA DAS ORQUIDEAS","2720",NULL,"SETOR 4","76873524","Catálogo de Escolas - agosto/2024","0","-9.9068763","-63.0296813","110002305000011","-9.906885147094727","-63.029747009277344","numero","dn04","6","RUA DAS ORQUIDEAS, 2720 - SETOR 04, ARIQUEMES - RO",1,False,"110002305000011","110002305000011","-9.906885147094727","-63.029747009277344","0","7.26451565","1","0",True,NULL
178885,8,"2025-08-26 09:59:31-03","2025-08-26 09:59:31-03","0101000020E6100000D66AB4C12E844FC0FA53F4D1F3D023C0","0101000020E6100000D66AB4C12E844FC0FA53F4D1F3D023C0",11044454,2024,"RO",1100023,"Ariquemes","Ariquemes",110002305,"ASSOCIACAO COMUNITARIA DA CRECHE MORANGUINHO",1,0,"TRAVESSA AQUARIQUARA","3683",NULL,"SETOR INSTITUCIONAL","76872856","Catálogo de Escolas - agosto/2024","0","-9.9081102","-63.0326769","110002305000001","-9.908347129821777","-63.03268051147461","numero","dn03","6","TRAVESSA AQUARIQUARA, 3683 - SETOR INSTITUCIONAL, ARIQUEMES - RO, 76872-856",1,False,"110002305000001","110002305000001","-9.908347129821777","-63.03268051147461","0","26.34840023","1","0",True,NULL
178888,8,"2025-08-26 09:59:31-03","2025-08-26 09:59:31-03","0101000020E610000068B27F9E06844FC0F54718062CD123C0","0101000020E610000068B27F9E06844FC0F54718062CD123C0",11051183,2024,"RO",1100023,"Ariquemes","Ariquemes",110002305,"CENTRO DE ENSINO DEKOLE",1,0,"AV JUSCELINO KUBITSCHEK","2490","PREDIO","SETOR 4","76873500","Google 2025","1","-9.908539","-63.031452","110002305000011","-9.916253130043005","-63.03156830061118","numero_aproximado","da04","7","AVENIDA JUSCELINO KUBITSCHEK, 2490 (aprox) - SETOR 02, ARIQUEMES - RO",9,True,"110002305000011","110002305000174","-9.916253130043005","-63.03156830061118","0","857.8678951","1","830.6176712",False,False
178889,8,"2025-08-26 09:59:31-03","2025-08-26 09:59:31-03","0101000020E6100000D063313D23844FC06E98D8E43FD123C0","0101000020E6100000D063313D23844FC06E98D8E43FD123C0",11006757,2024,"RO",1100023,"Ariquemes","Ariquemes",110002305,"CENTRO ESTADUAL DE EDUCACAO DE JOVENS E ADULTOS ARIQUEMES",1,0,"TRAVESSA AQUARIQUARA","3710",NULL,"SETOR INSTITUCIONAL","76872856","Catálogo de Escolas - agosto/2024","0","-9.908690597","-63.03232541","110002305000001","-9.908798838524426","-63.033247865497344","numero_aproximado","da03","6","TRAVESSA AQUARIQUARA, 3710 (aprox) - SETOR INSTITUCIONAL, ARIQUEMES - RO",1,False,"110002305000001","110002305000001","-9.908798838524426","-63.033247865497344","0","101.7567658","1","0",True,NULL
178891,8,"2025-08-26 09:59:31-03","2025-08-26 09:59:31-03","0101000020E610000016C7FD1EA7834FC059D8A3D568D123C0","0101000020E610000016C7FD1EA7834FC059D8A3D568D123C0",11006722,2024,"RO",1100023,"Ariquemes","Ariquemes",110002305,"ESCOLA ILMA DE FREITAS - APAE ARIQUEMES",1,0,"AVENIDA TABAPUA","4124",NULL,"SETOR 04","76873530","Catálogo de Escolas - agosto/2024","0","-9.909002949","-63.02853763","110002305000014","-9.908659672733632","-63.02609194458653","numero_aproximado","pa03","6","AVENIDA TABAPOA, 4124 (aprox) - SETOR 04, ARIQUEMES - RO",1,False,"110002305000014","110002305000012","-9.908659672733632","-63.02609194458653","0","270.59719835","1","148.90842056",False,True
178895,8,"2025-08-26 09:59:31-03","2025-08-26 09:59:31-03","0101000020E61000000D9F19694E854FC096735C9FCFD123C0","0101000020E61000000D9F19694E854FC096735C9FCFD123C0",11007893,2024,"RO",1100023,"Ariquemes","Ariquemes",110002305,"EEEFM RICARDO CANTANHEDE",1,0,"RUA SALVADOR","2463","AVENIDA TABAPUA","SETOR 03","76870434","Catálogo de Escolas - agosto/2024","0","-9.909787159","-63.0414554","110002305000006","-9.912075954305623","-63.04095342711603","numero_aproximado","da03","6","RUA SALVADOR, 2463 (aprox) - SETOR 03, ARIQUEMES - RO",1,False,"110002305000006","110002305000005","-9.912075954305623","-63.04095342711603","0","260.37453018","1","96.1167075",False,True
178900,8,"2025-08-26 09:59:31-03","2025-08-26 09:59:31-03","0101000020E61000009B49E53796844FC080643A747AD223C0","0101000020E61000009B49E53796844FC080643A747AD223C0",11007656,2024,"RO",1100023,"Ariquemes","Ariquemes",110002305,"COLEGIO DINAMICO EDUCACAO BASICA",1,0,"RUA FORTALEZA","2237",NULL,"SETOR 03","76870505","Catálogo de Escolas - agosto/2024","0","-9.9110905","-63.0358343","110002305000170","-9.906639175820315","-63.03561488855545","numero_aproximado","da03","6","RUA FORTALEZA, 2237 (aprox) - SETOR 03, ARIQUEMES - RO",1,False,"110002305000170","110002305000009","-9.906639175820315","-63.03561488855545","0","495.54848938","1","490.59761188",False,False
178903,8,"2025-08-26 09:59:31-03","2025-08-26 09:59:31-03","0101000020E6100000A937FE9F1E884FC031BFF673DAD223C0","0101000020E6100000A937FE9F1E884FC031BFF673DAD223C0",11007702,2024,"RO",1100023,"Ariquemes","Ariquemes",110002305,"EMEIEF PROF PEDRO LOUBACK",1,0,"RUA DOM PEDRO II","872",NULL,"MONTE CRISTO","76877164","Catálogo de Escolas - agosto/2024","0","-9.911822914","-63.0634346","110002305000184","-9.912329503669072","-63.06334234837447","numero_aproximado","da04","6","RUA DOM PEDRO II, 872 (aprox) - SAO GERALDO, ARIQUEMES - RO",1,True,"110002305000184","110002305000160","-9.912329503669072","-63.06334234837447","0","57.22942797","1","5.80520969",False,True
178914,8,"2025-08-26 09:59:31-03","2025-08-26 09:59:31-03","0101000020E6100000F8904B7732834FC0A1A41BBC0AD423C0","0101000020E6100000F8904B7732834FC0A1A41BBC0AD423C0",11048611,2024,"RO",1100023,"Ariquemes","Ariquemes",110002305,"CMEI ARIKEM",1,0,"RUA CARDEAL","1862",NULL,"SETOR 02","76873200","Catálogo de Escolas - agosto/2024","0","-9.9141444","-63.0249776","110002305000018","-9.91488692243754","-63.025003894248115","numero_aproximado","da03","7","RUA CARDEAL, 1862 (aprox) - SETOR 02, ARIQUEMES - RO",3,False,"110002305000018","110002305000018","-9.91488692243754","-63.025003894248115","0","82.61506039","1","0",True,NULL
178916,8,"2025-08-26 09:59:31-03","2025-08-26 09:59:31-03","0101000020E6100000F4F0AF2F23844FC090D2116514D423C0","0101000020E6100000F4F0AF2F23844FC090D2116514D423C0",11007885,2024,"RO",1100023,"Ariquemes","Ariquemes",110002305,"EEEMTI HEITOR VILLA LOBOS",1,0,"AVENIDA JUSCELINO KUBITSCHEK","1903",NULL,"SETOR INSTITUCIONAL","76872861","Catálogo de Escolas - agosto/2024","0","-9.9142181","-63.0323238","110002305000001","-9.91167717288966","-63.03192562117973","numero_aproximado","pa03","6","AVENIDA JUSCELINO KUBITSCHECK, 1903 (aprox) - SETOR INSTITUCIONAL, ARIQUEMES - RO",1,False,"110002305000001","110002305000001","-9.91167717288966","-63.03192562117973","0","285.88508527","1","0",True,NULL
178920,8,"2025-08-26 09:59:31-03","2025-08-26 09:59:31-03","0101000020E6100000FE280BDB26834FC03752197395D423C0","0101000020E6100000FE280BDB26834FC03752197395D423C0",11007958,2024,"RO",1100023,"Ariquemes","Ariquemes",110002305,"EMEIEF PINGO DE GENTE",1,0,"RUA CARDEAL","1778",NULL,"SETOR 02","76873200","Catálogo de Escolas - agosto/2024","0","-9.91520271","-63.02462328","110002305000018","-9.915300369262695","-63.02494812011719","numero","dn03","6","RUA CARDEAL, 1778 - SETOR 02, ARIQUEMES - RO, 76873-110",1,False,"110002305000018","110002305000018","-9.915300369262695","-63.02494812011719","0","37.20131866","1","0",True,NULL
178926,8,"2025-08-26 09:59:31-03","2025-08-26 09:59:31-03","0101000020E6100000E197FA7953854FC07A54FCDF11D523C0","0101000020E6100000E197FA7953854FC07A54FCDF11D523C0",11007524,2024,"RO",1100023,"Ariquemes","Ariquemes",110002305,"EEEFM MIGRANTES",1,0,"TRAVESSA GODOFREDO","2714",NULL,"SETOR 01","76870141","Catálogo de Escolas - agosto/2024","0","-9.916152","-63.04161","110002305000004","-9.916309941444204","-63.03779359046566","localidade","db01","968","SETOR 01, ARIQUEMES - RO",1454,False,"110002305000004","110002305000003","-9.916309941444204","-63.03779359046566","0","418.3949373","1","191.10640879",False,True
178927,8,"2025-08-26 09:59:31-03","2025-08-26 09:59:31-03","0101000020E6100000B6792D324B854FC04CB49A649AD523C0","0101000020E6100000B6792D324B854FC04CB49A649AD523C0",11007907,2024,"RO",1100023,"Ariquemes","Ariquemes",110002305,"E M E I E F PROFª EVA DOS SANTOS DE OLIVEIRA",1,0,"RUA ACACIA","1571",NULL,"SETOR 01","76870138","Catálogo de Escolas - agosto/2024","0","-9.91719355","-63.0413573","110002305000004","-9.916309941444204","-63.03779359046566","localidade","db01","968","SETOR 01, ARIQUEMES - RO",1454,False,"110002305000004","110002305000003","-9.916309941444204","-63.03779359046566","0","402.52193502","1","191.10640879",False,True
178933,8,"2025-08-26 09:59:31-03","2025-08-26 09:59:31-03","0101000020E610000044F1CFB128834FC029AF95D05DD623C0","0101000020E610000044F1CFB128834FC029AF95D05DD623C0",11006889,2024,"RO",1100023,"Ariquemes","Ariquemes",110002305,"EEEFM ANISIO TEIXEIRA",1,0,"RUA CARDEAL","1394",NULL,"SETOR 02","76873110","Catálogo de Escolas - agosto/2024","0","-9.9186845","-63.0246794","110002305000018","-9.918827056884766","-63.02490997314453","numero","dn03","6","RUA CARDEAL, 1394 - SETOR 02, ARIQUEMES - RO, 76873-110",1,False,"110002305000018","110002305000018","-9.918827056884766","-63.02490997314453","0","29.81791659","1","0",True,NULL
178935,8,"2025-08-26 09:59:31-03","2025-08-26 09:59:31-03","0101000020E61000003160C9552C824FC0BB0F406A13D723C0","0101000020E61000003160C9552C824FC0BB0F406A13D723C0",11041439,2024,"RO",1100023,"Ariquemes","Ariquemes",110002305,"EMEIEF PROF LEVI ALVES DE FREITAS",1,0,"AVENIDA DOS DIAMANTES","1224",NULL,"PARQUE DAS GEMAS","76875856","GEO LIDAS 2015","1","-9.92007","-63.016978","110002305000163","-9.920096397399902","-63.01713943481445","numero","dn03","6","AVENIDA DOS DIAMANTES, 1224 - PARQUE DAS GEMAS, ARIQUEMES - RO, 76875-856",1,False,"110002305000163","110002305000163","-9.920096397399902","-63.01713943481445","0","17.92434529","1","0",True,NULL
178940,8,"2025-08-26 09:59:31-03","2025-08-26 09:59:31-03","0101000020E6100000B9C2BB5CC4854FC073F4F8BD4DD723C0","0101000020E6100000B9C2BB5CC4854FC073F4F8BD4DD723C0",11051230,2024,"RO",1100023,"Ariquemes","Ariquemes",110002305,"COLEGIO IMACULADO CORACAO DE MARIA",1,0,"RUA RIO NEGRO","2396",NULL,"JARDIM JORGE TEIXEIRA","76876531","Google 2025","1","-9.920515","-63.045055","110002305000035","-9.925530306034515","-63.03100953806742","numero_aproximado","da03","6","RUA RIO NEGRO, 2396 (aprox) - JARDIM JORGE TEIXEIRA, ARIQUEMES - RO",1,False,"110002305000035","110002305000023","-9.925530306034515","-63.03100953806742","0","1636.38224874","1","327.662876",False,False
178956,8,"2025-08-26 09:59:31-03","2025-08-26 09:59:31-03","0101000020E6100000D0ABE8AC22874FC000A3FE8C68D823C0","0101000020E6100000D0ABE8AC22874FC000A3FE8C68D823C0",11007923,2024,"RO",1100023,"Ariquemes","Ariquemes",110002305,"CMEI BALAO MAGICO",1,0,"RODOVIA BR-364","941",NULL,"MARECHAL RONDON 02","76876804","Catálogo de Escolas - agosto/2024","0","-9.922672659","-63.05574571","110002305000042","-9.92466440039166","-63.05041911238331","localidade","db01","369","MARECHAL RONDON 02, ARIQUEMES - RO",63,False,"110002305000042","110002305000148","-9.92466440039166","-63.05041911238331","0","624.05128468","1","499.12494081",False,True
178958,8,"2025-08-26 09:59:31-03","2025-08-26 09:59:31-03","0101000020E6100000D2F24DE493834FC0DF5916A7B5D823C0","0101000020E6100000D2F24DE493834FC0DF5916A7B5D823C0",11036753,2024,"RO",1100023,"Ariquemes","Ariquemes",110002305,"CMEI MADRE TEREZA DE CALCUTA",1,0,"AVENIDA CAPITAO SILVIO","4199",NULL,"SETOR 02","76873007","Catálogo de Escolas - agosto/2024","0","-9.9232609","-63.0279508","110002305000156","-9.922575083700053","-63.0303064518069","numero_aproximado","da04","6","AVENIDA CAPITAO SILVIO, 4199 (aprox) - AREAS ESPECIAIS, ARIQUEMES - RO",1,True,"110002305000156","110002305000175","-9.920932373236763","-63.034816471506154","526.6810542","269.05205986","1","135.61647802",False,True
178959,8,"2025-08-26 09:59:31-03","2025-08-26 09:59:31-03","0101000020E61000003916A96AE1854FC09EFB1A65D7D823C0","0101000020E61000003916A96AE1854FC09EFB1A65D7D823C0",11007222,2024,"RO",1100023,"Ariquemes","Ariquemes",110002305,"EMEIEF JORGE TEIXEIRA",1,0,"RUA IARA","2416",NULL,"JARDIM JORGE TEIXEIRA","76876516","Catálogo de Escolas - agosto/2024","0","-9.923518333","-63.04594167","110002305000036","-9.923318862915039","-63.045841217041016","numero","dn03","6","RUA IARA, 2416 - JARDIM JORGE TEIXEIRA, ARIQUEMES - RO, 76876-506",1,False,"110002305000036","110002305000036","-9.923318862915039","-63.045841217041016","0","24.75918521","1","0",True,NULL
178960,8,"2025-08-26 09:59:31-03","2025-08-26 09:59:31-03","0101000020E61000008CF678211D844FC09FF3098FECD823C0","0101000020E61000008CF678211D844FC09FF3098FECD823C0",11049758,2024,"RO",1100023,"Ariquemes","Ariquemes",110002305,"SENAC ARIQUEMES",1,0,"RUA DOS INOCENTES","131",NULL,"SETOR GRANDES AREAS","76876674","Catálogo de Escolas - agosto/2024","0","-9.9236798","-63.032139","110002305000176","-9.914413869624408","-63.03236814099321","municipio","dm01","55536","ARIQUEMES - RO",35565,False,"110002305000176","110002305000001","-9.914413869624408","-63.03236814099321","0","1030.63151815","1","814.87144399",False,True
178969,8,"2025-08-26 09:59:31-03","2025-08-26 09:59:31-03","0101000020E61000009A779CA223874FC01CDF863404DA23C0","0101000020E61000009A779CA223874FC01CDF863404DA23C0",11006854,2024,"RO",1100023,"Ariquemes","Ariquemes",110002305,"EMEF ALDEMIR LIMA CANTANHEDE",1,0,"AVENIDA ARTHUR MANGABEIRA","2520",NULL,"MARECHAL RONDON 01","76877042","Catálogo de Escolas - agosto/2024","0","-9.925813333","-63.055775","110002305000042","-9.925649642944336","-63.05595397949219","numero","dn03","6","AVENIDA ARTHUR MANGABEIRA, 2520 - MARECHAL RONDON 01, ARIQUEMES - RO, 76877-036",1,False,"110002305000042","110002305000042","-9.925649642944336","-63.05595397949219","0","26.75075179","1","0",True,NULL
178972,8,"2025-08-26 09:59:31-03","2025-08-26 09:59:31-03","0101000020E610000065FCFB8C0B854FC0B4AB90F293DA23C0","0101000020E610000065FCFB8C0B854FC0B4AB90F293DA23C0",11007281,2024,"RO",1100023,"Ariquemes","Ariquemes",110002305,"EEEFM JARDIM DAS PEDRAS",1,0,"RUA MOEMA","3208",NULL,"JARDIM JORGE TEIXEIRA","76876566","Catálogo de Escolas - agosto/2024","0","-9.92691","-63.039415","110002305000112","-9.926361884268527","-63.03975104432605","numero_aproximado","da03","7","RUA MOEMA, 3208 (aprox) - JARDIM JORGE TEIXEIRA, ARIQUEMES - RO",1,False,"110002305000112","110002305000112","-9.926361884268527","-63.03975104432605","0","71.19966008","1","0",True,NULL
178999,8,"2025-08-26 09:59:31-03","2025-08-26 09:59:31-03","0101000020E61000004C2E9B9F3E834FC0CA31CA57C5DC23C0","0101000020E61000004C2E9B9F3E834FC0CA31CA57C5DC23C0",11007451,2024,"RO",1100023,"Ariquemes","Ariquemes",110002305,"EMEF MAGDALENA TAGLIAFERRO",1,0,"RUA UMUARAMA","4847",NULL,"JARDIM DAS PALMEIRAS","76876316","Catálogo de Escolas - agosto/2024","0","-9.93119310706324","-63.0253486163825","110002305000111","-9.93062847560321","-63.02781121300238","numero_aproximado","da03","6","RUA UMUARAMA, 4847 (aprox) - JARDIM DAS PALMEIRAS, ARIQUEMES - RO",2,False,"110002305000111","110002305000111","-9.93062847560321","-63.02781121300238","0","276.9364768","1","0",True,NULL
179003,8,"2025-08-26 09:59:31-03","2025-08-26 09:59:31-03","0101000020E6100000A4E59BC827834FC01C4FBAE303DD23C0","0101000020E6100000A4E59BC827834FC01C4FBAE303DD23C0",11036800,2024,"RO",1100023,"Ariquemes","Ariquemes",110002305,"EMEIEF SONHO MEU",1,0,"RUA UMUARAMA","4913",NULL,"JARDIM DAS PALMEIRAS","76876316","Catálogo de Escolas - agosto/2024","0","-9.9316703","-63.0246516","110002305000111","-9.93054680984618","-63.028037225913934","numero_aproximado","da03","6","RUA UMUARAMA, 4913 (aprox) - JARDIM DAS PALMEIRAS, ARIQUEMES - RO",2,False,"110002305000111","110002305000111","-9.93054680984618","-63.028037225913934","0","391.30172061","1","0",True,NULL
179005,8,"2025-08-26 09:59:31-03","2025-08-26 09:59:31-03","0101000020E61000006095664EF2824FC03197546D37DD23C0","0101000020E61000006095664EF2824FC03197546D37DD23C0",11064803,2024,"RO",1100023,"Ariquemes","Ariquemes",110002305,"CMEI SONHO DE CRIANCA",1,0,"RUA UMUARAMA","5131",NULL,"SETOR 09","76876244","Catálogo de Escolas - agosto/2024","0","-9.9320635","-63.0230196","110002305000155","-9.932354927062988","-63.02312088012695","numero","dn03","6","RUA UMUARAMA, 5131 - SETOR 09, ARIQUEMES - RO, 76876-244",1,False,"110002305000155","110002305000155","-9.932354927062988","-63.02312088012695","0","34.2513748","1","0",True,NULL
179012,8,"2025-08-26 09:59:31-03","2025-08-26 09:59:31-03","0101000020E61000002087776FFB544FC06F9EEA909BDD23C0","0101000020E61000002087776FFB544FC06F9EEA909BDD23C0",11006900,2024,"RO",1100023,"Ariquemes","Ariquemes",110002305,"EMEIEF ARCO-IRIS",2,1,"RO 257, KM 42, TRAV B 90, LINHA C 60, ASSENTAMENTO","S/N",NULL,"ASSENTAMENTO MIGRANTES","76878899","Catálogo de Escolas - agosto/2024","0","-9.9328275","-62.6639232","110002305000086","-9.914413869624408","-63.03236814099321","municipio","dm01","55536","ARIQUEMES - RO",35565,False,"110002305000086","110002305000001","-9.914413869624408","-63.03236814099321","0","40408.20250419","1","31824.69632708",False,False
179017,8,"2025-08-26 09:59:31-03","2025-08-26 09:59:31-03","0101000020E6100000345E5F9099834FC0ECE9D9626DDE23C0","0101000020E6100000345E5F9099834FC0ECE9D9626DDE23C0",11007168,2024,"RO",1100023,"Ariquemes","Ariquemes",110002305,"COLEGIO TIRADENTES DA POLICIA MILITAR - CTPM III",1,0,"RUA PARANAVAI","4678","7ª RUA","SETOR 09","76876336","Catálogo de Escolas - agosto/2024","0","-9.9344283","-63.0281239","110002305000031","-9.934064865112305","-63.0279541015625","numero","dn03","6","RUA PARANAVAI, 4678 - SETOR 09, ARIQUEMES - RO, 76876-390",1,False,"110002305000031","110002305000031","-9.934064865112305","-63.0279541015625","0","44.48613887","1","0",True,NULL
179021,8,"2025-08-26 09:59:31-03","2025-08-26 09:59:31-03","0101000020E61000004C56E28D0E824FC06A727523D3DE23C0","0101000020E61000004C56E28D0E824FC06A727523D3DE23C0",11007737,2024,"RO",1100023,"Ariquemes","Ariquemes",110002305,"EMEIEF ROBERTO TURBAY",1,0,"RUA MEXICO","932",NULL,"SETOR 10","76876078","Catálogo de Escolas - agosto/2024","0","-9.935204609","-63.01606916","110002305000079","-9.935633295957311","-63.015825383444046","numero_aproximado","da03","6","RUA MEXICO, 932 (aprox) - SETOR 10, ARIQUEMES - RO",1,False,"110002305000079","110002305000079","-9.935633295957311","-63.015825383444046","0","54.63633485","1","0",True,NULL
179075,8,"2025-08-26 09:59:31-03","2025-08-26 09:59:31-03","0101000020E610000073C55AB6357B4FC0C774795763E623C0","0101000020E610000073C55AB6357B4FC0C774795763E623C0",11108800,2024,"RO",1100023,"Ariquemes","Ariquemes",110002305,"IFRO - CAMPUS ARIQUEMES",2,0,"AREA RURAL","S/N","RO 257 KM 13","AREA RURAL DE ARIQUEMES","76878899","Catálogo de Escolas - agosto/2024","0","-9.949976667","-62.96257667","110002305000110","-9.914413869624408","-63.03236814099321","municipio","dm01","55536","ARIQUEMES - RO",35565,False,"110002305000110","110002305000001","-9.914413869624408","-63.03236814099321","0","8606.42216077","1","2457.22082509",False,False
