"idx_df1","endereco_df1","numero_df1","complemento_df1","bairro_df1","idx_df2","cod_unico_df2","endereco_df2","numero_df2","complemento_df2","bairro_df2","similaridade_logradouro","similaridade_numero","similaridade_bairro","similaridade_final","latitude_verdadeira","longitude_verdadeira","cd_setor_verdadeiro","latitude_resultante","longitude_resultante","cd_setor_resultante","med_lat","med_lon","dist_mediana","desvio_metros","rn","distancia_metros_setor","setor_correspondente","setor_vizinho_verdadeiro"
0,"ROLIM DE MOURA DO GUAPORE",NULL,"ZONA RURAL",NULL,13664,"1217579","AVENIDA  GUAPORE SETOR 06","4600","SALA 2","setor 06","100.0","0.0","0.0","70.0","-13.08366621","-62.27693003","110001530000001","-9.899046","-63.024182","110002305000063","-9.89939","-63.024199","38.29640854","363352.35012262","1","360574.66757836",False,False
1,"RUA AIRTON SENNA JARDIM DOS ESTADOS","4193.0","ESCOLA","jardim dos estados",35472,"91966740","RUA  AIRTON SENNA SAO DOMINGOS DO GUAPORE","3651","LOJA","sao domingos do guapore","100.0","87.07","43.9","91.8","-10.4420037","-62.4656261","110011405000011","-12.075406","-64.02903","110008035000004","-12.075406","-64.02903","0","249108.7691505","1","248398.36547722",False,False
2,"BR 364 LINHA 619 KM 01 ZONA RURAL",NULL,"ZONA RURAL","zona rural",5835,"1357856","RODOVIA  BR 364 TUCUMANZAL","0",NULL,"tucumanzal","100.0","0.0","40.0","74.0","-10.442004","-62.4656275","110011405000011","-8.782793","-63.895428","110020505060081","-8.782793","-63.895428","0","242092.77773565","1","241034.27977084",False,False
3,"RUA RAIMUNDO BARRETO SETOR 07","890.0",NULL,"setor 07",310907,"1294126","RUA  RAIMUNDO BARRETO SETOR 07","942",NULL,"setor 07","100.0","94.48","100.0","98.9","-10.4420014","-62.4656282","110011405000011","-10.450278","-62.477452","110011405000059","-10.450252500000001","-62.4774655","3.19674557","1587.04843194","1","1418.53105603",False,False
4,"RUA PIAUI DISTRITO DE BOM JESUS",NULL,NULL,"distrito de bom jesus",75504,"99571871","RUA  PIAUI CENTRO","2948",NULL,"centro","100.0","0.0","29.63","72.96","-10.4420038","-62.4656369","110011405000011","-11.037796","-62.674193","110130205000001","-11.037796","-62.674188","0.54569046","70057.58739688","1","69589.24404019",False,NULL
5,"AVENIDA BRASIL SETOR 05","2633.0","EM FRENTE A IGREJA","setor 05",12765,"1374971","AVENIDA  BRASIL CENTRO","2701",NULL,"centro","100.0","97.48","42.86","93.78","-10.4420004","-62.4656477","110011405000011","-9.421162","-61.999045","110013005000006","-9.421162","-61.999045","0","124486.18716424","1","123340.10036374",False,NULL
6,"RUA OSVALDO CRUZ SETOR 04","2675.0","BAIRRO NOVO HORIZONT","setor 04",36697,"109371793","AVENIDA  OSVALDO CRUZ SERRARIA","2489",NULL,"serraria","100.0","93.05","37.5","92.36","-10.4420068","-62.465645","110011405000011","-10.778188","-65.329604","110010605000006","-10.778188","-65.329604","0","315236.10912723","1","315254.53269602",False,False
7,"RUA MARGARETE FERREIRA COSTA JARDIM BELA VISTA","1254.0","SETOR 08","jardim bela vista",548983,"180232590","RUA  MARGARETE FERREIRA COSTA LINHA 608","1955",NULL,"linha 608","100.0","64.14","23.08","85.14","-10.4420132","-62.4656624","110011405000011","-10.457704","-62.453769","110011405000046","-10.457704","-62.453769","0","2176.13289743","1","2139.53021734",False,False
8,"LINHA 627 KM 90 JARU UARU ZONA RURAL",NULL,"JARU UARU","zona rural",30807,"1164832","RUA  E JARDIM VITORIA","4934","CASA","jardim vitoria","100.0","0.0","33.33","73.33","-10.4420036","-62.465758","110011405000011","-11.414154","-61.477654","110004905000107","-11.414128","-61.477654","2.89107207","152718.68595776","1","152293.89465144",False,False
9,"LINHA 617 ZONA RURAL",NULL,NULL,"zona rural",49705,"180232636","LINHA  E RIOZINHO","2375",NULL,"riozinho","100.0","0.0","33.33","73.33","-10.4418868","-62.4657928","110011405000011","-11.498302","-61.369324","110004910000035","-11.414154","-61.370144","9357.27029604","167704.98115923","1","167245.26355968",False,NULL
10,"AVENIDA RIO BRANCO CENTRO","1253.0","SETOR 02","centro",46926,"1158891","RUA  RIO BRANCO CENTRO","1843","TERREO","centro","100.0","67.99","100.0","93.6","-10.4418784","-62.4656997","110011405000011","-11.436562","-61.448596","110004905000010","-11.436562","-61.448596","0","156726.39685401","1","156290.05232482",False,False
11,"RUA GOIAS SETOR 02","3143.0",NULL,"setor 02",26379,"91969057","RUA  GOIAS VISTA ALEGRE","1168",NULL,"vista alegre","100.0","37.16","30.0","80.43","-10.441434","-62.4649284","110011405000011","-11.54188","-61.018769","110009805000037","-11.54188","-61.018769","0","199726.19238754","1","199345.20133742",False,False
12,"AVENIDA PADRE ADOLPHO RHOL SETOR 02","1260.0","CENTRO","setor 02",691837,"215117042","RUA PADRE ADOLPHO RHOL ERNANDES GONCALVES","1321",NULL,"ernandes goncalves","100.0","95.38","15.38","90.61","-10.4395948","-62.4670841","110011405000011","-11.164809","-61.9161","110025405000009","-11.164809","-61.9161","0","100620.8603523","1","99975.19295926",False,NULL
13,"RUA RIO DEJANEIRO SETOR 03","2436.0",NULL,"setor 03",3758,"1234791","RUA  RIO DE JANEIRO LIBERDADE","2875","CASA","liberdade","96.3","84.73","23.53","86.71","-10.4431285","-62.4706698","110011405000016","-11.532095","-61.005214","110009805000011","-11.532095","-61.005214","0","200623.80080495","1","200071.03170509",False,False
14,"RUA RIO DE JANEIRO LIBERDADE","2315.0","ESCOLA","liberdade",3758,"1234791","RUA  RIO DE JANEIRO LIBERDADE","2875","CASA","liberdade","100.0","80.52","100.0","96.1","-10.4451256","-62.4731878","110011405000016","-11.532095","-61.005214","110009805000011","-11.532095","-61.005214","0","200708.78285744","1","200071.03170509",False,False
15,"RUA FLORIANOPOLIS SETOR 2","3045.0","ENFRENTE CEF","setor 2",62508,"1198966","RUA  FLORIANOPOLIS SETOR 03","2243","CASA","setor 03","100.0","73.66","83.33","93.07","-10.4419201","-62.4701933","110011405000017","-9.911447","-63.045731","110002305000005","-9.911447","-63.045731","0","86296.42462867","1","85794.16946909",False,False
16,"RUA FLORIANOPOLIS JARDIM ESPERANCA - SETOR 07","1175.0","ESCOLA","jardim esperanca - setor 07",51675,"215970620","RUA  FLORIANOPOLIS SETOR 07","1351","FUNDOS 1","setor 07","100.0","86.97","100.0","97.39","-10.4497374","-62.4816736","110011405000019","-10.447178","-62.479331","110011405000021","-10.447178","-62.479331","0","382.90232452","1","328.4363974",False,False
17,"AVENIDA DOM PEDRO I JARDIM NOVO HORIZONTE","1625.0","PREDIO","jardim novo horizonte",102558,"91953162","RUA DOM PEDRO I LIBERDADE","1629","CASA 1","liberdade","100.0","99.75","26.67","92.62","-10.4361996","-62.4843056","110011405000024","-11.443349","-61.453828","110004905000015","-11.443349","-61.453828","0","158738.89536068","1","158360.27275576",False,False
18,"RUA MINAS GERAIS JARDIM NOVO HORIZONTE","1640.0","PREDIO","jardim novo horizonte",45426,"180275317","RUA  MINAS GERAIS TARILANDIA","1640",NULL,"tarilandia","100.0","100.0","32.26","93.23","-10.43545","-62.48526","110011405000024","-10.850596","-62.797202","110011425000001","-10.850596","-62.797202","0","57385.10406073","1","56957.6470589",False,False
19,"AVENIDA PADRE ADOLPHO ROHL CENTRO","2600.0",NULL,"centro",263135,"1286585","AVENIDA PADRE ADOLPHO ROHL SETOR 05","2765",NULL,"setor 05","100.0","94.03","42.86","93.09","-10.42975845","-62.47397966666671","110011405000029","-10.428494","-62.474707","110011405000028","-10.428494","-62.474707","0","161.53981305","1","45.74408081",False,True
20,"LINHA 625 KM 95 ZONA RURAL",NULL,"AREA INDIGENA","zona rural",14375,"1223971","LINHA  05 ZONA RURAL","5","SITIO 3 P 4 EIXO","zona rural","100.0","0.0","100.0","80.0","-10.43222","-62.479298","110011405000029","-12.924588","-60.870974","110007205000008","-12.924966000000001","-60.871348499999996","58.42956747","327830.75853549","1","326540.33079938",False,False
21,"RUA PLACIDO DE CASTRO SETOR 05","2648.0","ZONA URBANA","setor 05",263182,"1286726","RUA  PLACIDO DE CASTRO SETOR 05","2787","FUNDOS","setor 05","100.0","95.01","100.0","99.0","-10.4284942","-62.4703373","110011405000029","-10.426507","-62.471831","110011405000028","-10.4264545","-62.4718795","7.88737695","274.78948406","1","62.83566375",False,True
22,"RUA PLACIDO DE CASTRO SETOR 5","2526.0",NULL,"setor 5",73816,"1679731","RUA  PLACIDO DE CASTRO SETOR 07","2622",NULL,"setor 07","100.0","96.34","83.33","97.6","-10.4282432","-62.4702714","110011405000029","-10.210138","-63.841309","110045205000018","-10.210138","-63.841309","0","151934.60694401","1","151121.75274997",False,NULL
23,"RUA ONOFRE DUARTE DE OLIVEIRA JARDIM ELDORADO","3290.0","SETOR 06","jardim eldorado",30122,"1287647","RUA  ONOFRE DUARTE DE OLIVEIRA SETOR 06","3181",NULL,"setor 06","100.0","96.69","26.09","91.95","-10.4208145","-62.4764248","110011405000031","-10.421201","-62.477442","110011405000030","-10.421201","-62.477442","0","119.25512585","1","36.27063302",False,True
24,"RUA RIO GRANDE DO NORTE SETOR 5","3267.0",NULL,"setor 5",16402,"1214692","RUA  RIO GRANDE DO NORTE SETOR 05","3443",NULL,"setor 05","100.0","94.89","93.33","98.31","-10.4317737","-62.4615126","110011405000034","-9.90063","-63.042996","110002305000055","-9.90063","-63.042996","0","86824.78453857","1","85752.20609093",False,False
25,"RUA OSEIAS FEITOSA DOS SANTOS JARDIM BELA VISTA","3044.0",NULL,"jardim bela vista",280414,"101464499","RUA  SANTOS JARDIM PAULISTA","4576",NULL,"jardim paulista","100.0","66.52","75.0","90.8","-10.4519516","-62.4589882","110011405000036","-9.89037","-63.047363","110002305000141","-9.89037","-63.047363","0","89700.76165713","1","88656.45410866",False,False
26,"AVENIDA SETE DE SETEMBRO CENTRO","1561.0",NULL,"centro",24184,"180241903","RUA  SETE DE SETEMBRO CENTRO","1766","ANDAR 1","centro","100.0","88.39","100.0","97.68","-8.7630207","-63.8965597","110020505060022","-12.998317","-60.941565","110007205000004","-12.998233500000001","-60.9416075","10.36390769","570835.55866677","1","568926.150014",False,False
27,"RUA GOVERNADOR JORGE TEIXEIRA NOVA BRASILIA","827.0","ENTRE T- 7 E T- 8","nova brasilia",25306,"1239892","RUA GOVERNADOR JORGE TEIXEIRA VISTA ALEGRE","1266",NULL,"vista alegre","100.0","65.32","40.0","87.06","-10.8818652","-61.9226544","110012205000044","-11.543239","-61.015505","110009805000033","-11.543239","-61.015505","0","123281.6923729","1","122609.55195655",False,NULL
28,"RUA GOIAS SETOR 2","3875.0","PROXIMO AO BB","setor 2",26379,"91969057","RUA  GOIAS VISTA ALEGRE","1168",NULL,"vista alegre","100.0","30.14","31.58","79.19","-10.43778785","-62.4591394166667","110011405000074","-11.54188","-61.018769","110009805000037","-11.54188","-61.018769","0","199477.18378401","1","198877.29237366",False,False
29,"RUA TAPAJOS SETOR 2","3647.0",NULL,"setor 2",247997,"1282064","RUA  TAPAJOS SETOR 03","2616",NULL,"setor 03","100.0","71.73","83.33","92.68","-10.4403951","-62.4598012","110011405000074","-10.445772","-62.467702","110011405000015","-10.445772","-62.467702","0","1050.67769104","1","888.02293068",False,False
30,"RUA JOSE ZUPELLI DISTRITO DE BOM JESUS",NULL,"LINHA 610 KM 30","distrito de bom jesus",244646,"1294481","RUA  JOSE ZUPPELLI BOM JESUS","970",NULL,"bom jesus","96.0","0.0","100.0","77.2","-10.31709988","-62.24033631","110011410000001","-10.317346","-62.239936","110011410000001","-10.317346","-62.239936","0","51.64086978","1","0",True,NULL
31,"AREA RURAL AREA RURAL DE JI-PARANA",NULL,"TI IGARAPE LOURDES","area rural de ji-parana",61985,"100166781","RUA  RURAL TEIXEIRAO","1332","CASA VERDE","teixeirao","100.0","0.0","31.25","73.12","-10.7124098442755","-61.5988298380451","110012205000182","-11.423637","-61.431678","110004905000096","-11.423649","-61.431728","5.6105921","81161.2668786","1","80330.63261071",False,NULL
32,"RUA MAGNOLIA PRIMAVERA","2536.0","LT 01 QUADRA 04","primavera",555018,"108647633","RUA  MAGNOLIA JARDIM PRIMAVERA","2561",NULL,"jardim primavera","100.0","99.02","100.0","99.8","-10.4612318","-62.4507881","110011405000060","-10.461198","-62.450661","110011405000060","-10.461198","-62.450661","0","14.39719844","1","0",True,NULL
33,"LINHA 623 KM 2 ZONA RURAL",NULL,NULL,"zona rural",11659,"1329179","LINHA  DOIS GLEBA SANTA CRUZ","8",NULL,"gleba santa cruz","100.0","0.0","46.15","74.62","-10.4309926","-62.52225449","110011405000070","-13.153432","-61.013279","110005605000024","-13.1528665","-61.013268999999994","62.89013938","344401.81135595","1","336542.18220345",False,False
34,"AVENIDA VEREADOR OTAVIANO PEREIRA NETO SETOR 2","874.0",NULL,"setor 2",894880,"215176300","AVENIDA VEREADOR OTAVIANO PEREIRA NETO SETOR 02","855","FRENTE","setor 02","100.0","97.83","93.33","98.9","-10.4358767","-62.4524526","110011405000072","-10.435695","-62.454093","110011405000035","-10.435674","-62.454119500000004","3.72164815","180.52136968","1","0",False,NULL
35,"LINHA 630 KM 25",NULL,"ZONA URBANA",NULL,14373,"1223970","LINHA  05 ZONA RURAL","5","SITIO 3 P 4 EIXO","zona rural","100.0","0.0","0.0","70.0","-10.6523084","-62.5851363","110011420000001","-12.924981","-60.870297","110007205000008","-12.925424499999998","-60.870535000000004","55.6533567","314163.90966812","1","312914.42097454",False,False
36,"AV MARECHAL RONDON CENTRO","761.0",NULL,"centro",38390,"92293521","AVENIDA MARECHAL RONDON CENTRO","1485",NULL,"centro","100.0","51.25","100.0","90.25","-10.8804866666667","-61.9480166666667","110012205000002","-11.170603","-61.899408","110025405000011","-11.170603","-61.899408","0","32692.84050539","1","32144.12394266",False,NULL
37,"RUA ALMIRANTE BARROSO CENTRO","1422.0",NULL,"centro",221044,"180450573","RUA ALMIRANTE BARROSO CENTRO","1344",NULL,"centro","100.0","94.51","100.0","98.9","-10.8786152","-61.9482849","110012205000002","-10.934079","-62.257263","110155905000002","-10.934079","-62.257263","0","34295.36694355","1","33959.4542865",False,False
38,"AVENIDA DOIS DE ABRIL DOIS DE ABRIL","2030.0",NULL,"dois de abril",29475,"97873196","AVENIDA  DOIS DE ABRIL JARDIM DOS MIGRANTES","2385",NULL,"jardim dos migrantes","100.0","85.12","36.36","90.66","-10.8745367","-61.958715","110012205000004","-10.873506","-61.962372","110012205000023","-10.873506","-61.962372","0","415.45967065","1","20.52479042",False,True
39,"AVENIDA DOIS DE ABRIL DOIS DE ABRIL","2004.0",NULL,"dois de abril",29475,"97873196","AVENIDA  DOIS DE ABRIL JARDIM DOS MIGRANTES","2385",NULL,"jardim dos migrantes","100.0","84.03","36.36","90.44","-10.87414","-61.9587633","110012205000004","-10.873506","-61.962372","110012205000023","-10.873506","-61.962372","0","400.32119501","1","20.52479042",False,True
40,"RUA DAS FLORES DOIS DE ABRIL","481.0",NULL,"dois de abril",74859,"215257235","RUA  DAS FLORES SAO JOSE","743",NULL,"sao jose","100.0","64.74","28.57","85.8","-10.8733617","-61.9605317","110012205000004","-12.740962","-60.158184","110030405000076","-12.740962","-60.158184","0","285666.56550985","1","284596.07992259",False,False
41,"RUA DA PAZ HABITAR BRASIL","4037.0",NULL,"habitar brasil",43277,"1240647","RUA  DA PAZ PACARANA","2709",NULL,"pacarana","100.0","67.1","27.27","86.15","-10.8834227","-61.8937225","110012205000272","-11.000276","-60.848855","110009810000001","-11.000276","-60.848855","0","114809.49442531","1","114704.33520345",False,False
42,"RUA FRANCISCO BENITES LOPES JARDIM AURELIO BERNARDI","435.0","SENAI","jardim aurelio bernardi",365136,"91981092","RUA  FRANCISCO BENITES LOPES JARDIM AURELIO BERNARDI","435",NULL,"jardim aurelio bernardi","100.0","100.0","100.0","100.0","-10.8625411","-61.965967","110012205000006","-10.862541","-61.96577","110012205000006","-10.862541","-61.96577","0","21.51293492","1","0",True,NULL
43,"RUA MONTE CASTELO JARDIM DOS MIGRANTES","395.0",NULL,"jardim dos migrantes",456464,"91982304","RUA  MONTE CASTELO JARDIM DOS MIGRANTES","395",NULL,"jardim dos migrantes","100.0","100.0","100.0","100.0","-10.8746089","-61.9623471","110012205000020","-10.874365","-61.96248","110012205000020","-10.874365","-61.96248","0","30.75925664","1","0",True,NULL
44,"RUA TRES IRMAOS PARQUE SAO PEDRO","407.0",NULL,"parque sao pedro",96684,"101440834","RUA  3 COLINA PARK","397",NULL,"colina park","100.0","97.54","29.63","92.47","-10.8626196","-61.936342","110012205000007","-11.446876","-61.494935","110004905000094","-11.446876","-61.494935","0","80867.31485855","1","79981.69731344",False,NULL
45,"RUA TRES IRMAOS PARQUE SAO PEDRO","471.0","CRECHE","parque sao pedro",83293,"216971959","RUA  3 JARDIM ZONA SUL","506",NULL,"jardim zona sul","100.0","93.08","38.71","92.49","-10.8620961","-61.9368039","110012205000007","-9.910991","-63.060191","110002305000161","-9.910991","-63.060191","0","162114.17360665","1","161297.7455947",False,NULL
46,"AVENIDA SAO PAULO NOVA BRASILIA","1627.0",NULL,"nova brasilia",30496,"91983580","RUA  SAO PAULO SAO BERNARDO","1232",NULL,"sao bernardo","100.0","75.72","48.0","89.94","-10.8832026","-61.9146324","110012205000046","-10.858949","-61.968033","110012205000031","-10.858949","-61.968033","0","6424.75635388","1","5965.53432128",False,False
47,"RUA ALMIRANTE BARROSO SANTA BARBARA","1483.0",NULL,"santa barbara",221044,"180450573","RUA ALMIRANTE BARROSO CENTRO","1344",NULL,"centro","100.0","90.63","21.05","90.23","-8.765205","-63.8961767","110020505060023","-10.934079","-62.257263","110155905000002","-10.934079","-62.257263","0","300661.03585012","1","299662.13106785",False,False
48,"RUA JAMIL VILAS BOAS DUQUE DE CAXIAS","106.0",NULL,"duque de caxias",378666,"1302544","RUA  JAMIL VILAS BOAS DUQUE DE CAXIAS","97",NULL,"duque de caxias","100.0","91.51","100.0","98.3","-10.8822011","-61.9379811","110012205000010","-10.88183","-61.938941","110012205000010","-10.88183","-61.938941","0","112.64690949","1","0",True,NULL
49,"RODOVIA PASTOR SEVERO ANTONIO DE ARAUJO ECOVILLE","1601.0",NULL,"ecoville",61703,"1195353","RODOVIA PASTOR SEVERO ANTONIO DE ARAUJO FILADELFIA","80",NULL,"filadelfia","100.0","5.0","33.33","74.33","-10.873238","-61.950265","110012205000013","-12.454248","-62.131469","110001515000002","-12.453427","-62.13193750000001","104.50713804","176904.46084949","1","175818.24544767",False,False
50,"RUA ABILIO FREIRE DOS SANTOS CASA PRETA","611.0",NULL,"casa preta",38002,"1303940","RUA  ABILIO FREIRE DOS SANTOS CASA PRETA","611",NULL,"casa preta","100.0","100.0","100.0","100.0","-10.8684583022701","-61.95548378596511","110012205000014","-10.868601","-61.9553","110012205000014","-10.868601","-61.9553","0","25.58430036","1","0",True,NULL
51,"RUA SEIS DE MAIO CASA PRETA","1701.0",NULL,"casa preta",86599,"1303067","RUA  SEIS DE MAIO CASA PRETA","1880",NULL,"casa preta","100.0","90.48","100.0","98.1","-10.87702","-61.9471917","110012205000016","-10.875599","-61.945476","110012205000011","-10.875599","-61.945476","0","245.08524439","1","3.03619786",False,True
52,"AVENIDA TRANSCONTINENTAL CASA PRETA","710.0",NULL,"casa preta",113726,"1310086","AVENIDA  TRANSCONTINENTAL PRIMAVERA","740",NULL,"primavera","100.0","95.95","42.11","93.4","-10.8778621","-61.9460896","110012205000016","-10.885227","-61.935665","110012205000034","-10.885227","-61.935665","0","1402.29834716","1","705.61452981",False,False
53,"RUA BELGICA JARDIM SAO CRISTOVAO","500.0",NULL,"jardim sao cristovao",78914,"217440413","RUA  BELGICA JARDIM SAO CRISTOVAO","541",NULL,"jardim sao cristovao","100.0","92.42","100.0","98.48","-10.90603357","-61.92843394","110012205000017","-10.905586","-61.928024","110012205000017","-10.905586","-61.928024","0","66.93485442","1","0",True,NULL
54,"RUA MIGUEL LUIS DOS SANTOS JARDIM DAS SERINGUEIRAS","2146.0","ESCOLA","jardim das seringueiras",550264,"1305040","AVENIDA  MIGUEL LUIS DOS SANTOS JARDIM DAS SERINGUEIRAS","2022","CASA 1","jardim das seringueiras","100.0","94.22","100.0","98.84","-10.9111367","-61.915655","110012205000018","-10.910175","-61.915318","110012205000018","-10.910175","-61.915318","0","113.0896681","1","0",True,NULL
55,"RUA LEOMAR JOSE BARATELA CENTRO","456.0","ZONA URBANA","centro",45163,"180274992","RUA  LEOMAR JOSE BARATELA CENTRO","1594",NULL,"centro","100.0","28.61","100.0","85.72","-10.8585565","-62.8000017","110011425000020","-10.85675","-62.801096","110011425000001","-10.85675","-62.801096","0","233.73311482","1","155.46196046",False,True
56,"RUA DAS PEDRAS JARDIM DOS MIGRANTES","491.0",NULL,"jardim dos migrantes",237537,"218897288","RUA  DAS PEDRAS JARDIM PRESIDENCIAL","850","SALA 1","jardim presidencial","100.0","57.76","51.28","86.68","-10.8788969","-61.96891287","110012205000021","-10.876478","-61.971969","110012205000071","-10.876471500000001","-61.971952","1.99210019","428.61900677","1","19.56802843",False,True
57,"RUA RIO AMAZONAS JARDIM DOS MIGRANTES","151.0",NULL,"jardim dos migrantes",5445,"1169694","AVENIDA  AMAZONAS JARDIM CLODOALDO","3605",NULL,"jardim clodoaldo","100.0","4.19","55.56","76.39","-10.88192352","-61.9681325","110012205000024","-11.425648","-61.452156","110004905000040","-11.425648","-61.452156","0","82607.04824482","1","82270.91550212",False,NULL
58,"RUA SANTA IZABEL JARDIM DOS MIGRANTES","81.0",NULL,"jardim dos migrantes",802799,"92285823","RUA SANTA IZABEL SAO LUIS","80",NULL,"sao luis","100.0","98.77","21.43","91.9","-10.8804544","-61.9676614","110012205000024","-9.778301","-66.352721","110020517000002","-9.778301","-66.352721","0","495090.96070873","1","494829.32633551",False,False
59,"RUA RIO BRANCO JARDIM DOS MIGRANTES","1365.0",NULL,"jardim dos migrantes",29709,"91982762","RUA  RIO BRANCO JARDIM DOS MIGRANTES","850",NULL,"jardim dos migrantes","100.0","62.27","100.0","92.45","-10.87990364","-61.97023545","110012205000024","-10.872324","-61.965137","110012205000023","-10.872324","-61.965137","0","1010.09991449","1","888.11468099",False,False
60,"RUA JAMIL PONTES JARDIM DOS MIGRANTES","1228.0",NULL,"jardim dos migrantes",120598,"1307018","RUA  JAMIL PONTES JARDIM DOS MIGRANTES","1228",NULL,"jardim dos migrantes","100.0","100.0","100.0","100.0","-10.8803266","-61.9692283","110012205000024","-10.880573","-61.968987","110012205000024","-10.880573","-61.968987","0","38.01246384","1","0",True,NULL
61,"RUA CURITIBA NOVA BRASILIA","2227.0",NULL,"nova brasilia",13105,"215140906","RUA  CURITIBA CENTRO","2411",NULL,"centro","100.0","92.37","21.05","90.58","-10.8837046","-61.9098948","110012205000049","-9.418737","-61.998846","110013005000006","-9.418737","-61.998846","0","163187.8679857","1","162232.03775357",False,NULL
62,"RUA DOUTOR FIEL JOTAO","257.0",NULL,"jotao",556402,"1307901","RUA DOUTOR FIEL VILA JOTAO","257",NULL,"vila jotao","100.0","100.0","100.0","100.0","-10.8845527","-61.9324294","110012205000027","-10.884854","-61.932104","110012205000027","-10.884854","-61.932104","0","48.83618991","1","0",True,NULL
63,"RUA CASTELO BRANCO NOVA BRASILIA","1523.0","T 1","nova brasilia",10564,"100175064","RUA PRESIDENTE CASTELO BRANCO NOVA UNIAO 3","1695",NULL,"nova uniao 3","100.0","89.85","56.0","93.57","-10.8890409","-61.929867","110012205000027","-9.88666","-63.046388","110002305000133","-9.88666","-63.046388","0","165334.09206959","1","164280.18674308",False,False
64,"RUA JASMIM SANTIAGO","2247.0",NULL,"santiago",239035,"220186984","AVENIDA  JASMIM JARDIM PRIMAVERA","2250",NULL,"jardim primavera","100.0","99.87","25.0","92.47","-10.8646554","-61.9767345","110012205000028","-12.717045","-60.140851","110030405000088","-12.717045","-60.140851","0","286977.09139204","1","285496.5955673",False,False
65,"RUA DA AVENCA SANTIAGO","2024.0",NULL,"santiago",39762,"1308419","RUA  DA AVENCA SANTIAGO","2019",NULL,"santiago","100.0","99.75","100.0","99.95","-10.8654617","-61.9770133","110012205000028","-10.866238","-61.976551","110012205000028","-10.8662215","-61.976548","1.86373752","99.99944617","1","0",True,NULL
66,"RUA DO CRAVO SANTIAGO","2624.0",NULL,"santiago",87286,"1308434","RUA  DO CRAVO SANTIAGO","2479",NULL,"santiago","100.0","94.47","100.0","98.89","-10.8617866","-61.9783694","110012205000030","-10.862914","-61.977399","110012205000029","-10.862914","-61.977399","0","164.14987903","1","19.10700625",False,True
67,"RUA VITORIA REGIA SAO BERNARDO","821.0",NULL,"sao bernardo",30421,"91983736","RUA  VITORIA REGIA SAO BERNARDO","821",NULL,"sao bernardo","100.0","100.0","100.0","100.0","-10.8572002","-61.9694184","110012205000031","-10.857645","-61.969064","110012205000031","-10.857645","-61.969064","0","62.80208426","1","0",True,NULL
68,"RUA PLACIDO DE CASTRO PRIMAVERA","259.0",NULL,"primavera",117445,"1310913","RUA  PLACIDO DE CASTRO PRIMAVERA","260","APARTAMENTO 1","primavera","100.0","99.62","100.0","99.92","-10.89746","-61.9358045","110012205000036","-10.898082","-61.935764","110012205000036","-10.898082","-61.935764","0","69.30456896","1","0",True,NULL
69,"RUA MANOEL FRANCO NOVA BRASILIA","326.0","PREDIO","nova brasilia",118076,"1319154","RUA  MANOEL FRANCO NOVA BRASILIA","412",NULL,"nova brasilia","100.0","79.13","100.0","95.83","-10.8843507","-61.9274354","110012205000042","-10.889465","-61.925707","110012205000060","-10.889465","-61.925707","0","599.18430978","1","168.74147718",False,True
70,"AVENIDA RAIMUNDO JOSE DA SILVA PRIMAVERA","1449.0",NULL,"primavera",337480,"98867978","RUA  SILVA JARDIM SANTANA","1531","CASA","jardim santana","100.0","94.64","43.48","93.28","-10.8980217","-61.9373705","110012205000037","-8.749087","-63.810705","110020505000077","-8.749087","-63.810705","0","314992.37517263","1","312627.07764795",False,False
71,"AVENIDA ARACAJU JORGE TEIXEIRA","3780.0","PROXIMO DA T 28","jorge teixeira",39026,"103543727","AVENIDA  ARACAJU JORGE TEIXERA","3854",NULL,"jorge teixera","100.0","98.08","96.3","99.25","-10.891131539839","-61.90061149193149","110012205000038","-10.891264","-61.899164","110012205000204","-10.891264","-61.899164","0","158.73963818","1","23.22459662",False,True
72,"AREA RURAL AREA RURAL DE JI-PARANA",NULL,NULL,"area rural de ji-parana",61985,"100166781","RUA  RURAL TEIXEIRAO","1332","CASA VERDE","teixeirao","100.0","0.0","31.25","73.12","-10.713306741615","-61.6561034672915","110012205000183","-11.423637","-61.431678","110004905000096","-11.423649","-61.431728","5.6105921","82694.96659633","1","82021.35834478",False,NULL
73,"AVENIDA SAO PAULO NOVA BRASILIA","646.0","ESCOLA","nova brasilia",30497,"180267777","RUA  SAO PAULO SAO BERNARDO","1211",NULL,"sao bernardo","100.0","53.34","48.0","85.47","-10.8841017","-61.91912","110012205000051","-10.859025","-61.968108","110012205000031","-10.859025","-61.968108","0","6032.57240698","1","5851.49610918",False,False
74,"AVENIDA SAO PAULO NOVA BRASILIA","1176.0","ENTRE T10 E T11","nova brasilia",30497,"180267777","RUA  SAO PAULO SAO BERNARDO","1211",NULL,"sao bernardo","100.0","97.11","48.0","94.22","-10.8840270939684","-61.9191584850602","110012205000051","-10.859025","-61.968108","110012205000031","-10.859025","-61.968108","0","6025.0142352","1","5851.49610918",False,False
75,"AVENIDA ARACAJU JORGE TEIXEIRA",NULL,NULL,"jorge teixeira",39016,"103543528","AVENIDA  ARACAJU JORGE TEIXERA","3934",NULL,"jorge teixera","100.0","0.0","96.3","79.63","-10.8905766666667","-61.90039833333329","110012205000054","-10.891467","-61.898099","110012205000204","-10.8914835","-61.8980715","3.51893423","269.88329614","1","138.35201298",False,True
76,"RUA IPE NOVA BRASILIA","1694.0",NULL,"nova brasilia",44791,"1316392","RUA  IPE NOVA BRASILIA","2241",NULL,"nova brasilia","100.0","75.59","100.0","95.12","-10.888035","-61.911595","110012205000056","-10.882791","-61.912295","110012205000053","-10.882791","-61.912295","0","588.09543254","1","397.32725329",False,False
77,"RUA BARAO DO RIO BRANCO - ENTRE AV. BRASIL E MANOEL FRANCO NOVA BRASILIA","1751.0","T-16","nova brasilia",16540,"1164420","AVENIDA  BRASIL INDUSTRIAL","1758",NULL,"industrial","100.0","99.6","26.09","92.53","-10.8871117","-61.9136617","110012205000057","-11.439302","-61.455952","110004905000025","-11.439302","-61.455952","0","79140.74699728","1","78444.35787835",False,False
78,"RUA SAO LUIZ NOVA BRASILIA","1831.0","ENTRE T 15 E T 16","nova brasilia",118188,"1318944","RUA SAO LUIZ NOVA BRASILIA","846",NULL,"nova brasilia","100.0","46.2","100.0","89.24","-10.8889683","-61.91309","110012205000057","-10.889988","-61.921875","110012205000060","-10.889988","-61.921875","0","965.93698854","1","653.45283342",False,False
79,"RUA JOAO BATISTA NETO NOVA BRASILIA","1371.0","T- 12","nova brasilia",309691,"1314097","RUA  JOAO BATISTA NETO OU T12 NOVA BRASILIA","2114",NULL,"nova brasilia","100.0","64.85","100.0","92.97","-10.8899347","-61.9174076","110012205000058","-10.883445","-61.917588","110012205000046","-10.883445","-61.917588","0","721.89152081","1","392.22668977",False,False
80,"RUA SAO LUIZ NOVA BRASILIA","215.0",NULL,"nova brasilia",118221,"215181383","RUA SAO LUIZ NOVA BRASILIA","437",NULL,"nova brasilia","100.0","49.2","100.0","89.84","-10.8904448","-61.9269277","110012205000061","-10.890135","-61.925554","110012205000060","-10.890135","-61.925554","0","153.90262598","1","33.51418172",False,True
81,"RUA IDELFONSO DA SILVA NOVA BRASILIA","1248.0",NULL,"nova brasilia",44134,"98862958","RUA  IDELFONSO DA SILVA NOVA BRASILIA","1736",NULL,"nova brasilia","100.0","71.89","100.0","94.38","-10.8923717","-61.92654","110012205000061","-10.88781","-61.927227","110012205000042","-10.88781","-61.927227","0","512.75558642","1","33.80698666",False,True
82,"RUA MATO GROSSO URUPA","534.0",NULL,"urupa",11272,"180211181","LINHA  MATO GROSSO LINHA MATO GROSSO","70","TRAVESSA INTERNA LH15 FUNAI","linha mato grosso","100.0","13.11","18.18","74.44","-10.8843262","-61.9540514","110012205000062","-11.20956","-61.099091","110004910000025","-11.208267","-61.0991285","143.83340866","100069.03437361","1","99393.15509454",False,False
83,"RUA PACAAS NOVOS URUPA","219.0","CRECHE/PREESCOLA","urupa",109126,"180244012","RIO  PACAAS NOVOS ALDEIA INDIGENA GRACAS A DEUS","30",NULL,"aldeia indigena gracas a deus","100.0","13.7","17.65","74.5","-10.8848484","-61.9540853","110012205000062","-11.083661","-65.158317","110010605000077","-11.083661","-65.158317","0","350463.42049101","1","350549.0343753",False,False
84,"RUA ANISIO SERRA URUPA","48.0",NULL,"urupa",87877,"220955419","AVENIDA  ANISIO SERRAO DE CARVALHO JARDIM DAS OLIVEIRAS","51",NULL,"jardim das oliveiras","100.0","94.12","16.0","90.42","-10.8848081","-61.9558249","110012205000064","-11.671346","-61.198969","110018905000025","-11.671346","-61.198969","0","120252.89591891","1","119832.51080053",False,False
85,"RUA DR. ANTONIO LAZARO DE MOURA JARDIM PRESIDENCIAL","1123.0",NULL,"jardim presidencial",713020,"1321539","RUA DOUTOR ANTONIO LAZARO DE MOURA JARDIM PRESIDENCIAL","1123",NULL,"jardim presidencial","92.0","100.0","100.0","94.4","-10.8714705","-61.9692851","110012205000069","-10.871465","-61.96902","110012205000069","-10.871465","-61.96902","0","28.95522945","1","0",True,NULL
86,"RUA ANTONIO FERREIRA DE FREITAS JARDIM PRESIDENCIAL","211.0",NULL,"jardim presidencial",713251,"215028431","RUA  ANTONIO F DE FREITAS JARDIM PRESIDENCIAL","212",NULL,"jardim presidencial","94.74","99.53","100.0","96.22","-10.86823503","-61.9685878","110012205000069","-10.867956","-61.969107","110012205000069","-10.867956","-61.969107","0","64.63132668","1","0",True,NULL
87,"RUA SAO MANOEL JARDIM PRESIDENCIAL","1601.0",NULL,"jardim presidencial",237734,"1322299","RUA SAO MANOEL JARDIM PRESIDENCIAL","1340",NULL,"jardim presidencial","100.0","83.7","100.0","96.74","-10.8704171","-61.9769328","110012205000073","-10.872004","-61.974388","110012205000071","-10.872004","-61.974388","0","329.18067941","1","32.54574206",False,True
88,"RUA RIO AMAZONAS JARDIM PRESIDENCIAL","1518.0",NULL,"jardim presidencial",11731,"215116953","AVENIDA  AMAZONAS ERNANDES GONCALVES","2143",NULL,"ernandes goncalves","100.0","70.84","43.24","88.49","-10.87365611","-61.97922855","110012205000074","-11.164558","-61.908998","110025405000009","-11.164558","-61.908998","0","33242.68641143","1","32732.57672605",False,NULL
89,"RUA S BNH MARIO ANDREAZZA","179.0",NULL,"bnh mario andreazza",87087,"1399455","RUA  ILDA DE S ANDRADE INCRA","182",NULL,"incra","100.0","98.35","25.0","92.17","-10.8980706","-61.9083203","110012205000080","-10.722119","-62.251727","110015505000021","-10.722119","-62.251727","0","42303.65608006","1","41796.44502948",False,False
90,"RUA G MARIO ANDREAZZA","69.0",NULL,"mario andreazza",34039,"98618869","RUA  AGMAR DE SOUZA G PIAU NOVO HORIZONTE","350",NULL,"novo horizonte","100.0","19.71","27.59","76.7","-10.8974466","-61.9101387","110012205000080","-10.71291","-62.270191","110015505000054","-10.71291","-62.270191","0","44357.66171297","1","44058.3417382",False,NULL
91,"RUA XAPURI SAO PEDRO","1920.0","T7","sao pedro",426992,"1250659","RUA  XAPURI SAO PEDRO","1957",NULL,"sao pedro","100.0","98.11","100.0","99.62","-10.8979804","-61.9227258","110012205000084","-10.897634","-61.922405","110012205000096","-10.897634","-61.922405","0","52.06343226","1","19.99849587",False,True
92,"RUA XAPURI RIACHUELO","1866.0",NULL,"riachuelo",426992,"1250659","RUA  XAPURI SAO PEDRO","1957",NULL,"sao pedro","100.0","95.35","33.33","92.4","-10.89806735","-61.92330078","110012205000084","-10.897634","-61.922405","110012205000096","-10.897634","-61.922405","0","109.03543349","1","19.99849587",False,True
93,"RUA PORTO VELHO DOM BOSCO","2336.0","ESCOLA","dom bosco",13187,"215141406","RUA  PORTO VELHO CENTRO","2369",NULL,"centro","100.0","98.61","26.67","92.39","-10.869594","-61.946807","110012205000088","-9.41778","-61.996612","110013005000006","-9.41778","-61.996612","0","161526.58820298","1","160255.21889033",False,NULL
94,"RUA RIO SOLIMOES DOM BOSCO","989.0",NULL,"dom bosco",461406,"1247579","RUA  RIO SOLIMOES DOM BOSCO","789",NULL,"dom bosco","100.0","79.78","100.0","95.96","-10.87038407","-61.94567805","110012205000088","-10.871198","-61.944124","110012205000088","-10.871198","-61.944124","0","192.32744615","1","0",True,NULL
95,"MANOEL PINHEIRO MACHADO ALTO ALEGRE","3570.0","T 26","alto alegre",80235,"1250398","RUA  MANOEL PINHEIRO MACHADO ALTO ALEGRE","3234",NULL,"alto alegre","100.0","90.59","100.0","98.12","-10.8679405","-61.9036783","110012205000090","-10.872581","-61.903349","110012205000095","-10.872581","-61.903349","0","517.25223933","1","254.2662924",False,False
96,"AVENIDA GUANABARA JK","2763.0","T 23 COM K3","jk",207993,"1620823","RUA  GUANABARA PARQUE INDUSTRIAL NOVO TEMPO","2693",NULL,"parque industrial novo tempo","100.0","97.47","0.0","89.49","-10.8777996","-61.9058796","110012205000092","-12.71531","-60.132283","110030405000039","-12.71531","-60.132283","0","281090.87503523","1","280026.19878765",False,False
97,"RUA JOAQUIM FRANCISCO DE OLIVEIRA JK","2809.0","T 24","jk",79861,"221069875","RUA  JOAQUIM FRANCISCO DE OLIVEIRA ALTO ALEGRE","2768",NULL,"alto alegre","100.0","98.54","0.0","89.71","-10.876664","-61.9056781","110012205000092","-10.874962","-61.905339","110012205000095","-10.874962","-61.905339","0","192.84250636","1","6.08095261",False,True
98,"RUA CEDRO PARQUE DOS PARECIS","3981.0",NULL,"parque dos parecis",80970,"108607476","RUA  CEDRO JARDIM NOVO ESTADO 2","3979",NULL,"jardim novo estado 2","100.0","99.95","36.84","93.67","-10.8664845","-61.9077843","110012205000093","-10.41367","-62.474219","110011405000067","-10.41367","-62.474219","0","79793.54355312","1","79317.04605086",False,False
99,"RUA GUARULHOS JK","2610.0","T23","jk",731865,"215026063","RUA  GUARULHOS ALTO ALEGRE","2704",NULL,"alto alegre","100.0","96.52","0.0","89.3","-10.8715673","-61.9066287","110012205000094","-10.871136","-61.905671","110012205000091","-10.871136","-61.905671","0","115.05241901","1","7.10507812",False,True
100,"RUA VINICIUS DE MORAES SAO PEDRO","1147.0","T-10","sao pedro",48168,"1182804","RUA  VINICIUS DE MORAES RIOZINHO","1681",NULL,"riozinho","100.0","68.23","35.29","87.18","-10.8938767","-61.9213917","110012205000096","-11.503488","-61.366368","110004910000003","-11.503488","-61.366368","0","90884.8809314","1","90222.38234036",False,False
101,"LINHA 153 AREA RURAL DE JIPARANA",NULL,NULL,"area rural de jiparana",24346,"109873126","LINHA  03 ZONA RURAL","1",NULL,"zona rural","100.0","0.0","66.67","76.67","-10.6997169","-61.9754217","110012205000137","-12.992736","-60.820214","110007205000012","-12.996289","-60.8190455","414.8659315","284277.07590856","1","281994.86965669",False,False
102,"AREA RURAL AREA RURAL DE JIPARANA",NULL,NULL,"area rural de jiparana",61985,"100166781","RUA  RURAL TEIXEIRAO","1332","CASA VERDE","teixeirao","100.0","0.0","32.26","73.23","-10.5425731","-61.9331835","110012205000137","-11.423637","-61.431678","110004905000096","-11.423649","-61.431728","5.6105921","112227.00976075","1","98346.61357808",False,NULL
103,"LINHA 08 ITAPIREMA AREA RURAL",NULL,NULL,"area rural",27829,"105672846","LINHA  8 SERRA GRANDE","0",NULL,"serra grande","100.0","0.0","54.55","75.45","-10.89732365","-62.00314793","110012205000153","-12.24597","-64.331668","110008005000027","-12.244240999999999","-64.3312535","197.46200425","294664.54468633","1","293241.73502015",False,False
104,"LINHA 98, LOTE 29, GLEBA 02, KM 47 - SETOR RIACHUELO AREA RURAL",NULL,NULL,"area rural",7120,"1193928","LINHA  40 NOVA GEASE","4",NULL,"nova gease","100.0","0.0","40.0","74.0","-10.93610925","-61.59814473","110012205000129","-11.864594","-62.034239","110001505000024","-11.86143","-62.034239","351.82123228","113660.04063243","1","103205.55265087",False,NULL
105,"AREA RURAL AREA RURAL DE JI-PARANA",NULL,NULL,"area rural de ji-parana",61985,"100166781","RUA  RURAL TEIXEIRAO","1332","CASA VERDE","teixeirao","100.0","0.0","31.25","73.12","-10.9630635","-62.1060991","110012205000132","-11.423637","-61.431678","110004905000096","-11.423649","-61.431728","5.6105921","89636.5580818","1","82586.7470532",False,NULL
106,"LINHA 04 KM 09 SAIDA PARA PORTO VELHO AREA RURAL DE JI-PARANA",NULL,NULL,"area rural de ji-parana",8990,"109899041","LINHA  NOVE LINHA SETE","9","CASA ESQUERDO","linha sete","100.0","0.0","24.24","72.42","-10.8410207","-62.0299164","110012205000154","-13.402619","-60.464601","110003105000009","-13.403666","-60.464998","124.08839727","331792.07964031","1","323768.13946219",False,False
107,"AVENIDA EDSON LIMA DO NASCIMENTO JARDIM CAPELASSO","6280.0","ZONA URBANA","jardim capelasso",430124,"91989146","AVENIDA  EDSON LIMA DO NASCIMENTO RESIDENCIAL RONDON","6280",NULL,"residencial rondon","100.0","100.0","35.29","93.53","-10.901835","-61.882565","110012205000170","-10.901509","-61.882597","110012205000170","-10.901509","-61.882597","0","36.41759793","1","0",True,NULL
108,"RUA JOSE FERNANDES CAPELASSO","301.0",NULL,"capelasso",430221,"180267326","RUA  JOSE FERNANDEZ RESIDENCIAL CAPELASSO","840",NULL,"residencial capelasso","92.86","35.83","100.0","82.17","-10.9033889","-61.8823039","110012205000170","-10.90357","-61.881805","110012205000170","-10.90357","-61.881805","0","58.07671472","1","0",True,NULL
109,"RUA IZILDA CORREIA AMARO JARDIM CAPELASSO","200.0",NULL,"jardim capelasso",430154,"100168795","RUA  IZILDA CORREIA AMARO RESIDENCIAL CAPELASSO","78",NULL,"residencial capelasso","100.0","39.0","72.0","85.0","-10.9027201","-61.8829027","110012205000170","-10.902595","-61.8833","110012205000170","-10.902595","-61.8833","0","45.55612634","1","0",True,NULL
110,"AREA RURAL AREA RURAL DE JI-PARANA",NULL,NULL,"area rural de ji-parana",61985,"100166781","RUA  RURAL TEIXEIRAO","1332","CASA VERDE","teixeirao","100.0","0.0","31.25","73.12","-10.7630529523318","-61.4996260818738","110012205000174","-11.423637","-61.431678","110004905000096","-11.423649","-61.431728","5.6105921","73826.93863726","1","72986.25587793",False,NULL
111,"AREA RURAL AREA RURAL DE JI-PARANA",NULL,NULL,"area rural de ji-parana",61985,"100166781","RUA  RURAL TEIXEIRAO","1332","CASA VERDE","teixeirao","100.0","0.0","31.25","73.12","-10.7599311056232","-61.5333691229764","110012205000176","-11.423637","-61.431678","110004905000096","-11.423649","-61.431728","5.6105921","74630.35238637","1","74135.9411898",False,NULL
112,"AREA RURAL AREA RURAL DE JI-PARANA",NULL,"ZONA RURAL","area rural de ji-parana",61985,"100166781","RUA  RURAL TEIXEIRAO","1332","CASA VERDE","teixeirao","100.0","0.0","31.25","73.12","-10.7472718867451","-61.5679810654766","110012205000178","-11.423637","-61.431678","110004905000096","-11.423649","-61.431728","5.6105921","76665.05494455","1","75686.62513476",False,NULL
113,"AREA RURAL AREA RURAL DE JI-PARANA",NULL,NULL,"area rural de ji-parana",61985,"100166781","RUA  RURAL TEIXEIRAO","1332","CASA VERDE","teixeirao","100.0","0.0","31.25","73.12","-10.7475162861988","-61.5891406179775","110012205000180","-11.423637","-61.431678","110004905000096","-11.423649","-61.431728","5.6105921","77119.75963214","1","76305.38087333",False,NULL
114,"RUA VALMAR MEIRA NOVO JI-PARANA","2569.0",NULL,"novo ji-parana",610626,"91991593","RUA  VALMAR MEIRA NOVO JI PARANA","2375",NULL,"novo ji parana","100.0","92.45","92.86","97.78","-10.88999923","-61.97335744","110012205000201","-10.888384","-61.972933","110012205000201","-10.888384","-61.972933","0","185.48886721","1","0",True,NULL
115,"AREA RURAL AREA RURAL DE JI-PARANA",NULL,"ZONA RURAL","area rural de ji-parana",61985,"100166781","RUA  RURAL TEIXEIRAO","1332","CASA VERDE","teixeirao","100.0","0.0","31.25","73.12","-10.6320374070629","-61.6476941961143","110012205000207","-11.423637","-61.431678","110004905000096","-11.423649","-61.431728","5.6105921","91124.66982502","1","87919.13609605",False,NULL
116,"AREA RURAL AREA RURAL DE JI-PARANA",NULL,NULL,"area rural de ji-parana",61985,"100166781","RUA  RURAL TEIXEIRAO","1332","CASA VERDE","teixeirao","100.0","0.0","31.25","73.12","-10.6535355312074","-61.7780807057108","110012205000228","-11.423637","-61.431678","110004905000096","-11.423649","-61.431728","5.6105921","93605.52470511","1","93024.48958142",False,NULL
117,"LINHA 128 LOTES 37 E 38 AREA RURAL DE JIPARANA",NULL,NULL,"area rural de jiparana",16363,"110616312","LINHA  OITO LINHA DEZ","4",NULL,"linha dez","100.0","0.0","38.71","73.87","-10.96846776","-61.82129555","110012205000217","-13.371071","-60.580945","110003105000014","-13.369577","-60.580526","172.19839238","299243.98505512","1","297605.1840242",False,False
118,"RUA JOSE JORGE DE MELO BOSQUE DOS IPES",NULL,NULL,"bosque dos ipes",462525,"91990382","RUA  JOSE JORGE DE MELO BOSQUE DOS IPES","1372",NULL,"bosque dos ipes","100.0","0.0","100.0","80.0","-10.8704032","-61.98396333","110012205000232","-10.871151","-61.984586","110012205000161","-10.871151","-61.984586","0","107.41309159","1","0",False,NULL
119,"RUA DAS FLORES SAO FRANCISCO","618.0","T-5","sao francisco",74859,"215257235","RUA  DAS FLORES SAO JOSE","743",NULL,"sao jose","100.0","83.18","54.55","92.09","-10.8729595","-61.9285442","110012205000241","-12.740962","-60.158184","110030405000076","-12.740962","-60.158184","0","283320.1379249","1","282121.13973061",False,False
120,"RODOVIA RO 135 TERCEIRA LINHA KM18 AREA RURAL",NULL,NULL,"area rural",14375,"1223971","LINHA  05 ZONA RURAL","5","SITIO 3 P 4 EIXO","zona rural","100.0","0.0","70.0","77.0","-11.00157699","-62.00912462","110012205000264","-12.924588","-60.870974","110007205000008","-12.924966000000001","-60.871348499999996","58.42956747","247082.55635813","1","245728.65591063",False,False
121,"RUA PADRE FRANCO HABITAR BRASIL","2315.0","T 30","habitar brasil",797392,"91991982","RUA PADRE FRANCO NOVA COLINA","1730","CASA 1","nova colina","100.0","74.73","24.0","87.35","-10.88106865","-61.8984845","110012205000271","-10.789966","-61.691679","110012220000001","-10.789966","-61.691679","0","24753.51923213","1","24306.69371554",False,False
122,"RUA JERUSALEM PARQUE DOS PIONEIROS","70.0",NULL,"parque dos pioneiros",427550,"1257757","RUA  JERUSALEM PARQUE DOS PIONEIROS","70",NULL,"parque dos pioneiros","100.0","100.0","100.0","100.0","-10.9062506","-61.9124367","110012205000273","-10.905984","-61.912566","110012205000120","-10.905984","-61.912566","0","32.83468181","1","0",False,NULL
123,"AVENIDA TRANSCONTINENTAL SANTIAGO","5862.0","BR-364, KM 348","santiago",87418,"1308468","AVENIDA  TRANSCONTINENTAL SANTIAGO","4521","CASA","santiago","100.0","77.12","100.0","95.42","-10.85370457","-61.98459688","110012205000280","-10.861762","-61.975083","110012205000029","-10.861762","-61.975083","0","1371.91625954","1","493.4401563",False,False
124,"RUA JABOTICABA NOVO HORIZONTE","1060.0",NULL,"novo horizonte",343459,"100134456","RUA  JABOTICABA NOVO HORIZONTE","1041",NULL,"novo horizonte","100.0","98.21","100.0","99.64","-10.8461018","-61.9710321","110012205000281","-10.84636","-61.970952","110012205000193","-10.84636","-61.970952","0","30.01362279","1","0",False,NULL
125,"RUA DO CIPO SAO BERNARDO","1068.0",NULL,"sao bernardo",30301,"91983524","RUA  DO CIPO SAO BERNARDO","1065",NULL,"sao bernardo","100.0","99.72","100.0","99.94","-10.8557534","-61.9671348","110012205000282","-10.856248","-61.967313","110012205000031","-10.856248","-61.967313","0","58.33853476","1","38.91318473",False,True
126,"AREA RURAL AREA RURAL DE JI-PARANA",NULL,"IGARAPE LOURDES","area rural de ji-parana",61985,"100166781","RUA  RURAL TEIXEIRAO","1332","CASA VERDE","teixeirao","100.0","0.0","31.25","73.12","-10.7464269297574","-61.5537702827969","110012205000300","-11.423637","-61.431678","110004905000096","-11.423649","-61.431728","5.6105921","76471.88738819","1","64691.81972697",False,NULL
127,"RUA TIRADENTES NOVA COLINA","696.0","DIST. NOVA COLINA","nova colina",35491,"91966869","AVENIDA  TIRADENTES SAO DOMINGOS DO GUAPORE","835","FRENTE","sao domingos do guapore","100.0","83.35","35.29","90.2","-10.7902211","-61.6931376","110012220000001","-12.075781","-64.029111","110008035000004","-12.075781","-64.029111","0","291974.511332","1","291343.28666925",False,False
128,"LINHA 86, PROJETO VIDA NOVA, LOTE 28 AREA RURAL",NULL,NULL,"area rural",27825,"105672844","LINHA  8 SERRA GRANDE","0",NULL,"serra grande","100.0","0.0","54.55","75.45","-10.82458472","-61.60665454","110012220000004","-12.271797","-64.337692","110008005000027","-12.271797","-64.337692","0","338252.25928986","1","316658.50153131",False,False
129,"RUA SAULO DE ALCANTARA CENTRO","2070.0","ZONA URBANA","centro",826053,"1371530","RUA  SAULO ALCANTARA NOVA LONDRINA","2070",NULL,"nova londrina","100.0","100.0","31.58","93.16","-11.0626937","-62.0116535","110012225000001","-11.068779","-62.011395","110012225000001","-11.068779","-62.011395","0","677.24318537","1","0",True,NULL
130,"AVENIDA GOV. JORGE TEIXEIRA NOVA LONDRINA","1110.0","ZONA URBANA","nova londrina",51682,"215970635","RUA  JORGE TEIXEIRA SETOR 07","1335",NULL,"setor 07","100.0","83.15","19.05","88.53","-11.0674892","-62.0097333","110012225000001","-10.446347","-62.478492","110011405000021","-10.446347","-62.478492","0","85980.14880203","1","84818.52089509",False,False
131,"4ª LINHA DA GLEBA G, LOTE 6, SETOR 3 AREA RURAL DE JIPARANA",NULL,NULL,"area rural de jiparana",24346,"109873126","LINHA  03 ZONA RURAL","1",NULL,"zona rural","100.0","0.0","66.67","76.67","-11.12073249","-62.04682784","110012225000003","-12.992736","-60.820214","110007205000012","-12.996289","-60.8190455","414.8659315","247223.06070268","1","237224.69976907",False,False
132,"AV DIOMERO MORAES BORBA CENTRO","3305.0",NULL,"centro",120198,"215032461","AVENIDA  DIOMERO MORAES BORBA CENTRO","3296","CASA 01","centro","100.0","99.73","100.0","99.95","-9.4248417","-61.998975","110013005000001","-9.425596","-61.998275","110013005000001","-9.425596","-61.998275","0","113.71446062","1","0",True,NULL
133,"AVENIDA BRASIL CENTRO","3142.0",NULL,"centro",26720,"215398488","AVENIDA  PAU BRASIL CENTRO","3182",NULL,"centro","100.0","98.74","100.0","99.75","-9.424734657","-61.9979384","110013005000001","-11.200523","-61.51719","110120305000003","-11.200523","-61.51719","0","204342.45321192","1","203031.92259788",False,NULL
134,"RUA CARLOS FERNANDES DE SOUZA",NULL,"DISTRITO DE 5º BEC",NULL,98136,"110619695","TRAVESSA  ZE FERNANDES RIO CLARO","25",NULL,"rio claro","85.71","0.0","0.0","60.0","-9.4252","-62.002465","110013005000001","-11.376662","-60.928107","110009812000002","-11.376662","-60.928107","0","246760.61981271","1","245375.36837889",False,False
135,"LINHA 81 KM 16 GLEBA 20B LOTE 02 ZONA RURAL",NULL,"ZONA RURAL","zona rural",11659,"1329179","LINHA  DOIS GLEBA SANTA CRUZ","8",NULL,"gleba santa cruz","100.0","0.0","46.15","74.62","-10.7731526","-62.3924283","110015505000045","-13.153432","-61.013279","110005605000024","-13.152852","-61.013259","64.52949369","304230.96415968","1","290806.22052126",False,False
136,"AVENIDA DIOMERO MORAES BORBA CENTRO","3647.0",NULL,"centro",267140,"91993542","AVENIDA  DIOMERO MORAES BORBA CENTRO","3803",NULL,"centro","100.0","95.9","100.0","99.18","-9.4242762","-61.9958936","110013005000012","-9.42372","-61.994095","110013005000008","-9.423708","-61.994092","1.37432224","206.76274048","1","19.49610652",False,True
137,"AV. PRESIDENTE MEDICI CENTRO","3953.0",NULL,"centro",195719,"92550933","AVENIDA PRESIDENTE MEDICI CENTRO","3954",NULL,"centro","100.0","99.97","100.0","99.99","-9.4248504","-61.9941751","110013005000012","-12.129507","-61.853531","110037905000001","-12.129507","-61.853531","0","301136.57031751","1","298885.38640659",False,False
138,"AVENIDA MARECHAL DEODORO DA FONSECA CENTRO","2832.0","ZONA URBANA","centro",24964,"1232041","RUA MARECHAL DEODORO CAIXA D AGUA","3039",NULL,"caixa d agua","100.0","93.19","11.11","89.75","-9.340672","-62.007694","110013005000018","-11.522533","-61.014964","110009805000003","-11.522533","-61.014964","0","265790.99749954","1","255961.48847912",False,False
139,"LINHA MA- 16 COM MA - 18, RURAL",NULL,NULL,"rural",37849,"1229452","LINHA  16 SERRA GRANDE","0",NULL,"serra grande","100.0","0.0","35.29","73.53","-9.6801233","-61.9801","110013005000024","-12.276874","-64.402279","110008005000026","-12.276983","-64.410051","844.53179881","391497.91923637","1","380214.40901747",False,False
140,"RUA DAS PALMEIRAS CENTRO","3741.0","SETOR 13","centro",22239,"220053315","RUA  DAS PALMEIRAS NOVO HORIZONTE","4621",NULL,"novo horizonte","100.0","80.96","30.0","89.19","-11.7285949","-62.3069271","110014805000035","-8.80759","-63.890242","110020505080116","-8.80759","-63.890242","0","368103.04458449","1","366271.76941212",False,False
141,"AVENIDA CASTELO BRANCO CENTRO","2452.0",NULL,"centro",14170,"1222782","AVENIDA  CASTELO BRANCO CENTRO","2344",NULL,"centro","100.0","95.6","100.0","99.12","-9.4281375","-62.0060294","110013005000067","-12.994401","-60.946582","110007205000002","-12.994401","-60.946582","0","413039.10640453","1","410735.38244706",False,False
142,"RUA PARANA CENTRO","3406.0",NULL,"centro",3702,"1234704","RUA  PARANA LIBERDADE","3370",NULL,"liberdade","100.0","98.94","26.67","92.46","-9.430666939","-62.00750068","110013005000067","-11.532154","-61.008036","110009805000011","-11.532154","-61.008036","0","257962.97770483","1","256779.6370393",False,False
143,"AVENIDA CALIFORNIA ESQ. COM NEGO LOPES SETOR 02",NULL,NULL,"setor 02",150904,"1675145","RUA  CALIFORNIA SETOR 07","0",NULL,"setor 07","100.0","0.0","87.5","78.75","-11.735852","-62.3084061","110014805000036","-10.211265","-63.836013","110045205000007","-10.211238","-63.836027","3.3705872","237792.11625926","1","236769.87637595",False,False
144,"RUA OLAVO BILAC UNIAO","887.0",NULL,"uniao",216703,"1486463","RUA  OLAVO BILAC CIDADE ALTA","908",NULL,"cidade alta","100.0","97.69","25.0","92.04","-10.7216203","-62.2619246","110015505000001","-11.723983","-61.804624","110028805000048","-11.723983","-61.804624","0","122108.58641063","1","121019.35236943",False,False
145,"LINHA MC-07 - KM 30 - NUCLEO HELENOPOLIS HELENOPOLIS",NULL,NULL,"helenopolis",474897,"1687478","LINHA  TRAVESSAO MIGRANTINOPOLIS","8","CASA SN","migrantinopolis","100.0","0.0","53.85","75.38","-9.3744533","-62.2330967","110013005000039","-11.793078","-62.118557","110050210000003","-11.7930575","-62.117392","126.82839221","269230.36463321","1","258307.63008385",False,False
146,"RUA DIEGO SARTORO PORTO FELIZ II","3771.0",NULL,"porto feliz ii",858371,"217827501","RUA  DIEGO SARTORI PORTO FELIZ","3585",NULL,"porto feliz","92.31","95.07","100.0","93.63","-9.418623","-62.015502","110013005000076","-9.420687","-62.015228","110013005000054","-9.420687","-62.015228","0","231.46641435","1","0",False,NULL
147,"LINHA MA 28, KM 40 ZONA RURAL","28.0",NULL,"zona rural",7150,"110250198","LINHA  40 NOVA GEASE","20",NULL,"nova gease","100.0","71.43","40.0","88.29","-9.2500521","-61.8227609","110013005000046","-11.865351","-62.154005","110001505000024","-11.865351","-62.154005","0","293053.51098313","1","263979.99381908",False,NULL
148,"RO 133 GLEBA 04 RURAL",NULL,"RO 133 KM 30","rural",30804,"1164829","RUA  E JARDIM VITORIA","4910","CASA","jardim vitoria","100.0","0.0","31.58","73.16","-9.2212162","-62.0426382","110013005000051","-11.414106","-61.477473","110004905000107","-11.414114","-61.4775025","3.33616299","251553.88077992","1","249536.77274857",False,False
149,"RO 133 RUA LUIZ BANDEIRA LEITE, GLEBA 03 ZONA RURAL",NULL,"DISTRIT ESTRELA AZUL","zona rural",30804,"1164829","RUA  E JARDIM VITORIA","4910","CASA","jardim vitoria","100.0","0.0","33.33","73.33","-9.22147452","-62.04369748","110013005000051","-11.414106","-61.477473","110004905000107","-11.414114","-61.4775025","3.33616299","251554.53804467","1","249536.77274857",False,False
150,"RUA GIRASSOL PRIMAVERA","3139.0",NULL,"primavera",355470,"180248911","RUA  GIRASSOL PRIMAVERA","3140",NULL,"primavera","100.0","99.97","100.0","99.99","-9.4151902","-62.0076645","110013005000053","-9.415303","-62.007547","110013005000053","-9.415303","-62.007547","0","17.98496399","1","0",True,NULL
151,"AV MARECHAL DEODORO DA FONSECA CENTRO","2486.0",NULL,"centro",36555,"1263307","AVENIDA MARECHAL DEODORO SERRARIA","2313",NULL,"serraria","100.0","93.04","28.57","91.47","-9.431900141","-62.00703621","110013005000080","-10.779212","-65.33068","110010605000006","-10.779212","-65.33068","0","393466.15352953","1","393417.24592178",False,False
152,"CASTELO BRANCO BOM FUTURO","4780.0",NULL,"bom futuro",10565,"100175065","RUA PRESIDENTE CASTELO BRANCO NOVA UNIAO 3","4990",NULL,"nova uniao 3","100.0","95.79","36.36","92.79","-9.4207419","-61.9845888","110013005000063","-9.886747","-63.0465","110002305000133","-9.886747","-63.0465","0","127418.97312583","1","127023.98813147",False,False
153,"AV. CASTELO BRANCO BOM FUTURO","5106.0",NULL,"bom futuro",39435,"109415779","AVENIDA  CASTELO BRANCO CENTRO","2513",NULL,"centro","100.0","49.22","37.5","83.59","-9.420156","-61.982627","110013005000064","-12.99449","-60.948114","110007205000001","-12.99449","-60.948114","0","413150.37396572","1","410833.15288227",False,False
154,"LINHA MA 28 - NUCLEO SANTA MARIA II, KM 72 - DISTR ZONA RURAL",NULL,NULL,"zona rural",11659,"1329179","LINHA  DOIS GLEBA SANTA CRUZ","8",NULL,"gleba santa cruz","100.0","0.0","46.15","74.62","-9.174519","-61.7286711","110013005000066","-13.153432","-61.013279","110005605000024","-13.1528665","-61.013268999999994","62.89013938","449262.90297226","1","446629.90397182",False,False
155,"LH MP 115 ASSENTAMENTO AMIGOS DO CAMPO AREA RURAL",NULL,NULL,"area rural",255695,"1244750","RUA  E MARIO ANDREAZZA","237",NULL,"mario andreazza","100.0","0.0","48.0","74.8","-9.4656515","-62.2560466","110013005000070","-10.896439","-61.910687","110012205000079","-10.896422","-61.910687","1.89031636","163524.56619312","1","162039.78891971",False,False
156,"LINHA C-04,CEDRO JEQUITIBA RURAL",NULL,NULL,"rural",474896,"1687442","LINHA  TRAVESSAO MIGRANTINOPOLIS","3","CASA SN","migrantinopolis","100.0","0.0","30.0","73.0","-9.5873311","-62.2806123","110013015000004","-11.75197","-62.115607","110050210000003","-11.753999","-62.115607","225.61481678","241371.494013","1","239776.77394899",False,False
157,"RUA DAS PALMEIRAS SETOR 14","2271.0",NULL,"setor 14",106478,"1738951","RUA  DAS PALMEIRAS SETOR 4","1991",NULL,"setor 4","100.0","87.67","93.33","96.87","-11.7287696","-62.3203318","110014805000004","-10.428837","-62.127116","110180705000002","-10.428837","-62.127116","0","146075.67275284","1","144952.2152335",False,NULL
158,"LOTE 31 GLEBA 02 LINHA MP 03 DISTRITO 5º BEC","2659.0","ESCOLA RURAL","distrito 5o bec",18984,"109351113","AVENIDA  UM RESIDENCIAL ESPLANADA","2666",NULL,"residencial esplanada","100.0","99.74","22.22","92.17","-9.687484288","-62.20713836","110013020000007","-11.716398","-61.756662","110028805000078","-11.716398","-61.756662","0","230911.22710343","1","229420.15499957",False,NULL
159,"AVENIDA SENADOR OLAVO PIRES CENTRO","2628.0","DISTRITO DE 5º BEC","centro",39484,"109415788","AVENIDA  OLAVO PIRES CENTRO","2477",NULL,"centro","100.0","94.25","100.0","98.85","-9.685690478","-62.20993372","110013020000007","-12.99962","-60.948153","110007205000001","-12.99962","-60.948153","0","393325.06035587","1","390958.75686656",False,False
160,"AVENIDA JOAO BATISTA FIGUEIREDO UNIAO","3540.0",NULL,"uniao",291676,"1251936","RUA PRESIDENTE JOAO BATISTA FIGUEIREDO SANTIAGO","2952",NULL,"santiago","100.0","83.39","61.54","92.83","-9.6875167","-62.2071733","110013020000007","-10.860003","-61.981304","110012205000100","-10.860003","-61.981304","0","132696.14547051","1","131679.63085768",False,False
161,"RUA JORGE TEIXEIRA CENTRO","2684.0","DISTRITO 5º BEC","centro",24051,"1223194","AVENIDA GOVERNADOR JORGE TEIXEIRA CENTRO","2313",NULL,"centro","100.0","86.18","100.0","97.24","-9.688814675","-62.20641911","110013020000007","-12.997542","-60.946587","110007205000004","-12.997542","-60.946587","0","392708.78018873","1","390803.83726342",False,False
162,"NUCLEO TABAJARA ZONA RURAL",NULL,NULL,"zona rural",297154,"217812613","RUA  TABAJARA PANAIR","364",NULL,"panair","100.0","0.0","37.5","73.75","-8.933887","-62.0557102","110013025000001","-8.752099","-63.912492","110020505060029","-8.752012","-63.912643","19.20880249","205009.49203426","1","204816.23576242",False,False
163,"RUA RIACHUELO SETOR 15","1560.0",NULL,"setor 15",260140,"99039477","RUA  RIACHUELO SETOR 15","1321",NULL,"setor 15","100.0","84.68","100.0","96.94","-11.7196737","-62.326894","110014805000008","-11.720078","-62.323726","110014805000008","-11.720078","-62.323726","0","347.83950555","1","0",True,NULL
164,"RUA DOUTOR JOSE MARINHO DE OLIVEIRA NOVO HORIZONTE","86.0","PREDIO","novo horizonte",343658,"1255724","RUA  OLIVEIRA NOVO HORIZONTE","1020","CASA","novo horizonte","100.0","8.43","100.0","81.69","-10.7140775","-62.2700307","110015505000030","-10.847921","-61.97042","110012205000193","-10.847921","-61.97042","0","35952.25839284","1","35636.90541288",False,NULL
165,"RUA DOUTOR JOSE MARINHO DE OLIVEIRA NOVO HORIZONTE","86.0","PREDIO","novo horizonte",343658,"1255724","RUA  OLIVEIRA NOVO HORIZONTE","1020","CASA","novo horizonte","100.0","8.43","100.0","81.69","-10.7143147","-62.2707469","110015505000030","-10.847921","-61.97042","110012205000193","-10.847921","-61.97042","0","36012.58691477","1","35636.90541288",False,NULL
166,"RUA RIACHUELO SETOR 14","2591.0","SETOR 14","setor 14",90102,"91996284","RUA  RIACHUELO SETOR 14","2582",NULL,"setor 14","100.0","99.65","100.0","99.93","-11.7201646","-62.3171358","110014805000009","-11.719844","-62.318291","110014805000009","-11.719844","-62.318291","0","130.72912457","1","0",True,NULL
167,"RUA RECIFE ESQUINA COM GOVERNADOR JORGE TEIXEIRA SETOR 005","2314.0",NULL,"setor 005",24051,"1223194","AVENIDA GOVERNADOR JORGE TEIXEIRA CENTRO","2313",NULL,"centro","100.0","99.96","40.0","93.99","-11.7235344","-62.3197501","110014805000009","-12.997542","-60.946587","110007205000004","-12.997542","-60.946587","0","205701.31334226","1","204930.58425245",False,False
168,"RUA FLORIANO PEIXOTO SETOR 14","1650.0","PREDIO","setor 14",9428,"1212325","RUA  FLORIANO PEIXOTO SAO GERALDO","1053",NULL,"sao geraldo","100.0","63.82","31.58","85.92","-11.7233478","-62.320721","110014805000009","-9.912976","-63.064999","110002305000160","-9.912976","-63.064999","0","217096.29391867","1","215325.55821047",False,False
169,"AVENIDA TANCREDO DE ALMEIDA NEVES SETOR 13","1489.0","PROXIMO AO FORUM","setor 13",24214,"180242911","RUA  TANCREDO NEVES CENTRO","1594",NULL,"centro","100.0","93.41","42.86","92.97","-11.7216524994001","-62.31418289244169","110014805000010","-13.002368","-60.944341","110007205000004","-13.002368","-60.944341","0","205954.32109231","1","205062.56284147",False,False
170,"RUA PADRE ADOLPHO ROHL JARDIM BANDEIRANTES","269.0",NULL,"jardim bandeirantes",264469,"91975858","AVENIDA PADRE ADOLPHO ROHL SETOR 01","1620","LOJA","setor 01","100.0","16.6","22.22","75.54","-10.7278564","-62.2591082","110015505000004","-10.437121","-62.469146","110011405000009","-10.437121","-62.469146","0","39650.81867939","1","39229.27861363",False,False
171,"RUA PADRE ADOLPHO ROHL BELA FLORESTA","60.0",NULL,"bela floresta",264469,"91975858","AVENIDA PADRE ADOLPHO ROHL SETOR 01","1620","LOJA","setor 01","100.0","3.7","28.57","73.6","-10.7281157","-62.2587262","110015505000004","-10.437121","-62.469146","110011405000009","-10.437121","-62.469146","0","39698.50066797","1","39229.27861363",False,False
172,"RUA MARINGA JARDIM BANDEIRANTES","436.0","ESCOLA","jardim bandeirantes",44157,"91984863","AVENIDA  MARINGA NOVA BRASILIA","433","FRENTE","nova brasilia","100.0","99.31","37.5","93.61","-10.7262016","-62.2617253","110015505000005","-10.886843","-61.926474","110012205000042","-10.886843","-61.926474","0","40741.72572253","1","40325.05947557",False,False
173,"RUA DA CASSITERITA FLODOALDO PONTES PINTO","4328.0",NULL,"flodoaldo pontes pinto",814414,"1561037","RUA  DA CASSITERITA FLODOALDO PONTES PINTO","4328",NULL,"flodoaldo pontes pinto","100.0","100.0","100.0","100.0","-8.7426854","-63.8783514","110020505070031","-8.742571","-63.878359","110020505070031","-8.742571","-63.878359","0","12.74811003","1","0",True,NULL
174,"RUA LITORANEA FLODOALDO PONTES PINTO","4898.0",NULL,"flodoaldo pontes pinto",458706,"180317979","RUA  LITORANEA FLODOALDO PONTES PINTO","2673",NULL,"flodoaldo pontes pinto","100.0","54.57","100.0","90.91","-8.749828781","-63.86693012","110020505070034","-8.749898","-63.867458","110020505070034","-8.749898","-63.867458","0","58.52287045","1","0",True,NULL
175,"RUA COIMBRA FLODOALDO PONTES PINTO","4994.0",NULL,"flodoaldo pontes pinto",458469,"1561714","RUA  COIMBRA FLODOALDO PONTES PINTO","4994",NULL,"flodoaldo pontes pinto","100.0","100.0","100.0","100.0","-8.749138800000004","-63.8663855","110020505070034","-8.74892","-63.866464","110020505070034","-8.74892","-63.866464","0","25.81381682","1","0",True,NULL
176,"RUA PAULO FREIRE FLODOALDO PONTES PINTO","4767.0",NULL,"flodoaldo pontes pinto",816410,"1562281","RUA  PAULO FREIRE FLODOALDO PONTES PINTO","4767",NULL,"flodoaldo pontes pinto","100.0","100.0","100.0","100.0","-8.7523242","-63.8683903","110020505070035","-8.752831","-63.867897","110020505070035","-8.752831","-63.867897","0","78.19761594","1","0",True,NULL
177,"RUA PAULO FREIRE FLODOALDO PONTES PINTO","4767.0",NULL,"flodoaldo pontes pinto",816410,"1562281","RUA  PAULO FREIRE FLODOALDO PONTES PINTO","4767",NULL,"flodoaldo pontes pinto","100.0","100.0","100.0","100.0","-8.7524037","-63.868376","110020505070035","-8.752831","-63.867897","110020505070035","-8.752831","-63.867897","0","70.91365613","1","0",True,NULL
178,"RUA TRINDADE FLODOALDO PONTES PINTO","3454.0",NULL,"flodoaldo pontes pinto",328456,"1562521","RUA  TRINDADE FLODOALDO PONTES PINTO","3454",NULL,"flodoaldo pontes pinto","100.0","100.0","100.0","100.0","-8.742902939","-63.86586939","110020505070036","-8.742445","-63.866255","110020505070036","-8.742445","-63.866255","0","66.24911812","1","0",True,NULL
179,"AVENIDA CALAMA FLODOALDO PONTES PINTO","5262.0",NULL,"flodoaldo pontes pinto",86061,"92273705","AVENIDA  CALAMA IGARAPE","5974","LOJA 1","igarape","100.0","88.08","20.69","89.69","-8.7451584","-63.8687132","110020505070037","-8.743624","-63.862147","110020505090009","-8.743624","-63.862147","0","741.53770352","1","288.45369444",False,False
180,"RUA DELEGADO MAURO DOS SANTOS AGENOR DE CARVALHO","893.0",NULL,"agenor de carvalho",346970,"1568006","RUA DELEGADO MAURO DOS SANTOS AGENOR M DE CARVALHO","1101","CASA","agenor m de carvalho","100.0","81.11","100.0","96.22","-8.76397","-63.861747","110020505070041","-8.762102","-63.861809","110020505070052","-8.762102","-63.861809","0","207.82413295","1","46.53867401",False,True
181,"RUA GOVERNADOR ARI MARCOS AGENOR DE CARVALHO","1050.0",NULL,"agenor de carvalho",69749,"1564323","RUA GOVERNADOR ARI MARCOS AGENOR MARTINS DE CARVALHO","1050",NULL,"agenor martins de carvalho","100.0","100.0","100.0","100.0","-8.766503200000002","-63.8643473","110020505070042","-8.766471","-63.864812","110020505070042","-8.766471","-63.864812","0","51.19406322","1","0",True,NULL
182,"RUA ESTER SALES AGENOR MARTINS DE CARVALHO","1600.0","PREDIO DA IGREJA","agenor martins de carvalho",952813,"1564054","RUA  ESTHER SALES AGENOR M DE CARVALHO","1340",NULL,"agenor m de carvalho","95.65","83.75","94.74","93.18","-8.7611984","-63.8651329","110020505070043","-8.763377","-63.864499","110020505070041","-8.763377","-63.864499","0","252.06730924","1","10.07873752",False,True
183,"RUA EDUARDO LIMA E SILVA AGENOR DE CARVALHO","1124.0",NULL,"agenor de carvalho",72597,"1611859","RUA  E JARDIM ELDORADO","819",NULL,"jardim eldorado","100.0","72.86","42.42","88.82","-8.76616","-63.871903","110020505070045","-12.737585","-60.114153","110030405000016","-12.737585","-60.114153","0","602870.54141757","1","601206.44054669",False,False
184,"AVENIDA PREFEITO CHIQUILITO ERSE NOVA PORTO VELHO","2166.0",NULL,"nova porto velho",293571,"215104457","AVENIDA PREFEITO CHIQUILITO ERSE NOVA PORTO VELHO","1881","APARTAMENTO AP 202 A","nova porto velho","100.0","86.84","100.0","97.37","-8.757678800000004","-63.8747718","110020505070047","-8.760363","-63.8748","110020505070019","-8.760363","-63.8748","0","298.48592235","1","35.80013804",False,True
185,"RUA ANARI JD. ELDORADO","6199.0",NULL,"jd. eldorado",58384,"92271306","RUA  ANARI ELDORADO","6419",NULL,"eldorado","100.0","96.57","100.0","99.31","-8.75757982","-63.86834918","110020505070048","-8.788442","-63.867668","110020505080087","-8.788442","-63.867668","0","3432.53892073","1","3340.67744601",False,False
186,"RUA MARIO QUINTANA RIO MADEIRA","4320.0",NULL,"rio madeira",235728,"1217940","RUA  MARIO QUINTANA SETOR 11","4115","FRENTE","setor 11","100.0","95.25","21.05","91.16","-8.7370657","-63.8778501","110020505070055","-9.894432","-63.02199","110002305000064","-9.894432","-63.02199","0","159314.75591519","1","158593.54683582",False,False
187,"RUA GUANABARA SAO CRISTOVAO","1797.0",NULL,"sao cristovao",144399,"92239418","RUA  GUANABARA SAO CRISTOVAO","2275","CASA","sao cristovao","100.0","78.99","100.0","95.8","-8.79316","-63.87839167","110020505080061","-8.754382","-63.89263","110020505060014","-8.754382","-63.89263","0","4587.04504382","1","4412.00085425",False,False
188,"AVENIDA GOVERNADOR JORGE TEIXEIRA INDUSTRIAL","3146.0",NULL,"industrial",5243,"1234756","RUA GOVERNADOR JORGE TEIXEIRA LIBERDADE","2975","FRENTE","liberdade","100.0","94.56","31.58","92.07","-8.741170736000004","-63.88906245","110020505070060","-11.530894","-61.005455","110009805000011","-11.530894","-61.005455","0","442528.76505979","1","440752.55408486",False,False
189,"AVENIDA DOS IMIGRANTES INDUSTRIAL","4884.0",NULL,"industrial",19648,"92246688","AVENIDA  DOS IMIGRANTES COSTA E SILVA","3105",NULL,"costa e silva","100.0","63.57","34.78","86.19","-8.7382676","-63.8790881","110020505070060","-8.740859","-63.895204","110020505060091","-8.740852","-63.8952175","1.67547483","1794.48821896","1","542.74395674",False,False
190,"RUA THALES BENEVIDES RIO MADEIRA",NULL,NULL,"rio madeira",865278,"1569816","RUA  THALES BENEVIDES RIO MADEIRA","5414",NULL,"rio madeira","100.0","0.0","100.0","80.0","-8.73725","-63.873389","110020505070065","-8.7374","-63.874431","110020505070065","-8.7373555","-63.874252","20.28568063","115.72891711","1","0",True,NULL
191,"RUA DOUTOR AGENOR DE CARVALHO AGENOR DE CARVALHO","1029.0",NULL,"agenor de carvalho",544105,"1565559","RUA DOUTOR AGENOR DE CARVALHO AGENOR MARTINS DE CARVALHO","927",NULL,"agenor martins de carvalho","100.0","90.09","100.0","98.02","-8.7634787","-63.86991729","110020505070067","-8.764594","-63.86953","110020505070045","-8.764594","-63.86953","0","131.11618627","1","42.4221876",False,True
192,"RUA RAIMUNDO CANTUARIA AGENOR DE CARVALHO","5129.0",NULL,"agenor de carvalho",258670,"1474710","AVENIDA  RAIMUNDO CANTUARIA TIRADENTES","7893",NULL,"tiradentes","100.0","64.98","28.57","85.85","-8.762710200000004","-63.8642262","110020505070068","-8.75758","-63.840795","110020505090032","-8.75758","-63.840795","0","2637.47052719","1","2584.15793331",False,False
193,"RUA CLEA MERCES AGENOR DE CARVALHO","4914.0","COM A RUA REVERENDO","agenor de carvalho",72835,"215105086","RUA  CLEA MERCES AGENOR M DE CARVALHO","4914","EDIFICIO 1","agenor m de carvalho","100.0","100.0","100.0","100.0","-8.7573252","-63.8646209","110020505070068","-8.757043","-63.864638","110020505070051","-8.757043","-63.864638","0","31.43547486","1","2.05834078",False,NULL
194,"RUA RAIMUNDO MERCES AGENOR DE CARVALHO","4951.0",NULL,"agenor de carvalho",72839,"92253850","RUA  RAIMUNDO MERCES AGENOR M DE CARVALHO","4951",NULL,"agenor m de carvalho","100.0","100.0","100.0","100.0","-8.757194712","-63.86313375","110020505070069","-8.75742","-63.863011","110020505070051","-8.75742","-63.863011","0","28.45225078","1","3.00480748",False,NULL
195,"RUA MATRINCHA LAGOA","996.0","ANEXO DA UNOPAR","lagoa",736833,"215074654","RUA  MATRINCHA LAGOA","996",NULL,"lagoa","100.0","100.0","100.0","100.0","-8.76955890097541","-63.86785766115771","110020505070074","-8.76878","-63.867974","110020505070054","-8.76878","-63.867974","0","87.54851787","1","0",False,NULL
196,"AV. RIO DE JANEIRO LAGOA","4934.0",NULL,"lagoa",69422,"1564111","AVENIDA  RIO DE JANEIRO AGENOR MARTINS DE CARVALHO","5635",NULL,"agenor martins de carvalho","100.0","87.56","25.81","90.09","-8.768645","-63.869291","110020505070074","-8.767021","-63.862442","110020505070042","-8.7669715","-63.862492","7.77743648","774.03470186","1","428.01773884",False,True
197,"AVENIDA RIO DE JANEIRO AGENOR DE CARVALHO","4864.0","AO LADO DO SESI","agenor de carvalho",69422,"1564111","AVENIDA  RIO DE JANEIRO AGENOR MARTINS DE CARVALHO","5635",NULL,"agenor martins de carvalho","100.0","86.32","100.0","97.26","-8.7691339","-63.8699439","110020505070074","-8.767021","-63.862442","110020505070042","-8.7669715","-63.862492","7.77743648","857.2494135","1","428.01773884",False,True
198,"RUA MATRINCHA LAGOA","895.0",NULL,"lagoa",736834,"215074659","RUA  MATRINCHA LAGOA","850",NULL,"lagoa","100.0","94.97","100.0","98.99","-8.7691895","-63.8708039","110020505070074","-8.770012","-63.868695","110020505070054","-8.770012","-63.868695","0","249.15109258","1","0",False,NULL
199,"AVENIDA RIO DE JANEIRO LAGOA","4734.0",NULL,"lagoa",59270,"215065006","RUA  RIO DE JANEIRO CENTRO","4323",NULL,"centro","100.0","91.32","18.18","90.08","-8.7693773","-63.8708239","110020505070074","-9.726261","-63.317411","110040305000031","-9.726261","-63.317411","0","122515.33509506","1","121005.13182511",False,False
200,"RUA VICOSA CONCEICAO","1449.0","CASA","conceicao",919073,"1572647","RUA  VICOSA CONCEICAO","1449",NULL,"conceicao","100.0","100.0","100.0","100.0","-8.796575000000002","-63.889669","110020505080004","-8.796608","-63.889754","110020505080004","-8.796608","-63.889754","0","10.03533668","1","0",True,NULL
201,"RUA GOVERNADOR VALADARES CONCEICAO","3601.0",NULL,"conceicao",139927,"97584580","RUA GOVERNADOR VALADARES CONCEICAO","3601",NULL,"conceicao","100.0","100.0","100.0","100.0","-8.798406","-63.8923997","110020505080006","-8.798713","-63.89266","110020505080006","-8.798713","-63.89266","0","44.53634279","1","0",True,NULL
202,"RUA QUINZE DE NOVEMBRO CONCEICAO","3937.0",NULL,"conceicao",22193,"98815355","RUA  15 DE NOVEMBRO NOVO HORIZONTE","3636",NULL,"novo horizonte","100.0","92.35","34.78","91.95","-8.799154253","-63.88749414","110020505080007","-8.803948","-63.893142","110020505080116","-8.803948","-63.893142","0","818.10794443","1","690.89976754",False,False
203,"RUA SERRA DA COTIA ELETRONORTE","3274.0",NULL,"eletronorte",812118,"1575200","RUA  SERRA DA COTIA ELETRONORTE","2944",NULL,"eletronorte","100.0","89.92","100.0","97.98","-8.796474525000002","-63.8963628","110020505080011","-8.796438","-63.899575","110020505080013","-8.796414500000001","-63.8995115","7.45106818","353.00298216","1","263.08072938",False,True
204,"RUA ALGODOEIRO ELETRONORTE","3130.0",NULL,"eletronorte",299604,"1572919","RUA  ALGODOEIRO CONCEICAO","3510",NULL,"conceicao","100.0","89.17","30.0","90.83","-8.797301701","-63.89794894","110020505080012","-8.796707","-63.893895","110020505080005","-8.796707","-63.893895","0","450.35676887","1","317.32034716",False,False
205,"RUA ALGODOEIRO ELETRONORTE","3060.0",NULL,"eletronorte",299604,"1572919","RUA  ALGODOEIRO CONCEICAO","3510",NULL,"conceicao","100.0","87.18","30.0","90.44","-8.797314","-63.8985419","110020505080012","-8.796707","-63.893895","110020505080005","-8.796707","-63.893895","0","515.07544219","1","317.32034716",False,False
206,"RUA DAS FAVEIRAS ELETRONORTE","3123.0",NULL,"eletronorte",583489,"1438441","RUA  DAS FAVEIRAS ELETRONORTE","3122",NULL,"eletronorte","100.0","99.97","100.0","99.99","-8.7939942","-63.8963341","110020505080018","-8.794027","-63.896103","110020505080018","-8.794027","-63.896103","0","25.65566164","1","0",True,NULL
207,"RUA ANARI ELDORADO","6039.0",NULL,"eldorado",58384,"92271306","RUA  ANARI ELDORADO","6419",NULL,"eldorado","100.0","94.08","100.0","98.82","-8.7917426","-63.8788494","110020505080062","-8.788442","-63.867668","110020505080087","-8.788442","-63.867668","0","1282.35487264","1","1129.22158237",False,False
208,"RUA GAROPABA COHAB FLORESTA","2615.0",NULL,"cohab floresta",347550,"1454173","RUA  GAROPABA COHAB","2614","FRENTE","cohab","100.0","99.96","100.0","99.99","-8.791269","-63.8808067","110020505080062","-8.791155","-63.881075","110020505080062","-8.791155","-63.881075","0","32.09272711","1","0",True,NULL
209,"RUA DAS MANGUEIRAS ELETRONORTE","1201.0",NULL,"eletronorte",11892,"1165942","AVENIDA  DAS MANGUEIRAS JARDIM VISTA ALEGRE","1201","CASA","jardim vista alegre","100.0","100.0","33.33","93.33","-8.7946007","-63.8957556","110020505080019","-11.436105","-61.474034","110004905000031","-11.436105","-61.474034","0","395645.89600283","1","394553.01766254",False,False
210,"BR 364 LINHA 101 KM 60",NULL,"UNIAO BANDEIRANTES",NULL,6236,"1196764","LINHA  60 SANTO ANTONIO DO OESTE","0","SITIO 37","santo antonio do oeste","100.0","0.0","0.0","70.0","-8.78927","-63.896513","110020505080020","-12.041473","-62.181435","110001535000002","-11.889032","-62.192827","16995.92626595","407364.70614259","1","405572.73735961",False,False
211,"RUA TUTOIA ELETRONORTE","3340.0","VILA DA ELETRONORTE","eletronorte",512126,"1575764","RUA  TUTOIA ELETRONORTE","2819",NULL,"eletronorte","100.0","84.4","100.0","96.88","-8.7871613","-63.8971534","110020505080020","-8.789918","-63.9006","110020505080114","-8.789918","-63.9006","0","487.24688208","1","5.49891388",False,True
212,"ESTRADA AREIA BRANCA AREIA BRANCA","1104.0","ESQ DOMINGO ALEGRE","areia branca",652112,"92012585","ESTRADA  AREIA BRANCA ESTRADA AREIA BRANCA","1360",NULL,"estrada areia branca","100.0","81.18","100.0","96.24","-8.8004515","-63.9009988","110020505080021","-8.830592","-63.89901","110020505000188","-8.830592","-63.89901","0","3358.59242641","1","3180.99376302",False,False
213,"RUA JOAO PAULO I NOVO HORIZONTE","2655.0",NULL,"novo horizonte",48274,"180230133","RUA  JOAO PAULO I RIOZINHO","1890","CASA 4","riozinho","100.0","71.19","45.45","88.78","-8.801055","-63.8947589","110020505080022","-11.50012","-61.367683","110004910000003","-11.50012","-61.367683","0","408124.29913874","1","407075.23580999",False,False
214,"RUA ARCO VERDE NOVA FLORESTA","95.0",NULL,"nova floresta",467940,"1443186","RUA  ARCO VERDE NOVA FLORESTA","94",NULL,"nova floresta","100.0","98.95","100.0","99.79","-8.781723683","-63.8930452","110020505080030","-8.78165","-63.892663","110020505080030","-8.78165","-63.892663","0","42.79223107","1","0",True,NULL
215,"RUA BURITIS NOVA FLORESTA","4316.0",NULL,"nova floresta",201883,"215057006","RUA  BURITIS CENTRO","2681",NULL,"centro","100.0","62.12","31.58","85.58","-8.790318360000002","-63.88754237","110020505080026","-10.258741","-63.298377","110140105000002","-10.258741","-63.298377","0","175598.70647492","1","174589.74280978",False,False
216,"AVENIDA JATUARANA CONCEICAO","4046.0",NULL,"conceicao",247619,"1572078","AVENIDA  JATUARANA CONCEICAO","4046",NULL,"conceicao","100.0","100.0","100.0","100.0","-8.79241609","-63.88970433","110020505080027","-8.79261","-63.889495","110020505080002","-8.792534499999999","-63.889664499999995","20.43062575","31.52852072","1","13.75356024",False,True
217,"RUA DANIEL NERY NOVA FLORESTA","1089.0","CASA","nova floresta",798611,"1441812","RUA  DANIEL NERY NOVA FLORESTA","1070",NULL,"nova floresta","100.0","98.26","100.0","99.65","-8.7927167","-63.8934542","110020505080027","-8.792257","-63.893453","110020505080027","-8.792254499999999","-63.8935","5.17223209","51.11654824","1","0",True,NULL
218,"RUA DAS MANGUEIRAS NOVA FLORESTA","831.0",NULL,"nova floresta",11891,"1165820","AVENIDA  DAS MANGUEIRAS JARDIM VISTA ALEGRE","1087","CASA","jardim vista alegre","100.0","76.45","43.75","89.66","-8.7918218","-63.8946885","110020505080029","-11.437215","-61.474002","110004905000031","-11.437215","-61.474002","0","395891.60468981","1","394795.46005919",False,False
219,"RUA ABOBORA COHAB FLORESTA","5992.0",NULL,"cohab floresta",796506,"1454366","RUA  ABOBORA COHAB","5992",NULL,"cohab","100.0","100.0","100.0","100.0","-8.788939","-63.872741","110020505080063","-8.78888","-63.872743","110020505080063","-8.78888","-63.872743","0","6.56419","1","0",True,NULL
220,"RUA SEPETIBA AREAL DA FLORESTA","100.0","ENTRE RUAS PARANA E","areal da floresta",746496,"215031455","RUA  SEPETIBA FLORESTA","214",NULL,"floresta","100.0","46.73","100.0","89.35","-8.783422969","-63.88379649","110020505080035","-8.783221","-63.884607","110020505080035","-8.783221","-63.884607","0","91.85551949","1","0",True,NULL
221,"RUA DAS CRIANCAS FLORESTA","4686.0",NULL,"floresta",785382,"1447466","RUA  DAS CRIANCAS FLORESTA","4685",NULL,"floresta","100.0","99.98","100.0","100.0","-8.776910000000004","-63.8812717","110020505080043","-8.776163","-63.881026","110020505080043","-8.776163","-63.881026","0","87.34103138","1","0",True,NULL
222,"RUA ACAI AREAL DA FLORESTA","778.0",NULL,"areal da floresta",254734,"215023957","RUA  ACAI JARDIM JORGE TEIXEIRA","751",NULL,"jardim jorge teixeira","100.0","96.53","47.37","94.04","-8.777438500000002","-63.88171673","110020505080043","-9.924709","-63.046968","110002305000036","-9.924709","-63.046968","0","157041.70293209","1","156381.73719176",False,False
223,"RUA DO SOL FLORESTA","772.0",NULL,"floresta",180197,"180408196","RUA  DO SOL TRIUNFO","961",NULL,"triunfo","100.0","80.33","26.67","88.73","-8.7789171","-63.8848263","110020505080043","-9.278445","-63.466911","110080920000004","-9.278445","-63.466911","0","72052.26797677","1","71598.99443171",False,NULL
224,"RUA OITO DE JULHO CASTANHEIRA","1960.0",NULL,"castanheira",240145,"217626355","RUA  OITO DE JULHO CASTANHEIRA","2088",NULL,"castanheira","100.0","93.87","100.0","98.77","-8.797298394","-63.86612713","110020505080049","-8.798879","-63.865394","110020505080122","-8.798879","-63.865394","0","193.3394617","1","9.39411828",False,True
225,"RUA OITO DE JULHO CASTANHEIRA","1730.0",NULL,"castanheira",240145,"217626355","RUA  OITO DE JULHO CASTANHEIRA","2088",NULL,"castanheira","100.0","82.85","100.0","96.57","-8.795381600000002","-63.8662999","110020505080050","-8.798879","-63.865394","110020505080122","-8.798879","-63.865394","0","401.43220799","1","297.30144312",False,False
226,"RUA GRUTA AZUL CASTANHEIRA","2124.0","CONJUNTO MAMORE","castanheira",497877,"1451195","RUA  GRUTA AZUL CASTANHEIRA","2124",NULL,"castanheira","100.0","100.0","100.0","100.0","-8.801718985000004","-63.87354056","110020505080052","-8.801728","-63.873592","110020505080052","-8.801728","-63.873592","0","5.74071378","1","0",True,NULL
227,"RUA BANZO CASTANHEIRA","2194.0","CONJUNTO RIO GUAPORE","castanheira",743194,"1451428","RUA  BANZO CASTANHEIRA","2195",NULL,"castanheira","100.0","99.95","100.0","99.99","-8.804091700000004","-63.8667767","110020505080053","-8.804015","-63.86627","110020505080053","-8.804015","-63.86627","0","56.3281018","1","0",True,NULL
228,"RUA JERONIMO SANTANA COHAB","2940.0","ESCOLA","cohab",429754,"1453094","RUA  JERONIMO SANTANA COHAB","3114",NULL,"cohab","100.0","94.41","100.0","98.88","-8.793239700000004","-63.8747767","110020505080055","-8.794725","-63.874897","110020505080058","-8.794725","-63.874897","0","165.68626298","1","76.57183425",False,True
229,"RUA DAS ROSAS COHAB","5822.0",NULL,"cohab",291439,"1252022","RUA  DAS ROSAS SANTIAGO","3239","FRENTE","santiago","100.0","55.63","15.38","82.67","-8.7942384","-63.8750075","110020505080058","-10.857229","-61.982849","110012205000100","-10.8572095","-61.982841","2.33768783","309184.52383036","1","308367.5438722",False,False
230,"RUA PERCY HOLDER CIDADE DO LOBO","3594.0",NULL,"cidade do lobo",509877,"99501473","RUA  PERCI HOLDER CIDADE DO LOBO","3593",NULL,"cidade do lobo","91.67","99.97","100.0","94.16","-8.807147294","-63.88546016","110020505080070","-8.806985","-63.885534","110020505080070","-8.806985","-63.885534","0","19.78643702","1","0",True,NULL
231,"RUA JOAO ELIAS DE SOUZA CIDADE DO LOBO","301.0",NULL,"cidade do lobo",509916,"180318023","RUA  JOAO ELIAS DE SOUZA CIDADE DO LOBO","301",NULL,"cidade do lobo","100.0","100.0","100.0","100.0","-8.806943","-63.8848503","110020505080070","-8.806856","-63.884804","110020505080070","-8.806856","-63.884804","0","10.93022157","1","0",True,NULL
232,"RUA MATO GROSSO CALADINHO","696.0",NULL,"caladinho",11272,"180211181","LINHA  MATO GROSSO LINHA MATO GROSSO","70","TRAVESSA INTERNA LH15 FUNAI","linha mato grosso","100.0","10.06","38.46","75.86","-8.80523211","-63.87866563","110020505080074","-11.20956","-61.099091","110004910000025","-11.208267","-61.0991285","143.83340866","405096.22517409","1","404160.01450507",False,False
233,"RUA TANCREDO NEVES CALADINHO","4718.0",NULL,"caladinho",13033,"215141308","AVENIDA  TANCREDO NEVES CENTRO","3961",NULL,"centro","100.0","83.96","40.0","90.79","-8.805075","-63.8779027","110020505080074","-9.42167","-61.996202","110013005000006","-9.42167","-61.996202","0","217673.15269635","1","217578.50840313",False,NULL
234,"RUA COLORADO CALADINHO","4588.0",NULL,"caladinho",958,"1213492","RUA  COLORADO DO OESTE BNH","3132",NULL,"bnh","100.0","68.27","33.33","86.99","-8.804440401000004","-63.87859178","110020505080074","-9.903589","-63.043762","110002305000051","-9.903589","-63.043762","0","152731.78588149","1","151947.66939537",False,False
235,"RUA CARDEAL CALADINHO","4000.0","CONJUNTO TUCURUI","caladinho",105545,"1459846","RUA  CARDEAL CALADINHO","3779",NULL,"caladinho","100.0","94.47","100.0","98.89","-8.800037","-63.8822","110020505080078","-8.79828","-63.883347","110020505080079","-8.79828","-63.883347","0","232.49804862","1","15.45350371",False,True
236,"RUA NOVA ESPERANCA CALADINHO","3189.0",NULL,"caladinho",3595,"1238185","RUA  ESPERANCA CIDADE ALTA","2268","FRENTE","cidade alta","100.0","71.12","40.0","88.22","-8.7973959","-63.8848153","110020505080079","-11.517662","-61.008859","110009805000021","-11.517662","-61.008859","0","436531.37801179","1","435428.94166518",False,False
237,"RUA CAETANO CALADINHO","3256.0","PREDIO","caladinho",105707,"1459874","RUA  CAETANO CALADINHO","3556","APARTAMENTO 1","caladinho","100.0","91.56","100.0","98.31","-8.793730160000004","-63.88391863","110020505080081","-8.79617","-63.883057","110020505080079","-8.79617","-63.883057","0","287.34558865","1","201.30696795",False,False
238,"RUA DAS CAMELIAS ELDORADO","5301.0",NULL,"eldorado",58645,"92271428","RUA  DAS CAMELIAS ELDORADO","6381",NULL,"eldorado","100.0","83.07","100.0","96.61","-8.7837572","-63.8739158","110020505080086","-8.788008","-63.867255","110020505080087","-8.788008","-63.867255","0","871.30752166","1","143.15088618",False,True
239,"RUA AQUARIQUARA JARDIM ELDORADO","683.0",NULL,"jardim eldorado",58680,"92271336","RUA  AQUARIQUARA ELDORADO","683",NULL,"eldorado","100.0","100.0","100.0","100.0","-8.787924090000002","-63.86823389","110020505080087","-8.78767","-63.868558","110020505080087","-8.78767","-63.868558","0","45.46195351","1","0",True,NULL
240,"ESTRADA AREIA BRANCA AREIA BRANCA",NULL,"KM 8","areia branca",652106,"92012579","ESTRADA  AREIA BRANCA ESTRADA AREIA BRANCA","123","CHACARA","estrada areia branca","100.0","0.0","100.0","80.0","-8.806469","-63.904483","110020505080088","-8.831008","-63.903787","110020505000188","-8.8304995","-63.904114500000006","67.02220743","2729.68758719","1","2024.8911808",False,False
241,"RUA HUMBERTO FLORENCIO CIDADE NOVA","5473.0",NULL,"cidade nova",82805,"92272477","RUA  HUMBERTO FLORENCIO CIDADE NOVA","5513",NULL,"cidade nova","100.0","99.27","100.0","99.85","-8.811987013","-63.88044405","110020505080094","-8.811736","-63.880418","110020505080095","-8.811706000000001","-63.8804595","5.65001744","28.05780485","1","5.62209774",False,True
242,"RUA SECUDARIA NOVO HORIZONTE","1705.0",NULL,"novo horizonte",403107,"180343091","RUA  SECUNDARIA NOVO HORIZONTE","1540","QUADRA C","novo horizonte","94.74","90.32","100.0","94.38","-8.8052707","-63.8967199","110020505080100","-8.80471","-63.899357","110020505080099","-8.804648","-63.899305","8.9542402","296.40809857","1","133.9688035",False,True
243,"RUA CAMOMILA COHAB FLORESTA","2631.0","COMERCIAL","cohab floresta",796493,"1454365","RUA  CAMOMILA COHAB","2631",NULL,"cohab","100.0","100.0","100.0","100.0","-8.783751000000002","-63.8800562","110020505080118","-8.789203","-63.873095","110020505080063","-8.789203","-63.873095","0","976.06173661","1","749.2874605",False,False
244,"RUA SANTAREM CASTANHEIRA","2137.0","PREDIO","castanheira",328797,"217625864","RUA  SANTAREM CASTANHEIRA","1057",NULL,"castanheira","100.0","49.46","100.0","89.89","-8.80148602","-63.86946581","110020505080122","-8.801812","-63.867951","110020505080122","-8.801812","-63.867951","0","170.35677108","1","0",True,NULL
245,"RUA RIO BONITO AEROCLUBE","1953.0",NULL,"aeroclube",388037,"1461088","RUA  RIO BONITO AEROCLUBE","1953",NULL,"aeroclube","100.0","100.0","100.0","100.0","-8.80377914","-63.86114587","110020505080128","-8.803738","-63.861183","110020505080112","-8.803738","-63.861183","0","6.12970642","1","0",False,NULL
246,"BR 364 SENTIDO ACRE KM 6 TERRA INDIGENA KARITIANA",NULL,"ZONA RURAL",NULL,10209,"100173992","RODOVIA  BR 364 BR 364","0",NULL,"br 364","100.0","0.0","0.0","70.0","-8.789466","-63.851752","110020505080130","-9.884555","-63.05662","110002305000133","-9.884402000000001","-63.056203499999995","48.69397257","149795.59919604","1","148421.26527334",False,False
247,"RUA BOM JESUS CIDADE NOVA","6375.0",NULL,"cidade nova",5387,"1238063","RUA  BOM JESUS CIDADE ALTA","3953",NULL,"cidade alta","100.0","62.01","72.73","89.67","-8.808777407","-63.8734012","110020505080135","-11.515557","-61.010534","110009805000021","-11.515557","-61.010534","0","434456.37954264","1","433407.97996413",False,False
248,"AVENIDA RIO DE JANEIRO TANCREDO NEVES","8069.0",NULL,"tancredo neves",41584,"215191950","AVENIDA  RIO DE JANEIRO SOCIALISTA","9141",NULL,"socialista","100.0","88.27","25.0","90.15","-8.761497983","-63.838349","110020505090025","-8.75949","-63.829031","110020505000011","-8.759487","-63.829068500000005","4.13465887","1048.08703179","1","1010.07915907",False,False
249,"AVENIDA AMAZONAS CUNIA","6363.0",NULL,"cunia",23285,"91962888","AVENIDA  AMAZONAS COLORADO","5019",NULL,"colorado","100.0","78.88","30.77","88.85","-8.75787191","-63.85537331","110020505090007","-13.12386","-60.535198","110006405000012","-13.12386","-60.535198","0","605809.05902514","1","603871.38699129",False,False
250,"RUA FABIA IGARAPE","6382.0",NULL,"igarape",85997,"92273893","RUA  FABIA IGARAPE","6182",NULL,"igarape","100.0","96.87","100.0","99.37","-8.74539445","-63.85684504","110020505090010","-8.745617","-63.858723","110020505090009","-8.745617","-63.858723","0","207.87031479","1","82.44991626",False,True
251,"RUA JULIA IGARAPE","6430.0","COM ANDREIA","igarape",81064,"92281373","RUA  JULIA TEIXEIRAO","7500","FUNDOS","teixeirao","100.0","85.73","37.5","90.9","-8.7481372","-63.8550263","110020505090010","-8.746304","-63.847318","110020505090081","-8.7463","-63.847325","0.88863596","871.33501207","1","861.4169513",False,False
252,"RUA ANDREIA IGARAPE","4512.0",NULL,"igarape",444874,"1470456","RUA  ANDREIA IGARAPE","4697",NULL,"igarape","100.0","96.06","100.0","99.21","-8.746774709","-63.85535195","110020505090010","-8.744527","-63.855775","110020505090017","-8.744527","-63.855775","0","254.2219495","1","43.7570104",False,True
253,"RUA JULIA IGARAPE","6530.0",NULL,"igarape",81064,"92281373","RUA  JULIA TEIXEIRAO","7500","FUNDOS","teixeirao","100.0","87.07","37.5","91.16","-8.7479779","-63.8546004","110020505090011","-8.746304","-63.847318","110020505090081","-8.7463","-63.847325","0.88863596","821.70691747","1","497.16382498",False,False
254,"LINHA FRANCISCO BR 364 KM 150 AREA RURAL DE PORTO VELHO",NULL,NULL,"area rural de porto velho",1529,"180195164","RODOVIA  BR 364 PROJETO DE ASSENTAMENTO DIRIGIDO BURAREIRO","524","CASA 2","projeto de assentamento dirigido burareiro","100.0","0.0","44.78","74.48","-8.746159","-63.85412","110020505090011","-9.831692","-63.061857","110002305000084","-9.8336185","-63.0617795","214.38553657","148755.94658039","1","147965.96273349",False,False
255,"RUA CRISTINA IGARAPE","6386.0",NULL,"igarape",369814,"92281249","RUA  CRISTINA TEIXEIRAO","7541",NULL,"teixeirao","100.0","84.68","37.5","90.69","-8.7510342","-63.8553698","110020505090015","-8.748679","-63.846611","110020505090081","-8.748674999999999","-63.846589","2.4583994","997.58945513","1","370.98352835",False,False
256,"RUA ALBA IGARAPE","4328.0",NULL,"igarape",819153,"1468624","RUA  ALBA IGARAPE","4278","CASA","igarape","100.0","98.84","100.0","99.77","-8.749798930000004","-63.8571952","110020505090015","-8.749035","-63.857757","110020505090010","-8.749035","-63.857757","0","105.01345633","1","39.32742697",False,True
257,"RUA OSVALDO LACERDA IGARAPE","5895.0","CONJUNTO NOVA CAIARI","igarape",776919,"1470737","RUA  OSVALDO LACERDA IGARAPE","5895",NULL,"igarape","100.0","100.0","100.0","100.0","-8.7446457","-63.8628153","110020505090018","-8.744868","-63.862735","110020505090018","-8.744868","-63.862735","0","26.24682984","1","0",True,NULL
258,"RUA PIRITA TANCREDO NEVES","8525.0","NOS FUNDO DA IGREJA","tancredo neves",704905,"217623121","RUA  PIRITA TANCREDO NEVES","8526","CASA 2","tancredo neves","100.0","99.99","100.0","100.0","-8.7636612","-63.8337877","110020505090023","-8.763896","-63.833498","110020505090023","-8.763854","-63.833507499999996","4.78546587","41.1735544","1","0",True,NULL
259,"RUA ENGENHEIRO PAULO PINHEIRO TANCREDO NEVES","1616.0",NULL,"tancredo neves",242386,"221152836","TRAVESSA  PINHEIRO CENTRO","1562","CASA","centro","100.0","96.66","40.0","93.33","-8.762186455","-63.83722787","110020505090024","-10.91557","-62.559234","110143505000002","-10.91557","-62.559234","0","277373.9650224","1","275966.8394163",False,False
260,"RUA EDITE FEITOSA TANCREDO NEVES","8158.0","ZONA LESTE","tancredo neves",108243,"1473727","RUA  EDITE FEITOSA TANCREDO NEVES","8158",NULL,"tancredo neves","100.0","100.0","100.0","100.0","-8.7602268","-63.8377136","110020505090029","-8.760039","-63.837888","110020505090029","-8.760039","-63.837888","0","28.34465395","1","0",True,NULL
261,"RUA RAIMUNDO CANTUARIA TIRADENTES","7893.0","ZONA LESTE","tiradentes",258670,"1474710","AVENIDA  RAIMUNDO CANTUARIA TIRADENTES","7893",NULL,"tiradentes","100.0","100.0","100.0","100.0","-8.757353","-63.8408539","110020505090032","-8.75758","-63.840795","110020505090032","-8.75758","-63.840795","0","26.0580613","1","0",True,NULL
262,"RUA MARIO ANDREAZZA JUSCELINO KUBITSCHEK","8186.0","ZONA LESTE","juscelino kubitschek",351079,"1475834","RUA  MARIO ANDREAZZA JUSCELINO KUBITSCHEK","7859","FRENTE","juscelino kubitschek","100.0","96.01","100.0","99.2","-8.7732082","-63.8349087","110020505090033","-8.773435","-63.837938","110020505090036","-8.773435","-63.837938","0","333.85589311","1","281.43144066",False,False
263,"RUA BENEDITO INOCENCIO JUSCELINO KUBITSCHEK","4846.0","ZONA LESTE","juscelino kubitschek",317210,"1506370","RUA  BENEDITO INOCENCIO LAGOINHA","6203",NULL,"lagoinha","100.0","78.12","28.57","88.48","-8.766385400000004","-63.8363006","110020505090042","-8.771325","-63.854711","110020505090078","-8.771325","-63.854711","0","2096.44823648","1","2033.28621467",False,False
264,"RUA ANTONIO FRAGA MOREIRA JK I","2833.0",NULL,"jk i",108244,"1473615","RUA  ANTONIO FRAGA MOREIRA TANCREDO NEVES","3662","CASA","tancredo neves","100.0","77.36","11.11","86.58","-8.768461667","-63.83526833","110020505090043","-8.76094","-63.836848","110020505090029","-8.76094","-63.836848","0","854.19892856","1","656.37985461",False,False
265,"RUA JOSE AMADOR DOS REIS JUSCELINO KUBITSCHEK JKI","2938.0",NULL,"juscelino kubitschek jki",236711,"215123813","RUA  JOSE AMADOR DOS REIS TANCREDO NEVES","3100",NULL,"tancredo neves","100.0","94.77","26.32","91.59","-8.767723800000002","-63.8365554","110020505090043","-8.75915","-63.838546","110020505090021","-8.75915","-63.838546","0","978.14107529","1","890.77744742",False,False
266,"RUA CIDADE TRES MARIAS","2118.0","INEP 11001003","tres marias",388450,"1494344","RUA  CIDADE TRES MARIAS","2118",NULL,"tres marias","100.0","100.0","100.0","100.0","-8.7767874","-63.8541133","110020505090045","-8.776172","-63.85402","110020505090045","-8.776172","-63.85402","0","69.19331234","1","0",True,NULL
267,"RUA GREGORIO ALEGRE APONIA","5.0",NULL,"aponia",93206,"1500950","RUA  GREGORIO ALEGRE APONIA","6643",NULL,"aponia","100.0","0.08","100.0","80.02","-8.7414285","-63.8643211","110020505090056","-8.739994","-63.856521","110020505090064","-8.739994","-63.856521","0","871.97327058","1","541.51911286",False,False
268,"RUA ANDREIA APONIA","5039.0",NULL,"aponia",110956,"1502918","RUA  ANDREIA APONIA","5444","FUNDOS","aponia","100.0","92.56","100.0","98.51","-8.742154918000002","-63.85659322","110020505090063","-8.738893","-63.856876","110020505090069","-8.738886999999998","-63.856884","1.10370666","364.03827414","1","197.92653488",False,False
269,"RUA ANDREIA APONIA","5692.0","DENTRO DA IGREJA","aponia",110939,"1502704","RUA  ANDREIA APONIA","5692",NULL,"aponia","100.0","100.0","100.0","100.0","-8.7370026","-63.8569891","110020505090069","-8.736739","-63.85731","110020505090069","-8.7367195","-63.857329","3.01033039","45.85847674","1","0",True,NULL
270,"RUA LUIZ DE CAMOES APONIA","5972.0","CONJUNTO OURO PRETO","aponia",415693,"1394865","RUA  LUIZ VAZ DE CAMOES BELA FLORESTA","385",NULL,"bela floresta","100.0","6.45","31.58","74.45","-8.734421230000002","-63.86088123","110020505090070","-10.725278","-62.257554","110015505000004","-10.725278","-62.257554","0","282629.53978491","1","281513.44199665",False,False
271,"RUA FRANCISCO DIAS LAGOINHA","2590.0",NULL,"lagoinha",453658,"100086857","RUA  FRANCISCO DIAS LAGOINHA","2590",NULL,"lagoinha","100.0","100.0","100.0","100.0","-8.765538","-63.858014","110020505090072","-8.765657","-63.858054","110020505090072","-8.765657","-63.858054","0","13.94327884","1","0",True,NULL
272,"AVENIDA CALAMA PLANALTO","8354.0",NULL,"planalto",92203,"1500675","AVENIDA  CALAMA APONIA","6995","LOJA 1","aponia","100.0","83.73","42.86","91.03","-8.7392726","-63.8406414","110020505090080","-8.741658","-63.853129","110020505090064","-8.741658","-63.853129","0","1397.8304826","1","661.54282628",False,False
273,"RUA GILBERTO FREIRE ESPERANCA DA COMUNIDADE","7935.0",NULL,"esperanca da comunidade",424153,"92280698","RUA  GILBERTO FREIRE TEIXEIRAO","7935",NULL,"teixeirao","100.0","100.0","25.0","92.5","-8.743565","-63.844438","110020505090083","-8.743615","-63.844415","110020505090080","-8.743615","-63.844415","0","6.1074103","1","0",False,True
274,"RUA SHEILA REGINA TEIXEIRAO","5352.0",NULL,"teixeirao",350876,"217550924","RUA  SHEILA REGINA TEIXEIRAO","5415","CASA FUNDO","teixeirao","100.0","98.84","100.0","99.77","-8.746956687000004","-63.84382749","110020505090083","-8.744599","-63.845552","110020505090079","-8.744599","-63.845552","0","323.49680196","1","2.70445589",False,True
275,"RUA LUCIA CARVALHO TEIXEIRAO","5417.0",NULL,"teixeirao",879511,"1508109","RUA  LUCIA CARVALHO TEIXEIRAO","5440",NULL,"teixeirao","100.0","99.58","100.0","99.92","-8.746218333","-63.83644333","110020505090086","-8.746052","-63.836286","110020505090085","-8.746052","-63.836286","0","25.31906884","1","0",False,NULL
276,"AVENIDA MAMORE ESPERANCA DA COMUNIDADE","4968.0","ESCOLA DE POLICIA","esperanca da comunidade",40416,"92281605","AVENIDA  MAMORE ESCOLA DE POLICIA","5002",NULL,"escola de policia","100.0","99.32","40.0","93.86","-8.7502566","-63.8465047","110020505090090","-8.749908","-63.846687","110020505090090","-8.749908","-63.846687","0","43.63414037","1","0",True,NULL
277,"RUA ASSIS CHATEAUBRIAND ESPERANCA DA COMUNIDADE","7643.0","ZONA LESTE","esperanca da comunidade",40250,"92281660","RUA  ASSIS CHATEAUBRIAND ESCOLA DE POLICIA","7658",NULL,"escola de policia","100.0","99.8","40.0","93.96","-8.7509673","-63.8447862","110020505090090","-8.75124","-63.844389","110020505090090","-8.75124","-63.844382","0.769304","53.15092566","1","0",True,NULL
278,"AVENIDA JOSE VIEIRA CAULA ESPERANCA DA COMUNIDADE","6662.0",NULL,"esperanca da comunidade",40073,"215127997","AVENIDA  JOSE VIEIRA CAULA ESCOLA DE POLICIA","6712","APARTAMENTO 101","escola de policia","100.0","99.26","40.0","93.85","-8.749666","-63.8459931","110020505090090","-8.74918","-63.844623","110020505090090","-8.749173500000001","-63.8446105","1.5522961","159.97934977","1","0",True,NULL
279,"RUA AMERICA DO NORTE TRES MARIAS","2455.0",NULL,"tres marias",121094,"99090148","TRAVESSA  AMERICA CENTRO","2927",NULL,"centro","100.0","83.87","23.53","89.13","-8.773940400000004","-63.8443966","110020505090101","-11.196146","-61.515259","110120305000004","-11.196146","-61.515259","0","370931.64201633","1","369987.7925864",False,False
280,"RUA AMERICA DO SUL TRES MARIAS","2818.0",NULL,"tres marias",121094,"99090148","TRAVESSA  AMERICA CENTRO","2927",NULL,"centro","100.0","96.28","23.53","91.61","-8.770213330000002","-63.84351956","110020505090101","-11.196146","-61.515259","110120305000004","-11.196146","-61.515259","0","371167.66126156","1","369987.7925864",False,False
281,"RUA JOSE AMADOR DOS REIS CASCALHEIRA","1750.0",NULL,"cascalheira",78026,"216541148","RUA  JOSE AMADOR DOS REIS CASCALHEIRA","1953",NULL,"cascalheira","100.0","89.61","100.0","97.92","-8.776983333","-63.83432333","110020505090111","-8.783889","-63.833035","110020505000145","-8.783889","-63.833035","0","780.81874734","1","588.21308791",False,False
282,"RUA RAIMUNDO CANTUARIA TIRADENTES",NULL,NULL,"tiradentes",258659,"1474699","AVENIDA  RAIMUNDO CANTUARIA TIRADENTES","8031",NULL,"tiradentes","100.0","0.0","100.0","80.0","-8.761703004","-63.85923293","110020505090112","-8.757378","-63.839534","110020505090032","-8.757411","-63.839534","3.66943763","2217.64932268","1","1838.06754387",False,False
283,"RUA RAIMUNDO CANTUARIA TIRADENTES","6727.0",NULL,"tiradentes",258670,"1474710","AVENIDA  RAIMUNDO CANTUARIA TIRADENTES","7893",NULL,"tiradentes","100.0","85.23","100.0","97.05","-8.7594683","-63.849503","110020505090113","-8.75758","-63.840795","110020505090032","-8.75758","-63.840795","0","979.75891053","1","932.16344089",False,False
284,"AVENIDA AMAZONAS TIRADENTES","6492.0","ZONA LESTE","tiradentes",23285,"91962888","AVENIDA  AMAZONAS COLORADO","5019",NULL,"colorado","100.0","77.31","33.33","88.8","-8.758459","-63.8540109","110020505090113","-13.12386","-60.535198","110006405000012","-13.12386","-60.535198","0","605667.60407502","1","603468.28376531",False,False
285,"RUA DANIELE LAGOINHA","2142.0",NULL,"lagoinha",345546,"97310288","RUA  DANIELA LAGOINHA","2440",NULL,"lagoinha","85.71","87.79","100.0","87.56","-8.768722500000004","-63.8498056","110020505090115","-8.765157","-63.847722","110020505090076","-8.765157","-63.847722","0","457.83926304","1","76.23840227",False,False
286,"RUA BENEDITO INOCENCIO TRES MARIAS","6913.0",NULL,"tres marias",317215,"215189478","RUA  BENEDITO INOCENCIO LAGOINHA","6383",NULL,"lagoinha","100.0","92.33","31.58","91.62","-8.76933485","-63.8477936","110020505090122","-8.770866","-63.852791","110020505090078","-8.770866","-63.852821","3.29684308","574.97483329","1","535.05088646",False,False
287,"RUA CATARINA TEIXEIRAO",NULL,NULL,"teixeirao",41872,"91939866","RUA SANTA CATARINA LIBERDADE","4433",NULL,"liberdade","100.0","0.0","44.44","74.44","-8.74182973","-63.83821267","110020505090137","-11.933081","-61.991885","110001505000014","-11.933106500000001","-61.9919105","3.96687492","408288.79495541","1","406332.70654793",False,False
288,"RUA INDEPENDENCIA/ ANTIGA TARCILA DO AMARAL MARINGA","8523.0","ANTIGO TEIXEIRAO","maringa",457560,"91984180","RODOVIA  BR ANTIGA PRIMAVERA","1280",NULL,"primavera","80.0","15.02","50.0","64.0","-8.7444547","-63.8362589","110020505090138","-10.894241","-61.936384","110012205000037","-10.894241","-61.936384","0","316967.7435149","1","315950.8992606",False,False
289,"RUA CARLOS REIS SAO FRANCISCO","9317.0","ZONA LESTE","sao francisco",342256,"92283931","RUA  CARLOS REIS SAO FRANCISCO","9316",NULL,"sao francisco","100.0","99.99","100.0","100.0","-8.771356900000002","-63.8242688","110020505100011","-8.771678","-63.824337","110020505100010","-8.771678","-63.824337","0","36.48288153","1","0",False,True
290,"RUA COLATINA MARCOS FREIRE","2030.0",NULL,"marcos freire",260272,"92284718","RUA  COLATINA MARCOS FREIRE","2035",NULL,"marcos freire","100.0","99.75","100.0","99.95","-8.781933","-63.805863","110020505100024","-8.7818","-63.806211","110020505100024","-8.7818","-63.806211","0","41.00222318","1","0",True,NULL
291,"RUA COLATINA MARCOS FREIRE","2005.0",NULL,"marcos freire",260273,"92284719","RUA  COLATINA MARCOS FREIRE","2005",NULL,"marcos freire","100.0","100.0","100.0","100.0","-8.781322","-63.80616","110020505100024","-8.782241","-63.80624","110020505100024","-8.782241","-63.80624","0","102.56574271","1","0",True,NULL
292,"RUA PALMEIRA MARCOS FREIRE",NULL,"LTO. PQ. AMAZONIA","marcos freire",463161,"99891549","RUA  PALMEIRA REAL GREEN PARK","0",NULL,"green park","100.0","0.0","52.17","75.22","-8.772348524","-63.80951014","110020505100030","-10.879934","-61.977397","110012205000163","-10.879934","-61.977368","3.1666937","308561.55724477","1","307136.25897398",False,NULL
293,"RUA PAULO FREIRE MARIANA","2525.0","PARQUE AMAZONIA","mariana",392205,"180214889","RUA  PAULO FREIRE SANTA CLARA","2430",NULL,"santa clara","100.0","96.24","55.56","94.8","-8.773172206","-63.80857351","110020505100030","-11.457206","-61.434708","110004905000089","-11.457206","-61.434708","0","395709.79675258","1","394225.77061525",False,NULL
294,"RUA 05 DE OUTUBRO SAO FRANCISCO","1555.0",NULL,"sao francisco",56413,"215029754","RUA  CINCO DE OUTUBRO SAO FRANCISCO","1746",NULL,"sao francisco","100.0","89.06","100.0","97.81","-8.7828477","-63.8319595","110020505100038","-8.780115","-63.831677","110020505100001","-8.780115","-63.831677","0","305.44451479","1","52.50807442",False,True
295,"RUA PETROLINA MARIANA","10804.0",NULL,"mariana",327246,"1516961","RUA  PETROLINA MARIANA","10805",NULL,"mariana","100.0","99.99","100.0","100.0","-8.7803559","-63.8102449","110020505100044","-8.77994","-63.810077","110020505100034","-8.77994","-63.810077","0","49.79086509","1","6.74905286",False,True
296,"RUA SAO JOSE SAO JOSE DISTRITO DE CALAMA","3212.0","BAIXO MADEIRA","sao jose distrito de calama",225037,"92577838","RUA SAO JOSE OPERARIO CENTRO","3440",NULL,"centro","100.0","93.37","30.3","91.7","-8.023809157000002","-62.87303799","110020515000001","-10.938243","-62.257301","110155905000002","-10.938243","-62.257301","0","331030.63572099","1","327978.07092766",False,False
297,"RUA DO AEROPORTO SAO FRANCISCO","135.0","BAIXO RIO MADEIRA","sao francisco",119179,"180248018","ESTRADA  DO AEROPORTO PRIMAVERA","375","CASA 2","primavera","100.0","36.0","27.27","79.93","-8.03479624","-62.87744276","110020515000002","-9.417802","-62.007084","110013005000053","-9.417923","-62.007084","13.45460465","181106.52067334","1","179880.01636434",False,False
298,"RUA 13 DE SETEMBRO FORTALEZA DO ABUNA",NULL,NULL,"fortaleza do abuna",36089,"220038652","TRAVESSA  13 SAO DOMINGOS DO GUAPORE","0",NULL,"sao domingos do guapore","100.0","0.0","43.9","74.39","-9.779005","-65.526515","110020518000001","-12.072937","-64.027804","110008035000006","-12.072937","-64.027804","0","303039.51807769","1","300502.40558112",False,False
299,"AVENIDA BELO HORIZONTE SAO JOSE","610.0",NULL,"sao jose",75076,"1629020","AVENIDA  BELO HORIZONTE SAO JOSE","1868",NULL,"sao jose","100.0","32.66","100.0","86.53","-12.7400388","-60.1574834","110030405000024","-12.740667","-60.157947","110030405000076","-12.740667","-60.157947","0","86.06724337","1","2.77951358",False,True
300,"SANTA CATARINA",NULL,"BAIXO MADEIRA",NULL,41868,"91939539","RUA SANTA CATARINA LIBERDADE","4202",NULL,"liberdade","100.0","0.0","0.0","70.0","-8.234529581","-63.25452274","110020515000013","-11.931745","-61.991998","110001505000014","-11.518804500000002","-61.9919185","45916.95263896","433716.73775519","1","431265.36897044",False,False
301,"RUA PRINCIPAL",NULL,"RIO MACHADO",NULL,3396,"91948352","RUA  PRINCIPAL VILA CHAPADAO","0",NULL,"vila chapadao","100.0","0.0","0.0","70.0","-8.171169000000004","-62.779466","110020516000001","-9.796424","-63.550741","110002305000128","-9.796419","-63.550764","2.58079271","199587.31457759","1","198135.66786229",False,False
302,"SAO JOSE DA PRAIA",NULL,"BAIXO MADEIRA",NULL,174830,"180408721","RUA SAO JOSE SETOR 04","0",NULL,"setor 04","100.0","0.0","0.0","70.0","-8.199899","-62.776311","110020516000002","-10.24865","-63.301653","110140105000023","-10.7889005","-63.301486","60073.20019858","234993.96460299","1","218684.14970516",False,False
303,"RUA GOVERNADOR JORGE TEIXEIRA EDIANE MARIA MOREIRA","1338.0",NULL,"ediane maria moreira",25312,"180253040","RUA GOVERNADOR JORGE TEIXEIRA VISTA ALEGRE","1334",NULL,"vista alegre","100.0","99.7","37.5","93.69","-9.7026556","-62.9024875","110026205000011","-11.542122","-61.014643","110009805000033","-11.542122","-61.014643","0","290518.38537049","1","289154.92617313",False,NULL
304,"MONTE SINAI",NULL,"RIO MACHADO",NULL,505032,"92002748","RUA  MONTE SINAI JARDIM DAS OLIVEIRAS","373",NULL,"jardim das oliveiras","100.0","0.0","0.0","70.0","-8.703214","-62.320375","110020516000003","-11.680864","-61.196257","110018905000022","-11.6799225","-61.1964185","106.15697472","353211.51602722","1","350028.60501843",False,False
305,"RUA ANTONIO OLIMPIO DE LIMA CENTRO","3238.0",NULL,"centro",572383,"1538036","RUA  ANTONIO OLIMPIO DE LIMA CENTRO","3410",NULL,"centro","100.0","94.96","100.0","98.99","-9.65677467641389","-65.7359056827293","110020545000006","-9.657383","-65.738855","110020545000012","-9.657383","-65.738855","0","330.30276528","1","36.64705678",False,True
306,"RUA CAMPO GRANDE TELEACRE","582.0",NULL,"teleacre",141245,"92320320","AVENIDA  CAMPO GRANDE NOVA DIMENSAO","469",NULL,"nova dimensao","100.0","80.58","19.05","88.02","-9.77790709120201","-66.3561460655801","110020517000003","-10.360366","-64.804806","110033815000011","-10.360366","-64.804806","0","181773.24479611","1","181386.12655346",False,False
307,"RUA SANTA INES SAO LUIS","971.0",NULL,"sao luis",697000,"1522516","RUA SANTA INES CENTRO","971",NULL,"centro","100.0","100.0","14.29","91.43","-9.773950444","-66.35891808","110020517000001","-9.774234","-66.358771","110020517000001","-9.774234","-66.358771","0","35.41054179","1","0",True,NULL
308,"AV PRINCIPAL CENTRO","540.0",NULL,"centro",3357,"91948296","RUA  PRINCIPAL VILA CHAPADAO","68",NULL,"vila chapadao","100.0","12.59","21.05","74.62","-9.7724774","-66.3629811","110020517000004","-9.79688","-63.551938","110002305000128","-9.79688","-63.551938","0","308038.31996912","1","308110.72580512",False,False
309,"TRAVESSA DAS ARARAS TANCREDO NEVES","246.0","EXTREMA","tancredo neves",58428,"98173088","RUA  DAS ARARAS ELDORADO","662","APARTAMENTO 8","eldorado","100.0","37.16","36.36","81.07","-9.76827678737209","-66.3544744626305","110020517000005","-8.788336","-63.863411","110020505080087","-8.788336","-63.863411","0","294282.49806","1","293412.88570074",False,False
310,"LINHA 2 KM 34 -TERRA INDIGENA KAXARARI",NULL,"TERRA INDI KAXARARI",NULL,11684,"1329201","LINHA  DOIS GLEBA SANTA CRUZ","2500",NULL,"gleba santa cruz","100.0","0.0","0.0","70.0","-9.530495","-66.371848","110020517000014","-13.150601","-60.971891","110005605000024","-13.060122","-60.970608999999996","10061.7775644","713088.46697588","1","712061.73310327",False,False
311,"AREA RURAL AREA RURAL DE PORTO VELHO",NULL,NULL,"area rural de porto velho",61985,"100166781","RUA  RURAL TEIXEIRAO","1332","CASA VERDE","teixeirao","100.0","0.0","29.41","72.94","-9.73516","-66.040486","110020517000020","-11.423637","-61.431678","110004905000096","-11.423649","-61.431728","5.6105921","537591.72181633","1","524617.64263712",False,NULL
312,"RUA HILARIO MAIA NOVA JACI",NULL,"DISTRITO JACI PARANA","nova jaci",748084,"215040651","RUA  ILARIO MAIA JACI PARANA","0","CASA","jaci parana","95.65","0.0","70.0","73.96","-9.25293634180841","-64.405679712132","110020520000016","-9.2539","-64.405212","110020520000015","-9.253936","-64.405258","6.44287024","118.81418723","1","31.70398099",False,True
313,"BR 364 KM 128",NULL,"VILA DE JIRAU",NULL,10209,"100173992","RODOVIA  BR 364 BR 364","0",NULL,"br 364","100.0","0.0","0.0","70.0","-9.425039","-64.699951","110020520000026","-9.884555","-63.05662","110002305000133","-9.884402000000001","-63.056203499999995","48.69397257","187247.78756001","1","186413.88212702",False,False
314,"RUA DO ESTADIO JACANA",NULL,NULL,"jacana",263422,"91970499","AVENIDA  DOS ESTADOS NOVA ESPERANCA","2400",NULL,"nova esperanca","85.71","0.0","50.0","65.0","-9.2590243","-64.4016126","110020520000001","-11.50309","-61.130583","110009818000001","-11.503039000000001","-61.130511999999996","9.59216421","436169.72421461","1","434852.05688371",False,False
315,"RUA JOSE RODRIGUES, S/N, PROXIMO AO ESTADIO DE FUTEBOL. JACANA",NULL,"RURAL","jacana",NULL,NULL,NULL,NULL,NULL,NULL,NULL,NULL,NULL,"0.0","-9.26106150728573","-64.4025380071852","110020520000001",NULL,NULL,NULL,NULL,NULL,NULL,NULL,"1",NULL,NULL,NULL
316,"RUA JOSE PEREIRA NOVA JACI",NULL,NULL,"nova jaci",338617,"226060036","AVENIDA PREFEITO JOSE PEREIRA DE ASSIS PLANALTO","0",NULL,"planalto","100.0","0.0","35.29","73.53","-9.254476","-64.416792","110020520000019","-8.732552","-63.840905","110020505090105","-8.732574","-63.840905","2.44629175","85839.69723018","1","85055.23194166",False,NULL
317,"RUA BEM TE VI JACANA",NULL,NULL,"jacana",427001,"1257881","RUA  BEM TE VI UNIAO 2","1875","FUNDOS","uniao 2","100.0","0.0","30.77","73.08","-9.2517154","-64.426309","110020520000020","-10.909058","-61.91235","110012205000120","-10.9090945","-61.91238800000001","5.80405488","331216.92295186","1","330174.73574455",False,NULL
318,"RUA PRAINHA FASE 01",NULL,NULL,"fase 01",802285,"215233466","RAMAL  DA PRAINHA SAO LUIS","0",NULL,"sao luis","100.0","0.0","26.67","72.67","-9.294883325","-64.5510924","110020520000021","-9.781778","-66.350702","110020517000002","-9.781778","-66.350813","12.16321612","204632.33546678","1","203958.66700294",False,False
319,"AREA RURAL AREA RURAL DE PORTO VELHO",NULL,"BR 364, KM67 CARACOL","area rural de porto velho",61985,"100166781","RUA  RURAL TEIXEIRAO","1332","CASA VERDE","teixeirao","100.0","0.0","29.41","72.94","-9.261411","-64.378489","110020520000008","-11.423637","-61.431678","110004905000096","-11.423649","-61.431728","5.6105921","402118.48768871","1","377869.21097753",False,NULL
320,"ALDEIA PANORAMA",NULL,"BR 364, JACY PARANA,",NULL,49840,"180233084","ALDEIA  CANAA ALDEIA INDIGENA NOVA CANAA","0",NULL,"aldeia indigena nova canaa","81.48","0.0","0.0","57.04","-9.7543487","-64.3178285","110020520000031","-11.23654","-61.144007","110004910000050","-11.236509999999999","-61.143413","64.86960436","384148.21974612","1","384013.21220588",False,False
321,"AVENIDA DOS IMIGRANTES, DISTRITO UNIAO BANDEIRANTES CENTRO",NULL,NULL,"centro",87915,"1417993","AVENIDA  DOS BANDEIRANTES PIONEIROS","58",NULL,"pioneiros","100.0","0.0","40.0","74.0","-9.7014263","-64.53316889","110020525000017","-11.669611","-61.193993","110018905000025","-11.669553","-61.1939855","6.50082298","425446.2435409","1","424634.87559912",False,False
322,"RUA CEREJEIRA VILA BAIANA","1570.0","SETOR 03","vila baiana",10596,"102037253","RUA  CEREJEIRA SANTO ANTONIO","1563",NULL,"santo antonio","100.0","99.55","33.33","93.24","-9.7088562","-62.8988051","110026205000012","-11.449865","-61.439782","110004905000088","-11.449865","-61.439782","0","250816.41214111","1","249850.41988686",False,False
323,"AV. GOV. OSVALDO PIANA FILHO SETOR 01","1751.0","CENTRO","setor 01",856701,"92296116","RUA  OSVALDO PIANA FILHO SETOR 01","1751",NULL,"setor 01","100.0","100.0","100.0","100.0","-9.7038017","-62.8986512","110026205000012","-9.703849","-62.89905","110026205000001","-9.703849","-62.89905","0","44.0254205","1","0",False,NULL
324,"RUA PAULISTA DISTRITO DE NAZARE - PORTO","55.0","BAIXO MADEIRA","distrito de nazare - porto",58666,"215089720","RUA  PAULISTA ELDORADO","471",NULL,"eldorado","100.0","11.68","29.41","75.28","-8.152111700000004","-63.3214651","110020530000001","-8.78616","-63.866702","110020505080087","-8.78616","-63.866702","0","92556.06966292","1","91087.12793089",False,False
325,"RUA PRINCIPAL",NULL,"BAIXO MADEIRA",NULL,3396,"91948352","RUA  PRINCIPAL VILA CHAPADAO","0",NULL,"vila chapadao","100.0","0.0","0.0","70.0","-8.157699457","-63.32147433","110020530000001","-9.796424","-63.550741","110002305000128","-9.796419","-63.550764","2.58079271","183949.65965825","1","181992.74346581",False,False
326,"RUA CAFELANDIA DISTRITO NOVA CALIFORNIA",NULL,NULL,"distrito nova california",777935,"216720007","RUA  CAFELANDIA NOVA CALIFORNIA","48601",NULL,"nova california","100.0","0.0","100.0","80.0","-9.7572347","-66.61373571","110020535000001","-9.755939","-66.614919","110020535000003","-9.755918","-66.614936","2.98720094","193.83710464","1","85.78328552",False,True
327,"BR 319 KM 46 SENTIDO HUMAITA ZONA RURAL",NULL,"ZONA RURAL","zona rural",30804,"1164829","RUA  E JARDIM VITORIA","4910","CASA","jardim vitoria","100.0","0.0","33.33","73.33","-7.997102","-63.343708","110020530000002","-11.414106","-61.477473","110004905000107","-11.414114","-61.4775025","3.33616299","431498.00014059","1","407086.7465448",False,False
328,"RUA SOBRAL CENTRO","394.0","PREDIO","centro",35685,"98175302","RUA  SALVADOR SOBRAL DA SILVA SAO DOMINGOS DO GUAPORE","6005","CASA","sao domingos do guapore","100.0","6.56","20.69","73.38","-9.7592463","-66.617363","110020535000003","-12.076191","-64.034097","110008035000004","-12.076191","-64.034097","0","381985.4252504","1","381079.82338502",False,False
329,"RUA PE CHIQUINHO CENTRO",NULL,"ZONA RURAL","centro",51928,"1284342","RUA PADRE CHIQUINHO SETOR 07","1517","SOBRADO","setor 07","88.89","0.0","42.86","66.51","-8.438411239000002","-63.50011163","110020540000001","-10.443717","-62.480982","110011405000021","-10.443717","-62.480982","0","249429.62054407","1","248182.09624075",False,False
330,"RUA PADRE CHIQUINHO CENTRO","196.0","BAIXO MADEIRA","centro",70553,"1343005","RUA PADRE CHIQUINHO PEDRINHAS","591","LOJA FRENTE","pedrinhas","100.0","33.16","26.67","79.3","-8.437574431","-63.49947394","110020540000001","-8.74876","-63.911159","110020505060031","-8.748737","-63.911160499999994","2.56279439","56974.51383566","1","55761.54829575",False,False
331,"RUA JUSTINO LUIZ RONCONI SETOR 01","2122.0",NULL,"setor 01",202004,"1695530","RUA  JUSTINO LUIS RONCONI CENTRO","2122",NULL,"centro","95.0","100.0","42.86","90.79","-10.26312537","-63.29858428","110140105000002","-10.262926","-63.29884","110140105000002","-10.262926","-63.29884","0","35.69783207","1","0",True,NULL
332,"RUA JUSTINO LUIZ RONCONI SETOR 01","2080.0","SETOR 01","setor 01",202003,"1695529","RUA  JUSTINO LUIS RONCONI CENTRO","2080",NULL,"centro","95.0","100.0","42.86","90.79","-10.26353604","-63.2989815","110140105000002","-10.263435","-63.299072","110140105000002","-10.263435","-63.299072","0","14.97600861","1","0",True,NULL
333,"AV. GOVERNADOR JORGE TEIXEIRA SETOR BELA VISTA","3170.0",NULL,"setor bela vista",5243,"1234756","RUA GOVERNADOR JORGE TEIXEIRA LIBERDADE","2975","FRENTE","liberdade","100.0","93.85","32.0","91.97","-10.26045","-63.297936","110140105000002","-11.530894","-61.005455","110009805000011","-11.530894","-61.005455","0","287423.02824346","1","287067.79828561",False,False
334,"AVENIDA RIO ABUNA CENTRO",NULL,"VISTA ALEGRE DO ABUN","centro",144769,"92239673","RUA  ABUNA SAO CRISTOVAO","1645",NULL,"sao cristovao","100.0","0.0","31.58","73.16","-9.65721718","-65.74720348","110020545000012","-8.752817","-63.900122","110020505060014","-8.752823","-63.900122","0.66717048","226310.35555665","1","225407.94946543",False,False
335,"RUA ANA NERI ALTO ALEGRE","6361.0",NULL,"alto alegre",80543,"92310862","RUA  ANA NERI ALTO ALEGRE","6439","ENTRADA 2","alto alegre","100.0","98.79","100.0","99.76","-12.732246","-60.1129982","110030405000077","-12.732622","-60.112291","110030405000077","-12.7325735","-60.112356500000004","8.91926911","87.3581347","1","0",True,NULL
336,"AV JI-PARANA CENTRO","1191.0",NULL,"centro",859159,"1701770","RUA  JIPARANA CENTRO","1457",NULL,"centro","94.12","81.74","100.0","92.23","-11.17308299","-61.90759294","110025405000001","-10.915616","-62.560056","110143505000015","-10.915616","-62.560056","0","76746.63772757","1","76290.97554185",False,False
337,"RUA SANTOS DUMONT LINO ALVES TEIXEIRA","3665.0",NULL,"lino alves teixeira",38482,"92293612","RUA  SANTOS DUMONT LINO ALVES TEIXEIRA","3665",NULL,"lino alves teixeira","100.0","100.0","100.0","100.0","-11.17069121","-61.89538473","110025405000043","-11.170816","-61.895657","110025405000011","-11.170816","-61.895657","0","32.78297264","1","0",False,NULL
338,"RUA VALDEMAR FERNANDES DA SILVA LINO ALVES TEIXEIRA","3532.0","ESCOLA","lino alves teixeira",38586,"92293894","RUA  VALDEMAR FERNANDES DA SILVA LINO ALVES TEIXEIRA","3532",NULL,"lino alves teixeira","100.0","100.0","100.0","100.0","-11.1722854","-61.8968007","110025405000043","-11.171884","-61.896608","110025405000011","-11.171884","-61.896608","0","49.33619417","1","0",False,NULL
339,"AVENIDA MACAPA CUNHA E SILVA","1077.0","ESCOLA","cunha e silva",76521,"101467752","AVENIDA  MACAPA COLINA PARK","1052",NULL,"colina park","100.0","97.68","41.67","93.7","-11.1744262","-61.9081967","110025405000004","-11.18712","-61.907676","110025405000013","-11.18712","-61.907676","0","1412.63050613","1","943.94073094",False,NULL
340,"AV. JI-PARANA CENTRO","1480.0","PREDIO","centro",859152,"107186068","RUA  JIPARANA CENTRO","1472",NULL,"centro","76.19","99.46","100.0","83.23","-11.170541","-61.90703","110025405000006","-10.916548","-62.559495","110143505000015","-10.916548","-62.559495","0","76603.75685116","1","76387.26685041",False,False
341,"AV. PORTO VELHO CENTRO","1445.0",NULL,"centro",24129,"180242192","RUA  PORTO VELHO CENTRO","1700",NULL,"centro","100.0","85.0","100.0","97.0","-11.17108255","-61.90637211","110025405000006","-13.001215","-60.943651","110007205000004","-13.001215","-60.943651","0","228843.06571203","1","227689.51233084",False,False
342,"AV DOM BOSCO CENTRO","1767.0","ESCOLA","centro",238802,"215374251","RUA DOM BOSCO CENTRO","2574",NULL,"centro","100.0","68.65","100.0","93.73","-11.16818446","-61.90546622","110025405000007","-11.697618","-62.722793","110032005000035","-11.697618","-62.722793","0","106774.48812379","1","106319.89110207",False,False
343,"RUA OTAVIO RODRIGUES DE MATOS ERNANDES GONCALVES","2187.0","ESCOLA","ernandes goncalves",775889,"1542407","RUA  OTAVIO RODRIGUES DE MATOS ERNANDES GONCALVES","2187",NULL,"ernandes goncalves","100.0","100.0","100.0","100.0","-11.1689364","-61.9092358","110025405000051","-11.169158","-61.909331","110025405000016","-11.169158","-61.909331","0","26.73994118","1","0",False,NULL
344,"RUA CARLOS GOMES CUNHA E SILVA","2251.0",NULL,"cunha e silva",76573,"92293901","RUA  CARLOS GOMES CUNHA E SILVA","2251",NULL,"cunha e silva","100.0","100.0","100.0","100.0","-11.1796809","-61.9085391","110025405000059","-11.180001","-61.908429","110025405000013","-11.180001","-61.908429","0","37.56523261","1","0",False,NULL
345,"RUA MARINGA CUNHA E SILVA","2340.0","ESCOLA","cunha e silva",25255,"180250738","RUA  MARINGA VISTA ALEGRE","2157",NULL,"vista alegre","100.0","92.18","40.0","92.44","-11.1787172","-61.9076277","110025405000059","-11.537341","-61.00917","110009805000033","-11.537341","-61.00917","0","105753.79914391","1","105303.45394102",False,NULL
346,"AVENIDA BELEM PLANALTO","5796.0",NULL,"planalto",79753,"221070274","RUA  BELEM ALTO ALEGRE","3294",NULL,"alto alegre","100.0","56.83","52.63","86.63","-11.7144378","-61.7853605","110028805000004","-10.875073","-61.901145","110012205000095","-10.875073","-61.901145","0","94183.2701241","1","93499.89584046",False,False
347,"RUA PADRE ROMANO BAIRRO","818.0","DISTRITO DE ESTRELA","bairro",797443,"91992210","RUA PADRE ROMANO NOVA COLINA","817",NULL,"nova colina","100.0","99.88","23.53","92.33","-11.3045382","-61.7814927","110025415000001","-10.789355","-61.693103","110012220000001","-10.789355","-61.693103","0","58092.33271282","1","57325.37305349",False,False
348,"LINHA 140,SETOR LEITAO ,LOTE 06",NULL,NULL,NULL,15870,"99039441","LINHA  SEIS LINHA 6 ESCONDIDO","7","LADO ESQ","linha 6 escondido","100.0","0.0","0.0","70.0","-11.1603489657864","-61.71032904647289","110025415000005","-13.298194","-60.608464","110006405000044","-13.295166","-60.611985","508.47211255","266168.98326968","1","251309.11448601",False,False
349,"RUA RIO MADEIRA CENTRO","4807.0","PREDIO","centro",59230,"1671681","RUA  RIO MADEIRA II CENTRO","4306",NULL,"centro","100.0","89.58","100.0","97.92","-11.7236169","-61.7818368","110028805000007","-9.726083","-63.317529","110040305000031","-9.726083","-63.317529","0","278355.75960071","1","277407.42903493",False,False
350,"AVENIDA FORTALEZA CENTRO","5550.0",NULL,"centro",65434,"1487455","AVENIDA  FORTALEZA INDUSTRIAL","6104",NULL,"industrial","100.0","90.92","37.5","91.93","-11.7238867","-61.783111","110028805000007","-11.72421","-61.788135","110028805000050","-11.72421","-61.788135","0","548.16949342","1","482.77604924",False,NULL
351,"AVENIDA FORTALEZA CENTRO","5456.0",NULL,"centro",65434,"1487455","AVENIDA  FORTALEZA INDUSTRIAL","6104",NULL,"industrial","100.0","89.38","37.5","91.63","-11.7242389","-61.7822581","110028805000007","-11.72421","-61.788135","110028805000050","-11.72421","-61.788135","0","639.85682164","1","482.77604924",False,NULL
352,"RUA PEDRO JAQUEIRA CENTRO","938.0","DISTRITO","centro",541347,"1544704","RUA  PEDRO JAQUEIRA NOVO RIACHUELO","938",NULL,"novo riachuelo","100.0","100.0","30.0","93.0","-11.0836555","-61.6586221","110025420000001","-11.083937","-61.659688","110025420000001","-11.083937","-61.659688","0","120.4502746","1","0",True,NULL
353,"RUA NATALINO ROSSI JAVARINI CENTRO","1062.0","BR 364 - KM 22","centro",400889,"1545534","AVENIDA  NATALINO R JAVARINI BANDEIRA BRANCA","1062",NULL,"bandeira branca","100.0","100.0","19.05","91.9","-11.07870187","-61.9205139","110025425000001","-11.078233","-61.920705","110025425000001","-11.078233","-61.920705","0","56.15185215","1","0",True,NULL
354,"6ª LINHA, GLEBA 02, LOTE 42-A",NULL,"AREA RURAL",NULL,30821,"1164847","RUA  E JARDIM VITORIA","5038","CASA","jardim vitoria","100.0","0.0","0.0","70.0","-11.0824688477442","-62.1132263448089","110025430000007","-11.414134","-61.478689","110004905000107","-11.414116","-61.712819","25519.21174348","78415.64530023","1","75150.15322332",False,False
355,"ASSENTAMENTO CHICO MENDES 4 LINHA AGROVILA III",NULL,"ASSENTAMENTO",NULL,14484,"109873154","LINHA  04 ZONA RURAL","5","CASA","zona rural","100.0","0.0","0.0","70.0","-11.2833919096738","-61.984884403646","110025430000003","-12.969312","-60.867366","110007205000008","-12.9712965","-60.867833","226.39446018","223387.68356639","1","217898.2133614",False,False
356,"6ª LINHA ASSENTAMENTO CHICO MENDES III AGROVILA 08 ZONA RURAL",NULL,NULL,"zona rural",28599,"1302087","RUA  CHICO MENDES PARQUE SAO PEDRO","872",NULL,"parque sao pedro","100.0","0.0","38.46","73.85","-11.2716557","-62.1315063","110025430000005","-10.861607","-61.940448","110012205000009","-10.861574000000001","-61.940476000000004","4.77642254","50136.29175633","1","40054.06269774",False,False
357,"RUA TOCANTINS CENTRO","4787.0",NULL,"centro",215487,"1551137","RUA  TOCANTINS CENTRO","4706",NULL,"centro","100.0","98.31","100.0","99.66","-11.7237446","-61.7842444","110028805000001","-11.72282","-61.783573","110028805000006","-11.72282","-61.783573","0","126.14899752","1","12.71753561",False,True
358,"AVENIDA JOAO PESSOA CENTRO","4271.0","EDIFICIO","centro",107704,"216714052","ACESSO  JOAO PESSOA EMBRATEL","4229","SALA C","embratel","100.0","99.02","28.57","92.66","-11.7205871","-61.7713712","110028805000010","-8.746798","-63.878255","110020505070006","-8.746798","-63.878272","1.86833199","403090.88320655","1","401530.12609784",False,False
359,"AVENIDA MACEIO CENTRO","4665.0",NULL,"centro",13135,"215141444","RUA  MACEIO CENTRO","3913",NULL,"centro","100.0","83.88","100.0","96.78","-11.7282809","-61.7752636","110028805000013","-9.419207","-61.995004","110013005000006","-9.419207","-61.995004","0","257878.51291105","1","256225.2619261",False,NULL
360,"AVENIDA PORTO VELHO CENTRO","4816.0",NULL,"centro",13183,"215141388","RUA  PORTO VELHO CENTRO","3764",NULL,"centro","100.0","78.16","100.0","95.63","-11.7297155","-61.7764958","110028805000013","-9.418218","-61.996612","110013005000006","-9.418218","-61.996612","0","258150.65791902","1","256350.53477882",False,NULL
361,"AVENIDA GOIANIA CENTRO","5557.0",NULL,"centro",40707,"1553283","AVENIDA  GOIANIA CENTRO","4550",NULL,"centro","100.0","81.88","100.0","96.38","-11.732689","-61.7832899","110028805000014","-11.732911","-61.773968","110028805000012","-11.7328855","-61.773982000000004","3.21917956","1015.19249869","1","462.56716149",False,False
362,"TRAVESSA RELIQUIA OLIMPICO","4560.0",NULL,"olimpico",676804,"1554853","TRAVESSA  RELIQUIA OLIMPICO","4561",NULL,"olimpico","100.0","99.98","100.0","100.0","-11.7088839","-61.7735966","110028805000017","-11.709403","-61.773934","110028805000017","-11.709403","-61.773934","0","68.42022163","1","0",True,NULL
363,"RUA RONDONIA CENTENARIO","4278.0",NULL,"centenario",54287,"92297870","RUA  RONDONIA CENTENARIO","4154",NULL,"centenario","100.0","97.1","100.0","99.42","-11.7193195","-61.762567","110028805000021","-11.718227","-61.762866","110028805000020","-11.718227","-61.762866","0","125.76695386","1","30.49871937",False,True
364,"RUA RONDONIA CENTENARIO","4285.0",NULL,"centenario",54287,"92297870","RUA  RONDONIA CENTENARIO","4154",NULL,"centenario","100.0","96.94","100.0","99.39","-11.719619","-61.763167","110028805000023","-11.718227","-61.762866","110028805000020","-11.718227","-61.762866","0","158.21490498","1","31.39769104",False,True
365,"AV ARACAJU JARDIM TROPICAL","3277.0",NULL,"jardim tropical",39026,"103543727","AVENIDA  ARACAJU JORGE TEIXERA","3854",NULL,"jorge teixera","100.0","85.03","42.86","91.29","-11.7275003","-61.7624952","110028805000024","-10.891264","-61.899164","110012205000204","-10.891264","-61.899164","0","94171.84916741","1","93383.97196397",False,False
366,"RUA RIO VERDE BEIRA RIO","6480.0",NULL,"beira rio",478380,"1480074","RUA  RIO VERDE BEIRA RIO","6425",NULL,"beira rio","100.0","99.15","100.0","99.83","-11.7390455","-61.7704037","110028805000029","-11.737906","-61.770945","110028805000029","-11.737906","-61.770945","0","139.74078577","1","0",True,NULL
367,"RUA POETA AUGUSTO DOS ANJOS BEIRA RIO","4060.0",NULL,"beira rio",112786,"99388762","AVENIDA POETA AUGUSTO DOS ANJOS JARDIM TROPICAL","3606",NULL,"jardim tropical","100.0","88.82","33.33","91.1","-11.7392817","-61.76974","110028805000029","-11.739565","-61.765533","110028805000027","-11.739565","-61.765533","0","459.09483983","1","56.1988683",False,True
368,"AVENIDA SAO PAULO BEIRA RIO","4679.0",NULL,"beira rio",26878,"1754110","TRAVESSA SAO PAULO CENTRO","5046",NULL,"centro","100.0","92.73","40.0","92.55","-11.7361221","-61.7754013","110028805000031","-11.201912","-61.519638","110120305000003","-11.201912","-61.519638","0","65615.32080319","1","64982.27724118",False,NULL
369,"RUA OURO PRETO BOA ESPERANCA","6807.0",NULL,"boa esperanca",64942,"1487633","RUA  OURO PRETO INDUSTRIAL","6275",NULL,"industrial","100.0","92.18","26.09","91.05","-11.7418327","-61.790559","110028805000037","-11.724438","-61.789862","110028805000050","-11.724438","-61.789862","0","1935.69302982","1","1579.88930523",False,NULL
370,"RUA TOCANTINS BOA ESPERANCA","5884.0",NULL,"boa esperanca",215482,"1550906","RUA  TOCANTINS CENTRO","5602",NULL,"centro","100.0","95.21","21.05","91.15","-11.7335613","-61.7834291","110028805000039","-11.72119","-61.783529","110028805000006","-11.72119","-61.783529","0","1375.67068724","1","1297.13876949",False,False
371,"RUA CARLOS CHAGAS SAO CRISTOVAO","5217.0","PROXIMO AO CREA","sao cristovao",231466,"1656418","RUA  CARLOS CHAGAS CIDADE ALTA","5431",NULL,"cidade alta","100.0","96.06","33.33","92.55","-11.727689","-61.7940806","110028805000042","-11.35002","-62.29682","110034605000012","-11.35002","-62.29682","0","69018.61435279","1","68599.74422513",False,NULL
372,"AV. MACAPA SAO CRISTOVAO","6253.0","PREDIO","sao cristovao",123171,"100685946","RUA  MACAPA CIDADE BAIXA","3041",NULL,"cidade baixa","100.0","48.63","32.0","82.93","-11.729274","-61.7896372","110028805000043","-12.073436","-63.572396","110149205000055","-12.073436","-63.572396","0","197711.18234761","1","197810.39289937",False,NULL
373,"RUA CAPIBARIBE SAO CRISTOVAO","5431.0",NULL,"sao cristovao",558801,"219022993","RUA  CAPIBARIBE SAO CRISTOVAO","6061",NULL,"sao cristovao","100.0","89.61","100.0","97.92","-11.7294669","-61.7885783","110028805000043","-11.737033","-61.788148","110028805000038","-11.737033","-61.788148","0","842.6164049","1","568.23871245",False,False
374,"RUA DAS VIOLETAS BOM JARDIM","6829.0",NULL,"bom jardim",261173,"1485242","RUA  DAS VIOLETAS BOM JARDIM","6829",NULL,"bom jardim","100.0","100.0","100.0","100.0","-11.7419537","-61.7955749","110028805000045","-11.741893","-61.795294","110028805000045","-11.741893","-61.795294","0","31.31707397","1","0",True,NULL
375,"LINHA 176 NORTE KM 0.3 ZONA RURAL",NULL,NULL,"zona rural",15151,"110618913","LINHA  06 ZONA RURAL","82",NULL,"zona rural","100.0","0.0","100.0","80.0","-11.72323735","-61.85075048","110028805000061","-12.894236","-60.888751","110007205000008","-12.894236","-60.888844","10.08037653","166962.57201603","1","165296.04516033",False,False
376,"RODOVIA RO 010 ZONA RURAL",NULL,NULL,"zona rural",47172,"91955783","RUA  DEZ HABITAR BRASIL","2436","FUNDOS","habitar brasil","100.0","0.0","41.67","74.17","-11.72607465","-61.65875039","110028805000062","-11.424543","-61.477713","110004905000033","-11.424557","-61.4777195","1.71035361","38898.60685713","1","25624.40711314",False,False
377,"AVENIDA CECILIA MEIRELES CIDADE ALTA","5866.0","COLEGIO","cidade alta",222379,"1486702","AVENIDA  CECILIA MEIRELES CIDADE ALTA","6033",NULL,"cidade alta","100.0","97.23","100.0","99.45","-11.7176453","-61.7990132","110028805000094","-11.716042","-61.799442","110028805000090","-11.716042","-61.799442","0","184.29079641","1","7.81268008",False,True
378,"AVENIDA AV. CECILIA MEIRELES CIDADE ALTA","5794.0",NULL,"cidade alta",222379,"1486702","AVENIDA  CECILIA MEIRELES CIDADE ALTA","6033",NULL,"cidade alta","100.0","96.04","100.0","99.21","-11.71820717","-61.79928954","110028805000094","-11.716042","-61.799442","110028805000090","-11.716042","-61.799442","0","241.3278208","1","7.81268008",False,True
379,"AVENIDA ARARIBOIA CENTRO","2892.0","DIST. NOVA ESTRELA","centro",610505,"92300469","AVENIDA  ARARIBOIA NOVA ESTRELA","2892",NULL,"nova estrela","100.0","100.0","44.44","94.44","-11.7275409","-61.54864304","110028805000085","-11.727433","-61.548978","110028805000085","-11.727433","-61.548978","0","38.39135043","1","0",True,NULL
380,"AV. SAO BENTO DISTRITO DE NOVA ESTRELA","3572.0",NULL,"distrito de nova estrela",56604,"92300303","AVENIDA SAO BENTO NOVA ESTRELA","3572",NULL,"nova estrela","100.0","100.0","100.0","100.0","-11.7248911","-61.554369","110028805000086","-11.725137","-61.554511","110028805000086","-11.725137","-61.554511","0","31.41100847","1","0",True,NULL
381,"AVENIDA CECILIA MEIRELES CIDADE ALTA","5666.0",NULL,"cidade alta",216356,"180375598","AVENIDA  CECILIA MEIRELES CIDADE ALTA","5525",NULL,"cidade alta","100.0","97.51","100.0","99.5","-11.719489","-61.799173","110028805000093","-11.72077","-61.799467","110028805000048","-11.72077","-61.799467","0","145.9932728","1","3.92226385",False,True
382,"AVENIDA RECIFE CENTRO","6151.0",NULL,"centro",65565,"1487426","AVENIDA  RECIFE INDUSTRIAL","6151",NULL,"industrial","100.0","100.0","37.5","93.75","-11.7224542","-61.7884588","110028805000114","-11.722304","-61.788446","110028805000050","-11.722304","-61.788446","0","16.75954324","1","4.27730875",False,NULL
383,"RUA BARAO DO RIO BRANCO CENTRO",NULL,"AO LADO DO CAMPO","centro",46924,"1158888","RUA  RIO BRANCO CENTRO","1867",NULL,"centro","100.0","0.0","100.0","80.0","-11.90896004","-61.77548476","110029605000002","-11.436641","-61.448994","110004905000010","-11.4366015","-61.448871999999994","14.00310478","63421.89340235","1","62930.27059619",False,False
384,"RUA VALDEBETO JOSE DE OLIVEIRA SAUDE","2000.0","ESCOLA RONALDO","saude",116555,"100134358","RUA  OLIVEIRA NOVO HORIZONTE","1757",NULL,"novo horizonte","100.0","87.85","10.53","88.62","-11.909735","-61.77339333","110029605000002","-10.852096","-61.974956","110012205000194","-10.852096","-61.974956","0","119639.11124687","1","118818.71312345",False,False
385,"AVENIDA TANCREDO NEVES CENTRO","2221.0",NULL,"centro",24212,"180242584","RUA  TANCREDO NEVES CENTRO","2098","TERREO 1","centro","100.0","94.46","100.0","98.89","-11.9087923","-61.7792748","110029605000004","-12.999466","-60.944563","110007205000004","-12.999466","-60.944563","0","151400.37893296","1","150736.90169189",False,False
386,"RUA VANDERLEI DALA COSTA CENTRO","2635.0",NULL,"centro",139706,"1493287","RUA  VANDERLEI DALLA COSTA CENTRO","2635",NULL,"centro","97.56","100.0","100.0","98.29","-11.9051553","-61.77848443","110029605000005","-11.905121","-61.778751","110029605000005","-11.905121","-61.778751","0","29.25339852","1","0",True,NULL
387,"AVENIDA SENADOR OLAVO PIRES CENTRO","2357.0",NULL,"centro",24016,"180242706","AVENIDA  OLAVO PIRES CENTRO","2296",NULL,"centro","100.0","97.41","100.0","99.48","-11.90264","-61.7810287","110029605000005","-12.99945","-60.946482","110007205000004","-12.99945","-60.946482","0","151937.4381504","1","150786.0931193",False,False
388,"RUA 7 DE SETEMBRO CENTRO","2744.0",NULL,"centro",24179,"1223298","RUA  SETE DE SETEMBRO CENTRO","2083",NULL,"centro","100.0","75.91","100.0","95.18","-11.9037697","-61.7845132","110029605000005","-12.9977","-60.941588","110007205000004","-12.9977","-60.941588","0","152225.80912663","1","150949.87312091",False,False
389,"RUA NELSON TREMEA CENTRO S-01","628.0",NULL,"centro s-01",383844,"92303321","RUA  NELSON TREMEIA CENTRO","629",NULL,"centro","96.3","99.84","100.0","97.38","-12.7420567","-60.15002804","110030405000012","-12.742157","-60.149762","110030405000148","-12.742157","-60.149762","0","30.93426207","1","9.01770574",False,True
390,"AVENIDA AVENIDA LEOPOLDO PEREZ CENTRO S-01","2550.0",NULL,"centro s-01",465259,"1613278","AVENIDA  LEOPOLDO PEREZ CENTRO","2453",NULL,"centro","100.0","96.2","100.0","99.24","-12.7425111","-60.1517111","110030405000012","-12.741746","-60.152483","110030405000019","-12.741746","-60.152483","0","119.35855984","1","36.53026486",False,NULL
391,"AVENIDA 15 DE NOVEMBRO CENTRO S-01","2579.0","QUADRA 94 SETOR 01","centro s-01",60105,"215026612","RUA  QUINZE DE NOVEMBRO CENTRO","1887","CASA 2","centro","100.0","73.17","100.0","94.63","-12.7435392","-60.1522055","110030405000012","-11.433226","-61.448569","110004905000009","-11.433226","-61.448569","0","202719.71030486","1","201848.44852285",False,False
392,"AVENIDA LIBERDADE CENTRO S-01","3950.0","TERREO","centro s-01",43208,"180246196","AVENIDA  LIBERDADE PACARANA","2528",NULL,"pacarana","100.0","64.0","21.05","84.91","-12.7433736","-60.1385441","110030405000001","-11.001355","-60.845655","110009810000001","-11.001355","-60.845655","0","208425.66265285","1","206983.56722152",False,False
393,"AVENIDA BENNO LUIZ GRAEBIN BNH","5.0","JARDIM ELDORADO","bnh",249181,"1611293","AVENIDA  BENNO LUIZ GRAEBIN JARDIM ELDORADO","6","FRENTE","jardim eldorado","100.0","83.33","0.0","86.67","-12.7368771","-60.118596","110030405000017","-12.735986","-60.120561","110030405000014","-12.735986","-60.120561","0","235.02988131","1","138.07243951",False,True
394,"AVENIDA AVENIDA TIRADENTES SETOR INDUSTRIAL","265.0","PREDIO ESCOLAR","setor industrial",36651,"1263290","AVENIDA  TIRADENTES SERRARIA","236",NULL,"serraria","100.0","89.06","33.33","91.14","-12.7476817","-60.1201725","110030405000025","-10.779591","-65.331468","110010605000006","-10.779591","-65.331468","0","608009.76607029","1","608157.26044265",False,False
395,"AVENIDA JURACI CORREIA MULLER SAO PAULO","6884.0",NULL,"sao paulo",72258,"1611832","AVENIDA  JURACI CORREIA MULLER JARDIM ELDORADO","6455",NULL,"jardim eldorado","100.0","93.77","33.33","92.09","-12.7377487","-60.1094581","110030405000029","-12.736512","-60.113003","110030405000016","-12.736512","-60.113003","0","408.32803741","1","18.4614695",False,True
396,"RUA NOVECENTOS E SETE BOA ESPERANCA","2078.0",NULL,"boa esperanca",105951,"1492374","RUA  SETE SANTA LUZIA","2200",NULL,"santa luzia","100.0","94.45","50.0","93.89","-12.7266106708094","-60.1111048367434","110030405000034","-11.909424","-61.767899","110029605000003","-11.909424","-61.767899","0","201621.25267964","1","201195.06813474",False,NULL
397,"RUA RUA NOVECENTOS E DEZENOVE ARIPUANA","2332.0","COHAB","aripuana",18977,"109351162","AVENIDA  E RESIDENCIAL ESPLANADA","2439",NULL,"residencial esplanada","100.0","95.61","34.48","92.57","-12.7253555","-60.1062277","110030405000035","-11.717068","-61.754858","110028805000078","-11.717068","-61.754858","0","211350.95928084","1","210993.53323977",False,NULL
398,"RUA JOSIAS ANTONIO DA SILVA JARDIM OLIVEIRAS","1465.0",NULL,"jardim oliveiras",613679,"92305905","RUA  JOSIAS ANTONIO DA SILVA JARDIM DAS OLIVEIRAS","1465",NULL,"jardim das oliveiras","100.0","100.0","100.0","100.0","-12.7244817","-60.1376295","110030405000038","-12.725497","-60.137614","110030405000038","-12.725497","-60.137614","0","112.90888146","1","0",True,NULL
399,"RUA JOSIAS ANTONIO DA SILVA JARDIM DAS OLIVEIRAS","1415.0","SHIRLEY CERUTI","jardim das oliveiras",626176,"97986247","RUA  JOSIAS ANTONIO DA SILVA JARDIM DAS OLIVEIRAS","1386",NULL,"jardim das oliveiras","100.0","97.95","100.0","99.59","-12.72593","-60.1378501","110030405000038","-12.726259","-60.137719","110030405000082","-12.726259","-60.137719","0","39.24952434","1","5.47899649",False,True
400,"AVENIDA RIO GRANDE DO SUL PARQUE INDUSTRIAL NOVO TEMP","4641.0",NULL,"parque industrial novo temp",25194,"180254347","RUA  RIO GRANDE DO SUL VISTA ALEGRE","4064",NULL,"vista alegre","100.0","87.57","30.77","90.59","-12.7193245","-60.129276","110030405000039","-11.541832","-61.007343","110009805000033","-11.541832","-61.007343","0","162032.76785638","1","160673.92883275",False,NULL
401,"RUA ARLINDO REBELATO JARDIM AMERICA","6344.0","SETOR 23","jardim america",NULL,NULL,NULL,NULL,NULL,NULL,NULL,NULL,NULL,"0.0","-12.722125","-60.1102195","110030405000041",NULL,NULL,NULL,NULL,NULL,NULL,NULL,"1",NULL,NULL,NULL
402,"RUA RUA DOMINGOS LINHARES CENTRO S-01","450.0","PREDIO","centro s-01",620676,"1254816","RUA  LINHARES SAO FRANCISCO","417","ENTRADA 1","sao francisco","100.0","92.67","33.33","91.87","-12.7442659","-60.1364149","110030405000043","-10.878681","-61.927017","110012205000109","-10.878681","-61.927017","0","284624.80543841","1","283690.2484912",False,False
403,"AV. CAPITAO CASTRO CENTRO S-01","4807.0","PREDIO TEMPORARIO","centro s-01",239796,"92307342","AVENIDA CAPITAO CASTRO CENTRO","4428","TERREO","centro","100.0","92.12","100.0","98.42","-12.7441101","-60.13714","110030405000043","-12.743454","-60.133746","110030405000043","-12.7434055","-60.133747","5.39405182","375.25942007","1","0",True,NULL
404,"AVENIDA AVENIDA BRIGADEIRO EDUARDO GOMES BELA VISTA","1425.0",NULL,"bela vista",208348,"215098134","AVENIDA BRIGADEIRO EDUARDO GOMES BELA VISTA","1425",NULL,"bela vista","100.0","100.0","100.0","100.0","-12.7308169","-60.1205395","110030405000044","-12.730739","-60.120498","110030405000044","-12.730739","-60.120498","0","9.76177693","1","0",True,NULL
405,"AVENIDA AVENIDA BRIGADEIRO EDUARDO GOMES BELA VISTA","1425.0",NULL,"bela vista",208348,"215098134","AVENIDA BRIGADEIRO EDUARDO GOMES BELA VISTA","1425",NULL,"bela vista","100.0","100.0","100.0","100.0","-12.7309009","-60.1210083","110030405000044","-12.730739","-60.120498","110030405000044","-12.730739","-60.120498","0","58.2020487","1","0",True,NULL
406,"AVENIDA LILIANA GONZAGA BELA VISTA","1265.0",NULL,"bela vista",208229,"1623016","AVENIDA  LILIANA GONZAGA BELA VISTA","1284",NULL,"bela vista","100.0","98.52","100.0","99.7","-12.73041303","-60.12262989","110030405000044","-12.731367","-60.1227","110030405000044","-12.731367","-60.1227","0","106.34897989","1","0",True,NULL
407,"AVENIDA AVENIDA MIL OITOCENTOS E TREZE BELA VISTA","5187.0","SETOR 18","bela vista",208410,"1622733","TRAVESSA  1813 BELA VISTA","5204",NULL,"bela vista","100.0","99.67","100.0","99.93","-12.7274584","-60.1231761","110030405000044","-12.726615","-60.122745","110030405000044","-12.726615","-60.122745","0","104.79218544","1","0",True,NULL
408,"RUA RUA MARTIN LUTERO JARDIM AMERICA","730.0","SETOR 5","jardim america",423647,"1606502","RUA  MARTIN LUTERO JARDIM AMERICA","730",NULL,"jardim america","100.0","100.0","100.0","100.0","-12.7309839","-60.1425583","110030405000163","-12.731402","-60.142592","110030405000005","-12.731402","-60.142592","0","46.63412727","1","0",False,NULL
409,"AVENIDA PARANA SAO PAULO","590.0","SETOR 06","sao paulo",9966,"91953404","AVENIDA  PARANA NOVO HORIZONTE","594",NULL,"novo horizonte","100.0","99.33","26.09","92.47","-12.7310046","-60.1423826","110030405000163","-11.433155","-61.458595","110004905000017","-11.433155","-61.458595","0","203242.11752302","1","202693.22112618",False,False
410,"AVENIDA PRESIDENTE TANCREDO NEVES JARDIM AMERICA","3309.0",NULL,"jardim america",13006,"1374966","AVENIDA  TANCREDO NEVES CENTRO","3407",NULL,"centro","100.0","97.12","20.0","91.42","-12.73275167","-60.14276","110030405000163","-9.42233","-61.998621","110013005000006","-9.42233","-61.998621","0","420119.12448956","1","418314.48912367",False,NULL
411,"AVENIDA MELVIN JONES CRISTO REI","1320.0",NULL,"cristo rei",320324,"92312335","AVENIDA  MELVIN JONES CRISTO REI","1224",NULL,"cristo rei","100.0","92.73","100.0","98.55","-12.7247094","-60.1458922","110030405000046","-12.725483","-60.146337","110030405000087","-12.725483","-60.146337","0","98.62598532","1","13.75293425",False,NULL
412,"AVENIDA MELVIN JONES CRISTO REI","1093.0",NULL,"cristo rei",320313,"221385092","AVENIDA  MELVIN JONES CRISTO REI","1094","SALA C","cristo rei","100.0","99.91","100.0","99.98","-12.7266145","-60.1468391","110030405000051","-12.726579","-60.146599","110030405000087","-12.726554","-60.146599","2.77987699","26.33950837","1","11.45216955",False,NULL
413,"RUA 363 - SETOR 03 - QUADRA 116 - LOTE UNICO BAIRRO TANCREDO NEVES","116.0",NULL,"bairro tancredo neves",53862,"92015628","RUA  03 RIO PARDO","128","CASA","rio pardo","100.0","90.62","40.0","92.12","-12.7594025","-60.1011846","110030405000079","-9.633551","-63.967961","110020505000074","-9.633551","-63.967961","0","546498.31316454","1","544346.91833845",False,NULL
414,"RUA TREZENTOS E DEZ PARQUE INDUSTRIAL TANCREDO","7108.0","SETOR INDUSTRIAL","parque industrial tancredo",72598,"215102434","RUA  E JARDIM ELDORADO","6365",NULL,"jardim eldorado","100.0","89.55","34.15","91.32","-12.7527754","-60.1112894","110030405000079","-12.737655","-60.114347","110030405000016","-12.737655","-60.114347","0","1713.70482053","1","1634.99722415",False,False
415,"BR 435 KM 48 PEROBAL AREA RURAL DE VILHENA",NULL,"ZONA RURAL","area rural de vilhena",18975,"217728267","AVENIDA  E RESIDENCIAL ESPLANADA","0",NULL,"residencial esplanada","100.0","0.0","42.86","74.29","-12.98891667","-60.402895","110030405000063","-11.717072","-61.755632","110028805000078","-11.717105499999999","-61.755449","20.26989708","203934.63291365","1","193450.05977657",False,NULL
416,"FAZENDA VISTA ALEGRE DISTRITO DE NOVA CONQUISTA",NULL,"GLEBA GUAPORE","distrito de nova conquista",26616,"91968628","RUA  VISTA ALEGRE VISTA ALEGRE","1196",NULL,"vista alegre","100.0","0.0","36.84","73.68","-12.9856595","-60.28610488","110030405000068","-11.543259","-61.016405","110009805000037","-11.543203","-61.016411500000004","6.26706181","178943.25550893","1","177731.31567224",False,False
417,"AVENIDA VITORIA REGIA JARDIM PRIMAVERA","1420.0","ESCOLA","jardim primavera",30445,"91983802","RUA  VITORIA REGIA SAO BERNARDO","1172",NULL,"sao bernardo","100.0","82.54","35.71","90.08","-12.7250173","-60.1422181","110030405000082","-10.854538","-61.968173","110012205000031","-10.854538","-61.968173","0","287676.99473544","1","286994.617719",False,False
418,"AVENIDA CURITIBA JARDIM DAS OLIVEIRAS","4185.0",NULL,"jardim das oliveiras",54119,"92297850","AVENIDA  CURITIBA CENTENARIO","3480",NULL,"centenario","100.0","83.15","26.67","89.3","-12.7294309","-60.1333301","110030405000086","-11.71841","-61.764226","110028805000020","-11.71841","-61.764226","0","209880.82021437","1","208833.55113901",False,False
419,"RUA RUA SANTA LUZIA SAO JOSE","893.0",NULL,"sao jose",120639,"221137826","RUA SANTA LUZIA JARDIM DOS MIGRANTES","889","CASA FUNDO B","jardim dos migrantes","100.0","99.55","28.57","92.77","-12.7421829","-60.1593079","110030405000076","-10.877885","-61.972277","110012205000024","-10.877885","-61.972277","0","286194.10055312","1","285330.95607198",False,False
420,"RUA JOSE HONORIO RAMOS PARQUE CIDADE JARDIM II","1797.0",NULL,"parque cidade jardim ii",894122,"102566372","RUA  JOSE HONORIO RAMOS PARQUE JARDIM 1","1797",NULL,"parque jardim 1","100.0","100.0","92.86","99.29","-12.71894265","-60.15276115","110030405000107","-12.719021","-60.152994","110030405000107","-12.719021","-60.152994","0","26.71682426","1","0",True,NULL
421,"PARQUE INDIGENA ARIPUANA RESERVA ROOSEVELT AREA RURAL DE VILHENA",NULL,"ALDEIA SOWAINTE","area rural de vilhena",409491,"92282959","RUA  PARQUE CASCALHEIRA","1750","CASA 1","cascalheira","100.0","0.0","37.5","73.75","-12.33689601","-60.25336669","110030405000111","-8.777193","-63.835127","110020505090111","-8.777118","-63.835127","8.33963098","556701.19200141","1","554849.41759167",False,False
422,"AVENIDA PARANA PARQUE SAO PAULO","630.0",NULL,"parque sao paulo",9975,"91953414","AVENIDA  PARANA NOVO HORIZONTE","626","FRENTE","novo horizonte","100.0","99.37","33.33","93.21","-12.7391979","-60.1132754","110030405000125","-11.432938","-61.458976","110004905000017","-11.432937500000001","-61.458983","0.76494389","206168.55262885","1","205717.81544927",False,False
423,"RUA 2506 JARDIM UNIVERSITARIO","4130.0",NULL,"jardim universitario",30835,"180227426","RUA  E JARDIM VITORIA","3781","CASA 1","jardim vitoria","100.0","91.55","70.59","95.37","-12.7502113","-60.1391979","110030405000129","-11.411452","-61.47518","110004905000107","-11.411442000000001","-61.47519","1.55707027","207992.80850313","1","207196.54138878",False,False
424,"RUA SETE MIL SEISCENTOS E NOVE RESIDENCIAL ALPHAVILLE I","3556.0",NULL,"residencial alphaville i",21889,"108946421","RUA  7607 RESIDENCIAL ORLEANS","4091",NULL,"residencial orleans","100.0","86.92","73.33","94.72","-12.7394633","-60.107214","110030405000132","-12.725843","-60.100016","110030405000153","-12.725843","-60.100016","0","1703.88795566","1","1354.02920529",False,False
425,"AVENIDA AVENIDA CAPITAO CASTRO CENTRO S-01","3050.0","ESQUINA COM A AV JK","centro s-01",383911,"92302856","AVENIDA CAPITAO CASTRO CENTRO","3050",NULL,"centro","100.0","100.0","100.0","100.0","-12.740131","-60.1462784","110030405000148","-12.739918","-60.146311","110030405000148","-12.739918","-60.146311","0","23.94701001","1","0",True,NULL
426,"AVENIDA LIBERDADE CENTRO S-01","2864.0","PREDIO","centro s-01",43208,"180246196","AVENIDA  LIBERDADE PACARANA","2528",NULL,"pacarana","100.0","88.27","21.05","89.76","-12.74044711","-60.14777445","110030405000148","-11.001355","-60.845655","110009810000001","-11.001355","-60.845655","0","207754.21078979","1","206455.56476417",False,False
427,"AVENIDA BEIRA RIO CENTRO S-01","2865.0",NULL,"centro s-01",58717,"1607239","AVENIDA  BEIRA RIO CENTRO","3145",NULL,"centro","100.0","91.1","100.0","98.22","-12.7434155","-60.149421","110030405000149","-12.744434","-60.146608","110030405000006","-12.744434","-60.146608","0","325.42855482","1","5.22645847",False,True
428,"RUA RUA AUGUSTO NICOLIELO BODANESE","423.0","SETOR 07","bodanese",344160,"215113337","RUA  AUGUSTO NICOLIELO BODANESE","424",NULL,"bodanese","100.0","99.76","100.0","99.95","-12.7305278","-60.1542085","110030405000160","-12.730486","-60.15397","110030405000010","-12.730486","-60.15397","0","26.28234703","1","0",False,NULL
429,"RUA PALESTRA ITALIA EMBRATEL",NULL,NULL,"embratel",293313,"99488285","RUA  ITALIA PEDRINHAS","2413",NULL,"pedrinhas","100.0","0.0","35.29","73.53","-12.736558","-60.101642","110030405000143","-8.743935","-63.90374","110020505060033","-8.743985","-63.903817","10.12545949","607907.8218495","1","605983.67226481",False,False
430,"RUA NEUZALINA MARIA DE ARAUJO MARCOS FREIRE","251.0","ESCOLA","marcos freire",722648,"92304307","AVENIDA  NEUZALINA MARIA DE ARAUJO MARCOS FREIRE","555",NULL,"marcos freire","100.0","45.23","100.0","89.05","-12.7330968","-60.1507542","110030405000159","-12.730858","-60.149721","110030405000020","-12.730858","-60.149721","0","273.00321345","1","39.138027",False,NULL
431,"AVENIDA SETECENTOS E TRINTA E NOVE BODANESE",NULL,NULL,"bodanese",18975,"217728267","AVENIDA  E RESIDENCIAL ESPLANADA","0",NULL,"residencial esplanada","100.0","0.0","34.48","73.45","-12.73377715","-60.15078831","110030405000159","-11.717072","-61.755632","110028805000078","-11.717105499999999","-61.755449","20.26989708","207837.8831853","1","207248.60632536",False,NULL
432,"AVENIDA MELVIN JONES RESIDENCIAL MOYSES DE FREIT","2625.0",NULL,"residencial moyses de freit",813563,"1634277","AVENIDA  MELVIN JONES CRISTO REI","1910","FRENTE","cristo rei","100.0","72.76","43.24","88.88","-12.713076537475","-60.1437871344388","110030405000167","-12.719453","-60.14465","110030405000090","-12.719453","-60.14465","0","715.18178342","1","481.71971959",False,False
433,"ALDEIA JOAO BRAVO KM 130 ZONA RURAL",NULL,NULL,"zona rural",30804,"1164829","RUA  E JARDIM VITORIA","4910","CASA","jardim vitoria","100.0","0.0","33.33","73.33","-11.638817","-60.451509","110030405000182","-11.414106","-61.477473","110004905000107","-11.414114","-61.4775025","3.33616299","114539.8971765","1","114206.42560006",False,False
434,"BR 174 KM03 ZONA URBANA","4334.0",NULL,"zona urbana",30830,"180227415","RUA  E JARDIM VITORIA","4760","CASA","jardim vitoria","100.0","91.05","32.0","91.41","-12.7042354","-60.1190913","110030405000198","-11.412242","-61.475231","110004905000107","-11.412242","-61.475231","0","205876.46692009","1","204562.33697822",False,False
435,"RUA DUZALINA MILANI JARDIM ELDORADO","757.0",NULL,"jardim eldorado",839979,"1610767","RUA  DUZALINA MILANI JARDIM ELDORADO","757",NULL,"jardim eldorado","100.0","100.0","100.0","100.0","-12.7336551","-60.1284937","110030405000209","-12.733481","-60.128148","110030405000013","-12.733481","-60.128148","0","42.1974858","1","0",False,NULL
436,"RUA ZACARIAS ROCHA DE AZEVEDO JARDIM ELDORADO","682.0",NULL,"jardim eldorado",21318,"108710035","AVENIDA  ZACARIAS ROCHA DE AZEVEDO BELA VISTA","1885",NULL,"bela vista","100.0","36.18","40.0","81.24","-12.7354283333333","-60.1267533333333","110030405000210","-12.724774","-60.124144","110030405000040","-12.724774","-60.124144","0","1218.04466085","1","804.36081732",False,NULL
437,"AVENIDA AVENIDA SABINO BEZERRA DE QUEIROZ JARDIM AMERICA","3661.0",NULL,"jardim america",154045,"218584251","AVENIDA  SABINO BEZERRA DE QUEIROZ JARDIM AMERICA","4059",NULL,"jardim america","100.0","90.19","100.0","98.04","-12.7358629","-60.1399877","110030405000222","-12.737139","-60.13672","110030405000147","-12.737139","-60.13672","0","381.76181832","1","15.75816627",False,True
438,"AVENIDA AVENIDA SABINO BEZERRA DE QUEIROZ JARDIM AMERICA","3625.0","SESC LER","jardim america",154045,"218584251","AVENIDA  SABINO BEZERRA DE QUEIROZ JARDIM AMERICA","4059",NULL,"jardim america","100.0","89.31","100.0","97.86","-12.7359644","-60.1403602","110030405000222","-12.737139","-60.13672","110030405000147","-12.737139","-60.13672","0","415.85555899","1","15.75816627",False,True
439,"RUA RUA V-NOVE ARIPUANA- COHAB","6915.0","SETOR 73","aripuana- cohab",236512,"102812026","RUA  A 9 CIDADE JARDIM RESIDENCIAL","4853",NULL,"cidade jardim residencial","75.0","70.18","30.0","69.54","-12.723668","-60.106294","110030405000231","-11.700967","-61.776717","110028805000088","-11.700967","-61.776717","0","214213.87886615","1","213757.49245924",False,NULL
440,"AREA AREA RURAL AREA RURAL DE VILHENA",NULL,"ZONA RURAL","area rural de vilhena",61985,"100166781","RUA  RURAL TEIXEIRAO","1332","CASA VERDE","teixeirao","100.0","0.0","26.67","72.67","-12.44663164","-60.51396909","110030405000233","-11.423637","-61.431678","110004905000096","-11.423649","-61.431728","5.6105921","151350.51103493","1","150552.41849939",False,NULL
441,"AREA AREA RURAL AREA RURAL DE VILHENA",NULL,"BR 174, KM 15","area rural de vilhena",61985,"100166781","RUA  RURAL TEIXEIRAO","1332","CASA VERDE","teixeirao","100.0","0.0","26.67","72.67","-12.63468833","-60.09382333","110030405000243","-11.423637","-61.431678","110004905000096","-11.423649","-61.431728","5.6105921","198248.17057008","1","189419.83033086",False,NULL
442,"RUA JATOBA PLANALTO","2200.0",NULL,"planalto",321205,"109338962","RUA  JATOBA PLANALTO","2608",NULL,"planalto","100.0","84.36","100.0","96.87","-11.6855307","-62.7139576","110032005000008","-11.684337","-62.718999","110032005000033","-11.684337","-62.718999","0","564.7804196","1","43.35994085",False,True
443,"AVENIDA PRESIDENTE VARGAS PLANALTO","1620.0",NULL,"planalto",136856,"92578138","AVENIDA PRESIDENTE GETULIO VARGAS CENTRO","1984",NULL,"centro","100.0","81.65","42.86","90.62","-11.6864231","-62.717972","110032005000008","-10.249483","-62.351257","110160905000002","-10.249483","-62.351257","0","164718.95630956","1","163422.12019761",False,False
444,"RUA MARACATIARA CRISTO REI","1952.0",NULL,"cristo rei",216929,"1637385","RUA  MARACATIARA CRISTO REI","1941",NULL,"cristo rei","100.0","99.44","100.0","99.89","-11.6896881","-62.7143166","110032005000005","-11.691388","-62.71274","110032005000005","-11.691388","-62.71274","0","255.34402901","1","0",True,NULL
445,"AVENIDA 16 DE JUNHO CRISTO REI","1300.0","PREDIO","cristo rei",96766,"101440826","RUA  16 COLINA PARK","1673",NULL,"colina park","100.0","77.7","38.1","89.35","-11.6908315","-62.7134325","110032005000005","-11.446394","-61.49396","110004905000094","-11.446394","-61.49396","0","135596.52215844","1","135024.05605854",False,NULL
446,"AV 16 DE JUNHO CRISTO REI","1250.0","APAE SMG","cristo rei",730029,"215016603","TRAVESSA  16 SETOR 0006","962",NULL,"setor 0006","100.0","76.96","40.0","89.39","-11.6913878","-62.7134558","110032005000006","-12.43511","-64.221212","110008005000006","-12.43511","-64.221212","0","183627.42922557","1","182870.39797242",False,NULL
447,"LINHA 82 KM 16 ZONA RURAL",NULL,NULL,"zona rural",11659,"1329179","LINHA  DOIS GLEBA SANTA CRUZ","8",NULL,"gleba santa cruz","100.0","0.0","46.15","74.62","-11.8456667","-62.71802","110032005000028","-13.153432","-61.013279","110005605000024","-13.1528665","-61.013268999999994","62.89013938","235358.58059048","1","229894.03292369",False,False
448,"RUA NOROESTE CENTRO","2200.0","EM FRENTE A MATRIZ","centro",251732,"1636348","RUA  NOROESTE CENTRO","2200",NULL,"centro","100.0","100.0","100.0","100.0","-11.6966745","-62.7173117","110032005000002","-11.696746","-62.717383","110032005000002","-11.696746","-62.717383","0","11.11227845","1","0",True,NULL
449,"AVENIDA DEZESSEIS DE JUNHO CENTRO","565.0","PROXIMO A IGREJA CAT","centro",243953,"1233041","RUA  DEZESSEIS DE JUNHO CENTRO","2029",NULL,"centro","100.0","27.85","100.0","85.57","-11.6972812","-62.7152409","110032005000003","-11.533389","-61.016302","110009805000006","-11.533389","-61.016302","0","185939.8374453","1","185910.6918512",False,False
450,"LINHA 94 KM 04 SUL",NULL,"ZONA RURAL","sul",14473,"1224019","LINHA  04 ZONA RURAL","6","SITIO 3 P 4 EIXO","zona rural","100.0","0.0","30.77","73.08","-11.7648373","-62.6173727","110032005000012","-12.967119","-60.870289","110007205000008","-12.967310000000001","-60.868827499999995","159.78509932","232119.93270098","1","225424.03707211",False,False
451,"LH 90 KM 12 ZONA RURAL",NULL,NULL,"zona rural",53959,"98860864","RUA  12 RIO PARDO","0",NULL,"rio pardo","100.0","0.0","31.58","73.16","-11.8384449","-62.6449055","110032005000014","-9.632019","-63.967293","110020505000074","-9.632019","-63.967293","0","284714.0326163","1","273756.37487443",False,NULL
452,"AVENIDA PRESIDENTE KENEDY CRISTO REI","1685.0",NULL,"cristo rei",428412,"180268788","AVENIDA PRESIDENTE KENNEDY PIONEIROS","1540",NULL,"pioneiros","97.14","91.39","42.11","90.49","-11.68746","-62.710116","110032005000030","-11.667405","-61.191134","110018905000003","-11.667405","-61.191134","0","165422.29871096","1","164981.79913274",False,False
453,"AVENIDA PRESIDENTE KENNEDY PLANALTO","1685.0",NULL,"planalto",149275,"180381333","AVENIDA  KENNEDY PLANALTO","1685",NULL,"planalto","100.0","100.0","100.0","100.0","-11.6879603","-62.7103974","110032005000030","-11.687871","-62.710242","110032005000030","-11.687871","-62.710242","0","19.61973878","1","0",True,NULL
454,"LHB 78 KM 12 SUL ZONA RURAL",NULL,NULL,"zona rural",106111,"1492320","RUA  8 SANTA LUZIA","26",NULL,"santa luzia","100.0","0.0","47.62","74.76","-11.8312751","-62.7545001","110032005000017","-11.907629","-61.766947","110029605000003","-11.9076065","-61.766938499999995","2.66734733","107797.95075067","1","105706.65092406",False,NULL
455,"PRIMAVERA ZONA RURAL",NULL,"QUILOMBOLA","zona rural",25564,"1239967","RUA  PRIMAVERA VISTA ALEGRE","1367",NULL,"vista alegre","100.0","0.0","36.36","73.64","-12.1750204","-63.1173163","110032005000044","-11.545893","-61.0107","110009805000033","-11.545881","-61.010678","2.74318607","239678.9662996","1","237251.45892105",False,NULL
456,"LINHA 86 KM 08 SUL",NULL,NULL,"sul",15151,"110618913","LINHA  06 ZONA RURAL","82",NULL,"zona rural","100.0","0.0","30.77","73.08","-11.8002779","-62.6811705","110032005000051","-12.894236","-60.888751","110007205000008","-12.894236","-60.888844","10.08037653","229571.04965948","1","225245.25978989",False,False
457,"RUA JACARANDA DISTRITO DE SANTANA DO GUAP",NULL,"SETOR 02","distrito de santana do guap",224859,"180380200","RUA  JACARANDA DISTRITO DE SANTANA","266",NULL,"distrito de santana","100.0","0.0","100.0","80.0","-11.7262564","-62.4938781","110032020000001","-11.725314","-62.494258","110032020000001","-11.725309","-62.4942645","0.89996015","112.65773593","1","0",True,NULL
458,"AV ANTONIO LUCAS DE ARAUJO JOAO FRANCISCO CLIMACO","3175.0",NULL,"joao francisco climaco",751332,"1646111","AVENIDA  ANTONIO LUCAS DE ARAUJO JOAO FRANCISCO CLIMACO","3288",NULL,"joao francisco climaco","100.0","96.56","100.0","99.31","-10.416985","-65.33186","110033805000007","-10.41607","-65.331218","110033805000007","-10.41607","-65.331218","0","123.61750073","1","0",True,NULL
459,"AVENIDA AFONSO PENA JOAO FRANCISCO CLIMACO","7122.0","CRECHE","joao francisco climaco",51114,"1187699","RUA  AFONSO PENA REDONDO","5321",NULL,"redondo","100.0","74.71","20.69","87.01","-10.41712","-65.33064667","110033805000007","-11.935996","-62.005987","110001505000002","-11.935983499999999","-62.0059925","1.51325876","400058.96870135","1","399113.31146189",False,False
460,"LINHA 21 B, KM 35",NULL,NULL,NULL,14429,"110618882","LINHA  05 ZONA RURAL","5",NULL,"zona rural","100.0","0.0","0.0","70.0","-10.42167","-65.337373","110033805000009","-12.924696","-60.870773","110007205000008","-12.925339","-60.870974","74.74333634","560351.60640818","1","547449.28297886",False,False
461,"AVENIDA RAIMUNDO FERNANDES PLANALTO","4312.0",NULL,"planalto",674696,"1647852","AVENIDA  RAIMUNDO FERNANDES PLANALTO","4311",NULL,"planalto","100.0","99.98","100.0","100.0","-10.40523833","-65.33077167","110033805000012","-10.404988","-65.331001","110033805000012","-10.404988","-65.331001","0","37.46826388","1","0",True,NULL
462,"AVENIDA MANOEL DIAS DE ABREU PLANALTO","6895.0",NULL,"planalto",479163,"1354936","RUA  MANOEL DE FARIAS SAO SEBASTIAO","5522",NULL,"sao sebastiao","83.33","80.09","38.1","78.16","-10.405955","-65.33035833","110033805000012","-8.740501","-63.904951","110020505060070","-8.740501","-63.904951","0","242322.97106385","1","240942.28396945",False,False
463,"AVENIDA MARACATIARA CENTRO","391.0","DISTRITO PALMEIRAS","centro",216915,"1637473","RUA  MARACATIARA CRISTO REI","1410",NULL,"cristo rei","100.0","27.73","37.5","79.3","-10.408087","-65.33514","110033805000003","-11.690469","-62.710653","110032005000005","-11.690469","-62.710653","0","319946.02345203","1","319674.38305435",False,False
464,"BR 425, KM 42",NULL,"ZONA RURAL",NULL,36311,"1231104","TRAVESSA  02 SAO DOMINGOS DO GUAPORE","0",NULL,"sao domingos do guapore","100.0","0.0","0.0","70.0","-10.408087","-65.33514","110033805000003","-12.077143","-64.025356","110008035000003","-11.4119425","-63.179792000000006","118088.85999757","234195.41581365","1","233070.75941284",False,False
465,"LINHA 25 B, KM 18",NULL,NULL,NULL,14373,"1223970","LINHA  05 ZONA RURAL","5","SITIO 3 P 4 EIXO","zona rural","100.0","0.0","0.0","70.0","-10.408087","-65.33514","110033805000003","-12.924981","-60.870297","110007205000008","-12.925424499999998","-60.870535000000004","55.6533567","560963.01829585","1","560479.18623392",False,False
466,"LINHA 21 B, KM 18",NULL,NULL,NULL,23595,"1221960","LINHA  UM LINHA ZERO UM","28",NULL,"linha zero um","100.0","0.0","0.0","70.0","-10.408087","-65.33514","110033805000003","-13.130498","-60.611867","110006405000047","-13.128217","-60.611913","253.68488679","596607.08582205","1","596075.20549591",False,False
467,"LINHA 23, KM 18",NULL,NULL,NULL,30825,"1164871","RUA  E JARDIM VITORIA","0",NULL,"jardim vitoria","100.0","0.0","0.0","70.0","-10.408087","-65.33514","110033805000003","-11.414227","-61.477063","110004905000107","-11.494376","-61.477473","8912.2864535","435838.74305164","1","435970.39162507",False,False
468,"LINHA 08 D,KM16 PROJETO SIDNEY GIRAO",NULL,"ZONA RURAL","projeto sidney girao",27829,"105672846","LINHA  8 SERRA GRANDE","0",NULL,"serra grande","100.0","0.0","43.75","74.38","-10.408087","-65.33514","110033805000003","-12.24597","-64.331668","110008005000027","-12.244240999999999","-64.3312535","197.46200425","231804.57440832","1","230409.12967819",False,False
469,"3ª LINHA DO RIBEIRAO KM 12 ZONA RURAL",NULL,"DISTRIMARECHAL RONDO","zona rural",30908,"110257005","LINHA  12 LINHA E","14","CASA","linha e","100.0","0.0","35.29","73.53","-10.408087","-65.33514","110033805000003","-11.438415","-61.259162","110004910000018","-11.438415","-61.259064","10.68068396","459518.15430577","1","459678.65331484",False,False
470,"ALDEIA DA LINHA 26 ALDEIA LINHA 26",NULL,"LINHA 26","aldeia linha 26",15625,"110618483","LINHA  6 LINHA 6","4",NULL,"linha 6","100.0","0.0","83.33","78.33","-10.408087","-65.33514","110033805000003","-13.278516","-60.511924","110006405000041","-13.278516","-60.511924","0","614266.50915317","1","613672.52446736",False,False
471,"ALDEIA DA LINHA 14 ALDEIA LINHA 14",NULL,"ALDEIA LINHA 14","aldeia linha 14",10894,"1186760","LINHA  14 FIGUEIRA","85","CASA 1","figueira","100.0","0.0","26.09","72.61","-10.408087","-65.33514","110033805000003","-11.430647","-61.146465","110004910000023","-11.4296865","-61.146347500000005","107.56790927","471240.17307083","1","471420.63394083",False,False
472,"LINHA 29 B, KM 14",NULL,"ZONA RURAL",NULL,8943,"1154017","LINHA  NOVE LINHA SETE","120","SITIO SN","linha sete","100.0","0.0","0.0","70.0","-10.408087","-65.33514","110033805000003","-13.403503","-60.472397","110003105000009","-13.4037425","-60.4713025","121.34634001","625129.53694779","1","624468.22477807",False,False
473,"LINHA 34 D KM 87 ZONA RURAL",NULL,NULL,"zona rural",14473,"1224019","LINHA  04 ZONA RURAL","6","SITIO 3 P 4 EIXO","zona rural","100.0","0.0","100.0","80.0","-10.408087","-65.33514","110033805000003","-12.967119","-60.870289","110007205000008","-12.967310000000001","-60.868827499999995","159.78509932","563282.83350963","1","562772.11165028",False,False
474,"LINHA 21 B KM 27",NULL,"ZONA RURAL",NULL,18951,"109351231","RUA  B LINHA 188","1066",NULL,"linha 188","100.0","0.0","0.0","70.0","-10.408087","-65.33514","110033805000003","-11.724911","-61.742113","110028805000078","-11.7251","-61.742113","21.01587007","418534.74313441","1","418514.96199542",False,NULL
475,"LINHA 32 KM 37",NULL,NULL,NULL,11669,"1329186","LINHA  DOIS GLEBA SANTA CRUZ","4",NULL,"gleba santa cruz","100.0","0.0","0.0","70.0","-10.408087","-65.33514","110033805000003","-13.152058","-60.996362","110005605000024","-13.153432","-60.995974","158.45299372","562228.28253912","1","561555.45029242",False,False
476,"LINHA 25 B, KM 7,5",NULL,NULL,NULL,14373,"1223970","LINHA  05 ZONA RURAL","5","SITIO 3 P 4 EIXO","zona rural","100.0","0.0","0.0","70.0","-10.408087","-65.33514","110033805000003","-12.924981","-60.870297","110007205000008","-12.925424499999998","-60.870535000000004","55.6533567","560963.01829585","1","560479.18623392",False,False
477,"LINHA 29 B, KM 33",NULL,NULL,NULL,8943,"1154017","LINHA  NOVE LINHA SETE","120","SITIO SN","linha sete","100.0","0.0","0.0","70.0","-10.408087","-65.33514","110033805000003","-13.403503","-60.472397","110003105000009","-13.4037425","-60.4713025","121.34634001","625129.53694779","1","624468.22477807",False,False
478,"LINHA 27 B KM 07",NULL,NULL,NULL,26153,"180255061","AVENIDA  B VILLA FLORA","3033",NULL,"villa flora","100.0","0.0","0.0","70.0","-10.408087","-65.33514","110033805000003","-11.557557","-61.032178","110009805000033","-11.724909","-61.033799","18609.5563735","486772.35262521","1","486938.30745272",False,NULL
479,"2ª LINHA DO RIBEIRAO, KM 30",NULL,NULL,NULL,160750,"1651050","LINHA  TRINTA LINHA 30 B","0","CASA","linha 30 b","100.0","0.0","0.0","70.0","-10.408087","-65.33514","110033805000003","-10.293986","-64.758815","110033815000003","-10.293986","-64.758444","40.58935203","64305.57366066","1","64068.18670916",False,False
480,"LINHA 29 B, KM 05",NULL,NULL,NULL,8943,"1154017","LINHA  NOVE LINHA SETE","120","SITIO SN","linha sete","100.0","0.0","0.0","70.0","-10.408087","-65.33514","110033805000003","-13.403503","-60.472397","110003105000009","-13.4037425","-60.4713025","121.34634001","625129.53694779","1","624468.22477807",False,False
481,"LINHA 29 B, KM 25",NULL,NULL,NULL,8943,"1154017","LINHA  NOVE LINHA SETE","120","SITIO SN","linha sete","100.0","0.0","0.0","70.0","-10.408087","-65.33514","110033805000003","-13.403503","-60.472397","110003105000009","-13.4037425","-60.4713025","121.34634001","625129.53694779","1","624468.22477807",False,False
482,"8ª LINHA DO RIBEIRAO, KM 20",NULL,NULL,NULL,113965,"109734330","LINHA  20 GLEBA 4 E","0",NULL,"gleba 4 e","100.0","0.0","0.0","70.0","-10.408087","-65.33514","110033805000003","-11.001858","-62.088628","110012205000132","-11.003398","-62.087645","202.07825662","360802.67862179","1","360930.35606489",False,False
483,"7ª LINHA DO RIBEIRAO, KM 23",NULL,NULL,NULL,11191,"110616968","LINHA  E FIGUEIRA","0","LOTE 38","figueira","100.0","0.0","0.0","70.0","-10.408087","-65.33514","110033805000003","-11.494909","-61.145608","110004910000023","-11.717162","-61.145608","24713.44005626","473056.81939751","1","473221.01091004",False,False
484,"LINHA 06, PROJETO SIDNEY GIRAO , NOVA MAMORE ALDEIA LINHA 06",NULL,"TERRA INDIGENA","aldeia linha 06",21422,"108710420","RUA  MAMORE RESIDENCIAL SOLAR DE VILHENA","83",NULL,"residencial solar de vilhena","100.0","0.0","46.51","74.65","-10.408087","-65.33514","110033805000003","-12.721739","-60.112073","110030405000040","-12.7217455","-60.112043","3.33326475","624400.12488252","1","624259.86086672",False,NULL
485,"ALDEIA LINHA 20 PROJETO SIDNEY GIRAO ALDEIA LINHA 20",NULL,"TERRA INDIGENA","aldeia linha 20",113967,"1260536","LINHA  20 GLEBA 4 E","0","CASA","gleba 4 e","100.0","0.0","41.67","74.17","-10.408087","-65.33514","110033805000003","-11.000459","-62.085295","110012205000132","-10.998389","-62.083624","293.67905529","361133.10006763","1","361261.49305873",False,False
486,"ALDEIA  LINHA 12. TERRA IND IGARAPE RIBEIRAO ALDEIA LINHA 12",NULL,"TERRA INDIGENA","aldeia linha 12",565170,"180402091","ALDEIA  RIBEIRAO ALDEIA INDIGENA RIBEIRAO","0",NULL,"aldeia indigena ribeirao","100.0","0.0","57.14","75.71","-10.408087","-65.33514","110033805000003","-10.299422","-65.13975","110033820000013","-10.299422","-65.13975","0","24551.75067406","1","24226.24308152",False,False
487,"LINHA 21 KM 55 - TRAVESSAO C/8 LINHA DO RIBEIRAO",NULL,NULL,NULL,14371,"1223967","LINHA  05 ZONA RURAL","6","SITIO 3 P 4 EIXO","zona rural","100.0","0.0","0.0","70.0","-10.408087","-65.33514","110033805000003","-12.92459","-60.878261","110007205000008","-12.924681","-60.878508","28.61796009","560190.24626152","1","559704.11973226",False,False
488,"LINHA 03 KM 29",NULL,"ZONA RURAL",NULL,8943,"1154017","LINHA  NOVE LINHA SETE","120","SITIO SN","linha sete","100.0","0.0","0.0","70.0","-10.408087","-65.33514","110033805000003","-13.403503","-60.472397","110003105000009","-13.4037425","-60.4713025","121.34634001","625129.53694779","1","624468.22477807",False,False
489,"ALDEIA DO LIMAO - LINHA DO LIMAO ALDEIA DO LIMAO",NULL,"TERRA INDIGENA","aldeia do limao",193077,"180398859","LINHA  C DO LIMAO LIMAO","0",NULL,"limao","93.33","0.0","100.0","75.33","-10.408087","-65.33514","110033805000003","-10.420126","-65.319956","110033805000009","-10.419644","-65.32008","55.28498631","2132.97006474","1","1823.7018221",False,False
490,"LINHA 23 KM 30",NULL,NULL,NULL,24326,"1224530","LINHA  TRES SITIO VAI QUEM QUER","26","SITIO 3","sitio vai quem quer","100.0","0.0","0.0","70.0","-10.408087","-65.33514","110033805000003","-12.990084","-60.833249","110007205000012","-12.6405425","-61.00209","42962.74954559","568034.9388774","1","567521.4550834",False,False
491,"LINHA 32 B, KM 46",NULL,NULL,NULL,7117,"1193926","LINHA  40 NOVA GEASE","3",NULL,"nova gease","100.0","0.0","0.0","70.0","-10.408087","-65.33514","110033805000003","-11.861549","-62.025726","110001505000024","-11.861471","-62.025855","16.50111242","395572.84944147","1","395400.76818323",False,NULL
492,"LINHA 23, KM 46",NULL,NULL,NULL,7118,"1193927","LINHA  40 NOVA GEASE","3","CASA","nova gease","100.0","0.0","0.0","70.0","-10.408087","-65.33514","110033805000003","-11.861427","-62.024057","110001505000024","-11.861504","-62.024057","8.56202114","395733.57934213","1","395562.05432312",False,NULL
493,"6ª LINHA DO RIBEIRAO KM 30",NULL,NULL,NULL,160749,"1651049","LINHA  TRINTA LINHA 30 B","0",NULL,"linha 30 b","100.0","0.0","0.0","70.0","-10.408087","-65.33514","110033805000003","-10.296239","-64.758782","110033815000003","-10.2967795","-64.761139","264.77739425","64259.93476801","1","64023.50977721",False,False
494,"LINHA 30B, KM 32",NULL,NULL,NULL,11669,"1329186","LINHA  DOIS GLEBA SANTA CRUZ","4",NULL,"gleba santa cruz","100.0","0.0","0.0","70.0","-10.408087","-65.33514","110033805000003","-13.152058","-60.996362","110005605000024","-13.153432","-60.995974","158.45299372","562228.28253912","1","561555.45029242",False,False
495,"AVENIDA ANTONIO PEREIRA DE SOUZA SAO JOSE","6592.0","PROXIMO AO PALACIUS","sao jose",351296,"1475929","RUA  ANTONIO DE SOUZA JUSCELINO KUBITSCHEK","7510","FRENTE","juscelino kubitschek","100.0","87.78","35.71","91.13","-10.41145667","-65.33540667","110033805000003","-8.773111","-63.841092","110020505090036","-8.773038","-63.840672","46.86387118","245007.56724085","1","243825.36760815",False,False
496,"LINHA 98 KM 8",NULL,"ZONA RURAL",NULL,18973,"217728259","AVENIDA  E RESIDENCIAL ESPLANADA","2495",NULL,"residencial esplanada","100.0","0.0","0.0","70.0","-11.7993703","-62.570651","110032020000010","-11.717191","-61.755266","110028805000078","-12.287349","-61.755162","63398.76528042","89233.32897679","1","82982.96792565",False,NULL
497,"AV. ANTONIO LUCAS DE ARAUJO CENTRO","3465.0",NULL,"centro",362402,"1643947","AVENIDA  ANTONIO LUCAS DE ARAUJO CENTRO","3465",NULL,"centro","100.0","100.0","100.0","100.0","-10.41438667","-65.33084667","110033805000001","-10.414519","-65.330727","110033805000001","-10.414519","-65.330727","0","19.69257528","1","0",True,NULL
498,"AVENIDA JOSE RIBEIRO DA COSTA CENTRO","7198.0",NULL,"centro",362528,"1644312","AVENIDA  JOSE RIBEIRO DA COSTA CENTRO","7235",NULL,"centro","100.0","99.49","100.0","99.9","-10.41274959","-65.32934801","110033805000001","-10.412326","-65.328992","110033805000001","-10.412326","-65.328992","0","61.10992209","1","0",True,NULL
499,"AV ANTONIO PEREIRA DE SOUZA CENTRO","7104.0",NULL,"centro",351296,"1475929","RUA  ANTONIO DE SOUZA JUSCELINO KUBITSCHEK","7510","FRENTE","juscelino kubitschek","100.0","94.59","30.77","92.0","-10.41321333","-65.33044667","110033805000001","-8.773111","-63.841092","110020505090036","-8.773038","-63.840672","46.86387118","244789.47686091","1","243520.43932402",False,False
500,"LNHA 27 B KM 45",NULL,NULL,NULL,18977,"109351162","AVENIDA  E RESIDENCIAL ESPLANADA","2439",NULL,"residencial esplanada","100.0","0.0","0.0","70.0","-10.412754","-65.32784","110033805000001","-11.717068","-61.754858","110028805000078","-11.717072","-61.747847","763.34403797","416001.44627381","1","416170.51620549",False,NULL
501,"AV. 12 DE OUTUBRO NOVO HORIZONTE","4042.0","NOVO HORIZONTE","novo horizonte",21705,"108710412","RUA  12 DE OUTUBRO RESIDENCIAL SOLAR DE VILHENA","2732",NULL,"residencial solar de vilhena","100.0","67.59","28.57","86.38","-10.40513333","-65.34002167","110033805000013","-12.721041","-60.112224","110030405000040","-12.721041","-60.112224","0","624976.29370418","1","624768.09673104",False,NULL
502,"AVENIDA ULISSES GUIMARAES NOVA REDENCAO","7224.0",NULL,"nova redencao",59246,"215065284","AVENIDA  ULISSES GUIMARAES ROTA DO SOL","4431",NULL,"rota do sol","100.0","61.34","41.67","86.43","-10.42270167","-65.333245","110033805000014","-9.727585","-63.314338","110040305000031","-9.727585","-63.314338","0","234153.87400764","1","233234.20701467",False,False
503,"29 B, KM 42",NULL,NULL,NULL,47207,"91955945","RUA  NOVE HABITAR BRASIL","2719","CASA","habitar brasil","100.0","0.0","0.0","70.0","-10.412638","-65.327561","110033805000039","-11.423175","-61.480079","110004905000033","-11.414143","-61.755266","30010.58652406","434837.64246667","1","434581.89053022",False,False
504,"AV. RAIMUNDO FERNANDES CIDADE NOVA","3055.0","PREDIO","cidade nova",672468,"92318397","AVENIDA  RAIMUNDO FERNANDES CIDADE NOVA","3055",NULL,"cidade nova","100.0","100.0","100.0","100.0","-10.4160343","-65.3357741","110033805000043","-10.416137","-65.335356","110033805000008","-10.416137","-65.335356","0","47.12900525","1","0",False,NULL
505,"ZONA URBANA CENTRO",NULL,"DISTRITO JACINOPOLIS","centro",247781,"1572133","RUA  ZONA FRANCA CONCEICAO","2094",NULL,"conceicao","81.82","0.0","40.0","61.27","-10.27085113","-64.28243623","110033812000011","-8.79374","-63.889883","110020505080002","-8.79372","-63.88988","2.24820298","169794.56796053","1","168684.6884948",False,False
506,"RUA PRESIDENTE CASTELO BRANCO CENTRO","3775.0","ESCOLA","centro",14170,"1222782","AVENIDA  CASTELO BRANCO CENTRO","2344",NULL,"centro","100.0","62.09","100.0","92.42","-12.0622197","-63.5676288","110149205000069","-12.994401","-60.946582","110007205000002","-12.994401","-60.946582","0","302797.19266932","1","302423.64848607",False,False
507,"RUA DAS COMUNICACOES CENTRO","4046.0","PROXIMO A RODOVIARIA","centro",60427,"180205353","AVENIDA  DAS COMUNICACOES TEIXEIRAO","4050","FUNDOS","teixeirao","100.0","99.9","40.0","93.98","-12.0613429","-63.5653191","110149205000069","-11.423135","-61.423279","110004905000101","-11.423135","-61.423279","0","243756.81489848","1","243806.84570153",False,False
508,"RUA ANA FERREIRA CENTRO","1694.0",NULL,"centro",52136,"1751006","RUA PRESIDENTE ANA FERREIRA CENTRO","1694",NULL,"centro","100.0","100.0","100.0","100.0","-9.180364","-63.182391","110110405000022","-9.185026","-63.187011","110110405000005","-9.185026","-63.187011","0","725.20226963","1","573.60155643",False,NULL
509,"LOCALIZADA NA RUA MARECHAL RONDOM ZONA RURAL","1212.0","SETOR 1","zona rural",NULL,NULL,NULL,NULL,NULL,NULL,NULL,NULL,NULL,"0.0","-10.26730667","-64.28501167","110033812000012",NULL,NULL,NULL,NULL,NULL,NULL,NULL,"1",NULL,NULL,NULL
510,"LINHA 06 KM 09 - DISTRITO DE JACINOPOLIS ZONA RURAL",NULL,NULL,"zona rural",8943,"1154017","LINHA  NOVE LINHA SETE","120","SITIO SN","linha sete","100.0","0.0","30.0","73.0","-10.35814833","-64.38578","110033812000009","-13.403503","-60.472397","110003105000009","-13.4037425","-60.4713025","121.34634001","544009.77525277","1","535140.93742859",False,False
511,"AVENIDA CAMPO GRANDE CENTRO","580.0",NULL,"centro",141245,"92320320","AVENIDA  CAMPO GRANDE NOVA DIMENSAO","469",NULL,"nova dimensao","100.0","80.86","31.58","89.33","-10.36492333","-64.80384","110033815000009","-10.360366","-64.804806","110033815000011","-10.360366","-64.804806","0","517.6512486","1","189.910492",False,True
512,"LOCALIDADE NOVO HORIZONTE","5559.0","DISTRITO DE NOVA DIM","novo horizonte",388435,"1494250","RUA  CIDADE TRES MARIAS","2177",NULL,"tres marias","75.0","39.16","32.0","63.53","-10.36976333","-64.80478667","110033815000010","-8.776112","-63.854075","110020505090045","-8.776112","-63.854075","0","205591.1810351","1","203916.77348339",False,False
513,"LH 29 C",NULL,"KM 11",NULL,30738,"1164812","RUA  C JARDIM VITORIA","4977","CASA","jardim vitoria","100.0","0.0","0.0","70.0","-10.40076258","-64.74421169","110033815000013","-11.413272","-61.478097","110004905000107","-11.413263","-61.478097","1.00075572","373958.80677722","1","372418.66517889",False,False
514,"LINHA 10 - ALDEIA RIBEIRAO TERRA INDIGENA","0.0","ZONA RURAL","terra indigena",34613,"180236565","LINHA  10 SERRA GRANDE","0",NULL,"serra grande","100.0","100.0","61.54","96.15","-10.30305985","-65.14110857","110033820000013","-12.138888","-64.345643","110008005000026","-12.138888","-64.345582","6.63123923","221805.92877816","1","217486.97908049",False,False
515,"RUA CARLOS CHAGAS CIDADE ALTA","5158.0","PREDIO","cidade alta",231466,"1656418","RUA  CARLOS CHAGAS CIDADE ALTA","5431",NULL,"cidade alta","100.0","94.97","100.0","98.99","-11.3525233","-62.2946017","110034605000006","-11.35002","-62.29682","110034605000012","-11.35002","-62.29682","0","368.73760872","1","54.04579162",False,NULL
516,"RUA MONTEIRO LOBATO CENTRO","5059.0","PREDIO","centro",1394,"1216783","RUA  MONTEIRO LOBATO SETOR 06","4066",NULL,"setor 06","100.0","80.37","42.86","90.36","-11.3501254","-62.290182","110034605000007","-9.894493","-63.027142","110002305000061","-9.894493","-63.027142","0","180789.99801929","1","179530.91519958",False,False
517,"RUA ECA DE QUEIROZ CENTRO","4681.0","ESCOLA","centro",240689,"1655999","RUA  ECA DE QUEIROZ CENTRO","4681",NULL,"centro","100.0","100.0","100.0","100.0","-11.3483217","-62.2840417","110034605000010","-11.34847","-62.284166","110034605000010","-11.34847","-62.284166","0","21.34399177","1","0",True,NULL
518,"AV. SARGENTO MARIO NOGUEIRA VAZ CENTRO","5253.0","PREDIO","centro",307484,"1656179","AVENIDA SOLDADO MARIO NOGUEIRA CENTRO","5270",NULL,"centro","77.78","99.68","100.0","84.38","-11.3433351","-62.2873487","110034605000011","-11.343208","-62.286656","110034605000011","-11.343208","-62.286656","0","76.83129724","1","0",True,NULL
519,"AV.SETE DE SETEMBRO CENTRO","4922.0","PREDIO","centro",24179,"1223298","RUA  SETE DE SETEMBRO CENTRO","2083",NULL,"centro","91.43","42.32","100.0","82.46","-11.3510102","-62.2862222","110034605000004","-12.9977","-60.941588","110007205000004","-12.9977","-60.941588","0","234278.28399386","1","233400.31944689",False,False
520,"LINHA 44 KM 08 AREA RURAL",NULL,"ESCOLA RAPOSO TAVARE","area rural",14471,"1224017","LINHA  04 ZONA RURAL","5","SITIO 3 P 4 EIXO","zona rural","100.0","0.0","70.0","77.0","-11.3452312","-62.182974","110034605000015","-12.967318","-60.86133","110007205000008","-12.967310000000001","-60.860402500000006","100.50728859","230587.6464223","1","223128.09698742",False,False
521,"AVENIDA SARGENTO MARIO NOGUEIRA VAZ CENTRO","4461.0","CASA","centro",240641,"1655901","AVENIDA SOLDADO MARIO NOGUEIRA CENTRO","4546",NULL,"centro","77.78","98.13","100.0","84.07","-11.3478733","-62.28059","110034605000034","-11.347877","-62.281725","110034605000010","-11.347877","-62.281725","0","123.73983822","1","44.03892275",False,True
522,"AVENIDA 09 DE JULHO CTG","4425.0","PREDIO","ctg",116407,"1266775","RUA  NOVE FATIMA","3909",NULL,"fatima","100.0","88.34","22.22","89.89","-11.3582823","-62.2846663","110034605000039","-10.782377","-65.309777","110010605000106","-10.782377","-65.309777","0","336269.1007515","1","335953.96588647",False,False
523,"AV. 9 DE JULHO CTG","4501.0","PREDIO","ctg",116407,"1266775","RUA  NOVE FATIMA","3909",NULL,"fatima","100.0","86.85","22.22","89.59","-11.3579344","-62.2843074","110034605000039","-10.782377","-65.309777","110010605000106","-10.782377","-65.309777","0","336300.37915112","1","335953.96588647",False,False
524,"AVENIDA CENTRAL ALTO ALEGRE","5430.0","PREDIO PROPRIO","alto alegre",194644,"180406314","RUA  CENTRAL ALTO ALEGRE","5430",NULL,"alto alegre","100.0","100.0","100.0","100.0","-11.3329744","-62.2781414","110034605000040","-11.332561","-62.277865","110034605000013","-11.332561","-62.277865","0","54.96529846","1","0",False,NULL
525,"LINHA 17 ASSENTAMENTO MARTIM PECADOR",NULL,"AREA RURAL",NULL,397335,"180211515","LINHA  17 ELETRONICA","7","SITIO 1","eletronica","100.0","0.0","0.0","70.0","-11.2231633","-62.5241278","110034605000020","-11.40927","-61.118137","110004910000024","-11.40988","-61.118137","67.82899864","154690.13001405","1","148835.90439851",False,False
526,"LINHA 14-SETOR REDENCAO-KM 25-GLEBA 07 A ZONA RURAL",NULL,"KM 25-LOTE21","zona rural",26070,"180255788","AVENIDA  A VILLA FLORA","2882",NULL,"villa flora","100.0","0.0","38.1","73.81","-11.2224656","-62.4156676","110034605000021","-11.556732","-61.033435","110009805000033","-11.556732","-61.033221","23.31333156","155187.19234157","1","147260.78227025",False,NULL
527,"AVENIDA DUQUE DE CAXIAS JARDIM DAS PALMEIRAS","3817.0",NULL,"jardim das palmeiras",38335,"92293610","AVENIDA DUQUE DE CAXIAS LINO ALVES TEIXEIRA","1546",NULL,"lino alves teixeira","100.0","40.5","46.15","82.72","-12.1236133","-61.8551931","110037905000004","-11.170062","-61.896087","110025405000011","-11.170062","-61.896087","0","106123.70073471","1","105002.25222093",False,NULL
528,"LH P 70 KM 0,6 ZONA RURAL",NULL,"ZONA RURAL","zona rural",721798,"215222796","RUA  P NOVA ESPERANCA","86",NULL,"nova esperanca","100.0","0.0","41.67","74.17","-12.15485253","-61.94850064","110037905000016","-8.715128","-63.855048","110020505000082","-8.7151005","-63.855103","6.77450917","435598.29386106","1","430733.45143059",False,NULL
529,"AVENIDA FERREIRA MARTINS TANCREDOPOIS6",NULL,"DISTRITO","tancredopois6",195951,"92550681","AVENIDA  MARTINS CENTRO","0",NULL,"centro","100.0","0.0","31.58","73.16","-11.1878813","-62.1753779","110034625000001","-12.136752","-61.853578","110037905000001","-12.136686","-61.853578","7.33887526","111177.10642363","1","110269.42660967",False,False
530,"AV. MONTEIRO LOBATO","1052.0",NULL,NULL,48427,"1182925","RUA  MONTEIRO LOBATO RIOZINHO","1967",NULL,"riozinho","100.0","53.48","0.0","80.7","-11.5117581","-62.4601064","110034630000001","-11.502363","-61.363697","110004910000003","-11.502363","-61.363697","0","119469.3432382","1","119182.26434902",False,False
531,"RUA PAULO VI ROTA DO SOL","4600.0",NULL,"rota do sol",184592,"1671958","RUA  PAULO VI CENTRO","4629","CASA","centro","100.0","99.37","23.53","92.23","-9.72646","-63.31547667","110040305000031","-9.728951","-63.3157","110040305000028","-9.728951","-63.3157","0","278.06626636","1","100.0435493",False,NULL
532,"AVENIDA PRESIDENTE PRUDENTE CENTRO",NULL,NULL,"centro",152,"1189456","RUA PRESIDENTE PRUDENTE TUCANO","5795",NULL,"tucano","100.0","0.0","50.0","75.0","-12.1347488","-61.854547","110037905000001","-11.934109","-62.007982","110001505000008","-11.93408","-62.008009","4.36194857","27859.89800575","1","26994.68346898",False,NULL
533,"AV.PRESIDENTE PRUDENTE JARDIM AMERICA","3922.0",NULL,"jardim america",95064,"101463763","RUA PRESIDENTE PRUDENTE JARDIM PAULISTA","2963",NULL,"jardim paulista","92.68","75.55","68.97","86.88","-12.1348496","-61.8525243","110037905000001","-9.891381","-63.038093","110002305000145","-9.891381","-63.038093","0","281023.10379259","1","278976.2605697",False,False
534,"RUA TIRADENTES CRISTO REI","4036.0",NULL,"cristo rei",38243,"92293743","AVENIDA  TIRADENTES CENTRO","3160",NULL,"centro","100.0","78.3","37.5","89.41","-12.1382385","-61.8577303","110037905000034","-11.170965","-61.900375","110025405000011","-11.170965","-61.900375","0","107656.26781687","1","106992.57000853",False,NULL
535,"AV. AFONSO PENA JARDIM AMERICA","4236.0",NULL,"jardim america",195447,"92550655","AVENIDA  AFONSO PENA JARDIM AMERICA","4231",NULL,"jardim america","100.0","99.88","100.0","99.98","-12.1339133","-61.8506559","110037905000036","-12.133821","-61.851818","110037905000001","-12.133821","-61.851818","0","126.74913412","1","97.28672559",False,True
536,"LINHA P 26 KM 04 ZONA RURAL",NULL,"ZONA RURAL","zona rural",14488,"109873156","LINHA  04 ZONA RURAL","6","CASA","zona rural","100.0","0.0","100.0","80.0","-12.16197925","-61.78266771","110037905000008","-12.965433","-60.872794","110007205000008","-12.965433","-60.87274","5.85145232","133166.03268378","1","119047.07626108",False,False
537,"RUA CARLOS GOMES CENTRO",NULL,"DIST. FLOR DA SERRA","centro",82289,"1686482","RUA  CARLOS GOMES CENTRO","4620","CASA FUNDOS","centro","100.0","0.0","100.0","80.0","-12.456665","-61.914117","110037905000014","-11.708309","-62.001208","110050205000002","-11.708285","-62.001131","8.7983647","83750.57357974","1","82878.38269641",False,False
538,"ALDEIA TSUPYPAY - TERRA INDIGENA RIO MEQUENS ZONA RURAL - ALDEIA INDIGEN",NULL,"CASA","zona rural - aldeia indigen",581021,"110643949","ALDEIA  ALDEIA INDIGENA ALDEIA INDIGENA JAMARI","0",NULL,"aldeia indigena jamari","100.0","0.0","69.39","76.94","-12.132357","-61.835508","110037905000018","-10.552564","-63.186472","110100515000013","-10.552564","-63.186472","0","229237.94286857","1","221525.5061421",False,False
539,"LH P 40 KM 15-A, Z. RURAL - T.I. RIO MEQUENS ZONA RURAL",NULL,"ALDEIA BAIXA VERDE","zona rural",447041,"215635005","RUA  P ITAPORANGA","93",NULL,"itaporanga","100.0","0.0","40.0","74.0","-12.579945","-61.907628","110037905000022","-11.629285","-61.196282","110018920000001","-11.629365499999999","-61.196271499999995","9.02395863","130979.2972307","1","130151.90655059",False,False
540,"AVENIDA PRESIDENTE DUTRA CRISTO REI","3480.0",NULL,"cristo rei",16609,"1164001","RUA PRESIDENTE DUTRA INDUSTRIAL","2901",NULL,"industrial","100.0","83.36","50.0","91.67","-12.1355698","-61.8584968","110037905000043","-11.440586","-61.465122","110004905000025","-11.440586","-61.465122","0","88348.38143928","1","87711.3913644",False,False
541,"DISTRITO VILA BOSCO ZONA RURAL",NULL,"LINHA 110","zona rural",431316,"92288842","VILA  F PA UNIAO DA VITORIA","0","CASA 1","pa uniao da vitoria","80.0","0.0","34.48","59.45","-12.50776815","-61.61938287","110037905000045","-9.631471","-64.723584","110020525000004","-9.6312265","-64.723647","28.05074126","465848.50830614","1","443630.55007606",False,False
542,"RUA SANTA MARCELINA CENTRO","2869.0","SETOR 2","centro",794507,"215177484","RUA SANTA MARCELINA CENTRO","2886",NULL,"centro","100.0","99.41","100.0","99.88","-9.718864588","-63.32019811","110040305000001","-9.719116","-63.319802","110040305000002","-9.719116","-63.319802","0","51.63566725","1","3.3760892",False,True
543,"RUA MARIO LUIZ BARBOSA CENTRO","3218.0","PREDIO","centro",794906,"215177751","RUA  MARIO LUIZ BARBOSA CENTRO","3215",NULL,"centro","100.0","99.91","100.0","99.98","-9.72011224","-63.3171122","110040305000002","-9.719559","-63.316708","110040305000002","-9.719559","-63.316708","0","75.80824014","1","0",True,NULL
544,"RUA PAULO VI CENTRO","3827.0",NULL,"centro",164244,"99809152","RUA  PAULO VI SETOR SOL NASCENTE","3827",NULL,"setor sol nascente","100.0","100.0","50.0","95.0","-9.722476667","-63.31583167","110040305000003","-9.721767","-63.315891","110040305000003","-9.721762","-63.315891","0.5559754","79.17893289","1","0",True,NULL
545,"RUA MARINGA JARDIM ALVORA II","3629.0","QUADRA","jardim alvora ii",25255,"180250738","RUA  MARINGA VISTA ALEGRE","2157",NULL,"vista alegre","100.0","59.44","42.86","86.17","-9.717684709","-63.31304097","110040305000036","-11.537341","-61.00917","110009805000033","-11.537341","-61.00917","0","323000.96025968","1","321798.47886225",False,NULL
546,"LC- 80 TB 35 ZONA RURAL",NULL,NULL,"zona rural",76882,"216872794","RUA  CINCO VISTA ALEGRE","5",NULL,"vista alegre","100.0","0.0","36.36","73.64","-9.723134","-63.310236","110040305000036","-9.652683","-65.729495","110020545000017","-9.652683","-65.729495","0","265288.46416005","1","265213.80455779",False,False
547,"LC 85 MARC ZONA RURAL",NULL,NULL,"zona rural",76882,"216872794","RUA  CINCO VISTA ALEGRE","5",NULL,"vista alegre","100.0","0.0","36.36","73.64","-9.722902","-63.3103","110040305000036","-9.652683","-65.729495","110020545000017","-9.652683","-65.729495","0","265280.78346429","1","265213.80455779",False,False
548,"LC 100 TB 20 ZONA RURAL",NULL,NULL,"zona rural",870478,"100090555","RUA  VINTE RESIDENCIAL ZONA SUL","5722",NULL,"residencial zona sul","100.0","0.0","57.14","75.71","-9.72268","-63.309903","110040305000036","-9.947752","-63.017877","110002305000130","-9.947754","-63.017877","0.22239016","40620.18948192","1","40405.09430971",False,NULL
549,"RUA FORTE PRINCIPE DA BEIRA SETOR 05","1506.0","ESCOLA","setor 05",134935,"1673619","RUA  FORTE PRINCIPE DA BEIRA SETOR 05","1487","CASA","setor 05","100.0","98.74","100.0","99.75","-10.20116923","-63.82501283","110045205000004","-10.201995","-63.825051","110045205000004","-10.2017855","-63.825064499999996","23.34217081","91.91652845","1","0",True,NULL
550,"RUA ORMINDO BENTO SERAFIM CENTRO","4684.0","PREDIO","centro",752255,"215038613","RUA  ORMINIO BENTO SERAFIM CENTRO","4616",NULL,"centro","95.24","98.55","100.0","96.38","-11.71316","-62.00122833","110050205000002","-11.713122","-62.00198","110050205000002","-11.713122","-62.00198","0","81.95052165","1","0",True,NULL
551,"RUA MANOEL FRANSCICO DE LIMA FILHO CENTRO","4631.0","PREDIO","centro",82391,"1686562","RUA  MANOEL F LIMA FILHO CENTRO","4731","CASA","centro","94.44","97.89","100.0","95.69","-11.70930265","-62.00171099","110050205000002","-11.709523","-62.000717","110050205000002","-11.709523","-62.000717","0","110.96555174","1","0",True,NULL
552,"AV. FOZ DO IGUACU SETOR 03","2400.0",NULL,"setor 03",58095,"1424942","RUA  IGUACU JARDIM SANTANA","4112","CASA","jardim santana","100.0","58.37","27.27","84.4","-10.2071223","-63.8357867","110045205000002","-8.753828","-63.824832","110020505000007","-8.753828","-63.824832","0","161603.64164757","1","160231.96593333",False,False
553,"AVENIDA AYRTON SENNA SETOR 3","2454.0","PREDIO","setor 3",150569,"1674770","AVENIDA  AYRTON SENNA SETOR 07","2457",NULL,"setor 07","100.0","99.88","83.33","98.31","-10.208562","-63.836263","110045205000002","-10.20893","-63.836355","110045205000007","-10.20893","-63.836355","0","42.14016652","1","1.45489457",False,True
554,"AVENIDA PORTO VELHO CENTRO","880.0","ESCOLA","centro",24129,"180242192","RUA  PORTO VELHO CENTRO","1700",NULL,"centro","100.0","51.76","100.0","90.35","-10.2134131","-63.828057","110045205000006","-13.001215","-60.943651","110007205000004","-13.001215","-60.943651","0","441333.64035469","1","439783.27080921",False,False
555,"RUA ARIQUEMES SETOR 02","1215.0",NULL,"setor 02",292458,"215023231","RUA  ARIQUEMES BNH","2221",NULL,"bnh","100.0","54.71","0.0","80.94","-10.211139","-63.831125","110045205000007","-9.902898","-63.045085","110002305000049","-9.902898","-63.045085","0","92634.77371548","1","92491.44714503",False,False
556,"RUA BARRETOS SETOR 03","1870.0",NULL,"setor 03",704502,"92554301","RUA  BARRETOS SETOR 03","2280",NULL,"setor 03","100.0","82.02","100.0","96.4","-10.207307","-63.8298138","110045205000008","-10.20591","-63.833599","110045205000002","-10.20591","-63.833599","0","442.40368186","1","45.93469194",False,True
557,"RUA MARECHAL HERMES DA FONSECA SETOR 02","1370.0",NULL,"setor 02",806324,"1678844","RUA MARECHAL HERMES DA FONSECA SETOR 02","1375",NULL,"setor 02","100.0","99.64","100.0","99.93","-10.2106613","-63.8224333","110045205000016","-10.210343","-63.822583","110045205000016","-10.210343","-63.822583","0","39.00091761","1","0",True,NULL
558,"LINHA C 15, KM 11 ,MARCO SATELITE",NULL,NULL,NULL,9364,"1154560","LINHA  11 RUMO ESCONDIDO","0","CASA","rumo escondido","100.0","0.0","0.0","70.0","-10.2591029","-63.7687276","110045205000024","-13.49155","-60.83403","110003105000012","-13.467435","-60.844227","2899.3195598","480767.99988414","1","473662.96990372",False,False
559,"LINHA 01, MARCO 20",NULL,NULL,NULL,113965,"109734330","LINHA  20 GLEBA 4 E","0",NULL,"gleba 4 e","100.0","0.0","0.0","70.0","-10.0290251","-63.9109834","110045205000026","-11.001858","-62.088628","110012205000132","-11.003398","-62.087645","202.07825662","226703.80632962","1","218578.18790048",False,False
560,"LINHA 3 KM 35 PA SAO DOMINGOS",NULL,NULL,NULL,14373,"1223970","LINHA  05 ZONA RURAL","5","SITIO 3 P 4 EIXO","zona rural","100.0","0.0","0.0","70.0","-10.117996","-64.0861857","110045205000027","-12.924981","-60.870297","110007205000008","-12.925424499999998","-60.870535000000004","55.6533567","469214.02968884","1","456772.88305543",False,False
561,"LINHA 20, KM 12 GLEBA 05 LOTE 29",NULL,NULL,NULL,8943,"1154017","LINHA  NOVE LINHA SETE","120","SITIO SN","linha sete","100.0","0.0","0.0","70.0","-10.1516494","-63.904976","110045205000039","-13.403503","-60.472397","110003105000009","-13.4037425","-60.4713025","121.34634001","519921.07209889","1","509734.60913302",False,False
562,"LINHA C 34, PA RIO ALTO KM 25",NULL,NULL,NULL,14371,"1223967","LINHA  05 ZONA RURAL","6","SITIO 3 P 4 EIXO","zona rural","100.0","0.0","0.0","70.0","-10.1899559","-63.6749408","110045205000040","-12.92459","-60.878261","110007205000008","-12.924681","-60.875836500000005","262.95713609","430427.42359196","1","413310.03114318",False,False
563,"LINHA SETE ZONA RURAL",NULL,"PREDIO","zona rural",260,"110249944","LINHA  QUARENTA E SETE E MEIO RO 383","3",NULL,"ro 383","100.0","0.0","25.0","72.5","-11.1061595","-61.4447102","110120305000014","-11.925542","-61.967165","110001505000022","-11.925364","-61.9666045","64.11143496","107432.09294663","1","99165.16978933",False,NULL
564,"RUA ANNA MARIA KLEIN SETOR 07","2030.0",NULL,"setor 07",73913,"215201746","RUA  ANA MARIA KLEN SETOR 07","1718",NULL,"setor 07","93.33","84.63","100.0","92.26","-10.2112755","-63.8448624","110045205000052","-10.209852","-63.843881","110045205000018","-10.209852","-63.843881","0","191.28246067","1","122.69322421",False,NULL
565,"RUA CHUPINGUAIA SETOR 04","2220.0","ESCOLA","setor 04",760459,"1676709","RUA  CHUPINGUAIA SETOR 04","2220",NULL,"setor 04","100.0","100.0","100.0","100.0","-10.200219","-63.8306473","110045205000060","-10.200191","-63.830495","110045205000011","-10.200191","-63.830495","0","16.95565634","1","0",False,NULL
566,"RUA PADRE FIOVO CAMAIONE BAIRRO NOVA PORTO VELHO","1844.0",NULL,"bairro nova porto velho",198732,"99420436","RUA PADRE FIOVO CAMAIONE SETOR 08","1839",NULL,"setor 08","100.0","99.73","19.35","91.88","-10.2227506","-63.8304781","110045205000056","-10.222896","-63.830194","110045205000036","-10.2228875","-63.830233","4.37117023","35.04174537","1","0",False,NULL
567,"AV RONDONIA ESQUINA COM PETROPOLIS SETOR 06","2109.0",NULL,"setor 06",39620,"214938028","RUA  RONDONIA CENTRO","2068",NULL,"centro","100.0","98.06","42.86","93.9","-10.1998547","-63.8334981","110045205000061","-12.997943","-60.94887","110007205000001","-12.997943","-60.94887","0","442161.52531955","1","441162.40359182",False,False
568,"RUA BRASILIA SETOR 07","2790.0","QUADRA 33","setor 07",89873,"91996373","RUA  BRASILIA SETOR 14","2733",NULL,"setor 14","100.0","97.96","76.92","97.28","-10.2118704","-63.8407931","110045205000063","-11.722822","-62.320328","110014805000009","-11.722822","-62.320328","0","236167.58068082","1","235124.77135111",False,False
569,"AVENIDA RONDONIA","2214.0","SETOR 06",NULL,39624,"1222513","RUA  RONDONIA CENTRO","2185",NULL,"centro","100.0","98.69","0.0","89.74","-10.2102459","-63.8434154","110045205000064","-12.996903","-60.949141","110007205000001","-12.996903","-60.949141","0","442013.0637172","1","440871.65899212",False,False
570,"AVENIDA HONORATO BENEDITO DA SILVA CENTRO","4709.0","CASA","centro",854278,"1686081","AVENIDA  HONORATO BENEDITO DA SILVA CENTRO","4709",NULL,"centro","100.0","100.0","100.0","100.0","-11.7058818","-62.0008661","110050205000001","-11.705916","-62.000907","110050205000001","-11.705916","-62.000907","0","5.85607717","1","0",True,NULL
571,"TRAVESSA DA CULTURA CENTRO","4834.0","PREDIO","centro",854252,"1686134","TRAVESSA  CULTURA CENTRO","4834",NULL,"centro","100.0","100.0","100.0","100.0","-11.7068897","-61.9997775","110050205000001","-11.706683","-61.999885","110050205000001","-11.706683","-61.999885","0","25.79279406","1","0",True,NULL
572,"LINHA 160 KM 4,5 NORTE ZONA RURAL",NULL,"ZONA RURAL","zona rural",178,"1193168","LINHA  160 RO 135","1","CASA","ro 135","100.0","0.0","25.0","72.5","-11.68967851","-62.0125793","110050205000016","-11.917779","-61.994946","110001505000022","-11.9749245","-62.08002","11226.34383192","25436.16443451","1","23062.26978327",False,NULL
573,"RUA MARIO COVAS CIDADE ALTA",NULL,"ESCOLA","cidade alta",505555,"101783906","RUA  MARIO COVAS UNIAO BANDEIRANTES","0",NULL,"uniao bandeirantes","100.0","0.0","34.48","73.45","-11.72055563","-62.14541898","110050210000008","-9.713868","-64.531737","110020525000022","-9.713868","-64.531737","0","343154.08036265","1","342206.93421069",False,False
574,"AVENIDA PORTO ALEGRE CENTRO","3495.0","PREDIO","centro",54192,"92297795","AVENIDA  PORTO ALEGRE CENTENARIO","3495",NULL,"centenario","100.0","100.0","75.0","97.5","-11.7214233333333","-62.1451666666667","110050210000008","-11.716487","-61.764432","110028805000020","-11.7164845","-61.764348","9.14999811","41456.99046024","1","41484.16144813",False,False
575,"RUA PADRE ANCHIETA CENTRO","3219.0","ESCOLA","centro",232629,"1661430","RUA PADRE ANCHIETA CENTRO","3266","CASA","centro","100.0","98.56","100.0","99.71","-11.7274376","-62.1468865","110050210000008","-12.13203","-61.859381","110037905000003","-12.13203","-61.859381","0","54793.57088615","1","54179.89572756",False,NULL
576,"RUA TEREZA MAZZORANA BORTOLOTTO SETOR 01","2128.0","CENTRO","setor 01",933951,"1578745","RUA  TEREZA MAZORANA BORTOLOTTO SETOR 01","2127","CASA","setor 01","98.11","99.95","100.0","98.67","-10.343279","-62.9012856","110060105000001","-10.343812","-62.901215","110060105000001","-10.343812","-62.901215","0","59.76801976","1","0",True,NULL
577,"TRAVESSA 01 SETOR 01","1423.0",NULL,"setor 01",19059,"109351258","LINHA  SEM DENOMINACAO 21 RO 010","2469",NULL,"ro 010","100.0","57.63","57.14","87.24","-10.34285305","-62.90192305","110060105000001","-11.72268","-61.754292","110028805000078","-11.72268","-61.754275","1.85088901","198060.74047463","1","197253.98881574",False,NULL
578,"RUA ALTO PARAISO SETOR 05","1848.0","PREDIO","setor 05",106765,"1741189","AVENIDA  PARAISO SETOR 4","1801","CASA","setor 4","100.0","97.46","83.33","97.82","-10.3381335","-62.8985324","110060105000002","-10.429917","-62.121613","110180705000002","-10.429917","-62.121613","0","85585.36713024","1","85406.739039",False,NULL
579,"AV COSTA E SILVA SETOR 04","1923.0",NULL,"setor 04",12773,"215140729","AVENIDA  COSTA E SILVA CENTRO","3436",NULL,"centro","100.0","55.97","42.86","85.48","-10.57048833","-63.61812833","110070005000002","-9.421721","-61.998539","110013005000006","-9.421721","-61.998539","0","218565.61722348","1","218278.59147442",False,NULL
580,"AV. COSTA E SILVA SETOR 04","1853.0","CENTRO","setor 04",12773,"215140729","AVENIDA  COSTA E SILVA CENTRO","3436",NULL,"centro","100.0","53.93","42.86","85.07","-10.57104191","-63.61789959","110070005000002","-9.421721","-61.998539","110013005000006","-9.421721","-61.998539","0","218581.15172169","1","218278.59147442",False,NULL
581,"FAZENDA JULIANA",NULL,NULL,NULL,25137,"180250492","RUA  JULIANA VISTA ALEGRE","1917",NULL,"vista alegre","100.0","0.0","0.0","70.0","-12.67767406","-61.10121715","110092405000044","-11.540324","-61.009745","110009805000033","-11.539163","-61.010422000000005","148.6819224","126858.1299445","1","105597.39054762",False,NULL
582,"BR 421 LINHA 03 RIO JACI SETOR RURAL",NULL,"LINHA 3 COQUEIROS","setor rural",11601,"1329132","LINHA  UM GLEBA SANTA CRUZ","0","CASA 1","gleba santa cruz","100.0","0.0","44.44","74.44","-10.4450500435726","-63.9730727278612","110070005000027","-13.124911","-60.994642","110005605000024","-13.124911","-60.994642","0","440321.66811555","1","438565.0180896",False,False
583,"ALDEIA BYYJYTY OSOP AKY- TERRA INDIGENA KARITIANA",NULL,NULL,NULL,897357,"217928108","RUA  TERRA PLANALTO","0",NULL,"planalto","100.0","0.0","0.0","70.0","-8.791082","-63.701035","110080905000002","-8.732024","-63.837313","110020505000147","-8.732045","-63.837342","3.95113092","16353.10114199","1","16147.08758837",False,NULL
584,"AVENIDA AYRTON SENNA UNIAO","604.0",NULL,"uniao",150642,"1674922","AVENIDA  AYRTON SENNA SETOR 07","1603",NULL,"setor 07","100.0","37.68","15.38","79.07","-8.7917313","-63.69992672","110080905000002","-10.211806","-63.829533","110045205000007","-10.211806","-63.829533","0","158543.72443225","1","157687.48387099",False,False
585,"LINHA C 25 RO 144 TB 40 ZONA RURAL","0.0",NULL,"zona rural",523,"110250000","LINHA  45 LINHA 172","4",NULL,"linha 172","100.0","0.0","31.58","73.16","-10.24882667","-63.13015333","110060105000012","-11.904539","-61.959378","110001505000022","-11.904616","-61.959129","28.41283603","224090.4893664","1","221312.50690651",False,NULL
586,"RUA AIRTON SENA UNIAO","326.0",NULL,"uniao",40982,"99828836","RUA  AIRTON SENA UNIAO BANDEIRANTES","610",NULL,"uniao bandeirantes","100.0","53.44","100.0","90.69","-8.794656","-63.700205","110080905000003","-9.709919","-64.525316","110020525000019","-9.709919","-64.525316","0","136226.43207421","1","135436.68759849",False,False
587,"LC 03 TB 80 LOTE 21 A ZONA RURAL",NULL,NULL,"zona rural",26070,"180255788","AVENIDA  A VILLA FLORA","2882",NULL,"villa flora","100.0","0.0","38.1","73.81","-10.31294336","-62.7444685","110060105000016","-11.556732","-61.033435","110009805000033","-11.556732","-61.033221","23.31333156","232426.1581675","1","226670.51398252",False,NULL
588,"RUA DUQUE DE CAXIAS SETOR 01","2101.0",NULL,"setor 01",60162,"1158554","RUA DUQUE DE CAXIAS CENTRO","1922",NULL,"centro","100.0","91.48","42.86","92.58","-10.57107667","-63.62226667","110070005000001","-11.433798","-61.448991","110004905000009","-11.433798","-61.448991","0","255875.90684158","1","255755.87647789",False,False
589,"LH 02 BR 421 RURAL",NULL,"DISTRITO RIO BRANCO","rural",30804,"1164829","RUA  E JARDIM VITORIA","4910","CASA","jardim vitoria","100.0","0.0","31.58","73.16","-10.26436841","-64.06103539","110070005000009","-11.414106","-61.477473","110004905000107","-11.414114","-61.4775025","3.33616299","309760.90067441","1","309118.71961931",False,False
590,"RUA CASTRO ALVES - DISTRITO RIO BRANCO AREA RURAL",NULL,"DISTRITO RIO BRANCO","area rural",18507,"1209268","AVENIDA  RIO BRANCO JARDIM JORGE TEIXEIRA","0",NULL,"jardim jorge teixeira","100.0","0.0","38.71","73.87","-10.26429623","-64.06064252","110070005000009","-9.925986","-63.033104","110002305000034","-9.925986","-63.033104","0","118611.61022487","1","118136.06782928",False,NULL
591,"RUA DOM BOSCO SATELITE","20.0","PROXIMO ASA NORTE","satelite",224833,"92315832","AVENIDA DOM BOSCO DISTRITO DE SANTANA","53",NULL,"distrito de santana","100.0","37.74","29.63","80.51","-8.795116874","-63.70842858","110080905000005","-11.726617","-62.494136","110032020000001","-11.726617","-62.494136","0","351999.9467271","1","350090.46158934",False,False
592,"AV. TANCREDO NEVES SATELITE",NULL,NULL,"satelite",13030,"215141313","AVENIDA  TANCREDO NEVES CENTRO","0","CASA 1","centro","100.0","0.0","28.57","72.86","-8.795097030000004","-63.71011932","110080905000005","-9.421557","-61.995926","110013005000006","-9.42233","-61.99561","92.68021285","200682.89973063","1","200311.47828844",False,NULL
593,"BR 421 KM 80 LINHA C-06 KM 15 ZONA RURAL",NULL,"SITIO","zona rural",11601,"1329132","LINHA  UM GLEBA SANTA CRUZ","0","CASA 1","gleba santa cruz","100.0","0.0","46.15","74.62","-10.4447998666667","-63.57108795","110070005000014","-13.124911","-60.994642","110005605000024","-13.124911","-60.994642","0","409204.23968938","1","400022.62486464",False,False
594,"RUA CARLOS DRUMMOND DE ANDRADE DAS FLORES","1491.0",NULL,"das flores",299236,"1354181","RUA  CARLOS DE ANDRADE SAO SEBASTIAO","1612",NULL,"sao sebastiao","100.0","92.49","34.78","91.98","-8.787221600000002","-63.69690111","110080905000008","-8.74186","-63.909384","110020505060067","-8.74186","-63.909384","0","23889.70978686","1","23342.55781043",False,False
595,"RUA JASMIM UNIAO",NULL,"ESCOLA","uniao",110227,"180249003","RUA  JASMIM PRIMAVERA","2990",NULL,"primavera","100.0","0.0","28.57","72.86","-8.79442455","-63.70631484","110080905000010","-9.415003","-62.00876","110013005000053","-9.415003","-62.008752","0.87757769","198744.48371092","1","198334.11101798",False,False
596,"RUA TANCREDO NEVES UNIAO","1487.0",NULL,"uniao",51203,"1586641","AVENIDA  TANCREDO NEVES UNIAO","1330","APARTAMENTO 3","uniao","100.0","89.44","100.0","97.89","-8.795196754","-63.70460803","110080905000010","-8.795951","-63.699871","110080905000003","-8.795951","-63.69987","0.10988734","527.25321086","1","308.35700635",False,True
597,"RUA CEREJEIRAS DISTRITO NOVA SAMUEL",NULL,NULL,"distrito nova samuel",205852,"180434660","AVENIDA  CEREJEIRAS NOVO PLANO","0",NULL,"novo plano","100.0","0.0","33.33","73.33","-8.65814429","-63.41228538","110080905000012","-12.451357","-61.106641","110092405000023","-12.451357","-61.106783","15.4183182","491326.19095517","1","488456.76877207",False,NULL
598,"RO 460 KM 30 DISTRITO DE VILA UNIAO ZONA RURAL",NULL,NULL,"zona rural",83955,"1420252","RUA  UNIAO SETOR INDUSTRIAL","334","FUNDOS","setor industrial","100.0","0.0","46.15","74.62","-10.3418677333333","-63.6555630666667","110070005000019","-11.702058","-61.163197","110018905000030","-11.702073500000001","-61.1631935","1.76515341","311239.03751871","1","310896.92432758",False,NULL
599,"LINHA 1 ASSENTAMENTO FLOR DO AMAZONAS II ZONA RURAL",NULL,NULL,"zona rural",11601,"1329132","LINHA  UM GLEBA SANTA CRUZ","0","CASA 1","gleba santa cruz","100.0","0.0","46.15","74.62","-8.97999502","-63.58305946","110080905000020","-13.124911","-60.994642","110005605000024","-13.124911","-60.994642","0","540536.45358006","1","513660.58152774",False,False
600,"RUA CONTINENTAL PALHEIRAL","170.0",NULL,"palheiral",537996,"1591729","RUA  CONTINENTAL PALHEIRAL","170",NULL,"palheiral","100.0","100.0","100.0","100.0","-8.78237441","-63.69975596","110080905000029","-8.781655","-63.698798","110080905000029","-8.781665","-63.698798","1.1119508","132.21683952","1","0",True,NULL
601,"RUA AIRTON SENNA COM CONTINENTAL PALHEIRAL","1135.0","RUA CONTINENTAL","palheiral",51971,"1586420","AVENIDA  AIRTON SENNA UNIAO","1301","LOJA 1","uniao","100.0","87.24","28.57","90.31","-8.782096510000002","-63.69961213","110080905000029","-8.79248","-63.70006","110080905000003","-8.79248","-63.70006","0","1155.64148651","1","981.70345539",False,False
602,"TERRA INDIGENA TUBARAO LATUNDE AREA RURAL DE VILHENA",NULL,"ALDEIA FELIPE CAMARA","area rural de vilhena",860476,"1205772","TRAVESSA  TERRA GRANDES AREAS","156","CASA 2","grandes areas","100.0","0.0","47.06","74.71","-12.832735","-60.45298","110092405000030","-9.922023","-63.037989","110002305000022","-9.922023","-63.037989","0","429116.20400529","1","420626.10357351",False,NULL
603,"RUA VENEZUELA SANTA LETICIA I",NULL,NULL,"santa leticia i",39352,"108666304","RUA  VENEZUELA SANTA LETICIA 2","350",NULL,"santa leticia 2","100.0","0.0","93.33","79.33","-8.7901984","-63.69409959","110080905000040","-8.790569","-63.689324","110080905000033","-8.790536","-63.689319499999996","3.70260759","526.40023312","1","298.51821786",False,True
604,"RUA VENEZUELA SANTA LETICIA",NULL,NULL,"santa leticia",39352,"108666304","RUA  VENEZUELA SANTA LETICIA 2","350",NULL,"santa leticia 2","100.0","0.0","100.0","80.0","-8.79016927","-63.69476817","110080905000040","-8.790569","-63.689324","110080905000033","-8.790536","-63.689319499999996","3.70260759","599.90323732","1","298.51821786",False,True
605,"RUA VENEZUELA SANTA LETICIA","5.0",NULL,"santa leticia",39350,"108666302","RUA  VENEZUELA SANTA LETICIA 2","26",NULL,"santa leticia 2","100.0","19.23","100.0","83.85","-8.790173340000004","-63.69523473","110080905000040","-8.790601","-63.689422","110080905000033","-8.790601","-63.689422","0","640.52268646","1","287.55506856",False,True
606,"RUA 01 SANTA ISABEL","964.0","AO LADO DA PASSARELA","santa isabel",17499,"180199798","RUA  SEM DENOMINACAO 1 PRINCESA ISABEL","2831",NULL,"princesa isabel","100.0","34.05","66.67","83.48","-8.798460154000002","-63.71138175","110080905000044","-11.918797","-61.998734","110001505000010","-11.918797","-61.998734","0","394296.76253699","1","391827.60040422",False,NULL
607,"RUA JAMARI DISTRITO TRIUNFO","718.0",NULL,"distrito triunfo",74861,"1629028","RUA  JAMARI SAO JOSE","716",NULL,"sao jose","100.0","99.72","25.0","92.44","-9.27883156","-63.46383697","110080920000010","-12.741147","-60.156929","110030405000076","-12.741147","-60.156929","0","527687.5027147","1","526406.42686568",False,False
608,"RUA LUMIAR DISTRITO","1058.0","DISTRITO TRIUNFO","distrito",179835,"180408795","RUA  LUMIAR TRIUNFO","1058",NULL,"triunfo","100.0","100.0","53.33","95.33","-9.276496","-63.468496","110080920000010","-9.276599","-63.468877","110080920000004","-9.276599","-63.468877","0","43.35152833","1","6.0947817",False,NULL
609,"RUA DOS ESTUDANTES CENTRO","1044.0",NULL,"centro",180412,"1593411","RUA  DOS ESTUDANTES TRIUNFO","1055",NULL,"triunfo","100.0","98.96","46.15","94.41","-9.27948216","-63.47001995","110080920000011","-9.279639","-63.470026","110080920000004","-9.279639","-63.470026","0","17.45246941","1","0",False,NULL
610,"AVENIDA PINHEIROS CENTRO","2132.0","PREDIO PROPRIO","centro",648356,"1593982","AVENIDA  DOS PINHEIROS CENTRO","2132",NULL,"centro","100.0","100.0","100.0","100.0","-11.4277901","-61.9480931","110090805000001","-11.427536","-61.948035","110090805000001","-11.427536","-61.948035","0","28.95557196","1","0",True,NULL
611,"LINHA 02 KM 01 ZONA RURAL",NULL,"ZONA RURAL","zona rural",11659,"1329179","LINHA  DOIS GLEBA SANTA CRUZ","8",NULL,"gleba santa cruz","100.0","0.0","46.15","74.62","-11.4305319","-61.9474066","110090805000001","-13.153432","-61.013279","110005605000024","-13.152852","-61.013259","64.52949369","216797.82471917","1","215907.89200029",False,False
612,"LINHA 172 KM 25",NULL,"ZONA RURAL",NULL,5703,"180192978","LINHA  172 RIO BRANCO","12",NULL,"rio branco","100.0","0.0","0.0","70.0","-11.497664","-61.8085178","110090805000004","-11.939581","-61.889098","110001505000023","-11.9392975","-61.8886395","59.00649741","49916.0538074","1","39587.77736644",False,NULL
613,"RUA JOANA DARC CENTRO","3329.0","ESCOLA NILO COELHO","centro",187255,"92570536","RUA  JOANA DARC CENTRO","3329",NULL,"centro","100.0","100.0","100.0","100.0","-11.1960566","-61.5190099","110120305000022","-11.195929","-61.518974","110120305000001","-11.195929","-61.518974","0","14.71896181","1","0",False,NULL
614,"RUA BAHIA CENTRO","5701.0","AO LADO DO BOSQUE","centro",26660,"1754189","AVENIDA  BAHIA CENTRO","5432",NULL,"centro","100.0","95.28","100.0","99.06","-11.1968341","-61.5202366","110120305000022","-11.199213","-61.51983","110120305000003","-11.199213","-61.51983","0","268.21428278","1","4.07948371",False,NULL
615,"TERRA INDIGENA SETE DE SETEMBRO, ALDEIA PAYAMAH, LINHA 07 CENTRO",NULL,"CRE - CACOAL","centro",48482,"1183946","LINHA  SETE TRAVESSAO","14","CASA","travessao","100.0","0.0","40.0","74.0","-11.196359","-61.517963","110120305000022","-11.317143","-61.438252","110004910000009","-11.317137500000001","-61.438218","3.75722977","15998.37937218","1","15664.48296616",False,False
616,"RUA BAHIA CENTRO","5591.0","PREDIO","centro",26660,"1754189","AVENIDA  BAHIA CENTRO","5432",NULL,"centro","100.0","97.16","100.0","99.43","-11.19766","-61.520079","110120305000022","-11.199213","-61.51983","110120305000003","-11.199213","-61.51983","0","174.80883437","1","4.07948371",False,NULL
617,"RUA BAHIA CENTRO","5635.0",NULL,"centro",26660,"1754189","AVENIDA  BAHIA CENTRO","5432",NULL,"centro","100.0","96.4","100.0","99.28","-11.1974929","-61.5203465","110120305000022","-11.199213","-61.51983","110120305000003","-11.199213","-61.51983","0","199.39155776","1","4.07948371",False,NULL
618,"DISTRITO DE NOVA ANDRADINA",NULL,NULL,NULL,738225,"214989387","RUA  NOVA FORTALEZA DO ABUNA","0",NULL,"fortaleza do abuna","100.0","0.0","0.0","70.0","-12.27138637","-61.12106977","110092405000010","-9.780309","-65.525629","110020518000001","-9.780309","-65.525592","4.05442329","554777.51076763","1","547890.66040042",False,False
619,"RUA SENADOR RONALDO ARAGAO SETOR 10",NULL,NULL,"setor 10",369116,"1724596","AVENIDA SENADOR RONALDO ARAGAO CENTRO","869",NULL,"centro","100.0","0.0","42.86","74.29","-12.5513057","-60.8971023","110092405000020","-10.244942","-62.355831","110160905000003","-10.244868499999999","-62.355922","12.88198671","301742.19708378","1","300108.47081271",False,NULL
620,"RUA AVENIDA SAO CRISTOVAO CENTRO","2525.0","DISTRITO GUAPORE","centro",36794,"1748386","RUA SAO CRISTOVAO DISTRITO","2484",NULL,"distrito","100.0","98.38","42.86","93.96","-12.22952283","-60.68734408","110092405000013","-10.544355","-63.01839","110100515000001","-10.544355","-63.01839","0","315709.95460023","1","314781.52252764",False,False
621,"RUA HELIO VIANA CENTRO","3.0","PROXIMO A ASSOCIACAO","centro",84749,"1404399","RUA  VIANA INDUSTRIAL","113",NULL,"industrial","100.0","2.65","37.5","74.28","-12.293812","-61.0496291","110092405000017","-10.706857","-62.247314","110015505000035","-10.706857","-62.247314","0","219473.1504049","1","218437.42662509",False,NULL
622,"AV TANCREDO NEVES CENTRO",NULL,"BOA ESPERANCA","centro",13030,"215141313","AVENIDA  TANCREDO NEVES CENTRO","0","CASA 1","centro","100.0","0.0","100.0","80.0","-12.29744151","-61.047737","110092405000017","-9.421557","-61.995926","110013005000006","-9.42233","-61.99561","92.68021285","336126.72438918","1","333717.58865565",False,NULL
623,"TERRA INDIGENA TUBARAO LATUNDE - ALDEIA GLEBA ZONA RURAL",NULL,"ALDEIA SOWAINTE","zona rural",851836,"215328657","RUA  TUBARAO RONALDO ARAGAO","0","LOTE 69","ronaldo aragao","100.0","0.0","50.0","75.0","-12.57168531","-60.80667288","110092405000027","-8.775203","-63.796724","110020505000028","-8.775203","-63.796724","0","533776.18014977","1","530933.15552881",False,NULL
624,"TERRA INDIGENA TUBARAO LATUNDE - ALDEIA RIO DO OURO ZONA RURAL",NULL,"ALDEIA RIO DO OURO","zona rural",254180,"1167395","TRAVESSA  OURO BALNEARIO ARCO IRIS","177",NULL,"balneario arco iris","100.0","0.0","34.48","73.45","-12.49357084","-60.78577393","110092405000028","-11.43208","-61.464318","110004905000035","-11.432076","-61.464318","0.44478032","139211.12735951","1","133028.3695501",False,False
625,"RUALNHA 105 KAPA 48 GLEBA CORUMBIARA DISTRITO DE NOVO PLANO M DISTRITO DE NOVO PLANO",NULL,"AV J. RIBEIRO","distrito de novo plano",36095,"220038722","TRAVESSA  5 SAO DOMINGOS DO GUAPORE","0",NULL,"sao domingos do guapore","100.0","0.0","44.44","74.44","-12.44503488","-61.10495539","110092405000038","-12.069913","-64.028327","110008035000006","-12.07008","-64.028088","31.94074628","320378.91005769","1","319908.76922668",False,False
626,"AV XV DE NOVEMBRO CENTRO","2555.0",NULL,"centro",253640,"91998167","AVENIDA  XV DE NOVEMBRO UNIAO","1273",NULL,"uniao","100.0","49.82","36.36","83.6","-12.54969736","-60.90038599","110092405000041","-10.721466","-62.260717","110015505000002","-10.721464999999998","-62.260701","1.75159647","251543.91002613","1","250593.19845126",False,False
627,"RUA JULIO DIAS MONTALVAO CENTRO","1386.0",NULL,"centro",571699,"1596043","RUA  JULIO DIAS MONTALVAO CENTRO","1395",NULL,"centro","100.0","99.35","100.0","99.87","-12.55842091","-60.90568151","110092405000042","-12.558622","-60.906119","110092405000001","-12.5585575","-60.906125","7.20158601","52.48427331","1","0",False,NULL
628,"ASSENTAMENTO AGUA VIVA",NULL,NULL,NULL,205499,"110643419","ASSENTAMENTO  AGUA VIVA LINHA 5","0",NULL,"linha 5","100.0","0.0","0.0","70.0","-12.7983738","-60.84951413","110092405000045","-12.809492","-60.843339","110092405000007","-12.800677499999999","-60.845695","1012.87354894","1405.9640527","1","0",False,NULL
629,"AV BEIJA-FLOR SETOR 03","3088.0",NULL,"setor 03",8681,"1205006","ALAMEDA  BEIJA FLOR SETOR 02","1944","CASA","setor 02","90.0","62.95","87.5","84.34","-9.364591667","-62.58614333","110094005000002","-9.913623","-63.020946","110002305000019","-9.913623","-63.020946","0","77453.32187975","1","76564.68180863",False,False
630,"LINHA CA 16 LOTE 139 GLEBA 02 ZONA RURAL",NULL,NULL,"zona rural",8943,"1154017","LINHA  NOVE LINHA SETE","120","SITIO SN","linha sete","100.0","0.0","30.0","73.0","-9.333404","-62.490919","110094005000010","-13.403503","-60.472397","110003105000009","-13.4037425","-60.4713025","121.34634001","503211.00835842","1","497257.6753078",False,False
631,"RUA PARANA CENTRO","2770.0","CENTRO","centro",3703,"1234705","RUA  PARANA LIBERDADE","3316",NULL,"liberdade","100.0","83.53","26.67","89.37","-11.03492","-62.67542667","110130205000002","-11.531764","-61.008514","110009805000011","-11.531764","-61.008514","0","189979.39275806","1","189844.00588933",False,False
632,"AV. MARACANA SETOR 03","1413.0",NULL,"setor 03",8536,"1204975","ALAMEDA  MARACANA SETOR 02","1420","APARTAMENTO 1","setor 02","100.0","99.51","87.5","98.65","-9.3679189","-62.5839915","110094005000022","-9.91841","-63.021779","110002305000019","-9.91841","-63.021779","0","77782.43446771","1","76435.27076373",False,False
633,"AVENIDA CONDOR SETOR 03","1171.0",NULL,"setor 03",321600,"1742437","AVENIDA  DO CONDOR SETOR 03","1139",NULL,"setor 03","100.0","97.27","100.0","99.45","-9.370065895","-62.58558976","110094005000022","-9.370256","-62.585751","110094005000022","-9.370256","-62.585751","0","27.56406711","1","0",True,NULL
634,"AVENIDA ROUXINOL SETOR 02","2481.0",NULL,"setor 02",469594,"92567749","AVENIDA  ROUXINOL SETOR 02","2464",NULL,"setor 02","100.0","99.31","100.0","99.86","-9.368911958","-62.58212392","110094005000023","-9.369013","-62.581834","110094005000023","-9.369013","-62.581834","0","33.73365899","1","0",True,NULL
635,"AV. GALO DA SERRA SETOR 01",NULL,NULL,"setor 01",167790,"1744474","AVENIDA  GALO DA SERRA SETOR 01","2349",NULL,"setor 01","100.0","0.0","100.0","80.0","-9.3621147","-62.5803161","110094005000024","-9.361302","-62.578334","110094005000035","-9.361302","-62.578334","0","235.49338376","1","144.41432985",False,True
636,"RO 205 COMUNIDADE CASTANHEIRA",NULL,NULL,"comunidade castanheira",18975,"217728267","AVENIDA  E RESIDENCIAL ESPLANADA","0",NULL,"residencial esplanada","100.0","0.0","37.21","73.72","-9.483796","-62.657418","110094005000047","-11.717072","-61.755632","110028805000078","-11.717105499999999","-61.755449","20.26989708","267171.702315","1","261217.9251857",False,NULL
637,"RUA ANA FERREIRA CENTRO",NULL,NULL,"centro",123570,"1750384","RUA PRESIDENTE ANA FERREIRA CENTRO","1437",NULL,"centro","100.0","0.0","100.0","80.0","-9.189301667","-63.18799333","110110405000002","-9.1865","-63.188749","110110405000003","-9.1864775","-63.188728","3.40193339","322.38551352","1","10.62530853",False,True
638,"TERRA INDIGENA - ALDEIA JAMARI ZONA RURAL","0.0","0","zona rural",179997,"180405618","RUA  JAMARI TRIUNFO","0",NULL,"triunfo","100.0","100.0","35.29","93.53","-10.610425","-62.737602","110100505000003","-9.284837","-63.465508","110080920000004","-9.2848495","-63.465514","1.53800469","167576.32761826","1","163029.19214047",False,NULL
639,"LINHA 623 ALDEIA INDIGENA","0.0",NULL,"aldeia indigena",18975,"217728267","AVENIDA  E RESIDENCIAL ESPLANADA","0",NULL,"residencial esplanada","100.0","100.0","50.0","95.0","-10.610425","-62.737602","110100505000003","-11.717072","-61.755632","110028805000078","-11.717072","-61.755632","0","163148.3413422","1","158682.46376625",False,NULL
640,"TERRAS INDIGENAS URU EU WAU WAU ZONA RURAL",NULL,"ALDEIA 621","zona rural",NULL,NULL,NULL,NULL,NULL,NULL,NULL,NULL,NULL,"0.0","-10.610425","-62.737602","110100505000003",NULL,NULL,NULL,NULL,NULL,NULL,NULL,"1",NULL,NULL,NULL
641,"LINHA 621 ZONA RURAL",NULL,NULL,"zona rural",11601,"1329132","LINHA  UM GLEBA SANTA CRUZ","0","CASA 1","gleba santa cruz","100.0","0.0","46.15","74.62","-10.7188102","-62.8813657","110100505000008","-13.124911","-60.994642","110005605000024","-13.124911","-60.994642","0","337208.27265978","1","333147.94638955",False,False
642,"RUA SENADOR OLAVO PIRES CENTRO","1363.0",NULL,"centro",24015,"1223523","AVENIDA  OLAVO PIRES CENTRO","1623",NULL,"centro","100.0","83.98","100.0","96.8","-9.18507729","-63.19133329","110110405000003","-12.999431","-60.946576","110007205000004","-12.999431","-60.946576","0","489759.71153809","1","487551.0213693",False,False
643,"AVENIDA PEDRAS BRANCAS CENTRO","717.0",NULL,"centro",580185,"1746074","AVENIDA  PEDRAS BRANCAS CENTRO","717",NULL,"centro","100.0","100.0","100.0","100.0","-10.612224","-62.7324398","110100505000029","-10.611879","-62.732767","110100505000002","-10.611879","-62.732767","0","52.44519098","1","0",False,NULL
644,"AVENIDA CACAULANDIA CENTRO",NULL,"DIST. COLINA VERDE","centro",189270,"98901327","TRAVESSAO  PARA CACAULANDIA RIO CANAA","8",NULL,"rio canaa","100.0","0.0","53.33","75.33","-10.5420225","-63.0178854","110100515000001","-10.499314","-63.098717","110100515000005","-10.499598500000001","-63.097865","98.37714711","10032.19570602","1","9446.49915915",False,False
645,"AVENIDA COSTA E SILVA CENTRO","2166.0","CENTRO","centro",12773,"215140729","AVENIDA  COSTA E SILVA CENTRO","3436",NULL,"centro","100.0","63.04","100.0","92.61","-9.1815632","-63.1897395","110110405000004","-9.421721","-61.998539","110013005000006","-9.421721","-61.998539","0","133413.74119201","1","132589.3364278",False,NULL
646,"RUA BRASIL CENTRO","2772.0","CENTRO","centro",12762,"1374968","AVENIDA  BRASIL CENTRO","2753",NULL,"centro","100.0","99.31","100.0","99.86","-11.0323278","-62.6724957","110130205000005","-9.421654","-61.99877","110013005000006","-9.421654","-61.99877","0","193678.58610539","1","192527.98696508",False,NULL
647,"RUA IMBURANA FRANCISCO NATALINO FERREIRA",NULL,"BAIRRO NOVO","francisco natalino ferreira",215021,"180412659","FAZENDA  IMBURANA FAZENDA IMBURANA","0",NULL,"fazenda imburana","100.0","0.0","37.21","73.72","-10.6162543","-62.7307091","110100505000026","-12.610876","-61.50344","110146805000019","-12.608863","-61.506857","433.11285693","258955.63130909","1","257448.96322014",False,False
648,"RUA CEREJEIRAS","0.0","PROXIMO CAMARA",NULL,205861,"109348049","AVENIDA  CEREJEIRAS NOVO PLANO","0",NULL,"novo plano","100.0","100.0","0.0","90.0","-10.6134759","-62.7353143","110100505000027","-12.448615","-61.106824","110092405000023","-12.448615","-61.106939","12.48679808","270400.56566976","1","269454.43497724",False,NULL
649,"RUA PITANGUEIRAS FRANCISCO ANATALINO","0.0",NULL,"francisco anatalino",259609,"221096611","RUA  PITANGUEIRAS RUA JAMBEIRO","0",NULL,"rua jambeiro","100.0","100.0","38.71","93.87","-10.6121771","-62.734646","110100505000027","-10.617131","-62.728893","110100505000001","-10.617131","-62.728893","0","835.92620617","1","537.426321",False,NULL
650,"LINHA 60 KM 7 ZONA RURAL",NULL,"COLEGIO IAAMO","zona rural",7833,"1196812","LINHA  60 VILA SANTO ANTONIO","30","CHACARA","vila santo antonio","100.0","0.0","28.57","72.86","-10.99084203","-62.7300682","110130205000017","-12.04483","-62.135433","110001535000003","-12.04812","-62.136815","395.49874846","133913.84381282","1","127764.6495617",False,False
651,"RUA MONTE NEGRO ZONA URBANA",NULL,NULL,"zona urbana",134711,"1673663","AVENIDA  MONTE NEGRO SETOR 05","1534",NULL,"setor 05","100.0","0.0","21.05","72.11","-10.542622","-63.1022448","110100515000005","-10.202822","-63.826111","110045205000004","-10.202816","-63.826171","6.60001188","87728.46727296","1","79163.46173717",False,False
652,"TERRITORIO INDIGENA URU EU WAU WAU - POSTO INDIGENA TRINCHEIR AREA RURAL",NULL,"POVO INDIG AMONDAWA","area rural",NULL,NULL,NULL,NULL,NULL,NULL,NULL,NULL,NULL,"0.0","-11.065299","-62.9528001","110130205000022",NULL,NULL,NULL,NULL,NULL,NULL,NULL,"1",NULL,NULL,NULL
653,"LINHA B 40 - A KM 10 ZONA RURAL","0.0",NULL,"zona rural",8835,"180197096","TRAVESSAO  B 40 SETOR CHACAREIRO","0","OUTROS 2","setor chacareiro","100.0","100.0","30.77","93.08","-9.197259","-63.181409","110110405000019","-9.952517","-63.073931","110002305000040","-9.952517","-63.073931","0","84803.75585825","1","52253.08065476",False,False
654,"RUA SENADOR OLAVO PIRES CENTRO","1367.0",NULL,"centro",24015,"1223523","AVENIDA  OLAVO PIRES CENTRO","1623",NULL,"centro","100.0","84.23","100.0","96.85","-9.184851525","-63.1860118","110110405000021","-12.999431","-60.946576","110007205000004","-12.999431","-60.946576","0","489491.4801389","1","487287.74692474",False,False
655,"AV. AYRTON SENNA CENTRO","1655.0","PREDIO ESCOLAR","centro",150634,"1674914","AVENIDA  AYRTON SENNA SETOR 07","1663",NULL,"setor 07","100.0","99.52","42.86","94.19","-9.185685171","-63.18701148","110110405000021","-10.211539","-63.829955","110045205000007","-10.211539","-63.829955","0","134081.56948558","1","133405.84458783",False,False
656,"LINHA DOIS KM 18",NULL,NULL,NULL,24595,"109873114","LINHA  02 ZONA RURAL","2",NULL,"zona rural","100.0","0.0","0.0","70.0","-11.20784","-61.6194171","110120305000007","-13.052404","-60.807863","110007205000012","-13.153434","-60.810246","11237.00293201","223274.96329392","1","208332.81784814",False,False
657,"LINHA 64 KM 10",NULL,"ZONA RURAL",NULL,6272,"180193565","LINHA  60 SANTO ANTONIO DO OESTE","35",NULL,"santo antonio do oeste","100.0","0.0","0.0","70.0","-11.0021933333333","-62.776355","110130205000016","-12.04312","-62.165153","110001535000002","-12.04483","-62.163225","283.0441841","133535.00363529","1","124725.6476792",False,False
658,"RUA GONCALVES DE PAIVA SETOR 01","3375.0",NULL,"setor 01",697370,"214339878","RUA  GONCALVES DE PAIVA CENTRO","3374",NULL,"centro","100.0","99.97","42.86","94.28","-11.0317016","-62.6643783","110130205000045","-11.031802","-62.664675","110130205000006","-11.031802","-62.664675","0","34.25236511","1","0",False,NULL
659,"RUA JASIEL OLIVEIRA DA SILVA SETOR 1","3121.0","ESCOLA","setor 1",337438,"98868008","RUA  SILVA JARDIM SANTANA","2092","CASA","jardim santana","100.0","67.03","28.57","86.26","-11.0287378","-62.6655696","110130205000045","-8.748916","-63.810836","110020505000077","-8.748916","-63.810836","0","282845.68981297","1","281651.79647468",False,False
660,"RUA DOS PRINCESA ISABEL CENTRO","2369.0","ESCOLA","centro",27368,"180260594","AVENIDA PRINCESA ISABEL TRIANGULO","1460",NULL,"triangulo","100.0","61.63","40.0","86.33","-11.0293768","-62.6763781","110130205000030","-10.79189","-65.335189","110010605000012","-10.79189","-65.335189","0","291499.90174197","1","291732.19020512",False,False
661,"RUA MARECHAL RONDON CENTRO","2334.0","TERREO","centro",14246,"1222748","AVENIDA MARECHAL RONDON CENTRO","2314",NULL,"centro","100.0","99.14","100.0","99.83","-11.0302311","-62.6758883","110130205000030","-12.995409","-60.946622","110007205000002","-12.995409","-60.946622","0","288302.50334874","1","287335.15659969",False,False
662,"RUA PIAUI SETOR 02","2965.0",NULL,"setor 02",75503,"92571760","RUA  PIAUI CENTRO","2948",NULL,"centro","100.0","99.43","42.86","94.17","-11.0381017","-62.674138","110130205000034","-11.03787","-62.674229","110130205000001","-11.037833","-62.674211","4.5591657","27.61185302","1","0",False,NULL
663,"BR 421, KM 74 ZONA RURAL",NULL,NULL,"zona rural",91587,"1223655","AVENIDA  QUATRO RURAL","15",NULL,"rural","100.0","0.0","100.0","80.0","-10.246216","-63.290521","110140105000007","-12.961509","-60.891709","110007205000005","-12.961509","-60.891709","0","399267.85063205","1","397079.32349876",False,False
664,"RUA JONAS ANTONIO DE SOUZA CENTRO","3791.0","PREDIO","centro",590377,"1706716","RUA  JONAS ANTONIO DE SOUZA CENTRO","1978",NULL,"centro","100.0","52.18","100.0","90.44","-11.8310767","-61.31862","110147605000001","-11.831453","-61.314735","110147605000001","-11.831453","-61.314735","0","424.88085547","1","0",True,NULL
665,"AV JANIO QUADROS CENTRO",NULL,NULL,"centro",930419,"215221219","AVENIDA PRESIDENTE JANIO QUADROS CENTRO","1976",NULL,"centro","100.0","0.0","100.0","80.0","-11.8311143","-61.3142091","110147605000001","-10.248411","-62.343843","110160905000001","-10.248378500000001","-62.343830499999996","3.8640155","208802.58095692","1","207138.70940598",False,False
666,"AV. JORGE TEIXEIRA CENTRO","3979.0","TERREO","centro",51683,"1284216","RUA  JORGE TEIXEIRA SETOR 07","1859",NULL,"setor 07","100.0","46.72","42.86","83.63","-11.8328138","-61.3171579","110147605000001","-10.442783","-62.48228","110011405000021","-10.442783","-62.48228","0","200119.2428275","1","198698.1864425",False,False
667,"RUA SAO PAULO SAO JOSE","278.0",NULL,"sao jose",30497,"180267777","RUA  SAO PAULO SAO BERNARDO","1211",NULL,"sao bernardo","100.0","22.96","54.55","80.05","-11.7722057","-63.0375702","110150005000006","-10.859025","-61.968108","110012205000031","-10.859025","-61.968108","0","154620.62993045","1","154184.4530947",False,False
668,"AV. JORGE TEIXEIRA SAO JOSE","1013.0","PREDIO DO INCRA","sao jose",51682,"215970635","RUA  JORGE TEIXEIRA SETOR 07","1335",NULL,"setor 07","100.0","75.88","37.5","88.93","-11.7723267","-63.0383333","110150005000006","-10.446347","-62.478492","110011405000021","-10.446347","-62.478492","0","159594.69656057","1","158756.10291977",False,False
669,"AVENIDA 02 SETOR 04",NULL,NULL,"setor 04",630,"1193365","LINHA  QUARENTA E DOIS E MEIO LINHA 425","9",NULL,"linha 425","100.0","0.0","23.53","72.35","-10.24962121","-63.3018267","110140105000028","-11.882719","-61.952812","110001505000022","-11.8826265","-61.956047","352.15807289","233765.46997568","1","232676.38836742",False,NULL
670,"RUA JOSE VALADARES SETOR 03",NULL,"PREDIO","setor 03",690337,"216652385","RUA  JOSE VALADARES CENTRO","2820",NULL,"centro","100.0","0.0","42.86","74.29","-10.2544332","-63.2972241","110140105000029","-10.256557","-63.295904","110140105000005","-10.256557","-63.29596","6.12742025","276.82779105","1","31.94165014",False,True
671,"RUA INDEPENDENCIA CENTRO","2228.0","BAIRRO","centro",50999,"1188024","AVENIDA  INDEPENDENCIA REDONDO","2979",NULL,"redondo","100.0","74.79","46.15","89.57","-10.915965","-62.5541217","110143505000001","-11.93815","-62.002993","110001505000002","-11.93815","-62.002993","0","128557.75942781","1","127928.59841336",False,False
672,"RUA PORTO VELHO CENTRO","1117.0","CENTRO","centro",24129,"180242192","RUA  PORTO VELHO CENTRO","1700",NULL,"centro","100.0","65.71","100.0","93.14","-10.9152663","-62.5548123","110143505000001","-13.001215","-60.943651","110007205000004","-13.001215","-60.943651","0","290712.11933328","1","289705.60162337",False,False
673,"RUA 13 DE MAIO CENTRO","1075.0","ZONA URBANA","centro",52460,"1751082","RUA  TREZE DE MAIO CENTRO","1556",NULL,"centro","100.0","69.09","100.0","93.82","-10.9144487","-62.5555448","110143505000001","-9.188384","-63.185425","110110405000005","-9.188384","-63.185425","0","203943.14226277","1","202878.86910394",False,NULL
674,"BR 421, L. C. 35, KM 10 ZONA RURAL",NULL,NULL,"zona rural",47172,"91955783","RUA  DEZ HABITAR BRASIL","2436","FUNDOS","habitar brasil","100.0","0.0","41.67","74.17","-10.1603295","-63.3178138","110140105000014","-11.424543","-61.477713","110004905000033","-11.424557","-61.4777195","1.71035361","245268.39365618","1","235424.00576119",False,False
675,"AV JORGE TEIXEIRA DE OLIVEIRA CENTRO","80.0",NULL,"centro",51682,"215970635","RUA  JORGE TEIXEIRA SETOR 07","1335",NULL,"setor 07","100.0","5.99","42.86","75.48","-11.908285","-61.5109483","110148405000002","-10.446347","-62.478492","110011405000021","-10.446347","-62.478492","0","193816.92968219","1","192364.55826292",False,False
676,"BR 421, LINHA C-50 ZONA RURAL",NULL,NULL,"zona rural",34684,"180237018","LINHA  20 SERRA GRANDE","0",NULL,"serra grande","100.0","0.0","36.36","73.64","-10.0245579","-63.2878808","110140105000016","-12.283924","-64.462358","110008005000026","-12.283924","-64.461742","66.92797041","282013.09430485","1","274194.28360155",False,False
677,"BR 421 KM 25 LOTE 10 ZONA RURAL",NULL,"PREDIO PROPRIO","zona rural",47168,"91955779","RUA  DEZ HABITAR BRASIL","1094","CASA 2","habitar brasil","100.0","0.0","41.67","74.17","-10.07463983","-63.21200988","110140105000017","-11.424753","-61.477726","110004905000033","-11.424684","-61.477706","7.97611049","241724.71414996","1","229478.23766269",False,False
678,"ROD.470, KM 35 GLEBA 05 LOTE 18 ASSENTAMENTO MARGARIDA ALVES ZONA RURAL",NULL,"PREDIO","zona rural",30805,"1164830","RUA  E JARDIM VITORIA","4918","CASA","jardim vitoria","100.0","0.0","33.33","73.33","-10.9310891","-62.4802043","110143505000012","-11.414133","-61.477532","110004905000107","-11.414111","-61.477575","5.28683877","121855.29118753","1","113068.35265314",False,False
679,"RODOVIA 470, LINHA 41, ASSENTAMENTO PALMARES GLEBA 04 ZONA RURAL",NULL,"AREA SOCIAL","zona rural",14471,"1224017","LINHA  04 ZONA RURAL","5","SITIO 3 P 4 EIXO","zona rural","100.0","0.0","100.0","80.0","-10.9432803","-62.5403833","110143505000018","-12.967318","-60.86133","110007205000008","-12.967310000000001","-60.860402500000006","100.50728859","289847.15762842","1","278712.39206576",False,False
680,"RUA JUDITE JESUS DE OLIVEIRA CENTRO","352.0",NULL,"centro",343658,"1255724","RUA  OLIVEIRA NOVO HORIZONTE","1020","CASA","novo horizonte","100.0","34.51","30.0","79.9","-12.1810224","-61.6042028","110145005000002","-10.847921","-61.97042","110012205000193","-10.847921","-61.97042","0","153510.59030168","1","152259.91339023",False,NULL
681,"KAPA 24 RURAL",NULL,"ZONA RURAL","rural",91587,"1223655","AVENIDA  QUATRO RURAL","15",NULL,"rural","100.0","0.0","100.0","80.0","-12.3235651","-61.2867044","110145005000007","-12.961509","-60.891709","110007205000005","-12.9609955","-60.8904845","144.45316299","82877.12417613","1","69564.4950163",False,False
682,"RUA RONALDO ARAGAO CENTRO","3539.0","PREDIO ANTIGA CAMARA","centro",175974,"97292401","RUA PROFESSOR JOSE AMORIM ANTIGA RONALDO ARAGAO CENTRO","1965","CASA","centro","100.0","55.52","100.0","91.1","-12.0619002","-63.5695547","110149205000001","-11.913188","-61.514501","110148405000001","-11.913188","-61.514501","0","224138.87720436","1","224361.50456767",False,False
683,"RUA ANTONIO RODRIGUES DE SOUZA CENTRO","1371.0","ESCOLA","centro",687889,"1705644","RUA  ANTONIO RODRIGUES DE SOUZA CENTRO","1371",NULL,"centro","100.0","100.0","100.0","100.0","-13.4784248","-61.0443178","110146805000001","-13.478484","-61.043947","110146805000001","-13.478484","-61.043947","0","40.63230635","1","0",True,NULL
684,"RUA ANOTONIO RODRIGUES DE SOUZA CENTRO",NULL,"ESCOLA","centro",846231,"215207005","RUA  ANTONIO RODRIGUES DE SOUZA CENTRO","746",NULL,"centro","98.11","0.0","100.0","78.68","-13.4813897","-61.0489962","110146805000002","-13.482033","-61.049219","110146805000002","-13.482037","-61.049259500000005","4.40182976","75.47981554","1","0",True,NULL
685,"RUA ANTONIO RODRIGUES DE SOUZA CENTRO","951.0",NULL,"centro",687890,"1705645","RUA  ANTONIO RODRIGUES DE SOUZA CENTRO","1349",NULL,"centro","100.0","70.5","100.0","94.1","-13.4808674","-61.0477324","110146805000002","-13.47895","-61.044534","110146805000001","-13.47895","-61.044534","0","406.28564149","1","360.57149343",False,True
686,"LH 95 KAPA 24 ZONA RURAL - T.I. KWAZA DO RIO SAO PEDRO ZONA RURAL",NULL,"ALDEIA RIO SAO PEDRO","zona rural",30804,"1164829","RUA  E JARDIM VITORIA","4910","CASA","jardim vitoria","100.0","0.0","33.33","73.33","-12.35738289","-61.35594758","110145005000017","-11.414106","-61.477473","110004905000107","-11.414114","-61.4775025","3.33616299","105717.98057725","1","104707.20109552",False,False
687,"LH 95 KAPA 24 ZONA RURAL - T.I. KWAZA DO RIO SAO PEDRO - PARE ZONA RURAL","0.0","ALDEIA AGUA LIMPA","zona rural",30828,"180227413","RUA  E JARDIM VITORIA","0","CASA","jardim vitoria","100.0","100.0","33.33","93.33","-12.3885158","-61.3604106","110145005000018","-11.411344","-61.475685","110004905000107","-11.411797","-61.475708499999996","50.43645444","109378.1837481","1","108551.29602756",False,False
688,"LH 75 KAPA 08, COM A LH 90 KM 01, Z. RURAL - TERRA INDIGENA ZONA RURAL",NULL,"ALDEIA 2 IRMAOS","zona rural",2188,"180195231","TRAVESSAO  KM 70 GLEBA BURAREIRO","0",NULL,"gleba burareiro","100.0","0.0","40.0","74.0","-12.3136297","-61.4603126","110145005000019","-9.840336","-62.701652","110002305000085","-9.840624","-62.5821935","13087.80614526","306563.15934524","1","304983.18630508",False,False
689,"RUA GETULIO DORNELES VARGAS CENTRO","393.0",NULL,"centro",9605,"180197455","RUA  GETULIO VARGAS SAO GERALDO","601","CASA FUNDO","sao geraldo","100.0","65.39","35.29","86.61","-12.1808239","-61.6014036","110145005000021","-9.912788","-63.060722","110002305000160","-9.912788","-63.060722","0","298266.29631081","1","296982.72043964",False,False
690,"COMUNIDADE PEDRAS NEGRAS ZONA RURAL",NULL,"RIO GUAPORE","zona rural",368058,"1242324","RUA  DAS PEDRAS JARDIM PRESIDENCIAL","1247","FRENTE","jardim presidencial","75.0","0.0","27.59","55.26","-12.85211821","-62.90134388","110149205000034","-10.874465","-61.974851","110012205000072","-10.87448","-61.974799","5.91821095","241913.34476973","1","240295.84713375",False,False
691,"RUA PROJETADA NOVA ESPERANCA","10.0",NULL,"nova esperanca",33896,"221142323","RUA  PROJETADA RESIDENCIAL PARK AMAZONAS","52",NULL,"residencial park amazonas","100.0","19.23","30.77","76.92","-11.9133781","-61.5090211","110148405000001","-10.705416","-62.260772","110015505000054","-10.705416","-62.260772","0","157353.62209186","1","156214.0282577",False,NULL
692,"AV. SETE DE SETEMBRO NOVA ESPERANCA","391.0",NULL,"nova esperanca",25757,"1239857","AVENIDA  SETE DE SETEMBRO VISTA ALEGRE","386",NULL,"vista alegre","100.0","98.72","38.46","93.59","-11.9137874","-61.5091522","110148405000001","-11.544129","-61.026557","110009805000033","-11.544129","-61.026557","0","66709.66507136","1","66417.3633686",False,NULL
693,"AV TANCREDO DE ALMEIDA NEVES CENTRO","3108.0","QUERENCIA DO NORTE","centro",13006,"1374966","AVENIDA  TANCREDO NEVES CENTRO","3407",NULL,"centro","100.0","91.22","100.0","98.24","-11.9750084","-61.3769093","110147605000010","-9.42233","-61.998621","110013005000006","-9.42233","-61.998621","0","291859.08117306","1","289844.07601143",False,NULL
694,"RUA FLAVIO SARAIVA DE MATOS CENTRO",NULL,"QUERENCIA DO NORTE","centro",103128,"1708195","RUA  FLAVIO SARAIVA MATOS QUERENCIA DO NORTE","3935",NULL,"querencia do norte","100.0","0.0","25.0","72.5","-11.9756239","-61.3735642","110147605000010","-11.974788","-61.375615","110147605000010","-11.9747875","-61.3757725","17.13220989","241.66568197","1","0",True,NULL
695,"AV. PRINCIPAL CENTRO","4343.0","DIST. NOVO PARAISO","centro",163501,"218165932","AVENIDA  PRINCIPAL CENTRO","164",NULL,"centro","100.0","3.78","100.0","80.76","-11.8003121166667","-61.47707785","110148405000006","-13.192926","-60.804142","110005605000017","-13.192926","-60.804142","0","171218.35739188","1","169962.70197407",False,False
696,"RUA 05, ESQUINA C/ AVENIDA 01 CENTRO","5015.0","DISTRIT NOVO PARAISO","centro",18983,"109351074","AVENIDA  UM RESIDENCIAL ESPLANADA","2961",NULL,"residencial esplanada","100.0","59.04","22.22","84.03","-11.7990481","-61.4741899","110148405000006","-11.716582","-61.759323","110028805000078","-11.716582","-61.759323","0","32366.27915906","1","31838.06072504",False,NULL
697,"RODOVIA BR 429 KM 92 ESQUINA C/LINHA 033 ZONA RURAL",NULL,NULL,"zona rural",27952,"1229384","RODOVIA  429 SERRINHA","26",NULL,"serrinha","100.0","0.0","44.44","74.44","-12.0722435","-63.7196193","110149205000008","-12.230916","-64.256583","110008005000027","-12.230916","-64.256583","0","60978.19641033","1","56291.89812744",False,False
698,"RUA MOGNO PORTO MURTINHO",NULL,"ESCOLA INDIGENA","porto murtinho",149553,"1638452","RUA  MOGNO PLANALTO","1525",NULL,"planalto","100.0","0.0","27.27","72.73","-11.9514606","-63.5884493","110149205000010","-11.689512","-62.710829","110032005000030","-11.689535","-62.710829","2.55748683","99859.90610385","1","87078.81102846",False,False
699,"TRAVESSAO LINHA 4A ZONA RURAL",NULL,NULL,"zona rural",133786,"110647448","LINHA  8 DA 4A PARA 5A EIXO QUARTA PARA QUINTA EIXO","0",NULL,"quarta para quinta eixo","100.0","0.0","42.42","74.24","-11.9514393","-63.5883588","110149205000010","-13.364231","-61.046017","110146805000017","-13.364231","-61.046017","0","317416.97719032","1","301101.86532636",False,False
700,"BR 429 KM 65 LINHA 20 KM 3,5 RURAL",NULL,"LINHA 20","rural",7819,"1196800","LINHA  65 VILA SANTO ANTONIO","32","CHACARA","vila santo antonio","100.0","0.0","17.39","71.74","-12.0273183","-63.9731868","110149205000012","-12.087962","-62.123828","110001535000003","-12.08798","-62.123828","2.00151144","201215.39999652","1","181307.25717495",False,False
701,"RUA MANAUS ALTO ALEGRE","3240.0","APAE","alto alegre",123306,"100686063","RUA  MANAUS CIDADE BAIXA","3291",NULL,"cidade baixa","100.0","98.45","26.09","92.3","-12.0713195","-63.5687266","110149205000056","-12.071337","-63.57507","110149205000055","-12.071337","-63.57507","0","689.76081446","1","316.19823976",False,NULL
702,"RUA MACAPA ALTO ALEGRE","3441.0","ESCOLA","alto alegre",123171,"100685946","RUA  MACAPA CIDADE BAIXA","3041",NULL,"cidade baixa","100.0","88.38","26.09","90.28","-12.0731034","-63.5685338","110149205000056","-12.073436","-63.572396","110149205000055","-12.073436","-63.572396","0","421.58375408","1","36.95188006",False,NULL
703,"RUA RONDONIA CENTRO","4070.0",NULL,"centro",54279,"220859975","RUA  RONDONIA CENTENARIO","4045","CASA FUNDOS","centenario","100.0","99.39","75.0","97.38","-12.0615467","-63.57348","110149205000058","-11.717259","-61.76301","110028805000020","-11.7171705","-61.762962","11.14240627","200681.2661238","1","200815.02362544",False,False
704,"COMUNIDADE SANTO ANTONIO ZONA RURAL",NULL,NULL,"zona rural",25036,"180255420","RUA SANTO ANTONIO VISTA ALEGRE","4006",NULL,"vista alegre","100.0","0.0","36.36","73.64","-12.632119","-63.02637","110149205000051","-11.539831","-61.006472","110009805000033","-11.5397985","-61.006515","5.91663772","250967.65513979","1","242843.82118675",False,NULL
705,"RUA VALECIO DE ARAUJO CIDADE ALTA","3400.0",NULL,"cidade alta",921203,"98340725","RUA  ARAUJO VILA DA PENHA","0",NULL,"vila da penha","100.0","0.0","41.67","74.17","-12.0545536","-63.5706592","110149205000059","-9.856792","-65.263722","110020510000005","-9.8565425","-65.2646285","103.11281041","306396.43054351","1","304931.58231951",False,False
706,"RUA PRIMAVERA CENTRO","4015.0","PREDIO PROPRIO","centro",25557,"180252978","RUA  PRIMAVERA VISTA ALEGRE","3968",NULL,"vista alegre","100.0","98.83","22.22","91.99","-10.4278861","-62.1291367","110180705000015","-11.545895","-61.010805","110009805000033","-11.545895","-61.010805","0","174230.25507657","1","173546.94611042",False,NULL
707,"RODOVIA RODOVIA 377 KM 16 SETOR PORTO MURTINHO ZONA RURAL",NULL,"E. PEREIRA E CACERES","zona rural",47255,"91955843","RUA  SETE HABITAR BRASIL","1276","CASA","habitar brasil","100.0","0.0","41.67","74.17","-12.1911965","-63.4474008","110149210000004","-11.424427","-61.479331","110004905000033","-11.4244385","-61.479296500000004","3.97170695","230551.37313264","1","215640.13926131",False,False
708,"RUA 13 DE FEVEREIRO SETOR 04","0.0","HOSPITAL MUNICIPAL","setor 04",106646,"221004910","RUA  TREZE DE FEVEREIRO SETOR 4","0","CASA","setor 4","100.0","100.0","93.33","99.33","-10.4297051","-62.1256831","110180705000017","-10.42861","-62.1287","110180705000002","-10.4285735","-62.128837000000004","15.52208885","351.6769114","1","162.13543104",False,NULL
709,"RUA 19 DE NOVEMBRO SETOR 04","1438.0","ESCOLA","setor 04",349164,"216962485","RUA  19 DE NOVEMBRO SETE DE SETEMBRO","1491",NULL,"sete de setembro","100.0","96.45","41.67","93.46","-10.4297009","-62.1231239","110180705000017","-11.412267","-61.44026","110004905000111","-11.412267","-61.44026","0","132270.2602094","1","131562.79567719",False,NULL
710,"RUA SANTO PEREIRA SETOR 04","170.0",NULL,"setor 04",73500,"1722204","RUA  SANTOS PEREIRA CENTRO","98",NULL,"centro","96.3","57.65","42.86","83.22","-10.93242664","-62.25626844","110155905000001","-10.932978","-62.255803","110155905000001","-10.932978","-62.255803","0","79.62996689","1","0",True,NULL
711,"AVENIDA JORGE TEIXEIRA CENTRO","609.0",NULL,"centro",24072,"180241889","AVENIDA GOVERNADOR JORGE TEIXEIRA CENTRO","1781",NULL,"centro","100.0","34.19","100.0","86.84","-11.7681083","-63.0381868","110150005000001","-12.997585","-60.941796","110007205000004","-12.997585","-60.941796","0","265571.49318245","1","264968.52683241",False,False
712,"AV SETE DE SETEMBRO CENTRO","661.0",NULL,"centro",25760,"1239860","AVENIDA  SETE DE SETEMBRO VISTA ALEGRE","572",NULL,"vista alegre","100.0","86.54","22.22","89.53","-11.76848","-63.0362817","110150005000002","-11.542932","-61.025488","110009805000033","-11.542932","-61.025488","0","220410.6806023","1","220471.21315656",False,NULL
713,"AV. CAPITAO SILVIO CRISTO REI","647.0",NULL,"cristo rei",251483,"1636346","AVENIDA CAPITAO SILVIO CENTRO","645",NULL,"centro","100.0","99.69","37.5","93.69","-11.7690165","-63.0332101","110150005000003","-11.696119","-62.716575","110032005000002","-11.696157","-62.716575500000005","4.22576376","35412.8442385","1","35110.38233664",False,False
714,"AVENIDA CAPITAO SILVIO CRISTO REI","898.0",NULL,"cristo rei",77742,"220185129","AVENIDA CAPITAO SILVIO SETOR 01","1163","ANDAR 1","setor 01","100.0","77.21","44.44","89.89","-11.77177","-63.033635","110150005000003","-9.920935","-63.034498","110002305000002","-9.920935","-63.034433","7.11960063","205803.7669786","1","203702.9257649",False,NULL
715,"RUA NOVA ESPERANCA CENTRO",NULL,"PREDIO","centro",43472,"180253321","RAMAL  NOVA ESPERANCA SERINGUEIRO","0",NULL,"seringueiro","100.0","0.0","47.06","74.71","-10.93716594","-62.25816546","110155905000002","-10.804092","-65.007118","110010605000075","-10.804092","-65.007118","0","300548.29012662","1","300531.11664035",False,False
716,"RODOVIA BR 429 KM 16 ZONA RURAL",NULL,NULL,"zona rural",27952,"1229384","RODOVIA  429 SERRINHA","26",NULL,"serrinha","100.0","0.0","44.44","74.44","-11.8428608","-63.1649833","110150005000011","-12.230916","-64.256583","110008005000027","-12.230916","-64.256583","0","126310.3975564","1","110528.17709023",False,False
717,"RD BR 429 KM 32 ZONA RURAL",NULL,NULL,"zona rural",27952,"1229384","RODOVIA  429 SERRINHA","26",NULL,"serrinha","100.0","0.0","44.44","74.44","-11.9402027","-63.2505563","110150005000011","-12.230916","-64.256583","110008005000027","-12.230916","-64.256583","0","114062.18896662","1","110528.17709023",False,False
718,"LINHA 12 KM 08 ZONA RURAL",NULL,NULL,"zona rural",27829,"105672846","LINHA  8 SERRA GRANDE","0",NULL,"serra grande","100.0","0.0","36.36","73.64","-11.824524","-62.922832","110150005000021","-12.24597","-64.331668","110008005000027","-12.244240999999999","-64.3312535","197.46200425","160218.41629094","1","159902.25830334",False,False
719,"LINHA 14 KM 12 ZONA RURAL",NULL,NULL,"zona rural",10894,"1186760","LINHA  14 FIGUEIRA","85","CASA 1","figueira","100.0","0.0","33.33","73.33","-11.9018156","-63.0968093","110150005000022","-11.430647","-61.146465","110004910000023","-11.4296865","-61.146347500000005","107.56790927","218754.10184909","1","218423.63336267",False,False
720,"RUA PRINCIPE CENTRO",NULL,NULL,"centro",225033,"180451228","RUA  PRINCIPE CENTRO","0",NULL,"centro","100.0","0.0","100.0","80.0","-10.9329031","-62.2600861","110155905000005","-10.9362","-62.259576","110155905000002","-10.935371","-62.259576","92.1807211","370.80498507","1","158.05503315",False,True
721,"LINHA 28, ESQUINA COM 31, LOTE 26, GLEBA 12 E ZONA RURAL",NULL,NULL,"zona rural",30870,"110256985","LINHA  12 LINHA E","52","CASA","linha e","100.0","0.0","35.29","73.53","-10.9799744","-62.2765681","110155905000006","-11.398806","-61.261173","110004910000018","-11.3996125","-61.260219500000005","137.2748104","120153.28801939","1","106069.70557846",False,False
722,"LINHA 605 KM 45 TV 10 RURAL",NULL,"RURAL","rural",523,"110250000","LINHA  45 LINHA 172","4",NULL,"linha 172","100.0","0.0","14.29","71.43","-10.099264","-62.2222261","110160905000004","-11.904539","-61.959378","110001505000022","-11.904616","-61.959129","28.41283603","202777.408125","1","197084.51537919",False,NULL
723,"AVENIDA DOS PIONEIROS 01","1468.0","CENTRO","01",60025,"1158693","RUA  DOS PIONEIROS CENTRO","1538",NULL,"centro","100.0","95.45","0.0","89.09","-10.2453513","-62.3477813","110160905000001","-11.434755","-61.445428","110004905000009","-11.434755","-61.445428","0","164932.38238721","1","163444.98793172",False,False
724,"RUA ULISSES GUIMARAES CENTRO","2302.0",NULL,"centro",24234,"1223439","RUA  ULISSES GUIMARAES CENTRO","2178",NULL,"centro","100.0","94.61","100.0","98.92","-10.2498115","-62.3449945","110160905000001","-13.000412","-60.945251","110007205000004","-13.000412","-60.945251","0","341734.83358642","1","339955.78777221",False,False
725,"AV. 13 DE FEVEREIRO CENTRO","1460.0","PREDIO","centro",136833,"92578090","AVENIDA  TREZE DE FEVEREIRO CENTRO","1460",NULL,"centro","100.0","100.0","100.0","100.0","-10.2463446","-62.3497562","110160905000002","-10.246319","-62.349524","110160905000002","-10.246319","-62.349524","0","25.56669442","1","0",True,NULL
726,"AVENIDA BRASIL Nº 2443 ZONA RURAL",NULL,"AREA ASSENTAMENTO","zona rural",16541,"1164424","AVENIDA  BRASIL INDUSTRIAL","1795",NULL,"industrial","100.0","0.0","40.0","74.0","-10.029652","-62.3490987","110160905000016","-11.439204","-61.456267","110004905000025","-11.439253","-61.456117","17.23200202","184606.8514731","1","183366.76404367",False,False
727,"ESTRADA LINHA 599 KM 12 ZONA RURAL",NULL,"SITIO","zona rural",8943,"1154017","LINHA  NOVE LINHA SETE","120","SITIO SN","linha sete","100.0","0.0","30.0","73.0","-10.2807129","-62.4936319","110160905000009","-13.403503","-60.472397","110003105000009","-13.4037425","-60.4713025","121.34634001","411031.60550776","1","405015.93437983",False,False
728,"RUA CARLOS DE LIMA NOVO HORIZONTE","1729.0","ESCOLA","novo horizonte",824853,"1729076","RUA  CARLOS DE LIMA NOVO HORIZONTE","1728",NULL,"novo horizonte","100.0","99.94","100.0","99.99","-11.12539","-62.3713217","110170805000001","-11.125555","-62.370859","110170805000001","-11.125555","-62.370859","0","53.71367574","1","0",True,NULL
729,"LH C-50 ASSENTAMENTO ANTONIO CONSELHEIRO I ZONA RURAL",NULL,"AREA DE ASSENTAMENTO","zona rural",83317,"216971694","RUA  I INDUSTRIAL JAMARI","250",NULL,"industrial jamari","100.0","0.0","44.44","74.44","-10.0468843","-62.471394","110160905000012","-9.909518","-63.058269","110002305000161","-9.909527","-63.058269","1.00075572","66060.60968134","1","56019.6529087",False,NULL
730,"AVENIDA MOACIR DE PAULA VIEIRA ALTO ALEGRE","4343.0",NULL,"alto alegre",75197,"215401063","AVENIDA  MOACIR DE PAULA VIEIRA ALTO ALEGRE","4365","FRENTE 1","alto alegre","100.0","99.5","100.0","99.9","-11.12473236","-62.37205112","110170805000008","-11.124431","-62.37161","110170805000008","-11.124416","-62.37158599999999","3.10462927","58.6453458","1","0",True,NULL
731,"RUA OTAVIO PEDRO DE OLIVEIRA ALTO ALEGRE","5127.0",NULL,"alto alegre",251033,"1541447","RUA  PEDRO DE OLIVEIRA LINO ALVES TEIXEIRA","3458",NULL,"lino alves teixeira","100.0","67.45","40.0","87.49","-11.12144935","-62.37479567","110170805000008","-11.17303","-61.897423","110025405000012","-11.17303","-61.897423","0","52394.89878297","1","51961.17814085",False,False
732,"RUA GETULIO VARGAS ALTO ALEGRE","4840.0","PREDIO ESCOLAR","alto alegre",10637,"100175192","AVENIDA PRESIDENTE GETULIO VARGAS NOVA UNIAO 3","4989",NULL,"nova uniao 3","100.0","97.01","34.78","92.88","-11.12061984","-62.37465112","110170805000008","-9.886639","-63.0428","110002305000133","-9.886639","-63.0428","0","155445.68371386","1","154658.90410798",False,False
733,"RO 133 KM 15 TV 04 ZONA RURAL",NULL,"ZONA RURAL","zona rural",30804,"1164829","RUA  E JARDIM VITORIA","4910","CASA","jardim vitoria","100.0","0.0","33.33","73.33","-10.1919149","-62.2807672","110160905000021","-11.414106","-61.477473","110004905000107","-11.414114","-61.4775025","3.33616299","161762.5363916","1","160055.25651876",False,False
734,"RUA MARACATIARA SUMAUMA","3320.0","EM FRENTE AO DETRAN","sumauma",32764,"91987911","RUA  MARACATIARA VALPARAISO","3315",NULL,"valparaiso","100.0","99.85","23.53","92.32","-11.1338907","-62.3650673","110170805000027","-10.872701","-61.910077","110012205000103","-10.872701","-61.910077","0","57531.42390837","1","57071.48076356",False,NULL
735,"RUA SERINGUEIRAS SUMAUMA","3275.0","ZONA RUBANA","sumauma",508904,"1576055","RUA  DAS SERINGUEIRAS ELETRONORTE","3227",NULL,"eletronorte","100.0","98.53","0.0","89.71","-11.13527625","-62.36541661","110170805000027","-8.792353","-63.896825","110020505080016","-8.792353","-63.896825","0","309832.26481854","1","308057.84442814",False,False
736,"LINHA TN-10 ZONA RURAL",NULL,NULL,"zona rural",474896,"1687442","LINHA  TRAVESSAO MIGRANTINOPOLIS","3","CASA SN","migrantinopolis","100.0","0.0","24.0","72.4","-11.0385653","-62.2206779","110170805000012","-11.75197","-62.115607","110050210000003","-11.753999","-62.115607","225.61481678","80149.59922036","1","75102.73560203",False,False
737,"LINHA C 03 NUCLEO PRIMAVERA",NULL,"NUCLEO PRIMAVERA",NULL,25551,"1239952","RUA  PRIMAVERA VISTA ALEGRE","1376",NULL,"vista alegre","100.0","0.0","0.0","70.0","-11.0860011","-62.3029756","110170805000015","-11.545834","-61.0105","110009805000033","-11.5458565","-61.010428000000005","8.23337417","149911.8490855","1","149507.3193762",False,NULL
738,"RUA VILHENA 07","2360.0","BNH","07",1048,"1213513","RUA  VILHENA BNH","2360","QUADRA","bnh","100.0","100.0","0.0","90.0","-9.9031992","-63.0438952","110002305000051","-9.902783","-63.043755","110002305000051","-9.902783","-63.043755","0","48.7609262","1","0",True,NULL
739,"AREA RURAL LINHA E LOTE 95 GLEBA 04 SETOR PROSPERIDADE AREA RURAL DE CACOAL",NULL,"ESCOLA","area rural de cacoal",14373,"1223970","LINHA  05 ZONA RURAL","5","SITIO 3 P 4 EIXO","zona rural","100.0","0.0","66.67","76.67","-11.5207992","-61.5974503","110004905000072","-12.924981","-60.870297","110007205000008","-12.92551","-60.870297","58.82219718","174995.36971096","1","171667.73550544",False,False
740,"RUA PROFESSOR IRIS JOSE DUARTE JOSINO BRITO","3513.0",NULL,"josino brito",331166,"91958348","RUA PROFESSORA IRIS JOSE DUARTE JARDIM LIMOEIRO","3513",NULL,"jardim limoeiro","98.11","100.0","44.44","93.12","-11.4147622","-61.4717101","110004905000131","-11.414942","-61.471686","110004905000108","-11.414942","-61.471686","0","20.16469971","1","0",False,NULL
741,"BR 364 KM 228 LOTE 2A ZONA RURAL",NULL,NULL,"zona rural",8827,"180197045","RODOVIA  BR 364 MARECHAL RONDON 01","0","CASA 3","marechal rondon 01","100.0","0.0","42.86","74.29","-11.4795691","-61.3798145","110004905000084","-9.942103","-63.055725","110002305000040","-9.9420915","-63.055726","1.2834253","250504.43310817","1","248239.86834889",False,False
742,"RUA LUIZ ALVES DE ARAUJO RESIDENCIAL PARQUE ALVORADA","3873.0",NULL,"residencial parque alvorada",429981,"100168012","RUA PASTOR ERMILINO ALVES DE ARAUJO RESIDENCIAL CAPELASSO","2486",NULL,"residencial capelasso","85.71","64.19","68.75","79.71","-11.4185413","-61.4678974","110004905000112","-10.904374","-61.885016","110012205000167","-10.904374","-61.885016","0","73070.91782847","1","71844.88166233",False,NULL
743,"RUA PROFESSORA MARIA LUCIA DA SILVA MILLER RESIDENCIAL PARQUE BRIZON","2640.0",NULL,"residencial parque brizon",337471,"98867969","RUA  SILVA JARDIM SANTANA","2393","CASA","jardim santana","100.0","90.64","30.77","91.21","-11.417605","-61.4568287","110004905000125","-8.750524","-63.810345","110020505000077","-8.750524","-63.810345","0","392842.35074288","1","391101.09799255",False,False
744,"RUA SALGADO FILHO SAO CRISTOVAO","2286.0",NULL,"sao cristovao",354652,"1338770","RUA  SALGADO FILHO SAO CRISTOVAO","2495",NULL,"sao cristovao","100.0","91.62","100.0","98.32","-8.757676200000002","-63.8943074","110020505060020","-8.755932","-63.895093","110020505060015","-8.755932","-63.895093","0","212.29516397","1","163.61942427",False,True
745,"RUA GETULIO VARGAS SAO JOAO BOSCO","2308.0",NULL,"sao joao bosco",10630,"180214366","AVENIDA PRESIDENTE GETULIO VARGAS NOVA UNIAO 3","2080",NULL,"nova uniao 3","100.0","90.12","46.15","92.64","-8.759059000000002","-63.895603","110020505060020","-9.884313","-63.042743","110002305000133","-9.884299","-63.0427125","3.68597587","156246.22179113","1","155476.89305248",False,False
746,"RUA PIONEIRO JOAQUIM DIAS PEREIRA ALPHA PARQUE","4957.0",NULL,"alpha parque",333806,"100092739","RUA PIONEIRO JOAQUIM DIAS PEREIRA ALPHA PARQUE","5029",NULL,"alpha parque","100.0","98.57","100.0","99.71","-11.42721405","-61.41987709","110004905000147","-11.427462","-61.419102","110004905000102","-11.427462","-61.419102","0","88.86299912","1","0",False,NULL
747,"RUA JOSE DO PATROCINIO JARDIM ELDORADO","4352.0",NULL,"jardim eldorado",46848,"1158922","RUA  JOSE DO PATROCINIO CENTRO","1912","SOBRADO","centro","100.0","43.93","28.57","81.64","-11.4377961","-61.4264237","110004905000150","-11.437616","-61.44907","110004905000010","-11.437616","-61.44907","0","2468.23000549","1","1752.56837021",False,False
748,"RUA JOSE DO PATROCINIO JARDIM ELDORADO","4352.0","PREDIO","jardim eldorado",46848,"1158922","RUA  JOSE DO PATROCINIO CENTRO","1912","SOBRADO","centro","100.0","43.93","28.57","81.64","-11.4378763","-61.4263963","110004905000150","-11.437616","-61.44907","110004905000010","-11.437616","-61.44907","0","2471.30415463","1","1752.56837021",False,False
749,"RUA ANISIO SERRAO FLORESTA","3637.0",NULL,"floresta",60814,"1174225","RUA  ANISIO SERRAO FLORESTA","3637",NULL,"floresta","100.0","100.0","100.0","100.0","-11.4354617","-61.4323297","110004905000150","-11.435514","-61.43232","110004905000106","-11.435514","-61.43232","0","5.91081232","1","0",False,NULL
750,"AVENIDA GERALDA SIMAO DE SOUZA ELDORADO","2166.0",NULL,"eldorado",50931,"100091974","AVENIDA  GERALDA SIMAO DE SOUZA JARDIM ELDORADO","2185","BARRACAO","jardim eldorado","100.0","99.13","100.0","99.83","-11.4456522","-61.4307357","110004905000153","-11.445405","-61.430458","110004905000104","-11.445405","-61.430458","0","40.88419256","1","0",False,NULL
751,"AVENIDA GUAPORE CENTRO","4216.0",NULL,"centro",1307,"215164616","AVENIDA  GUAPORE SETOR 06","4253",NULL,"setor 06","100.0","99.13","42.86","94.11","-13.1167906","-60.5435926","110006405000008","-9.898907","-63.027787","110002305000061","-9.898907","-63.027787","0","448635.79344101","1","447035.13101984",False,False
752,"AVENIDA PORTO VELHO JARDIM CLODOALDO","4121.0",NULL,"jardim clodoaldo",17458,"180199896","AVENIDA  PORTO VELHO PRINCESA ISABEL","3571",NULL,"princesa isabel","100.0","86.65","32.26","90.56","-11.42452237","-61.44682475","110004905000174","-11.920134","-61.997771","110001505000010","-11.920134","-61.997771","0","81464.81373286","1","80593.10346883",False,NULL
753,"RUA PRESIDENTE MEDICI JARDIM CLODOALDO","1930.0","PREDIO","jardim clodoaldo",123491,"1750630","AVENIDA PRESIDENTE MEDICI CENTRO","1605",NULL,"centro","100.0","83.16","18.18","88.45","-11.4244761","-61.4493514","110004905000174","-9.184751","-63.192339","110110405000003","-9.184751","-63.192339","0","313655.74845019","1","312352.2862765",False,False
754,"RUA PIONEIRA MARIA NANCI SANTANA GOIS GREENVILLE","530.0",NULL,"greenville",278010,"180205237","RUA  MARIA NACI SANTANA GOIS GREEN VILLE","537","CASA","green ville","87.8","98.7","95.24","90.73","-11.429721","-61.483802","110004905000178","-11.429781","-61.484811","110004905000093","-11.429781","-61.484811","0","110.17300693","1","0",False,NULL
755,"AVENIDA JUCELINO KUBSTCHEK RIOZINHO",NULL,NULL,"riozinho",231324,"1656321","AVENIDA PRESIDENTE JUCELINO KUBSTCHEK CIDADE ALTA","3854",NULL,"cidade alta","100.0","0.0","10.53","71.05","-11.5118658","-61.3598317","110004910000001","-11.352981","-62.297353","110034605000012","-11.352981","-62.296943","44.69792575","103695.42879479","1","103239.57978503",False,NULL
756,"AVENIDA AGLAIR NOGUEIRA RIOZINHO","1881.0",NULL,"riozinho",273352,"1183283","AVENIDA  AGUIAR NOGUEIRA RIOZINHO","1859",NULL,"riozinho","86.67","98.83","100.0","90.43","-11.5060285","-61.3604399","110004910000004","-11.506458","-61.360536","110004910000004","-11.506458","-61.360536","0","48.89271674","1","0",True,NULL
757,"ALDEIA NAPDJAN SURUI LINHA 09 TERRA INDIGENA SETE DE SETEMBRO ZONA RURAL",NULL,"CRE/CACOAL","zona rural",8943,"1154017","LINHA  NOVE LINHA SETE","120","SITIO SN","linha sete","100.0","0.0","30.0","73.0","-11.258797","-61.37139","110004910000007","-13.403503","-60.472397","110003105000009","-13.4037425","-60.4713025","121.34634001","257698.96350726","1","246751.35844953",False,False
758,"LINHA 9 GLEBA 9 LOTE 52 ZONA RURAL",NULL,NULL,"zona rural",8943,"1154017","LINHA  NOVE LINHA SETE","120","SITIO SN","linha sete","100.0","0.0","30.0","73.0","-11.2642516","-61.3709013","110004910000007","-13.403503","-60.472397","110003105000009","-13.4037425","-60.4713025","121.34634001","257117.24629108","1","246751.35844953",False,False
759,"AREA RURAL AREA RURAL DE CACOAL",NULL,"LH07 GL06 KM17 LT56","area rural de cacoal",61985,"100166781","RUA  RURAL TEIXEIRAO","1332","CASA VERDE","teixeirao","100.0","0.0","27.59","72.76","-11.2892349","-61.4435889","110004910000009","-11.423637","-61.431678","110004905000096","-11.423649","-61.431728","5.6105921","15001.15716411","1","11150.5579462",False,NULL
760,"LINHA 10 GLEBA 10 LOTE 58 AREA RURAL DE CACOAL",NULL,NULL,"area rural de cacoal",27820,"1229337","LINHA  8 SERRA GRANDE","2500",NULL,"serra grande","100.0","0.0","50.0","75.0","-11.1747587","-61.333465","110004910000012","-12.284267","-64.343644","110008005000027","-12.285381","-64.343644","123.87131882","350173.08491813","1","345578.10072118",False,False
761,"AREA RURAL AREA RURAL DE CACOAL",NULL,NULL,"area rural de cacoal",61985,"100166781","RUA  RURAL TEIXEIRAO","1332","CASA VERDE","teixeirao","100.0","0.0","27.59","72.76","-11.2770043","-61.29671247","110004910000016","-11.423637","-61.431678","110004905000096","-11.423649","-61.431728","5.6105921","21962.4445711","1","16290.66485297",False,NULL
762,"AREA RURAL LINHA 12, LOTE 72 AREA RURAL DE CACOAL",NULL,"GLEBA 11","area rural de cacoal",18975,"217728267","AVENIDA  E RESIDENCIAL ESPLANADA","0",NULL,"residencial esplanada","100.0","0.0","43.9","74.39","-11.4907662","-61.2615463","110004910000018","-11.717072","-61.755632","110028805000078","-11.717105499999999","-61.755449","20.26989708","59409.57013859","1","57008.04121165",False,NULL
763,"TERRA INDIGENA SETE DE SETEMBRO, LINHA 014, ALDEIA GAPGIR AREA RURAL DE CACOAL",NULL,"END. DA CRE CACOAL","area rural de cacoal",37222,"180217277","LINHA  7 GLEBA CONCEICAO","0",NULL,"gleba conceicao","100.0","0.0","40.0","74.0","-11.2214516666667","-61.1855583333333","110004910000027","-12.237847","-64.182496","110008005000025","-12.235182","-64.182165","298.50990318","345298.97843579","1","343511.50497099",False,False
764,"AREA RURAL AREA RURAL DE CACOAL",NULL,"SEDUC/CRE CACOAL","area rural de cacoal",61985,"100166781","RUA  RURAL TEIXEIRAO","1332","CASA VERDE","teixeirao","100.0","0.0","27.59","72.76","-11.2369616666667","-61.26270166666671","110004910000029","-11.423637","-61.431678","110004905000096","-11.423649","-61.431728","5.6105921","27753.93414854","1","26774.39652408",False,NULL
765,"TERRA INDIGENA SETE DE SETEMBRO, LINHA 11, ALDEIA AMARAL AREA RURAL DE CACOAL",NULL,"SEDUC/CRE - CACOAL","area rural de cacoal",37222,"180217277","LINHA  7 GLEBA CONCEICAO","0",NULL,"gleba conceicao","100.0","0.0","40.0","74.0","-11.1960966666667","-61.3014916666667","110004910000030","-12.237847","-64.182496","110008005000025","-12.235182","-64.182165","298.50990318","334377.67425861","1","333781.89844295",False,False
766,"AREA RURAL LINHA 21, GLEBA 13, LOTE 48 AREA RURAL DE CACOAL",NULL,NULL,"area rural de cacoal",7142,"110250191","LINHA  40 NOVA GEASE","12",NULL,"nova gease","100.0","0.0","33.33","73.33","-11.3744165","-61.1445372","110004910000024","-11.861976","-62.101593","110001505000024","-11.86143","-62.101593","60.71251354","117494.55123462","1","113631.95105317",False,NULL
767,"TERRA INDIGENA SETE DE SETEMBRO, ALDEIA CENTRAL, LINHA 10 AREA RURAL DE CACOAL",NULL,"CRE - CACOAL","area rural de cacoal",34613,"180236565","LINHA  10 SERRA GRANDE","0",NULL,"serra grande","100.0","0.0","50.0","75.0","-11.1140433333333","-61.3335533333333","110004910000032","-12.138888","-64.345643","110008005000026","-12.138888","-64.345582","6.63123923","347280.68204045","1","346091.6619449",False,False
768,"TERRA INDIGENA SETE DE SETEMBRO, LINHA 09, ALDEIA PAITER, AREA RURAL DE CACOAL",NULL,"CRE CACOAL","area rural de cacoal",37222,"180217277","LINHA  7 GLEBA CONCEICAO","0",NULL,"gleba conceicao","100.0","0.0","40.0","74.0","-11.1037816666667","-61.3627583333333","110004910000033","-12.237847","-64.182496","110008005000025","-12.235182","-64.182165","298.50990318","331937.78623694","1","329596.59092576",False,False
769,"TERRA INDIGENA SETE DE SETEMBRO, LINHA 11 ALDEIA JOAQUIM AREA RURAL DE CACOAL",NULL,"CRE-CACOAL","area rural de cacoal",9389,"1154589","LINHA  11 RUMO ESCONDIDO","0","CASA 1","rumo escondido","100.0","0.0","41.18","74.12","-11.20364","-61.2990483333333","110004910000037","-13.523933","-60.79445","110003105000012","-13.529252","-60.795958","613.50484659","263761.37654203","1","261127.98436392",False,False
770,"TERRA INDIGENA SETE DE SETEMBRO, LINHA 11, ALDEIA LAPETANHA AREA RURAL DE CACOAL",NULL,"CRE CACOAL","area rural de cacoal",37222,"180217277","LINHA  7 GLEBA CONCEICAO","0",NULL,"gleba conceicao","100.0","0.0","40.0","74.0","-11.2212216666667","-61.29748","110004910000038","-12.237847","-64.182496","110008005000025","-12.235182","-64.182165","298.50990318","333817.83613045","1","332585.91965462",False,False
771,"TERRA INDIGENA SETE DE SETEMBRO, ALDEIA LOBO, LINHA 11 AREA RURAL DE CACOAL",NULL,"CRE - CACOAL","area rural de cacoal",9389,"1154589","LINHA  11 RUMO ESCONDIDO","0","CASA 1","rumo escondido","100.0","0.0","41.18","74.12","-11.24224","-61.29768","110004910000039","-13.523933","-60.79445","110003105000012","-13.529252","-60.795958","613.50484659","259532.29037274","1","257691.92647589",False,False
772,"AVENIDA ESTADOS ELDORADO","955.0",NULL,"eldorado",268337,"1323955","AVENIDA  DOS ESTADOS CENTRO","1375",NULL,"centro","100.0","69.45","42.86","88.18","-13.1882223","-60.8289412","110005605000013","-13.188171","-60.825238","110005605000005","-13.18817","-60.8252515","1.46576651","400.9579439","1","4.87757073",False,True
773,"RUA BAHIA ELDORADO","638.0",NULL,"eldorado",33912,"98619002","RUA  BAHIA RESIDENCIAL PARK AMAZONAS","740",NULL,"residencial park amazonas","100.0","86.22","18.18","89.06","-13.1865826","-60.8297259","110005605000013","-10.709422","-62.267802","110015505000054","-10.709422","-62.267802","0","316767.40928199","1","315038.77904343",False,NULL
774,"RUA JOSE DE SOUZA NEIVA MARANATA","835.0",NULL,"maranata",750424,"92288440","RUA  JOSE SOUZA JACI PARANA","824",NULL,"jaci parana","100.0","98.68","52.63","95.0","-13.1884849","-60.8065413","110005605000015","-9.254055","-64.41094","110020520000015","-9.2539745","-64.410897","10.11901747","588113.74001687","1","585885.15643384",False,False
775,"AVENIDA DAS NACOES MARANATA","3327.0",NULL,"maranata",26522,"91968677","RUA DOUTOR MIGUEL V FERREIRA OU RUA DAS NACOES UNIDAS VISTA ALEGRE","3327","FRENTE","vista alegre","100.0","100.0","40.0","94.0","-13.1887964","-60.8077517","110005605000015","-11.5422","-61.016711","110009805000037","-11.542195","-61.016684999999995","2.88665462","184494.65457903","1","183029.00341731",False,False
776,"UNIDADE OPERACIONAL AVENIDA DOIS DE JUNHO, 2093 CENTRO",NULL,NULL,"centro",52651,"215086671","RUA  DOIS CENTRO","0",NULL,"centro","100.0","0.0","100.0","80.0","-11.4667485","-61.3331852","110004910000054","-9.180051","-63.18005","110110405000005","-9.180085","-63.18005","3.78063271","324755.61541198","1","311161.94486241",False,NULL
777,"LINHA 10, LOTE 17, GLEBA 10 AREA RURAL DE CACOAL",NULL,"ZONA RURAL","area rural de cacoal",34613,"180236565","LINHA  10 SERRA GRANDE","0",NULL,"serra grande","100.0","0.0","50.0","75.0","-11.4250282","-61.3342931","110004910000054","-12.138888","-64.345643","110008005000026","-12.138888","-64.345582","6.63123923","337262.85153899","1","333364.98495325",False,False
778,"RUA ANTONIO CARLOS ZANCAN MARANATA","1995.0",NULL,"maranata",268458,"215133130","RUA  ANTONIO CARLOS ZANCAN CENTRO","1797",NULL,"centro","100.0","90.08","28.57","90.87","-13.1873538","-60.8200533","110005605000006","-13.185686","-60.821389","110005605000005","-13.1856595","-60.82144","6.25852711","235.16662737","1","63.96422635",False,True
779,"RUA PANAMA LIBERDADE","2558.0",NULL,"liberdade",55139,"226204689","RUA  PANAMA CENTRO","2222",NULL,"centro","100.0","86.86","26.67","90.04","-13.1930815","-60.8147198","110005605000007","-13.192864","-60.817862","110005605000001","-13.192864","-60.817862","0","341.03414127","1","8.66729319",False,True
780,"RUA PANAMA LIBERDADE","2489.0","PREDIO ESCOLAR","liberdade",55139,"226204689","RUA  PANAMA CENTRO","2222",NULL,"centro","100.0","89.27","26.67","90.52","-13.1926491","-60.8152411","110005605000007","-13.192864","-60.817862","110005605000001","-13.192864","-60.817862","0","284.74410818","1","8.66729319",False,True
781,"RUA ROBSON FERREIRA TREVISAN JOSE DE ANCHIETA","2936.0","ESCOLA","jose de anchieta",340932,"1327545","RUA  ROBSON FERREIRA CENTRO","2958",NULL,"centro","100.0","99.26","36.36","93.49","-13.1997583","-60.8113417","110005605000009","-13.1999","-60.810581","110005605000016","-13.1999","-60.810581","0","83.84508631","1","8.24031453",False,True
782,"RUA RIO DE JANEIRO JARDIM SAO PAULO","2440.0",NULL,"jardim sao paulo",62639,"1199117","ALAMEDA  RIO DE JANEIRO SETOR 03","2238","CASA","setor 03","100.0","91.72","25.0","90.84","-13.2020978","-60.8193435","110005605000010","-9.911609","-63.043391","110002305000005","-9.911609","-63.043391","0","438814.75380078","1","436879.46450305",False,False
783,"RUA MINAS GERAIS FLORESTA","1776.0",NULL,"floresta",77153,"1323374","RUA  MINAS GERAIS CENTRO","1713",NULL,"centro","100.0","96.45","28.57","92.15","-13.1967835","-60.82561","110005605000011","-13.19643","-60.825217","110005605000003","-13.19643","-60.825217","0","57.92417458","1","20.09567905",False,True
784,"AREA RURAL AREA RURAL DE JI-PARANA",NULL,"TI IGARAPE LOURDES","area rural de ji-parana",61985,"100166781","RUA  RURAL TEIXEIRAO","1332","CASA VERDE","teixeirao","100.0","0.0","31.25","73.12","-10.433321885472","-61.6522392396182","110012205000246","-11.423637","-61.431678","110004905000096","-11.423649","-61.431728","5.6105921","112720.30725662","1","111560.23329501",False,NULL
785,"AREA RURAL AREA RURAL DE CACOAL",NULL,"LOTE 33, GLEBA 13","area rural de cacoal",61985,"100166781","RUA  RURAL TEIXEIRAO","1332","CASA VERDE","teixeirao","100.0","0.0","27.59","72.76","-11.3083245","-61.18714235","110004915000004","-11.423637","-61.431678","110004905000096","-11.423649","-61.431728","5.6105921","29581.27066838","1","29291.35860374",False,NULL
786,"AVENIDA DAS NACOES CENTRO","1661.0",NULL,"centro",268331,"215133516","AVENIDA  DAS NACOES CENTRO","1539",NULL,"centro","100.0","92.66","100.0","98.53","-13.18867341","-60.8228482","110005605000005","-13.188888","-60.824057","110005605000005","-13.188888","-60.824057","0","133.02485509","1","0",True,NULL
787,"RUA ANTONIO CARLOS ZANCAN ELDORADO","1772.0","ESCOLA","eldorado",268461,"1323848","RUA  ANTONIO CARLOS ZANCAN CENTRO","1772",NULL,"centro","100.0","100.0","42.86","94.29","-13.1859584","-60.8214695","110005605000005","-13.185841","-60.821509","110005605000005","-13.185841","-60.821509","0","13.73690117","1","0",True,NULL
788,"RUA TIRADENTES CENTRO","4210.0",NULL,"centro",38243,"92293743","AVENIDA  TIRADENTES CENTRO","3160",NULL,"centro","100.0","75.06","100.0","95.01","-13.11946527","-60.54693895","110006405000011","-11.170965","-61.900375","110025405000011","-11.170965","-61.900375","0","261891.30933701","1","260609.19801701",False,NULL
789,"AVENIDA PAULO DE ASSIS RIBEIRO CENTRO","3843.0","PREDIO","centro",284643,"215179008","AVENIDA  PAULO DE ASSIS RIBEIRO CENTRO","3759",NULL,"centro","100.0","97.81","100.0","99.56","-13.120861","-60.5463154","110006405000011","-13.121067","-60.547193","110006405000011","-13.121067","-60.547193","0","97.75865077","1","0",True,NULL
790,"AVENIDA TAPAJOS CENTRO","3891.0",NULL,"centro",149667,"180382218","RUA  TAPAJOS CIDADE JARDIM","3291",NULL,"cidade jardim","100.0","84.58","31.58","90.07","-13.11923901","-60.5463668","110006405000011","-11.695936","-62.727461","110032005000037","-11.695936","-62.727461","0","284864.50507631","1","284267.86083315",False,False
791,"RUA RORAIMA CENTRO","998.0",NULL,"centro",55221,"1322882","RUA  RORAIMA CENTRO","1415",NULL,"centro","100.0","70.53","100.0","94.11","-13.1893374","-60.8187433","110005605000019","-13.193079","-60.818413","110005605000001","-13.193079","-60.818413","0","417.58138223","1","32.746563",False,True
792,"LINHA 4 EIXO, LOTE 08, GLEBA 21, ESQUINA COM LINHA 2. ZONA RURAL",NULL,NULL,"zona rural",14473,"1224019","LINHA  04 ZONA RURAL","6","SITIO 3 P 4 EIXO","zona rural","100.0","0.0","100.0","80.0","-13.15576389","-60.94992236","110005605000023","-12.967119","-60.870289","110007205000008","-12.967310000000001","-60.868827499999995","159.78509932","22680.65511709","1","14493.79682066",False,False
793,"RUA CAMBARA MINAS GERAIS","3131.0","PREDIO","minas gerais",375502,"1330120","RUA  CAMBARA MINAS GERAIS","3020",NULL,"minas gerais","100.0","96.45","100.0","99.29","-13.12949734","-60.54919658","110006405000004","-13.130349","-60.548554","110006405000002","-13.130349","-60.548554","0","117.51626251","1","42.72974955",False,True
794,"RUA BARTOLOMEU BUENO SANTA LUZIA","4665.0","PREDIO ESCOLAR","santa luzia",339604,"220222932","RUA  BARTOLOMEU BUENO SANTA LUZIA","4597",NULL,"santa luzia","100.0","98.54","100.0","99.71","-13.11624057","-60.55453857","110006405000017","-13.116851","-60.554299","110006405000017","-13.116851","-60.554299","0","72.66603841","1","0",True,NULL
795,"RUA MATO GROSSO SAO JOSE","4298.0",NULL,"sao jose",11272,"180211181","LINHA  MATO GROSSO LINHA MATO GROSSO","70","TRAVESSA INTERNA LH15 FUNAI","linha mato grosso","100.0","1.63","40.0","74.33","-13.1177082","-60.539029","110006405000022","-11.20956","-61.099091","110004910000025","-11.208267","-61.0991285","143.83340866","220736.70076447","1","219060.96103346",False,False
796,"RUA GOIAS SAO JOSE","4267.0","PREDIO","sao jose",26379,"91969057","RUA  GOIAS VISTA ALEGRE","1168",NULL,"vista alegre","100.0","27.37","40.0","79.47","-13.11749675","-60.53791576","110006405000022","-11.54188","-61.018769","110009805000037","-11.54188","-61.018769","0","182821.37893509","1","181318.56370012",False,False
797,"RUA CEARA SAO JOSE","5303.0","SETOR B","sao jose",5821,"1193539","RUA  CEARA LIBERDADE","5515",NULL,"liberdade","100.0","96.16","23.53","91.58","-13.10797448","-60.53666831","110006405000026","-11.942743","-61.990435","110001505000023","-11.942743","-61.990435","0","204178.97179845","1","203446.00746687",False,NULL
798,"AVENIDA RIO MADEIRA CRUZEIRO","4870.0","PREDIO","cruzeiro",59230,"1671681","RUA  RIO MADEIRA II CENTRO","4306",NULL,"centro","100.0","88.42","57.14","93.4","-13.12849749","-60.53584219","110006405000028","-9.726083","-63.317529","110040305000031","-9.726083","-63.317529","0","484789.67375112","1","483199.85982538",False,False
799,"RUA SURUI CENTRO","2845.0",NULL,"centro",85748,"1234099","RUA  SURUI CENTRO","2845",NULL,"centro","100.0","100.0","100.0","100.0","-11.5261133","-61.01342","110009805000009","-11.526319","-61.013533","110009805000009","-11.526319","-61.013533","0","25.97581511","1","0",True,NULL
800,"RUA ACRE SAO JOSE","2212.0","CASA","sao jose",25220,"180254289","RUA  ACRE VISTA ALEGRE","2108",NULL,"vista alegre","100.0","95.3","40.0","93.06","-11.5320433","-61.0214","110009805000017","-11.542437","-61.007698","110009805000033","-11.542437","-61.007698","0","1887.9066282","1","1490.28517388",False,NULL
801,"LINHA 1 KM 13 RUMO COLORADO ZONA RURAL",NULL,"BR 435","zona rural",11601,"1329132","LINHA  UM GLEBA SANTA CRUZ","0","CASA 1","gleba santa cruz","100.0","0.0","46.15","74.62","-13.10987618","-60.46919303","110006405000037","-13.124911","-60.994642","110005605000024","-13.124911","-60.994642","0","56927.34521141","1","50721.4351511",False,False
802,"BR 435 KM 63 ZONA RURAL",NULL,"CAIXA POSTAL 51","zona rural",30804,"1164829","RUA  E JARDIM VITORIA","4910","CASA","jardim vitoria","100.0","0.0","33.33","73.33","-13.1142503","-60.4862046","110006405000037","-11.414106","-61.477473","110004905000107","-11.414114","-61.4775025","3.33616299","217575.74282495","1","212777.46755582",False,False
803,"LINHA 4 ESQUINA COM 1ª EIXO ZONA RURAL",NULL,"SEMED","zona rural",14473,"1224019","LINHA  04 ZONA RURAL","6","SITIO 3 P 4 EIXO","zona rural","100.0","0.0","100.0","80.0","-13.22860667","-60.54512833","110006405000043","-12.967119","-60.870289","110007205000008","-12.967310000000001","-60.868827499999995","159.78509932","45667.93961193","1","38916.54411713",False,False
804,"LINHA 6 ESQUINA COM 2 EIXO ZONA RURAL",NULL,"NOVO COLORADO","zona rural",15151,"110618913","LINHA  06 ZONA RURAL","82",NULL,"zona rural","100.0","0.0","100.0","80.0","-13.29696717","-60.70217543","110006405000046","-12.894236","-60.888751","110007205000008","-12.894236","-60.888844","10.08037653","49129.55725999","1","32468.86960243",False,False
805,"LINHA 2 ESQUINA COM 2ª EIXO ZONA RURAL","0.0","ZONA RURAL",NULL,11686,"1329204","LINHA  DOIS GLEBA SANTA CRUZ","0","CASA 1","gleba santa cruz","100.0","100.0","0.0","90.0","-13.0437826","-60.68749705","110006405000048","-13.152759","-60.973259","110005605000024","-13.152158","-60.9882765","1627.44077267","33236.33121191","1","25158.1252605",False,False
806,"AVENIDA ANTONIO NOVAES CENTRO","2516.0","ESCOLA","centro",39663,"1222545","AVENIDA  ANTONIO NOVAES CENTRO","2516",NULL,"centro","100.0","100.0","100.0","100.0","-12.9962093","-60.949484","110007205000001","-12.996404","-60.949137","110007205000001","-12.996404","-60.949137","0","43.3842446","1","0",True,NULL
807,"AVENIDA GOVERNADOR JORGE TEIXEIRA DE OLIVEIRA CENTRO","1800.0","ESCOLA","centro",24072,"180241889","AVENIDA GOVERNADOR JORGE TEIXEIRA CENTRO","1781",NULL,"centro","100.0","98.94","100.0","99.79","-12.9972386","-60.9419839","110007205000002","-12.997585","-60.941796","110007205000004","-12.997585","-60.941796","0","43.56711482","1","15.36680921",False,True
808,"AV. DR LEWERGER LIBERDADE","4564.0",NULL,"liberdade",NULL,NULL,NULL,NULL,NULL,NULL,NULL,NULL,NULL,"0.0","-10.76803751","-65.31458933","110010605000020",NULL,NULL,NULL,NULL,NULL,NULL,NULL,"1",NULL,NULL,NULL
809,"AV. SENADOR OLAVO PIRES CENTRO","1315.0",NULL,"centro",24015,"1223523","AVENIDA  OLAVO PIRES CENTRO","1623",NULL,"centro","100.0","81.02","100.0","96.2","-12.9998197","-60.9383359","110007205000003","-12.999431","-60.946576","110007205000004","-12.999431","-60.946576","0","893.82189494","1","545.85081989",False,True
810,"AVENIDA BRASIL CENTRO","2274.0","PREDIO PROPRIO","centro",23873,"180242455","AVENIDA  BRASIL CENTRO","2274",NULL,"centro","100.0","100.0","100.0","100.0","-13.0002298","-60.9463012","110007205000004","-13.000425","-60.946368","110007205000004","-13.000425","-60.946368","0","22.88011799","1","0",True,NULL
811,"RUA SENADOR OLAVO PIRES NO DISTRITO DE ALTO GUARAJUS CENTRO","769.0","PREDIO","centro",24074,"180242249","AVENIDA  GUARAJUS CENTRO","1610",NULL,"centro","100.0","47.76","100.0","89.55","-12.962632","-60.8842582","110007205000006","-13.001998","-60.945822","110007205000004","-13.001998","-60.945822","0","7978.59010726","1","7408.55950664",False,False
812,"3º EIXO, KM 20 ZONA RURAL",NULL,"DISTRITO RONDOLANDIA","zona rural",870478,"100090555","RUA  VINTE RESIDENCIAL ZONA SUL","5722",NULL,"residencial zona sul","100.0","0.0","57.14","75.71","-13.01196318","-60.82131581","110007205000012","-9.947752","-63.017877","110002305000130","-9.947754","-63.017877","0.22239016","416379.06508085","1","404027.33465146",False,NULL
813,"RUA BOM JESUS CIDADE ALTA","3715.0","CASA","cidade alta",5369,"215165086","RUA  BOM JESUS CIDADE ALTA","3716",NULL,"cidade alta","100.0","99.97","100.0","99.99","-11.5171102","-61.0120139","110009805000021","-11.517398","-61.011579","110009805000021","-11.517418","-61.011573999999996","2.28965585","57.1792306","1","0",True,NULL
814,"RUA PIAUI JORGE TEIXEIRA DE OLIVEIRA","4026.0","PREDIO","jorge teixeira de oliveira",5178,"1234676","RUA  PIAUI LIBERDADE","3447",NULL,"liberdade","100.0","85.62","34.29","90.55","-11.5171999","-61.0119566","110009805000021","-11.535494","-61.009489","110009805000011","-11.535494","-61.009489","0","2051.90334034","1","1762.70379694",False,False
815,"PROF ANA COELHO RODRIGUES","2034.0","SETOR 03",NULL,537609,"1605831","RUA  COELHO JARDIM AMERICA","3667","CASA FUNDOS","jardim america","100.0","55.47","0.0","81.09","-12.43034561","-64.23211552","110008005000003","-12.731948","-60.138424","110030405000146","-12.731884999999998","-60.138633999999996","23.82975513","445527.29633844","1","445798.2378557",False,NULL
816,"AV LIMOEIRO SETOR 03","2345.0","PREDIO ESCOLAR","setor 03",556945,"180237733","AVENIDA  LIMOEIRO SETOR 0003","2345",NULL,"setor 0003","100.0","100.0","88.89","98.89","-12.43030333","-64.23143167","110008005000003","-12.43028","-64.231469","110008005000003","-12.43028","-64.231469","0","4.81264206","1","0",True,NULL
817,"AV PROFESSORA ANA COELHO CENTRO","1912.0","CENTRO","centro",557065,"1226719","AVENIDA PROFESSORA ANA C RODRIGUES SETOR 0003","1912",NULL,"setor 0003","80.0","100.0","37.5","79.75","-12.4299579","-64.2308691","110008005000003","-12.430349","-64.230852","110008005000003","-12.430349","-64.230852","0","43.52801977","1","0",True,NULL
818,"TRAVESSA 25 SETOR 04","1858.0",NULL,"setor 04",20226,"108710256","RUA  8225 ALTO DOS PARECIS","2100","APARTAMENTO 01","alto dos parecis","100.0","88.48","25.0","90.2","-12.4335585","-64.2240838","110008005000005","-12.72271","-60.124355","110030405000040","-12.72271","-60.124355","0","446083.94607722","1","445935.23809301",False,NULL
819,"AVENIDA ANTONIO PSURIADAKIS SETOR 01","2171.0","PREDIO PUBLICO","setor 01",731289,"1228399","AVENIDA  ANTONIO PSURIADAKIS SETOR 0009","2171",NULL,"setor 0009","100.0","100.0","77.78","97.78","-12.4386335","-64.2320157","110008005000009","-12.438371","-64.231914","110008005000009","-12.438371","-64.231914","0","31.20786471","1","0",True,NULL
820,"RUA ALAGOAS MORADA DO SOL","2082.0","PREDIO","morada do sol",16020,"1214706","RUA  ALAGOAS SETOR 05","3625",NULL,"setor 05","100.0","57.43","28.57","84.34","-11.5295967","-61.02088","110009805000001","-9.897616","-63.042338","110002305000055","-9.897616","-63.042338","0","285841.14816093","1","284971.87631614",False,False
821,"AVENIDA SENADOR OLAVO PIRES NO DISTRITO DE VITORIA DA UNIAO CENTRO","1586.0","PREDIO","centro",24015,"1223523","AVENIDA  OLAVO PIRES CENTRO","1623",NULL,"centro","100.0","97.72","100.0","99.54","-13.0044929","-61.1273306","110007205000017","-12.999431","-60.946576","110007205000004","-12.999431","-60.946576","0","19591.81719399","1","19071.21297252",False,False
822,"RUA PEDRO ALVARES CABRAL CENTRO","2225.0","DIST.VIT. DA UNIAO","centro",114564,"91989637","RUA  CABRAL SANTIAGO","2229",NULL,"santiago","100.0","99.82","42.86","94.25","-13.00979575","-61.12582012","110007205000017","-10.866867","-61.976821","110012205000158","-10.866867","-61.976821","0","255634.19710673","1","253498.36932166",False,False
823,"LINHA 05, LOTE 23, GLEBA 05, KM 45, PA CACHOEIRA ZONA RURAL",NULL,NULL,"zona rural",7142,"110250191","LINHA  40 NOVA GEASE","12",NULL,"nova gease","100.0","0.0","40.0","74.0","-11.53737127","-60.71833058","110009805000022","-11.861976","-62.101593","110001505000024","-11.86143","-62.101593","60.71251354","154880.55727087","1","125333.00587018",False,NULL
824,"RUA ESPIRITO SANTO CAIXA DAGUA","1927.0",NULL,"caixa dagua",24804,"1232113","RUA  ESPIRITO SANTO CAIXA D AGUA","1927",NULL,"caixa d agua","100.0","100.0","86.96","98.7","-11.5210933","-61.0154795","110009805000003","-11.52105","-61.015616","110009805000003","-11.52105","-61.015616","0","15.63225402","1","0",True,NULL
825,"RUA ROMIPORA CIDADE ALTA","3571.0",NULL,"cidade alta",3739,"1237925","RUA  ROMIPORA CIDADE ALTA","3631",NULL,"cidade alta","100.0","98.35","100.0","99.67","-11.5192798","-61.0111322","110009805000004","-11.518754","-61.010673","110009805000021","-11.518754","-61.010673","0","76.95161916","1","33.25089917",False,True
826,"BR 429 KM 15",NULL,"ZONA RURAL",NULL,27916,"1229439","RODOVIA  429 PRINCIPE DA BEIRA","36",NULL,"principe da beira","100.0","0.0","0.0","70.0","-12.437114","-64.228512","110008005000033","-12.235288","-64.25534","110008005000027","-12.233458500000001","-64.2552135","203.89533136","22630.48595282","1","22330.77989712",False,False
827,"AV. SANTA CRUZ SETOR 03","1541.0",NULL,"setor 03",299514,"219663938","RUA  SANTA SETOR 06","1762",NULL,"setor 06","100.0","87.46","87.5","96.24","-12.4377437","-64.2318243","110008005000001","-10.339532","-62.903528","110060105000001","-10.339532","-62.903528","0","274583.2350085","1","273138.46953136",False,False
828,"AV GUAJARA MIRIM CENTRO","317.0",NULL,"centro",108144,"1175592","TRAVESSA  MIRIM NOVA ESPERANCA","348","CASA","nova esperanca","100.0","91.09","30.0","91.22","-12.426075","-64.42410667","110008015000001","-11.42499","-61.463837","110004905000056","-11.424966","-61.463826","2.92561896","340751.80107261","1","340113.82667598",False,False
829,"AV. AIRTON SENNA CENTRO","8746.0","SAO DOMINGOS","centro",35446,"91966884","RUA  AIRTON SENNA SAO DOMINGOS DO GUAPORE","8743","FRENTE","sao domingos do guapore","100.0","99.97","20.69","92.06","-12.07522781","-64.02939529","110008035000004","-12.075603","-64.029718","110008035000004","-12.075603","-64.029718","0","54.51412901","1","0",True,NULL
830,"AVENIDA SENADOR OLAVO PIRES CENTRO",NULL,"PREDIO","centro",23994,"1223423","AVENIDA  OLAVO PIRES CENTRO","1957",NULL,"centro","100.0","0.0","100.0","80.0","-12.07430667","-64.02967","110008035000004","-12.999592","-60.943478","110007205000004","-12.9995265","-60.94386","42.02387828","350425.34565526","1","350152.26808688",False,False
831,"RUA 16 DE JULHO SETOR 07","2063.0","BAIRRO DA MANGUEIRA","setor 07",114930,"91990916","TRAVESSAO  16 GLEBA PIRYNEOS","2350","LOTE 6","gleba piryneos","100.0","87.79","27.27","90.28","-12.4422566","-64.2267384","110008005000030","-10.719853","-62.024154","110012205000134","-10.7194425","-62.024283","47.77191117","306989.32067985","1","306301.94367876",False,False
832,"AVENIDA CHIANCA SETOR 02","722.0","CENTRO","setor 02",520010,"215033293","AVENIDA  CHIANCA SETOR 0004","1071",NULL,"setor 0004","100.0","67.41","77.78","91.26","-12.44489521","-64.22737455","110008005000030","-12.427486","-64.230714","110008005000004","-12.427486","-64.230714","0","1969.48846694","1","1403.7007129",False,NULL
833,"AV. GUAPORE SETOR 02","1224.0","PREDIO","setor 02",16798,"215024443","AVENIDA  GUAPORE SETOR 05","2512",NULL,"setor 05","100.0","48.73","87.5","88.5","-12.43782845","-64.22346703","110008005000032","-9.899401","-63.042809","110002305000055","-9.899401","-63.042809","0","310252.63152742","1","308508.63514967",False,False
834,"AV. 1º DE MAIO - DISTRITO SAO DOMINGOS DO GUAPORE KM 58 SAO DOMINGOS DO GUAPORE","9170.0","DIST. SAO DOMINGOS","sao domingos do guapore",13659,"1217557","AVENIDA  GUAPORE SETOR 06","4710",NULL,"setor 06","100.0","51.36","25.81","82.85","-12.0740846","-64.0332968","110008035000005","-9.899032","-63.023221","110002305000063","-9.899032","-63.023221","0","265798.54580251","1","263686.53269618",False,False
835,"LINHA PACARANA KM 38 - TERRA INDIGENA SETE DE SETEMBRO ZONA RURAL",NULL,"ALDEIA BETHEL","zona rural",11879,"1540465","AVENIDA  7 DE SETEMBRO ERNANDES GONCALVES","2232",NULL,"ernandes goncalves","100.0","0.0","42.86","74.29","-11.5303946","-61.009722","110009805000010","-11.163838","-61.902876","110025405000009","-11.163838","-61.902918","4.58182185","105559.40213924","1","105226.50993871",False,NULL
836,"RUA SAO PAULO LIBERDADE","3435.0","ESCOLA","liberdade",5343,"1234723","RUA SAO PAULO LIBERDADE","3440",NULL,"liberdade","100.0","99.85","100.0","99.97","-11.5310638","-61.0066181","110009805000011","-11.53179","-61.007032","110009805000011","-11.53179","-61.007032","0","92.48821477","1","0",True,NULL
837,"RUA MARTINHO LUTERO LIBERDADE","2322.0",NULL,"liberdade",3632,"1234690","RUA  MARTINHO LUTERO LIBERDADE","2322",NULL,"liberdade","100.0","100.0","100.0","100.0","-11.5342911","-61.0104313","110009805000011","-11.534194","-61.010687","110009805000011","-11.534194","-61.010687","0","29.87752308","1","0",True,NULL
838,"ALDEIA ROOSEVELT KM 102 ZONA RURAL","0.0","ZONA RURAL","zona rural",30828,"180227413","RUA  E JARDIM VITORIA","0","CASA","jardim vitoria","100.0","100.0","33.33","93.33","-11.534299","-61.010819","110009805000011","-11.411344","-61.475685","110004905000107","-11.411797","-61.475708499999996","50.43645444","52470.49893564","1","52476.99586224",False,False
839,"AV. PIAUI LIBERDADE","3447.0",NULL,"liberdade",5178,"1234676","RUA  PIAUI LIBERDADE","3447",NULL,"liberdade","100.0","100.0","100.0","100.0","-11.5353343","-61.0095357","110009805000011","-11.535494","-61.009489","110009805000011","-11.535494","-61.009489","0","18.4723669","1","0",True,NULL
840,"RUA ROSA PEDRO AGOSTINHO JORGE TEIXEIRA DE OLIVEIRA","2188.0",NULL,"jorge teixeira de oliveira",803431,"91968232","RUA  ROSA PEDRO AGOSTINHO JORGE TEIXEIRA","2193",NULL,"jorge teixeira","100.0","99.77","100.0","99.95","-11.5392452","-61.0063471","110009805000012","-11.53907","-61.006357","110009805000012","-11.53907","-61.006357","0","19.51121282","1","0",True,NULL
841,"RUA GOIAS VISTA ALEGRE","1904.0",NULL,"vista alegre",26379,"91969057","RUA  GOIAS VISTA ALEGRE","1168",NULL,"vista alegre","100.0","61.34","100.0","92.27","-11.5366472","-61.0144552","110009805000014","-11.54188","-61.018769","110009805000037","-11.54188","-61.018769","0","747.95879387","1","430.36269856",False,False
842,"RUA BANDEIRANTES SAO JOSE","1011.0",NULL,"sao jose",114181,"180247564","AVENIDA  BANDEIRANTES LIBERDADE","1934",NULL,"liberdade","100.0","52.28","23.53","82.81","-11.537421","-61.0254268","110009805000034","-10.76545","-65.316201","110010605000019","-10.76545","-65.316201","0","475902.28527618","1","476072.444597",False,False
843,"ALDEIA 14 DE ABRIL KM 70 ZONA RURAL",NULL,NULL,"zona rural",669646,"218882288","RUA  14 NOVA CONQUISTA","948",NULL,"nova conquista","100.0","0.0","41.67","74.17","-11.3568509","-60.6729934","110009805000051","-12.984903","-60.288795","110030405000068","-12.984808","-60.288793999999996","10.56408825","185785.32524308","1","183474.9479629",False,False
844,"ALDEIA CAPITAO CARDOSO KM 99 ZONA RURAL",NULL,NULL,"zona rural",47203,"91955894","RUA  NOVE HABITAR BRASIL","2656","CASA","habitar brasil","100.0","0.0","41.67","74.17","-11.1006264","-60.7526009","110009805000071","-11.423815","-61.480056","110004905000033","-11.423783","-61.480059999999995","3.5848513","87091.77966631","1","86839.56518874",False,False
845,"AVENIDA NOSSA SENHORA DA CONCEICAO DISTRITO BOA VISTA DO PACAR","2693.0","ZONA RURAL","distrito boa vista do pacar",42987,"1240797","AVENIDA  NOSSA SENHORA DA CONCEICAO PACARANA","2693",NULL,"pacarana","100.0","100.0","34.29","93.43","-11.0024021","-60.8466724","110009810000001","-11.002257","-60.846753","110009810000001","-11.002257","-60.846753","0","18.37706893","1","0",True,NULL
846,"ESTRADA ZE BAIANO, KM 18 ZONA RURAL","2126.0","LINHA/SETOR","zona rural",223969,"1700551","RUA  DEZOITO CENTRO","1128","FUNDOS","centro","100.0","53.06","25.0","83.11","-11.4618702","-60.9237112","110009812000001","-10.913859","-62.553741","110143505000001","-10.913859","-62.553741","0","187957.80974409","1","187628.51579167",False,False
847,"LINHA 14 DE ABRIL, GLEBA 24, KM 45, SETOR 14 DE ABRIL ZONA RURAL",NULL,"ZONA RURAL","zona rural",7142,"110250191","LINHA  40 NOVA GEASE","12",NULL,"nova gease","100.0","0.0","40.0","74.0","-11.4076198","-60.7536207","110009815000001","-11.861976","-62.101593","110001505000024","-11.86143","-62.101593","60.71251354","155257.68970683","1","155059.90391796",False,NULL
848,"AV. MARECHAL DEODORO SERRARIA","1820.0","PREDIO","serraria",36548,"1263270","AVENIDA MARECHAL DEODORO SERRARIA","1995",NULL,"serraria","100.0","91.23","100.0","98.25","-10.7822685","-65.3336866","110010605000005","-10.781123","-65.332796","110010605000006","-10.781123","-65.332796","0","160.27459453","1","14.1762385",False,True
849,"AV.DR.LEWERGER SERRARIA","1469.0",NULL,"serraria",NULL,NULL,NULL,NULL,NULL,NULL,NULL,NULL,NULL,"0.0","-10.78599238","-65.33503857","110010605000005",NULL,NULL,NULL,NULL,NULL,NULL,NULL,"1",NULL,NULL,NULL
850,"AV MARECHAL DEODORO SERRARIA","2302.0",NULL,"serraria",36555,"1263307","AVENIDA MARECHAL DEODORO SERRARIA","2313",NULL,"serraria","100.0","99.52","100.0","99.9","-10.779577","-65.3303144","110010605000006","-10.779212","-65.33068","110010605000006","-10.779212","-65.33068","0","56.93936039","1","0",True,NULL
851,"ALDEIA SANTO ANDRE RIO PACAAS NOVOS",NULL,"TERRA INDIGENA","rio pacaas novos",304365,"1399738","RUA SANTO ANDRE JARDIM AEROPORTO","218","FRENTE CASA","jardim aeroporto","100.0","0.0","37.5","73.75","-10.789318","-65.330111","110010605000007","-10.73738","-62.246063","110015505000022","-10.737375499999999","-62.246105","4.61562812","336945.81518958","1","336090.65994736",False,False
852,"ALDEIA BAIA DAS ONCAS - RIO GUAPORE ALDEIA BAIA DAS ONCAS",NULL,"TI RIO GUAPORE","aldeia baia das oncas",21462,"226050073","AVENIDA  GUAPORE RESIDENCIAL SOLAR DE VILHENA","362",NULL,"residencial solar de vilhena","100.0","0.0","40.82","74.08","-10.789318","-65.330111","110010605000007","-12.722105","-60.114778","110030405000040","-12.722212","-60.114778","11.89787353","607035.21767195","1","606011.62938422",False,NULL
853,"ALDEIA RIO NEGRO OCAIA ALDEIA RIO NEGRO OCAIA",NULL,"RIO PACAAS NOVOS","aldeia rio negro ocaia",29321,"1274983","RIO  NEGRO ALDEIA INDIGENA RIO NEGRO OCAIA CENTRAL","11",NULL,"aldeia indigena rio negro ocaia central","100.0","0.0","100.0","80.0","-10.789318","-65.330111","110010605000007","-11.181982","-64.836419","110010605000087","-11.182210999999999","-64.8363595","26.27784848","69357.99495681","1","68083.89177468",False,NULL
854,"ALDEIA LAJE NOVO - BOM SOSSEGO ALDEIA LAJE NOVO",NULL,"TERRA INDIGENA","aldeia laje novo",246993,"215015276","RUA  SOSSEGO NOVA ESPERANCA","80",NULL,"nova esperanca","100.0","0.0","46.67","74.67","-10.789318","-65.330111","110010605000007","-8.718845","-63.873114","110020505000040","-8.717528","-63.869858","386.6720969","280170.10414297","1","278520.88616463",False,False
855,"ALDEIA BOM FUTURO ALDEIA BOM FUTURO",NULL,"RIO PACAAS NOVOS","aldeia bom futuro",633684,"180456504","RUA  BOM FUTURO JARDIM PARAISO","4262",NULL,"jardim paraiso","100.0","0.0","45.16","74.52","-10.789318","-65.330111","110010605000007","-9.723714","-63.307429","110040305000035","-9.723689499999999","-63.307471","5.34885287","251037.7166896","1","250000.6382839",False,NULL
856,"ALDEIA CRISTO REI - RIO NEGRO OCAIA ALDEIA CRISTO REI",NULL,"RIO PACAAS NOVOS","aldeia cristo rei",29307,"180264849","RIO  NEGRO ALDEIA INDIGENA CASTANHEIRA","4",NULL,"aldeia indigena castanheira","100.0","0.0","54.55","75.45","-10.789318","-65.330111","110010605000007","-11.182694","-64.842039","110010605000087","-11.182694","-64.841873","18.10792828","68932.58775878","1","67659.95072086",False,NULL
857,"ALDEIA SEMAPE - ESTRADA DO BOM SOSSEGO BOM SOSSEGO",NULL,NULL,"bom sossego",640819,"92556851","ESTRADA  TRAVESSAO MENEZES FILHO","28",NULL,"menezes filho","100.0","0.0","25.0","72.5","-10.789318","-65.330111","110010605000007","-10.020288","-63.880428","110045205000023","-10.023532","-63.878849","400.01292318","180136.1550265","1","179116.32347192",False,False
858,"ALDEIA OROSSARI TUPARI ALDEIA OROSSARI",NULL,"RIO GUAPORE","aldeia orossari",621038,"91990999","ALDEIA  UHY ALDEIA INDIGENA UHY","2",NULL,"aldeia indigena uhy","75.0","0.0","57.14","58.21","-10.789318","-65.330111","110010605000007","-10.763071","-61.499728","110012205000174","-10.763062","-61.49964","9.66497577","418416.10664243","1","417658.63955704",False,False
859,"ALDEIA PITOP - TERRA INDIGENA ALDEIA PITOP",NULL,"PACAAS NOVOS","aldeia pitop",581021,"110643949","ALDEIA  ALDEIA INDIGENA ALDEIA INDIGENA JAMARI","0",NULL,"aldeia indigena jamari","100.0","0.0","66.67","76.67","-10.789318","-65.330111","110010605000007","-10.552564","-63.186472","110100515000013","-10.552564","-63.186472","0","235714.14582022","1","234751.99442824",False,False
860,"ALDEIA COMI WA WAN - RIO NEGRO OCAIA ALDEIA  COMI WA WAN",NULL,"TERRA INDIGENA","aldeia  comi wa wan",29286,"180264755","RIO  NEGRO ALDEIA INDIGENA COMI WA WAN","7",NULL,"aldeia indigena comi wa wan","100.0","0.0","100.0","80.0","-10.789318","-65.330111","110010605000007","-11.182272","-64.818099","110010605000087","-11.182272","-64.818099","0","70942.78315592","1","69664.59508827",False,NULL
861,"ALDEIA PANTXIROP - RIO PACAAS NOVOS ALDEIA PANTXIROP",NULL,"RIO PACAAS NOVOS","aldeia pantxirop",29395,"180264672","RIO  PACAAS NOVOS ALDEIA INDIGENA PANTIROP","5",NULL,"aldeia indigena pantirop","100.0","0.0","75.0","77.5","-10.789318","-65.330111","110010605000007","-11.182928","-64.800206","110010605000087","-11.182928","-64.800206","0","72535.4224984","1","71253.91882615",False,NULL
862,"ALDEIA PEDREIRAS ALDEIA PEDREIRA",NULL,"RIO PACAAS NOVOS","aldeia pedreira",263659,"180240048","ALDEIA  PEDRAL ALDEIA INDIGENA PEDRAL","8",NULL,"aldeia indigena pedral","82.76","0.0","64.86","64.42","-10.789318","-65.330111","110010605000007","-11.979114","-64.886833","110010622000012","-11.9793095","-64.8867995","22.04192601","140847.18931812","1","139451.48569918",False,False
863,"ALDEIA PIRANHA  ,RIO PACAAS NOVOS ALDEIA PIRANHA",NULL,"RIO PACAAS NOVOS","aldeia piranha",29218,"1275237","RIO  PACAAS NOVOS ALDEIA INDIGENA CAPOEIRINHA","0","SEDE IGREJA","aldeia indigena capoeirinha","85.71","0.0","63.41","66.34","-10.789318","-65.330111","110010605000007","-11.018512","-65.203307","110010605000078","-11.018801","-65.203397","33.60320199","29003.32738566","1","27997.66273792",False,False
864,"ALDEIA TRES BOCAS ALDEIA TRES BOCAS",NULL,"RIO PACAAS NOVOS","aldeia tres bocas",96676,"180225408","RUA  3 COLINA PARK","825",NULL,"colina park","100.0","0.0","42.86","74.29","-10.789318","-65.330111","110010605000007","-11.443727","-61.494137","110004905000094","-11.443628","-61.494153","11.14556532","424811.46495979","1","423950.47415652",False,NULL
865,"AV ROCHA LEAL SANTO ANTONIO","2214.0",NULL,"santo antonio",386484,"91971554","AVENIDA  ROCHA LEAL SANTO ANTONIO","2221",NULL,"santo antonio","100.0","99.68","100.0","99.94","-10.78741667","-65.32917333","110010605000007","-10.787101","-65.328808","110010605000007","-10.787101","-65.328808","0","53.14592669","1","0",True,NULL
866,"RUA RONDONIA - 15 KM","2371.0","15 KM",NULL,39619,"109415761","RUA  RONDONIA CENTRO","2395",NULL,"centro","100.0","99.0","0.0","89.8","-11.5043028","-61.1301683","110009818000001","-12.995093","-60.949044","110007205000001","-12.995093","-60.949044","0","166932.76214501","1","165884.71791416",False,False
867,"AV. 1º DE MAIO 10 DE ABRIL","3520.0","PREDIO","10 de abril",954038,"1738673","RUA  I DE MAIO SETOR 1","2949",NULL,"setor 1","87.5","83.78","33.33","81.34","-10.77571167","-65.32105167","110010605000002","-10.426565","-62.13579","110180705000001","-10.426565","-62.13579","0","350296.01755288","1","350169.34775214",False,False
868,"AVENIDA 12 DE OUTUBRO CAETANO","3216.0","BNH","caetano",21705,"108710412","RUA  12 DE OUTUBRO RESIDENCIAL SOLAR DE VILHENA","2732",NULL,"residencial solar de vilhena","100.0","84.95","22.86","89.28","-10.7683064","-65.3263942","110010605000008","-12.721041","-60.112224","110030405000040","-12.721041","-60.112224","0","607726.50507154","1","607764.66836558",False,NULL
869,"AVENIDA DR. MENDONCA LIMA CAETANO","2888.0",NULL,"caetano",852795,"1677518","RUA  LIMA SETOR 06","3434","CASA 6","setor 06","100.0","84.1","40.0","90.82","-10.773384","-65.327112","110010605000009","-10.197447","-63.833673","110045205000013","-10.197447","-63.833673","0","175398.49093609","1","174725.69822128",False,NULL
870,"AVENIDA CANDIDO RONDON SAO JOSE","1379.0","ESTABELECIMENTO","sao jose",243704,"1264607","AVENIDA  CANDIDO RONDON SAO JOSE","1379",NULL,"sao jose","100.0","100.0","100.0","100.0","-10.7874418","-65.334004","110010605000010","-10.787693","-65.334282","110010605000010","-10.787693","-65.334282","0","41.25892392","1","0",True,NULL
871,"DR. LEWERGER SAO JOSE","1194.0",NULL,"sao jose",70097,"215414204","AVENIDA DOUTOR LEWERGER SERRARIA","1207",NULL,"serraria","81.48","98.92","37.5","80.57","-10.7879665","-65.3363849","110010605000011","-10.787662","-65.33685","110010605000028","-10.787662","-65.33685","0","61.05206147","1","12.70645311",False,True
872,"AVENIDA ALMERINDO RIBEIRO DOS SANTOS PROSPERO","4484.0",NULL,"prospero",255210,"1265441","AVENIDA  ALMERINDO RIBEIRO DOS SANTOS PROSPERO","4483",NULL,"prospero","100.0","99.98","100.0","100.0","-10.7673046","-65.3103162","110010605000013","-10.767362","-65.309949","110010605000013","-10.767362","-65.309949","0","40.61658642","1","0",True,NULL
873,"AV. ANTONIO LUIZ DE MACEDO PROSPERO","4508.0",NULL,"prospero",101755,"1275764","AVENIDA  ANTONIO LUIS DE MACEDO JARDIM DAS ESMERALDAS","5561",NULL,"jardim das esmeraldas","87.5","81.06","20.69","79.53","-10.7693979","-65.3058236","110010605000014","-10.762772","-65.299293","110010605000071","-10.762772","-65.299293","0","1025.54839534","1","610.00182866",False,False
874,"AV. ANTONIO LUIZ DE MACEDO NOSSA SENHORA DE FATIMA","3680.0",NULL,"nossa senhora de fatima",101755,"1275764","AVENIDA  ANTONIO LUIS DE MACEDO JARDIM DAS ESMERALDAS","5561",NULL,"jardim das esmeraldas","87.5","66.18","36.36","78.12","-10.774278","-65.311976","110010605000016","-10.762772","-65.299293","110010605000071","-10.762772","-65.299293","0","1885.83375404","1","1691.35417182",False,False
875,"AVENIDA DUQUE DE CAXIAS SANTA LUZIA","2140.0",NULL,"santa luzia",60162,"1158554","RUA DUQUE DE CAXIAS CENTRO","1922",NULL,"centro","100.0","89.81","23.53","90.32","-10.78094137","-65.32030382","110010605000023","-11.433798","-61.448991","110004905000009","-11.433798","-61.448991","0","428594.46398246","1","428585.15753595",False,False
876,"BOUCINHA DE MENEZES CENTRO","897.0",NULL,"centro",728913,"1269740","AVENIDA  BOUCINHAS DE MENEZES CENTRO","897",NULL,"centro","97.44","100.0","100.0","98.21","-10.79128265","-65.34265732","110010605000026","-10.791405","-65.342724","110010605000026","-10.791405","-65.342724","0","15.43164876","1","0",True,NULL
877,"AV. 15 DE NOVEMBRO CENTRO","338.0",NULL,"centro",22194,"98815356","RUA  15 DE NOVEMBRO NOVO HORIZONTE","318",NULL,"novo horizonte","100.0","94.08","30.0","91.82","-10.7906862","-65.3441371","110010605000026","-8.804044","-63.893347","110020505080116","-8.804044","-63.893347","0","272152.47007742","1","271065.83087788",False,False
878,"AV. DOM PEDRO II CENTRO","269.0",NULL,"centro",4907,"1336189","RUA DOM PEDRO II CENTRO","273","CASA","centro","100.0","98.53","100.0","99.71","-10.78633853","-65.34266121","110010605000027","-8.763769","-63.909585","110020505060007","-8.763769","-63.909585","0","274295.23804517","1","272951.07973805",False,False
879,"AV TANCREDO FARIAS DE MATOS CENTRO/DISTRITO DE SURPRESA","248.0",NULL,"centro/distrito de surpresa",831460,"1276459","AVENIDA  TANCREDO FARIAS DE MATOS SURPRESA","248",NULL,"surpresa","100.0","100.0","100.0","100.0","-10.787084","-65.340869","110010605000027","-11.881831","-65.020047","110010622000001","-11.881831","-65.020047","0","126655.96387122","1","125901.81003225",False,False
880,"AV. GETULIO VARGAS CENTRO","430.0",NULL,"centro",9605,"180197455","RUA  GETULIO VARGAS SAO GERALDO","601","CASA FUNDO","sao geraldo","100.0","71.55","35.29","87.84","-10.7878076","-65.3406941","110010605000028","-9.912788","-63.060722","110002305000160","-9.912788","-63.060722","0","267700.94243428","1","267321.62883975",False,False
881,"AV.DR.MENDONCA LIMA TAMANDARE","1498.0",NULL,"tamandare",487628,"215006340","RUA  LIMA COHAB","1313",NULL,"cohab","100.0","87.65","14.29","88.96","-10.7824229","-65.3368269","110010605000029","-8.79159","-63.869758","110020505080066","-8.79159","-63.869758","0","273577.94029387","1","272571.31903236",False,False
882,"AV. 12 DE OUTUBRO TAMANDARE","1219.0","PREDIO PROPRIO","tamandare",96748,"180225468","RUA  12 COLINA PARK","2192",NULL,"colina park","100.0","55.61","30.0","84.12","-10.77945972","-65.33946613","110010605000029","-11.446364","-61.492646","110004905000094","-11.446364","-61.492646","0","426221.9646137","1","426231.72628126",False,NULL
883,"AV. LEOPOLDO DE MATOS TAMANDARE","2102.0","PREDIO","tamandare",274246,"91973658","AVENIDA  LEOPOLDO DE MATOS TAMANDARE","1900",NULL,"tamandare","100.0","90.39","100.0","98.08","-10.7788027","-65.3345631","110010605000032","-10.779805","-65.335898","110010605000031","-10.779805","-65.335898","0","183.53024492","1","19.10871491",False,True
884,"AV 15 DE NOVEMBRO SERRARIA","2559.0","-","serraria",36631,"1263346","AVENIDA  15 DE NOVEMBRO SERRARIA","2542",NULL,"serraria","100.0","99.34","100.0","99.87","-10.7774002","-65.3302824","110010605000032","-10.777338","-65.330034","110010605000006","-10.777338","-65.330034","0","28.00126974","1","8.02461153",False,True
885,"AV. JOSE BONIFACIO SERRARIA","187.0",NULL,"serraria",36682,"1263317","AVENIDA  JOSE BONIFACIO SERRARIA","185",NULL,"serraria","100.0","98.93","100.0","99.79","-10.7774907","-65.3311319","110010605000032","-10.778559","-65.330754","110010605000006","-10.778559","-65.330754","0","125.75761348","1","53.24141369",False,True
886,"AV. QUINTINO BOCAIUVA TAMANDARE","2041.0","ESCOLA","tamandare",104788,"1170365","RUA  QUINTINO BOCAIUVA JARDIM CLODOALDO","2032",NULL,"jardim clodoaldo","100.0","99.56","32.0","93.11","-10.77764295","-65.33574817","110010605000032","-11.430205","-61.450474","110004905000043","-11.430205","-61.450474","0","430095.2522213","1","429678.59749809",False,False
887,"AV TENENTE HENRIQUE LOPES JARDIM DA ESMERALDA","3515.0",NULL,"jardim da esmeralda",113786,"180246096","RUA  HENRIQUE DIAS PRIMAVERA","3450",NULL,"primavera","76.19","98.15","28.57","75.82","-10.76039866","-65.30395113","110010605000033","-10.887147","-61.937561","110012205000034","-10.887147","-61.937561","0","367934.62431871","1","368038.76139693",False,False
888,"AVENIDA 15 DE NOVEMBRO PLANALTO","4849.0",NULL,"planalto",22196,"220053135","RUA  15 DE NOVEMBRO NOVO HORIZONTE","5756",NULL,"novo horizonte","100.0","84.24","27.27","89.58","-10.76153277","-65.31563194","110010605000038","-8.8035","-63.892772","110020505080116","-8.8034445","-63.892756500000004","6.40204899","267787.79414583","1","266175.77194058",False,False
889,"ALDEIA CAJUEIRO RIO PACAAS NOVOS","42.0","TERRA INDIGENA","rio pacaas novos",450237,"180315142","RUA  CAJUEIRO RIO MADEIRA","1326",NULL,"rio madeira","100.0","3.17","44.44","75.08","-11.00070112","-65.22143813","110010605000100","-8.731111","-63.936031","110020505000160","-8.731111","-63.936031","0","288991.11486201","1","286882.97115287",False,False
890,"ALDEIA GRACAS A DEUS ALDEIA GRACAS A DEUS","76.0","RIO PACAAS NOVOS","aldeia gracas a deus",42202,"106851769","RUA  A JARDIM ARAUCARIA","432",NULL,"jardim araucaria","100.0","17.59","33.33","76.85","-11.08436354","-65.15243545","110010605000077","-12.747896","-60.103836","110030405000127","-12.747896","-60.103836","0","579564.42456664","1","578312.5626517",False,False
891,"ALDEIA CAPOEIRINHA ALDEIA CAPOEIRINHA",NULL,"RIO PACAAS NOVOS","aldeia capoeirinha",406490,"180266678","ALDEIA  CACHOEIRINHA ALDEIA INDIGENA CACHOERINHA","0",NULL,"aldeia indigena cachoerinha","91.89","0.0","71.11","71.44","-11.01924776","-65.20359473","110010605000078","-10.654188","-61.768136","110012205000184","-10.6542175","-61.767863","30.01273883","377380.61911601","1","377020.58917659",False,NULL
892,"ALDEIA SAO LUIS - RIO PACAAS NOVOS ALDEIA SAO LUIS",NULL,"TERRA INDIGENA","aldeia sao luis",29227,"180264274","RIO  PACAAS NOVOS ALDEIA INDIGENA CAPOEIRINHA","21",NULL,"aldeia indigena capoeirinha","100.0","0.0","57.14","75.71","-11.01916972","-65.20363145","110010605000078","-11.019742","-65.202892","110010605000078","-11.019729000000002","-65.20269200000001","21.87676973","102.77659944","1","0",True,NULL
893,"ALDEIA BARRANQUILHA, RIO MAMORE ALDEIA BARRANQUILHA",NULL,"RIO MAMORE","aldeia barranquilha",21422,"108710420","RUA  MAMORE RESIDENCIAL SOLAR DE VILHENA","83",NULL,"residencial solar de vilhena","100.0","0.0","46.81","74.68","-11.333560324274","-65.2910039015114","110010605000112","-12.721739","-60.112073","110030405000040","-12.7217455","-60.112043","3.33326475","583975.3124032","1","584082.64812501",False,NULL
894,"ALDEIA BOM JESUS ALDEIA BOM JESUS",NULL,"RIO SOTERIO,","aldeia bom jesus",5382,"1237945","RUA  BOM JESUS CIDADE ALTA","3762","FUNDOS","cidade alta","100.0","0.0","37.04","73.7","-11.614549588412","-65.0838700588793","110010605000094","-11.516989","-61.011495","110009805000021","-11.517022","-61.011506","3.8602097","443762.29168467","1","443030.10689302",False,False
895,"ALDEIA DEOLINDA ALDEIA DEOLINDA",NULL,"RIO MAMORE","aldeia deolinda",125943,"214185645","RUA  ALDEIA DO LAGO ALDEIA DO LAGO","0",NULL,"aldeia do lago","75.86","0.0","75.86","60.69","-11.2075884500518","-65.3187647648156","110010605000114","-10.91025","-61.958801","110012205000131","-10.910403","-61.958382","48.80953517","368158.85022111","1","367381.1602538",False,NULL
896,"ALDEIA TANAJURA ALDEIA TANAJURA",NULL,"RIO PACAAS NOVOS","aldeia tanajura",401328,"180366367","ALDEIA  ALNAJA ALDEIA INDIGENA INAJA","0",NULL,"aldeia indigena inaja","85.71","0.0","61.11","66.11","-11.04450997","-65.17689016","110010605000068","-12.393353","-60.020548","110030405000122","-12.3933465","-60.0205545","1.01030907","581076.44379304","1","579353.01842546",False,False
897,"AVENIDA GIACOMO CASARA NOSSA SENHORA DE FATIMA","2560.0",NULL,"nossa senhora de fatima",116478,"180247355","AVENIDA  GIACOMO CASARA FATIMA","4230",NULL,"fatima","100.0","60.52","100.0","92.1","-10.7764083","-65.3123371","110010605000105","-10.779608","-65.309196","110010605000106","-10.779608","-65.309196","0","494.28122337","1","50.02698681",False,True
898,"ALDEIA SOTERIO - RIO MAMORE ALDEIA SOTERIO",NULL,"TERRA INDIGENA","aldeia soterio",81030,"219529687","AVENIDA  MAMORE TEIXEIRAO","5152",NULL,"teixeirao","100.0","0.0","43.48","74.35","-11.6156632499769","-65.1345333829522","110010605000140","-8.748642","-63.846962","110020505090081","-8.74867","-63.84695","3.38126052","348547.76409299","1","346576.84073782",False,False
899,"ALDEIA SAO JOAO - PACAAS NOVOS ALDEIA SAO JOAO",NULL,"RIO MAMORE","aldeia sao joao",38128,"218898015","RUA SAO JOAO BELA VISTA","1974",NULL,"bela vista","100.0","0.0","40.0","74.0","-11.6190220462158","-65.1451565232128","110010605000141","-10.866514","-61.953953","110012205000014","-10.866586","-61.953913","9.12012191","357949.53826374","1","357880.39563596",False,False
900,"AVENIDA RORAIMA CENTRO","3154.0","DISTRITO DO IATA","centro",68651,"1190373","RUA  RORAIMA SANTA FELICIDADE","3393",NULL,"santa felicidade","100.0","92.96","36.36","92.23","-10.58778443","-65.38555982","110010612000001","-11.923756","-61.987345","110001505000012","-11.923756","-61.987345","0","399251.3065145","1","398268.80211542",False,False
901,"ALDEIA BAIA DA COCA - RIO GUAPORE ALDEIA BAIA DA COCA","315.0","TERRA  INDIGENA","aldeia baia da coca",21447,"226050095","AVENIDA  GUAPORE RESIDENCIAL SOLAR DE VILHENA","316",NULL,"residencial solar de vilhena","100.0","99.68","42.55","94.19","-11.9618224818259","-64.8974589630961","110010622000008","-12.721789","-60.11509","110030405000040","-12.721789","-60.11509","0","526303.66141229","1","526331.5385718",False,NULL
902,"ALDEIA RICARDO FRANCO, RIO GUAPORE ALDEIA RICARDO FRANCO",NULL,"TERRA INDIGENA","aldeia ricardo franco",6450,"1169353","AVENIDA  GUAPORE JARDIM CLODOALDO","3816",NULL,"jardim clodoaldo","100.0","0.0","43.24","74.32","-12.0162163395435","-64.8278906755149","110010622000010","-11.424654","-61.450594","110004905000040","-11.4248255","-61.45073","24.1532869","373542.16850197","1","369819.42467127",False,NULL
903,"ALDEIA LAJE VELHO - BOM SOSSEGO ALDEIA LAJE VELHO",NULL,"6ª LINHA RAMAL IATA","aldeia laje velho",246993,"215015276","RUA  SOSSEGO NOVA ESPERANCA","80",NULL,"nova esperanca","100.0","0.0","32.26","73.23","-10.55653259","-65.27549436","110010612000005","-8.718845","-63.873114","110020505000040","-8.717528","-63.869858","386.6720969","255711.51970712","1","254420.40034086",False,False
904,"ALDEIA LINHA 10 - BOM SOSSEGO ALDEIA LINHA 10",NULL,"TERRA INDIGENA","aldeia linha 10",34613,"180236565","LINHA  10 SERRA GRANDE","0",NULL,"serra grande","100.0","0.0","37.04","73.7","-10.6029766704887","-65.0854693260044","110010612000007","-12.138888","-64.345643","110008005000026","-12.138888","-64.345582","6.63123923","188869.83118674","1","187528.80939712",False,False
905,"RUA ANTONIO ELIAS TEIXEIRA CENTRO",NULL,NULL,"centro",779590,"1182487","RUA  ANTONIO MOREIRA LIMA JARDIM BANDEIRANTES","1883",NULL,"jardim bandeirantes","76.19","0.0","32.0","56.53","-11.8815875","-65.0168051","110010622000001","-11.430655","-61.471418","110004905000081","-11.430642500000001","-61.471353","7.21938625","389338.35946507","1","389267.06970752",False,False
906,"ALDEIA PEDRAL ALDEIA PEDRAL",NULL,"RIO GUAPORE","aldeia pedral",263659,"180240048","ALDEIA  PEDRAL ALDEIA INDIGENA PEDRAL","8",NULL,"aldeia indigena pedral","100.0","0.0","100.0","80.0","-11.9803848769516","-64.8867195658386","110010622000012","-11.979114","-64.886833","110010622000012","-11.9793095","-64.8867995","22.04192601","141.85290008","1","0",True,NULL
907,"ALDEIA SAGARANA - RIO GUAPORE ALDEIA SAGARANA",NULL,"TERRA INDIGENA","aldeia sagarana",21462,"226050073","AVENIDA  GUAPORE RESIDENCIAL SOLAR DE VILHENA","362",NULL,"residencial solar de vilhena","100.0","0.0","46.51","74.65","-11.9111753348261","-64.9941349122673","110010622000016","-12.722105","-60.114778","110030405000040","-12.722212","-60.114778","11.89787353","537675.44151945","1","533646.31994641",False,NULL
908,"RUA MARECHAL RONDON SETOR 04","2579.0","UNIDADE DE ENSINO","setor 04",14209,"215035529","AVENIDA MARECHAL RONDON CENTRO","2385",NULL,"centro","100.0","92.48","42.86","92.78","-10.4389666","-62.472313","110011405000002","-12.995553","-60.946323","110007205000002","-12.995553","-60.946323","0","329263.57414769","1","327981.07479227",False,False
909,"AVENIDA RIO BRANCO SETOR 1","2017.0","PREDIO","setor 1",46923,"1158886","RUA  RIO BRANCO CENTRO","1873",NULL,"centro","100.0","92.86","46.15","93.19","-10.433601","-62.470524","110011405000009","-11.436653","-61.449026","110004905000010","-11.436653","-61.449026","0","157724.37031877","1","156972.54592445",False,False
910,"AVENIDA BRASIL SETOR 01","1676.0",NULL,"setor 01",33647,"215048904","AVENIDA  BRASIL CENTRO","1765",NULL,"centro","100.0","94.96","42.86","93.28","-10.4372541","-62.470491","110011405000009","-13.479738","-61.040583","110146805000001","-13.479738","-61.040583","0","372346.42387062","1","370749.26109721",False,False
911,"RUA FLORIANOPOLIS SETOR 02","2945.0","ESCOLA","setor 02",62508,"1198966","RUA  FLORIANOPOLIS SETOR 03","2243","CASA","setor 03","100.0","76.16","87.5","93.98","-10.4390444","-62.4681732","110011405000010","-9.911447","-63.045731","110002305000005","-9.911447","-63.045731","0","86240.30446857","1","85828.20281234",False,False
912,"RUA ONOFRE DUARTE DE OLIVEIRA SETOR 06","3398.0",NULL,"setor 06",30122,"1287647","RUA  ONOFRE DUARTE DE OLIVEIRA SETOR 06","3181",NULL,"setor 06","100.0","93.61","100.0","98.72","-10.4420224","-62.4656802","110011405000011","-10.421201","-62.477442","110011405000030","-10.421201","-62.477442","0","2648.533722","1","2216.76818429",False,False
913,"RUA MARECHAL RONDON SETOR 03","2258.0",NULL,"setor 03",14244,"1222746","AVENIDA MARECHAL RONDON CENTRO","2286",NULL,"centro","100.0","98.78","42.86","94.04","-10.4419633","-62.4656555","110011405000011","-12.995351","-60.946344","110007205000002","-12.995351","-60.946344","0","328589.54534155","1","327382.32537417",False,False
914,"RUA JEAN CARLOS JARDIM NOVO ESTADO","4029.0",NULL,"jardim novo estado",664305,"1290491","RUA  JEAN CARLOS MUNIZ JARDIM DOS ESTADOS","4029",NULL,"jardim dos estados","100.0","100.0","72.22","97.22","-10.4419758","-62.4656569","110011405000011","-10.416592","-62.478128","110011405000068","-10.416592","-62.478128","0","3134.77279431","1","2682.64882904",False,False
915,"RUA MAMORE SETOR 01-A","1502.0",NULL,"setor 01-a",59061,"215016509","AVENIDA  MAMORE SETOR 0006","1568",NULL,"setor 0006","100.0","95.79","70.0","96.16","-10.4420123","-62.465627","110011405000011","-12.436664","-64.226909","110008005000006","-12.436664","-64.226909","0","293318.64842019","1","292439.90746882",False,NULL
916,"RUA RAIMUNDO BARRETO JARDIM ESPERANCA","863.0","ESCOLA","jardim esperanca",310907,"1294126","RUA  RAIMUNDO BARRETO SETOR 07","942",NULL,"setor 07","100.0","91.61","25.0","90.82","-10.4420087","-62.4656314","110011405000011","-10.450278","-62.477452","110011405000059","-10.450252500000001","-62.4774655","3.19674557","1586.29269032","1","1418.53105603",False,False
917,"RUA LUZIA LOPES CENTRO","2699.0","PERIMETRO URBANO","centro",836029,"91979476","RUA  LUZIA LOPES TARILANDIA","2699",NULL,"tarilandia","100.0","100.0","25.0","92.5","-10.4420051","-62.4656291","110011405000011","-10.85644","-62.796105","110011425000002","-10.85644","-62.796105","0","58548.24619243","1","58219.25021154",False,NULL
918,"LINHA 130 KM 12 LADO NORTE ZONA RURAL",NULL,NULL,"zona rural",30870,"110256985","LINHA  12 LINHA E","52","CASA","linha e","100.0","0.0","35.29","73.53","-11.61629574","-62.27442728","110014805000018","-11.398806","-61.261173","110004910000018","-11.3996125","-61.260219500000005","137.2748104","113021.61196454","1","109325.2803405",False,False
919,"RUA JUSCELINO KUBISTHEK LIBERDADE","882.0","AO LADO DA IGREJA","liberdade",788402,"1724690","AVENIDA  JUSCELINO KUBISCHEK CENTRO","1025",NULL,"centro","94.74","86.05","26.67","86.19","-10.7132988","-62.2564194","110015505000016","-10.2429","-62.35153","110160905000003","-10.2429","-62.35153","0","53329.81687406","1","52549.01992096",False,NULL
920,"RUA OSVALDO CRUZ LIBERDADE","416.0","ESCOLA","liberdade",36708,"1263445","AVENIDA  OSVALDO CRUZ SERRARIA","389",NULL,"serraria","100.0","93.51","35.29","92.23","-10.7155486","-62.2592044","110015505000018","-10.778825","-65.328996","110010605000006","-10.778825","-65.328996","0","335430.75396691","1","335657.87246134",False,False
921,"RO 481 KM 08 ESQUINA COM A LINHA 118 SUL ZONA RURAL",NULL,NULL,"zona rural",11601,"1329132","LINHA  UM GLEBA SANTA CRUZ","0","CASA 1","gleba santa cruz","100.0","0.0","46.15","74.62","-11.72635349","-62.38337056","110014805000025","-13.124911","-60.994642","110005605000024","-13.124911","-60.994642","0","216620.18553729","1","210494.16571216",False,False
922,"LINHA 134, KM 12, LADO NORTE ZONA RURAL",NULL,NULL,"zona rural",61776,"1196179","LINHA  130 NOVA GEASE","37","CASA 2","nova gease","100.0","0.0","40.0","74.0","-11.6188831","-62.2377868","110014805000027","-11.940535","-62.267491","110001525000006","-11.939919","-62.267277","72.34449226","35911.96697164","1","23966.60364952",False,False
923,"RUA JUSCELINO KUBITSCHEK JARDIM TROPICAL","113.0",NULL,"jardim tropical",48152,"180229972","AVENIDA  JUSCELINO KUBITSCHEK RIOZINHO","6200",NULL,"riozinho","100.0","1.82","34.78","73.84","-10.7196725","-62.2521859","110015505000020","-11.505221","-61.365282","110004910000003","-11.505221","-61.365282","0","130361.78104301","1","129941.3838359",False,False
924,"RUA JUSCELINO KUBITSCHECK JARDIM TROPICAL","125.0","CENTRO","jardim tropical",24120,"1223261","RUA  JUSCELINO KUBITSCHECK CENTRO","207",NULL,"centro","100.0","60.39","28.57","84.93","-10.71923","-62.25233","110015505000020","-12.997739","-60.943061","110007205000004","-12.997739","-60.943061","0","290667.28879151","1","289336.24441135",False,False
925,"RUA ANA NERI JARDIM TROPICAL","342.0","CENTRO","jardim tropical",86988,"221143695","RUA  ANA NERI INCRA","351",NULL,"incra","100.0","97.44","30.0","92.49","-10.7194818","-62.2495909","110015505000021","-10.719474","-62.249857","110015505000021","-10.719474","-62.249857","0","29.08560576","1","0",True,NULL
926,"AVENIDA CAPITAO SILVIO GONCALVES DE FARIAS INCRA","368.0","CENTRO","incra",86791,"1399472","AVENIDA CAPITAO SILVIO GONCALVES DE FARIAS INCRA","368",NULL,"incra","100.0","100.0","100.0","100.0","-10.7215093","-62.2497865","110015505000021","-10.721576","-62.249753","110015505000021","-10.721576","-62.249753","0","8.27062663","1","0",True,NULL
927,"RUA SIRLEY LEMES BOA ESPERANCA","141.0","ESCOLA","boa esperanca",304287,"1399842","RUA  SIRLEY LENES JARDIM AEROPORTO","146",NULL,"jardim aeroporto","91.67","96.58","34.48","86.93","-10.7368379","-62.2438406","110015505000022","-10.736662","-62.243826","110015505000022","-10.736662","-62.243826","0","19.62414291","1","0",True,NULL
928,"AV. TANCREDO NEVES BOA ESPERANCA","233.0","ESCOLA","boa esperanca",51222,"215111965","AVENIDA  TANCREDO NEVES UNIAO","1000",NULL,"uniao","100.0","23.3","22.22","76.88","-10.7374693","-62.2434791","110015505000022","-8.795823","-63.70231","110080905000003","-8.795823","-63.70231","0","268639.53303399","1","267556.83024648",False,False
929,"RUA MARIO ANDREAZZA JARDIM AEROPORTO","426.0",NULL,"jardim aeroporto",260742,"1514498","RUA  MARIO ANDREAZZA SAO FRANCISCO","8834",NULL,"sao francisco","100.0","4.82","27.59","73.72","-10.728076","-62.25095611","110015505000025","-8.771551","-63.828772","110020505100011","-8.771551","-63.828772","0","277895.13612496","1","276796.79797282",False,False
930,"LINHA 08/31 GLEBA 08 A LOTE 15 ZONA RURAL","0.0","ESCOLA","zona rural",11601,"1329132","LINHA  UM GLEBA SANTA CRUZ","0","CASA 1","gleba santa cruz","100.0","100.0","46.15","94.62","-10.8070615","-62.2034347","110015505000042","-13.124911","-60.994642","110005605000024","-13.124911","-60.994642","0","289333.29359737","1","277489.07516548",False,False
931,"LINHA 115 GLEBA 17 LOTE 59 ZONA RURAL",NULL,"ZONA RURAL","zona rural",8943,"1154017","LINHA  NOVE LINHA SETE","120","SITIO SN","linha sete","100.0","0.0","30.0","73.0","-10.6734778","-62.2034353","110015505000052","-13.403503","-60.472397","110003105000009","-13.4037425","-60.4713025","121.34634001","357186.48347625","1","342134.95125859",False,False
932,"RUA MAIRA ALVORADA",NULL,"PREDIO ESCOLAR","alvorada",537281,"1403942","RUA  MAYRA ALVORADA","120","CASA 1","alvorada","80.0","0.0","100.0","66.0","-10.7166035","-62.2482864","110015505000060","-10.715309","-62.247347","110015505000034","-10.715309","-62.247347","0","176.78591687","1","0",False,NULL
933,"RUA ALTO ALEGRE NOVO HORIZONTE","494.0","COOAB","novo horizonte",304660,"92000605","RUA  ALTO ALEGRE NOVO HORIZONTE","493",NULL,"novo horizonte","100.0","99.8","100.0","99.96","-10.7125621","-62.2717928","110015505000062","-10.713484","-62.271437","110015505000054","-10.713484","-62.271437","0","109.63399531","1","0",False,NULL
934,"RUA. JUSCELINO KUBITSCHEK JARDIM NOVO ESTADO","1421.0","ESCOLA","jardim novo estado",259863,"217660140","AVENIDA  JUSCELINO KUBITSCHEK SETOR 15","1420",NULL,"setor 15","100.0","99.93","30.77","93.06","-10.7100474537686","-62.2598274228317","110015505000068","-11.725839","-62.328261","110014805000008","-11.725813","-62.3282965","4.82668536","113197.36927654","1","112399.72465484",False,False
935,"RUA DEZ SETOR 33 SOCIALISTA","35.0","ORGULHO DO MADEIRA","socialista",53875,"92015629","RUA  03 RIO PARDO","22","CASA","rio pardo","100.0","62.86","21.05","84.68","-8.760745","-63.81298167","110020505000115","-9.632986","-63.968087","110020505000074","-9.632986","-63.968087","0","98471.82818782","1","97841.94543973",False,NULL
936,"RUA URUPA SETOR INDUSTRIAL",NULL,"ESCOLA","setor industrial",65092,"215047396","RUA  URUPA INDUSTRIAL","4100",NULL,"industrial","100.0","0.0","100.0","80.0","-10.7114899","-62.2461769","110015505000082","-11.717265","-61.791917","110028805000050","-11.7173005","-61.79196","6.12380338","122320.9097301","1","121556.99564179",False,NULL
937,"RUA BURAREIRO SETOR INDUSTRIAL",NULL,"ESCOLA","setor industrial",84670,"1404194","RUA  BURAREIRO INDUSTRIAL","0",NULL,"industrial","100.0","0.0","100.0","80.0","-10.7122152","-62.2478372","110015505000082","-10.712018","-62.247668","110015505000035","-10.71196","-62.247668","6.44931462","28.68043822","1","0",False,NULL
938,"RUA OSWALDO RIBEIRO SOCIALISTA",NULL,"QUADRA 536 LOTE 231","socialista",438464,"98581935","RUA  OSWALDO RIBEIRO JARDIM SANTANA","0","APARTAMENTO 8","jardim santana","100.0","0.0","41.67","74.17","-8.761733208000004","-63.81309177","110020505000116","-8.762569","-63.819178","110020505000151","-8.7626285","-63.8192","7.04402837","675.2862373","1","438.97212159",False,NULL
939,"RUA RAPOSO TAVARES CTG","698.0","PROXIMO ATACAREJO","ctg",163924,"1421835","RUA  RAPOSO TAVARES CTG","1018",NULL,"ctg","100.0","68.57","100.0","93.71","-11.6895017","-61.1727867","110018905000019","-11.690729","-61.175783","110018905000042","-11.690729","-61.175783","0","353.6545838","1","36.30719495",False,NULL
940,"AVENIDA CRISTOVAO COLOMBO CTG","275.0",NULL,"ctg",524332,"1415964","RUA  CRISTOVAO COLOMBO CTG","275",NULL,"ctg","100.0","100.0","100.0","100.0","-11.6900332","-61.1732813","110018905000019","-11.690085","-61.173435","110018905000019","-11.690085","-61.173435","0","17.69961895","1","0",True,NULL
941,"AVENIDA BELEM NOVA PIMENTA","1205.0",NULL,"nova pimenta",54001,"92297638","AVENIDA  BELEM CENTENARIO","3022",NULL,"centenario","100.0","39.87","36.36","81.61","-11.6854976","-61.1570827","110018905000011","-11.7148","-61.760073","110028805000020","-11.7148","-61.760073","0","65737.20311467","1","65415.74294675",False,False
942,"RUA 21 ABRIL APEDIA","808.0","PROXIMO AO POSTO","apedia",36123,"1231048","TRAVESSA  21 SAO DOMINGOS DO GUAPORE","1230",NULL,"sao domingos do guapore","100.0","65.69","27.59","85.9","-11.68077","-61.1777133","110018905000017","-12.068103","-64.026441","110008035000006","-12.068103","-64.026441","0","312961.76565836","1","312982.9090459",False,False
943,"RUA DOS EXTENSIONISTAS CENTRO","3490.0","RONDOMINAS","centro",807452,"1408209","RUA  DOS EXTENCIONISTAS RONDOMINAS","2393",NULL,"rondominas","94.44","68.57","25.0","82.32","-10.5121522","-61.998686","110015525000009","-10.513209","-61.999443","110015525000009","-10.513209","-61.999443","0","143.7300791","1","0",True,NULL
944,"RUA BARROCAS DISTRITO DE RONDOMINAS","3314.0","CENTRO","distrito de rondominas",807432,"1408125","RUA  BARROCAS RONDOMINAS","3354",NULL,"rondominas","100.0","98.81","100.0","99.76","-10.5109447","-61.9980197","110015525000009","-10.510769","-61.998193","110015525000009","-10.510769","-61.998193","0","27.21531179","1","0",True,NULL
945,"AV TURIBIO ODILON RIBEIRO ALVORADA","781.0","PREDIO","alvorada",313335,"1415227","AVENIDA  TURIBIO ODILON RIBEIRO ALVORADA","774","CASA 1","alvorada","100.0","99.1","100.0","99.82","-11.6775267","-61.1802867","110018905000001","-11.678006","-61.180021","110018905000016","-11.678006","-61.180021","0","60.64289857","1","5.6111956",False,True
946,"AVENIDA COSTA E SILVA ALVORADA","321.0",NULL,"alvorada",35,"1189469","RUA  COSTA E SILVA TUCANO","3900","CASA","tucano","100.0","8.23","28.57","74.5","-11.6764934","-61.1837965","110018905000001","-11.936552","-62.007572","110001505000008","-11.936552","-62.007572","0","94209.56796859","1","93751.92334091",False,NULL
947,"RUA FLORIANO PEIXOTO PIONEIROS","310.0",NULL,"pioneiros",9498,"1212487","RUA  FLORIANO PEIXOTO SAO GERALDO","600",NULL,"sao geraldo","100.0","51.67","40.0","84.33","-11.6702794","-61.1875958","110018905000003","-9.912508","-63.06086","110002305000160","-9.912508","-63.06086","0","282959.39733664","1","281808.74748005",False,False
948,"RUA FERNAO DIAS PIONEIROS","275.0",NULL,"pioneiros",88044,"1417997","RUA  FERNAO DIAS JARDIM DAS OLIVEIRAS","276",NULL,"jardim das oliveiras","100.0","99.64","41.38","94.07","-11.67084485","-61.19427382","110018905000025","-11.670373","-61.194538","110018905000025","-11.670373","-61.194538","0","59.836768","1","0",True,NULL
949,"RUA PRINCESA ISABEL JARDIM DAS OLIVEIRAS","355.0",NULL,"jardim das oliveiras",76167,"99151485","RUA PRINCESA ISABEL JARDIM DAS OLIVEIRAS","946",NULL,"jardim das oliveiras","100.0","37.53","100.0","87.51","-11.6750216","-61.193732","110018905000027","-11.676563","-61.198466","110018905000023","-11.676563","-61.198466","0","543.25182368","1","29.93408247",False,True
950,"AVENIDA DOS BANDEIRANTES PIONEIROS","1152.0",NULL,"pioneiros",114181,"180247564","AVENIDA  BANDEIRANTES LIBERDADE","1934",NULL,"liberdade","100.0","59.57","33.33","85.25","-11.6777217","-61.191075","110018905000028","-10.76545","-65.316201","110010605000019","-10.76545","-65.316201","0","461209.21387668","1","461223.61229154",False,False
951,"RUA RIACHUELO, BNH I","835.0",NULL,"bnh i",163770,"1421787","AVENIDA  RIACHUELO CTG","1138",NULL,"ctg","94.74","73.37","0.0","80.99","-11.6851322","-61.1783503","110018905000031","-11.688301","-61.176932","110018905000042","-11.688301","-61.176932","0","384.71460157","1","269.55679842",False,NULL
952,"RO 010 KM 32 CX. POSTAL 014 RURAL","14.0",NULL,"rural",36100,"1230939","TRAVESSA  14 SAO DOMINGOS DO GUAPORE","187",NULL,"sao domingos do guapore","100.0","7.49","21.43","73.64","-11.7239411","-61.4760069","110018905000035","-12.064636","-64.028407","110008035000006","-12.064636","-64.028407","0","280291.20314286","1","272829.85902017",False,False
953,"RO 010, KM 32 SETOR ABAITARA, ZONA RURAL ZONA RURAL",NULL,"SETOR ABAITARA","zona rural",30804,"1164829","RUA  E JARDIM VITORIA","4910","CASA","jardim vitoria","100.0","0.0","33.33","73.33","-11.723628","-61.4767069","110018905000035","-11.414106","-61.477473","110004905000107","-11.414114","-61.4775025","3.33616299","34417.42465215","1","32441.0315305",False,False
954,"RUA TUPA BELA VISTA","35.0",NULL,"bela vista",680853,"1410894","RUA  TUPA BELA VISTA","35",NULL,"bela vista","100.0","100.0","100.0","100.0","-11.655336","-61.1952115","110018905000043","-11.655311","-61.195017","110018905000004","-11.655311","-61.195017","0","21.36313675","1","0",False,NULL
955,"RODOVIA BR 364 KM 155 ZONA RURAL",NULL,"CAIXA POSTAL 052","zona rural",8827,"180197045","RODOVIA  BR 364 MARECHAL RONDON 01","0","CASA 3","marechal rondon 01","100.0","0.0","42.86","74.29","-11.9637633","-60.9566822","110018905000040","-9.942103","-63.055725","110002305000040","-9.9420915","-63.055726","1.2834253","320996.20983259","1","278494.31770038",False,False
956,"RUA PADRE FEIJO VILA NOVA","1522.0",NULL,"vila nova",407072,"215339252","AVENIDA PADRE FEIJO VILA NOVA","1019",NULL,"vila nova","100.0","66.95","100.0","93.39","-11.6855899","-61.1650636","110018905000050","-11.688892","-61.168396","110018905000013","-11.688892","-61.168396","0","516.22635062","1","4.83701112",False,True
957,"AV CURITIBA VILA NOVA","1316.0","ZONA URBANA","vila nova",13105,"215140906","RUA  CURITIBA CENTRO","2411",NULL,"centro","100.0","54.58","26.67","83.58","-11.6871879","-61.1642089","110018905000050","-9.418737","-61.998846","110013005000006","-9.418737","-61.998846","0","268232.06233884","1","266766.88621751",False,NULL
958,"AV DOS IMIGRANTES CTG","1845.0",NULL,"ctg",79563,"1361261","AVENIDA  DOS IMIGRANTES COSTA E SILVA","2423",NULL,"costa e silva","100.0","76.15","25.0","87.73","-11.691843","-61.170365","110018905000050","-8.742158","-63.901218","110020505060093","-8.742158","-63.901218","0","443691.66858129","1","442503.02618156",False,False
959,"AVENIDA ODEGAR MAXIMIANO RAMOS VIEIRA ESQUINA C/ PADRE FEIJO VILA NOVA","1706.0",NULL,"vila nova",57459,"1246913","RUA  FEIJO RIACHUELO","1708","CASA FRENTE","riachuelo","100.0","99.88","22.22","92.2","-11.6899405326803","-61.1688223109219","110018905000050","-10.898899","-61.924889","110012205000086","-10.898899","-61.924889","0","120555.51464162","1","120180.87938065",False,False
960,"RUA PARA NOVA PIMENTA","1202.0","ESQ/ COM AV. SAO LUI","nova pimenta",27984,"1298052","TRAVESSAO  DA 628 PARA A 630 TARILANDIA","85","CASA 2","tarilandia","100.0","7.07","36.36","75.05","-11.686895","-61.1615983","110018905000052","-10.94214","-62.905968","110011425000013","-10.94214","-62.905968","0","207440.83302168","1","207279.24153714",False,False
961,"AVENIDA ANTONIO RICARDO DE LIMA SERINGAL","541.0","ESCOLA","seringal",432229,"1411717","AVENIDA  ANTONIO RICARDO DE LIMA SERINGAL","323",NULL,"seringal","100.0","59.7","100.0","91.94","-11.679574","-61.1711921","110018905000053","-11.678128","-61.17205","110018905000007","-11.678128","-61.17205","0","185.95694873","1","4.13030609",False,NULL
962,"AV. PIMENTA BUENO JARDIM DAS OLIVEIRAS","263.0",NULL,"jardim das oliveiras",27261,"180260427","AVENIDA  PIMENTA BUENO TRIANGULO","361",NULL,"triangulo","100.0","72.85","20.69","86.64","-11.668568","-61.1990401","110018905000061","-10.79027","-65.336438","110010605000012","-10.79027","-65.336438","0","461689.55266127","1","461774.90003948",False,False
963,"ESTRADA DO AEROPORTO BELA VISTA","337.0","AEROPORTO","bela vista",119179,"180248018","ESTRADA  DO AEROPORTO PRIMAVERA","375","CASA 2","primavera","100.0","89.87","31.58","91.13","-11.6552497","-61.1893782","110018905000062","-9.417802","-62.007084","110013005000053","-9.417923","-62.007084","13.45460465","264363.00984314","1","262742.3953136",False,False
964,"RUA ESPORTES",NULL,"SETOR URUCUMACUA",NULL,26865,"1754154","TRAVESSA  DOS ESPORTES CENTRO","3346",NULL,"centro","100.0","0.0","0.0","70.0","-12.2283222","-60.6841427","110018915000026","-11.200399","-61.51887","110120305000003","-11.2005285","-61.518812499999996","15.70638077","146028.08375124","1","144834.08411501",False,NULL
965,"FAZENDA DIMBA",NULL,NULL,NULL,215012,"1706394","FAZENDA  IMBURANA LINHA 125","125",NULL,"linha 125","82.76","0.0","0.0","57.93","-11.8807451","-60.8474091","110018915000003","-12.606864","-61.510128","110146805000019","-12.606857","-61.506783999999996","362.87244317","108190.3400491","1","100719.79683056",False,False
966,"ESTRADA DO CALCARIO - KM 100",NULL,NULL,NULL,111558,"180244130","ESTRADA  DO CALCARIO ESPIGAO DO OESTE","7",NULL,"espigao do oeste","100.0","0.0","0.0","70.0","-11.69243272","-60.64710752","110018915000004","-11.572124","-60.959391","110009805000023","-11.578639","-60.965156","958.7459553","36547.58151163","1","17412.12294583",False,False
967,"LINHA 108 SETOR CALCARIO",NULL,NULL,NULL,18973,"217728259","AVENIDA  E RESIDENCIAL ESPLANADA","2495",NULL,"residencial esplanada","100.0","0.0","0.0","70.0","-11.6931574","-60.5480736","110018915000006","-11.717191","-61.755266","110028805000078","-12.287349","-61.755162","63398.76528042","131469.45733073","1","127524.37889759",False,NULL
968,"AVENIDA PRIMO FAVALECA ITAPORANGA","131.0","SETOR ITAPORANGA","itaporanga",NULL,NULL,NULL,NULL,NULL,NULL,NULL,NULL,NULL,"0.0","-11.6284017","-61.1976642","110018920000001",NULL,NULL,NULL,NULL,NULL,NULL,NULL,"1",NULL,NULL,NULL
969,"RUA MARIA RIGO FERREIRA DISTRITO ITAPORANGA","140.0","ROD. 387KM 01","distrito itaporanga",76832,"92292346","RUA  JOSE FERREIRA VISTA ALEGRE","285",NULL,"vista alegre","76.19","49.12","32.26","66.38","-11.629586","-61.1985628","110018920000001","-9.653102","-65.731089","110020545000017","-9.653102","-65.731089","0","541866.06511198","1","540989.43845307",False,False
970,"RUA RAIMUNDO CANTUARIA JARDIM SANTANA","9589.0","ENTRE","jardim santana",58183,"1424940","AVENIDA  RAIMUNDO CANTUARIA JARDIM SANTANA","9625",NULL,"jardim santana","100.0","99.63","100.0","99.93","-8.7540217","-63.8250817","110020505000007","-8.754093","-63.824666","110020505000007","-8.754093","-63.824666","0","46.36814742","1","0",True,NULL
971,"RUA TURMALINA JARDIM SANTANA","10015.0","ZONA LESTE","jardim santana",855439,"108728018","RUA  TURMALINA JARDIM SANTANA","9761",NULL,"jardim santana","100.0","97.46","100.0","99.49","-8.7526983","-63.8166564","110020505000009","-8.753751","-63.818531","110020505000009","-8.753737000000001","-63.8185125","2.56068311","236.9504468","1","0",True,NULL
972,"RUA 13 DE MAIO MOCAMBO","2170.0",NULL,"mocambo",52502,"1751246","RUA  TREZE DE MAIO CENTRO","2163",NULL,"centro","100.0","99.68","30.77","93.01","-8.76738832","-63.90276734","110020505060024","-9.18437","-63.181512","110110405000005","-9.18437","-63.181512","0","91789.33774208","1","91384.98429658",False,NULL
973,"RUA ESCORPIAO ULISSES GUIMARAES","11511.0",NULL,"ulisses guimaraes",271342,"1427756","RUA  ESCORPIAO ULISSES GUIMARAES","11516",NULL,"ulisses guimaraes","100.0","99.96","100.0","99.99","-8.775279687","-63.80330074","110020505000018","-8.775318","-63.803559","110020505000018","-8.775318","-63.803559","0","28.69904867","1","0",True,NULL
974,"RUA ORION ULISSES GUIMARAES","102.0",NULL,"ulisses guimaraes",53426,"1429168","RUA  ORION ULISSES GUIMARAES","2458","FRENTE","ulisses guimaraes","100.0","4.15","100.0","80.83","-8.773481200000004","-63.8029877","110020505000018","-8.777883","-63.80262","110020505000024","-8.777883","-63.80262","0","491.12362399","1","6.92149554",False,True
975,"RUA ORION ULISSES GUIMARAES","2701.0","ZONA LESTE","ulisses guimaraes",271185,"1427939","RUA  ORION ULISSES GUIMARAES","2752",NULL,"ulisses guimaraes","100.0","98.15","100.0","99.63","-8.775641","-63.802998","110020505000018","-8.775184","-63.80269","110020505000018","-8.775184","-63.80269","0","61.05663328","1","0",True,NULL
976,"RUA RIO LAJE RONALDO ARAGAO","11927.0","ZONA LESTE","ronaldo aragao",370008,"92010433","RUA  RIO LAJE RONALDO ARAGAO","11927",NULL,"ronaldo aragao","100.0","100.0","100.0","100.0","-8.7835264","-63.7999749","110020505000025","-8.783817","-63.799921","110020505000025","-8.783817","-63.799921","0","32.85166838","1","0",True,NULL
977,"ALAMEDA ROQUETE PINTO NOVA ESPERANCA","4483.0","ALPHAVILLE 1","nova esperanca",867600,"108839335","ALAMEDA  ROQUETE PINTO NOVA ESPERANCA","4482","BLOCO A","nova esperanca","100.0","99.98","100.0","100.0","-8.723516667","-63.876745","110020505000036","-8.72392","-63.87684","110020505000036","-8.7239215","-63.876835","0.57429733","46.04804269","1","0",True,NULL
978,"ESTRADA SANTO ANTONIO TRIANGULO","633.0",NULL,"triangulo",288463,"215125292","RUA SANTO ANTONIO PLANALTO","428",NULL,"planalto","100.0","67.61","47.06","88.23","-8.810249535000002","-63.93908087","110020505000043","-9.769975","-66.369069","110020517000005","-9.769975","-66.369069","0","287216.32603247","1","272303.73256668",False,False
979,"ESTRADA 28 DE NOVEMBRO, KM 42 ZONA RURAL",NULL,"ALIANCA","zona rural",15953,"180217223","ESTRADA  OITO JARDIM MARIANA","11",NULL,"jardim mariana","100.0","0.0","41.67","74.17","-8.640371200000002","-63.6138749","110020505000047","-13.368944","-60.65028","110003105000014","-13.3684145","-60.6512795","123.11876862","617276.34188667","1","607960.83244458",False,False
980,"AREA RURAL AREA RURAL DE PORTO VELHO",NULL,NULL,"area rural de porto velho",61985,"100166781","RUA  RURAL TEIXEIRAO","1332","CASA VERDE","teixeirao","100.0","0.0","29.41","72.94","-8.560994000000004","-63.853535","110020505000063","-11.423637","-61.431678","110004905000096","-11.423649","-61.431728","5.6105921","414299.83773446","1","402680.79096719",False,NULL
981,"RODOVIA BR-364 ZONA RURAL",NULL,"REASSENT. SANTA RITA","zona rural",91587,"1223655","AVENIDA  QUATRO RURAL","15",NULL,"rural","100.0","0.0","100.0","80.0","-9.1119536","-64.1679947","110020505000090","-12.961509","-60.891709","110007205000005","-12.9609955","-60.8904845","144.45316299","557699.57290096","1","552288.34517971",False,False
982,"RUA 06 VILA NOVA DE TEOTONIO","38.0","ZONA RURAL","vila nova de teotonio",7953,"1196890","LINHA  146 VILA SANTO ANTONIO","32",NULL,"vila santo antonio","100.0","84.21","56.41","92.48","-8.871868490000002","-64.05470945","110020505000091","-12.095857","-62.12553","110001535000003","-12.095857","-62.12553","0","415928.37725147","1","413909.97834776",False,False
983,"AREA RURAL AREA RURAL DE PORTO VELHO",NULL,"CUJUBIM GRANDE","area rural de porto velho",61985,"100166781","RUA  RURAL TEIXEIRAO","1332","CASA VERDE","teixeirao","100.0","0.0","29.41","72.94","-8.585968236379404","-63.7301647683912","110020505000092","-11.423637","-61.431678","110004905000096","-11.423649","-61.431728","5.6105921","403605.74194915","1","401404.2639023",False,NULL
984,"AREA RURAL AREA RURAL DE PORTO VELHO",NULL,"CUJUBIM GRANDE","area rural de porto velho",61985,"100166781","RUA  RURAL TEIXEIRAO","1332","CASA VERDE","teixeirao","100.0","0.0","29.41","72.94","-8.58491613","-63.72936353","110020505000092","-11.423637","-61.431678","110004905000096","-11.423649","-61.431728","5.6105921","403642.76627271","1","401404.2639023",False,NULL
985,"RAMAL DO JACU, POSTE 63 AREA RURAL DE PORTO VELHO",NULL,"BAIXO-MADEIRA","area rural de porto velho",53862,"92015628","RUA  03 RIO PARDO","128","CASA","rio pardo","100.0","0.0","41.18","74.12","-8.763143","-63.903756","110020505060001","-9.633551","-63.967961","110020505000074","-9.6332685","-63.9678325","34.42670289","97041.32591131","1","96190.11505987",False,NULL
986,"RUA GONCALVES DIAS CENTRO","131.0",NULL,"centro",29592,"91982853","RUA  GONCALVES DIAS JARDIM DOS MIGRANTES","349","APARTAMENTO 2","jardim dos migrantes","100.0","37.54","15.38","79.05","-8.763937800000004","-63.9033229","110020505060001","-10.872481","-61.964985","110012205000023","-10.872481","-61.964985","0","316337.76752403","1","315492.48164667",False,False
987,"AREA RURAL AREA RURAL DE PORTO VELHO",NULL,"AGROVILA NOVA ALIANC","area rural de porto velho",61985,"100166781","RUA  RURAL TEIXEIRAO","1332","CASA VERDE","teixeirao","100.0","0.0","29.41","72.94","-8.6100703","-63.5422957","110020505000096","-11.423637","-61.431678","110004905000096","-11.423649","-61.431728","5.6105921","388946.43473768","1","387507.23951317",False,NULL
988,"ALDEIA CENTRAL KARITIANA",NULL,"RAMAL MARIA CONGA",NULL,860750,"1205662","TRAVESSA  CENTRAL GRANDES AREAS","166","APARTAMENTO 1","grandes areas","100.0","0.0","0.0","70.0","-9.295542184","-64.00373795","110020505000152","-9.918791","-63.047358","110002305000022","-10.443459","-63.047204","58340.50252879","125685.64040334","1","123380.17765794",False,NULL
989,"LINHA 67, BR 364, SENT ACRE - ALDEIA BYJYTY AKOT PYTIM ADNA - RURAL",NULL,"TERRA IND KARITIANA","rural",7833,"1196812","LINHA  60 VILA SANTO ANTONIO","30","CHACARA","vila santo antonio","100.0","0.0","17.39","71.74","-9.3623171","-64.2210814","110020505000165","-12.04483","-62.135433","110001535000003","-12.04812","-62.136815","395.49874846","375353.63104681","1","373874.92324999",False,False
990,"ALDEIA BOM SAMARITANO -TERRA INDIGENA KARITIANA RURAL",NULL,"ALDEIA","rural",581021,"110643949","ALDEIA  ALDEIA INDIGENA ALDEIA INDIGENA JAMARI","0",NULL,"aldeia indigena jamari","100.0","0.0","14.81","71.48","-9.32021176","-64.06292827","110020505000166","-10.552564","-63.186472","110100515000013","-10.552564","-63.186472","0","167309.36928803","1","166419.76127971",False,False
991,"RODOVIA BR 364",NULL,"KM 32 LINHA 32",NULL,10209,"100173992","RODOVIA  BR 364 BR 364","0",NULL,"br 364","100.0","0.0","0.0","70.0","-9.155448","-64.17686","110020505000169","-9.884555","-63.05662","110002305000133","-9.884402000000001","-63.056203499999995","48.69397257","147189.17452073","1","118260.0392559",False,False
992,"RODOVIA BR-364 CIDADE JARDIM",NULL,"KM - 5,5","cidade jardim",72602,"1611957","RUA  E JARDIM ELDORADO","6279",NULL,"jardim eldorado","100.0","0.0","71.43","77.14","-8.7966847","-63.8405209","110020505000171","-12.737379","-60.115232","110030405000016","-12.737379","-60.115232","0","597941.06277928","1","596174.70998013",False,False
993,"AVENIDA AMAZONAS JARDIM SANTANA",NULL,NULL,"jardim santana",5440,"1169689","AVENIDA  AMAZONAS JARDIM CLODOALDO","3647",NULL,"jardim clodoaldo","100.0","0.0","60.0","76.0","-8.75100743","-63.81986673","110020505000173","-11.425256","-61.452131","110004905000040","-11.4252365","-61.4521205","2.4517793","394463.11945478","1","393257.88386728",False,NULL
994,"RUA ALTO DA BRONZE SOCIALISTA","9422.0",NULL,"socialista",380706,"220867340","RUA  ALTO DO BRONZE JARDIM SANTANA","9471",NULL,"jardim santana","92.86","99.48","41.67","89.06","-8.760343410000004","-63.82682948","110020505000179","-8.759934","-63.826146","110020505000178","-8.759934","-63.826146","0","87.83187659","1","0",False,True
995,"RUA OSVALDO RIBEIRO SOCIALISTA","2186.0",NULL,"socialista",917667,"92269579","RUA  RIBEIRO CALADINHO","4184",NULL,"caladinho","100.0","52.25","42.11","84.66","-8.76499617","-63.82728665","110020505000179","-8.800895","-63.879945","110020505080077","-8.8008715","-63.879941","2.64979403","7029.93745347","1","6854.9022213",False,False
996,"RUA MANE GARRINCHA SOCIALISTA","3154.0",NULL,"socialista",654653,"98581989","RUA  MANE GARRINCHA SOCIALISTA","2930",NULL,"socialista","100.0","92.9","100.0","98.58","-8.762128677","-63.82732831","110020505000179","-8.76466","-63.827904","110020505000179","-8.76466","-63.827904","0","288.49332005","1","0",True,NULL
997,"ESTRADA TREZE DE SETEMBRO AEROCLUBE",NULL,"KM 11","aeroclube",80846,"92243736","RUA  TREZE DE SETEMBRO AREAL","1313","CASA 3","areal","100.0","0.0","42.86","74.29","-8.86277938","-63.89081909","110020505000189","-8.77456","-63.90003","110020505060060","-8.77456","-63.900058","3.07702293","9861.63441987","1","6286.7353846",False,False
998,"RODOVIA BR-364 ZONA RURAL",NULL,"CAIXA POSTAL 313","zona rural",91587,"1223655","AVENIDA  QUATRO RURAL","15",NULL,"rural","100.0","0.0","100.0","80.0","-8.7930722","-63.7372782","110020505000193","-12.961509","-60.891709","110007205000005","-12.9609955","-60.8904845","144.45316299","557983.31163471","1","554390.28351474",False,False
999,"BR 364 -FLONA BOM FUTURO LINHA CARACOL KM 90 ZONA RURAL",NULL,"RIO PARDO","zona rural",5835,"1357856","RODOVIA  BR 364 TUCUMANZAL","0",NULL,"tucumanzal","100.0","0.0","40.0","74.0","-9.6264249","-63.9668782","110020505000204","-8.782793","-63.895428","110020505060081","-8.782793","-63.895428","0","94134.97194653","1","92694.01199689",False,False
1000,"AREA RURAL AREA RURAL DE PORTO VELHO",NULL,"AVENIDA TIRADENTES","area rural de porto velho",61985,"100166781","RUA  RURAL TEIXEIRAO","1332","CASA VERDE","teixeirao","100.0","0.0","29.41","72.94","-9.644033333","-63.96163333","110020505000205","-11.423637","-61.431678","110004905000096","-11.423649","-61.431728","5.6105921","340067.18558703","1","339679.32585813",False,NULL
1001,"RUA DUQUE DE CAXIAS SAO CRISTOVAO","2622.0",NULL,"sao cristovao",60162,"1158554","RUA DUQUE DE CAXIAS CENTRO","1922",NULL,"centro","100.0","73.3","31.58","87.82","-8.7574963","-63.8890166","110020505060018","-11.433798","-61.448991","110004905000009","-11.433798","-61.448991","0","399872.69094495","1","398599.47040608",False,False
1002,"AREA RURAL AREA RURAL DE PORTO VELHO",NULL,NULL,"area rural de porto velho",61985,"100166781","RUA  RURAL TEIXEIRAO","1332","CASA VERDE","teixeirao","100.0","0.0","29.41","72.94","-8.809553","-64.028956","110020505000211","-11.423637","-61.431678","110004905000096","-11.423649","-61.431728","5.6105921","406583.0631537","1","399287.13263026",False,NULL
1003,"AREA RURAL AREA RURAL DE PORTO VELHO",NULL,"AGROVILA NOVOENGENHO","area rural de porto velho",61985,"100166781","RUA  RURAL TEIXEIRAO","1332","CASA VERDE","teixeirao","100.0","0.0","29.41","72.94","-8.77184104","-63.93115518","110020505000211","-11.423637","-61.431678","110004905000096","-11.423649","-61.431728","5.6105921","402245.81180447","1","399287.13263026",False,NULL
1004,"ESTRADA DO JATUARANA KM 25 BR 319 AREA RURAL DE PORTO VELHO",NULL,"VILA FRANCISCANA","area rural de porto velho",30804,"1164829","RUA  E JARDIM VITORIA","4910","CASA","jardim vitoria","100.0","0.0","41.03","74.1","-8.709294","-63.987441","110020505000211","-11.414106","-61.477473","110004905000107","-11.414114","-61.4775025","3.33616299","407380.62834219","1","395045.91542312",False,False
1005,"AREA RURAL AREA RURAL DE PORTO VELHO",NULL,"PROJETO ASSENTAMENTO","area rural de porto velho",61985,"100166781","RUA  RURAL TEIXEIRAO","1332","CASA VERDE","teixeirao","100.0","0.0","29.41","72.94","-8.709324000000002","-63.987365","110020505000211","-11.423637","-61.431678","110004905000096","-11.423649","-61.431728","5.6105921","411544.27967822","1","399287.13263026",False,NULL
1006,"RUA JOSE CAMACHO SAO JOAO BOSCO","1375.0",NULL,"sao joao bosco",561258,"214957808","RUA  JOSE CAMACHO SAO JOAO BOSCO","2325",NULL,"sao joao bosco","100.0","59.14","100.0","91.83","-8.706706000000002","-63.844458","110020505000213","-8.749397","-63.894617","110020505060039","-8.7493615","-63.894605999999996","4.12839385","7275.00873288","1","7212.49877957",False,False
1007,"CAIXA POSTAL COMUNITARIA BR-364, KM 13 SENTIDO CUIABA ZONA RURAL",NULL,NULL,"zona rural",15188,"98972081","TRAVESSAO  KM 13 LINHA ZERO UM","3","ENTRADA A DIREITA","linha zero um","100.0","0.0","34.78","73.48","-8.818270583","-63.78553446","110020505000233","-13.091703","-60.469794","110006405000037","-13.090868","-60.469229","111.19911501","597291.91088679","1","542925.18287836",False,False
1008,"AREA RURAL AREA RURAL DE PORTO VELHO",NULL,NULL,"area rural de porto velho",61985,"100166781","RUA  RURAL TEIXEIRAO","1332","CASA VERDE","teixeirao","100.0","0.0","29.41","72.94","-8.801038800000002","-63.7704426","110020505000233","-11.423637","-61.431678","110004905000096","-11.423649","-61.431728","5.6105921","388040.26449681","1","338488.23403513",False,NULL
1009,"AV. ORESTE FLORIANO BONATO DISTRITO INDUSTRIAL","1.0","QUADRA 03","distrito industrial",173609,"180398346","AVENIDA  ABEL FLORIANO GLEBA BURITI","0",NULL,"gleba buriti","76.19","0.0","32.26","56.56","-8.803427900000004","-63.7366122","110020505000233","-10.204537","-63.844212","110045205000039","-10.204119","-63.8441505","46.96429769","156242.6661361","1","86844.96354575",False,False
1010,"RUA COTIA RONALDO ARAGAO",NULL,NULL,"ronaldo aragao",749051,"1430071","RUA  COTIA RONALDO ARAGAO","1871",NULL,"ronaldo aragao","100.0","0.0","100.0","80.0","-8.78238666666667","-63.7958183333333","110020505000244","-8.783164","-63.795982","110020505000027","-8.783164","-63.79596","2.41760481","88.28702972","1","7.45862602",False,True
1011,"RUA CUTIA RONALDO ARAGAO","1996.0",NULL,"ronaldo aragao",749042,"1430062","RUA  COTIA RONALDO ARAGAO","1993",NULL,"ronaldo aragao","80.0","99.85","100.0","85.97","-8.78176060505211","-63.7957991939038","110020505000245","-8.781965","-63.79596","110020505000027","-8.781965","-63.79596","0","28.78925352","1","22.10995437",False,True
1012,"RUA LINHA PROGRESSO RONALDO ARAGAO","14195.0","ZONA RURAL","ronaldo aragao",645988,"110628796","LINHA  PROGRESSO RONALDO ARAGAO","14755",NULL,"ronaldo aragao","100.0","96.2","100.0","99.24","-8.77251528","-63.78159607","110020505000247","-8.771194","-63.77647","110020505000163","-8.771194","-63.77647","0","582.17050766","1","0",False,NULL
1013,"KM 32 -SENTIDO ACRE",NULL,"ALDEIA JUARI",NULL,30822,"180227337","RUA  E JARDIM VITORIA","4892","ANEXO 2","jardim vitoria","100.0","0.0","0.0","70.0","-8.7606389","-63.9026389","110020505060002","-11.414132","-61.477301","110004905000107","-11.4141655","-61.477309000000005","3.8257305","396916.50670381","1","395572.85717379",False,False
1014,"RUA FRANCISCO FONTINELE VILA PRINCESA","200.0",NULL,"vila princesa",242523,"105459874","RUA  FRANCISCO FONTENELE VILA PRINCESA","201",NULL,"vila princesa","94.74","99.5","100.0","96.22","-8.761862000000002","-63.90215","110020505060002","-8.849976","-63.94079","110020505000049","-8.849976","-63.94079","0","10678.280271","1","10305.0381993",False,False
1015,"RUA GASPAR ALEIXO SAO JORGE","11.0",NULL,"sao jorge",288746,"97540419","RUA  GASPAR DE ALEIXO SILVA PLANALTO","54",NULL,"planalto","100.0","20.37","23.53","76.43","-8.761815","-63.902241","110020505060002","-8.739332","-63.828097","110020505000081","-8.739332","-63.828097","0","8523.3655957","1","8483.8054876",False,False
1016,"AVENIDA CARLOS GOMES CENTRO","1135.0",NULL,"centro",113767,"1310014","RUA  CARLOS GOMES PRIMAVERA","1216",NULL,"primavera","100.0","93.34","26.67","91.33","-8.7607343","-63.9019859","110020505060003","-10.891106","-61.935458","110012205000034","-10.891106","-61.935458","0","320207.21553242","1","319121.93084845",False,False
1017,"RUA IDALINO KRUGER CENTRO","82.0","NOVA MUTUM PARANA","centro",502668,"99650013","AVENIDA  IDALINO KRIGUER NOVA MUTUM","0",NULL,"nova mutum","89.66","0.0","25.0","65.26","-8.761534","-63.901745","110020505060003","-9.296965","-64.55349","110020520000021","-9.296784500000001","-64.552311","130.92451713","93098.4105907","1","92901.05212378",False,False
1018,"AREA RURAL AREA RURAL DE PORTO VELHO",NULL,"EST. DOS PERIQUITOS","area rural de porto velho",61985,"100166781","RUA  RURAL TEIXEIRAO","1332","CASA VERDE","teixeirao","100.0","0.0","29.41","72.94","-8.761158","-63.900436","110020505060003","-11.423637","-61.431678","110004905000096","-11.423649","-61.431728","5.6105921","400845.72464307","1","399730.28544563",False,NULL
1019,"MEDIO MADEIRA AREA RURAL DE PORTO VELHO",NULL,"RAMAL N S DO ROSARIO","area rural de porto velho",829672,"1400112","RUA  MADEIRA JARDIM AEROPORTO","330",NULL,"jardim aeroporto","100.0","0.0","43.9","74.39","-8.761158","-63.900436","110020505060003","-10.734851","-62.245832","110015505000023","-10.734768","-62.245832","9.22919162","284676.84557235","1","283743.41867109",False,False
1020,"AREA RURAL AREA RURAL DE PORTO VELHO",NULL,NULL,"area rural de porto velho",61985,"100166781","RUA  RURAL TEIXEIRAO","1332","CASA VERDE","teixeirao","100.0","0.0","29.41","72.94","-8.761158","-63.900436","110020505060003","-11.423637","-61.431678","110004905000096","-11.423649","-61.431728","5.6105921","400845.72464307","1","399730.28544563",False,NULL
1021,"GLEBA RIO PRETO KM 17",NULL,"LINHA ELETRONICA KM",NULL,202215,"1587766","RUA  RIO PRETO SATELITE","169",NULL,"satelite","100.0","0.0","0.0","70.0","-8.761158","-63.900436","110020505060003","-8.796558","-63.715964","110080905000007","-8.796558","-63.716005","4.50537337","20650.69880232","1","20428.42662977",False,NULL
1022,"LOCALIDADE BRASILEIRA",NULL,"BAIXO MADEIRA",NULL,NULL,NULL,NULL,NULL,NULL,NULL,NULL,NULL,NULL,"0.0","-8.761158","-63.900436","110020505060003",NULL,NULL,NULL,NULL,NULL,NULL,NULL,"1",NULL,NULL,NULL
1023,"AREA RURAL AREA RURAL DE PORTO VELHO",NULL,"ESTRADA DA PENAL","area rural de porto velho",61985,"100166781","RUA  RURAL TEIXEIRAO","1332","CASA VERDE","teixeirao","100.0","0.0","29.41","72.94","-8.761158","-63.900436","110020505060003","-11.423637","-61.431678","110004905000096","-11.423649","-61.431728","5.6105921","400845.72464307","1","399730.28544563",False,NULL
1024,"RAMAL DO PIONEIRO KM 23 DISTRITO DE NOVA CALIFORNIA",NULL,NULL,"distrito de nova california",30804,"1164829","RUA  E JARDIM VITORIA","4910","CASA","jardim vitoria","100.0","0.0","43.9","74.39","-8.761158","-63.900436","110020505060003","-11.414106","-61.477473","110004905000107","-11.414114","-61.4775025","3.33616299","396697.46228091","1","395573.40269473",False,False
1025,"AGROVILA RIO VERDE - RIO JAMARI",NULL,"DIST. SAO CARLOS",NULL,40937,"1553116","RUA  RIO VERDE CENTRO","5551",NULL,"centro","100.0","0.0","0.0","70.0","-8.761158","-63.900436","110020505060003","-11.730725","-61.770956","110028805000012","-11.730725","-61.770895","6.64123171","404120.98942136","1","402700.84886972",False,False
1026,"ALDEIA PEDREIRA",NULL,"TERRA IND. KAXARARI",NULL,263659,"180240048","ALDEIA  PEDRAL ALDEIA INDIGENA PEDRAL","8",NULL,"aldeia indigena pedral","85.71","0.0","0.0","60.0","-8.761158","-63.900436","110020505060003","-11.979114","-64.886833","110010622000012","-11.9793095","-64.8867995","22.04192601","373728.30005041","1","371807.43357591",False,False
1027,"ALDEIA MARMELINHO",NULL,"TERRA IND KAXARARI",NULL,677713,"214440673","ALDEIA  ALBINO ROOSEVELT","0",NULL,"roosevelt","80.0","0.0","0.0","56.0","-8.761158","-63.900436","110020505060003","-11.512118","-60.57966","110009805000060","-11.512118","-60.57966","0","475044.02523497","1","474142.8633354",False,NULL
1028,"ALDEIA PAXIUBA",NULL,NULL,NULL,145069,"180374066","ALDEIA  PAIBI ALDEIA INDIGENA ROSILEIA CINTA LARGA","0",NULL,"aldeia indigena rosileia cinta larga","84.62","0.0","0.0","59.23","-8.761158","-63.900436","110020505060003","-11.502204","-60.435642","110030405000115","-11.502204","-60.435642","0","486522.68790275","1","485671.83204342",False,NULL
1029,"ALDEIA BARRRINHA",NULL,"TERRA IND. KAXARARI",NULL,141283,"110634776","ALDEIA  KARIPUNA PROJETO SIDNEY GIRAO","0",NULL,"projeto sidney girao","77.42","0.0","0.0","54.19","-8.761158","-63.900436","110020505060003","-10.271167","-64.72502","110033815000016","-10.271167","-64.72502","0","190706.51929089","1","189794.75649781",False,False
1030,"KM 13 ZONA RURAL",NULL,"VILA CODARON","zona rural",27756,"1229307","RAMAL  KM 13 SERRINHA","0",NULL,"serrinha","100.0","0.0","44.44","74.44","-8.761158","-63.900436","110020505060003","-12.338293","-64.302035","110008005000027","-12.3235145","-64.29712950000001","1727.53827809","400174.30314789","1","397972.24189626",False,False
1031,"ALDEIA NOVA",NULL,"TERRA IND. KAXARARI",NULL,738214,"214989341","RUA  NOVA FORTALEZA DO ABUNA","0","CASA 1","fortaleza do abuna","100.0","0.0","0.0","70.0","-8.761158","-63.900436","110020505060003","-9.780647","-65.525693","110020518000001","-9.780605999999999","-65.525588","12.37608783","211334.54204197","1","210995.17742621",False,False
1032,"ALDEIA BURITI",NULL,"TERRA IND. KAXARARI",NULL,59528,"100167133","RUA  BURITI PAINEIRAS","5936","CASA","paineiras","100.0","0.0","0.0","70.0","-8.761158","-63.900436","110020505060003","-11.414655","-61.409808","110004905000098","-11.414655","-61.409835","2.94288407","401732.12974413","1","400629.45500091",False,NULL
1033,"LC 95 TB 20",NULL,NULL,NULL,30821,"1164847","RUA  E JARDIM VITORIA","5038","CASA","jardim vitoria","100.0","0.0","0.0","70.0","-9.722209","-63.31236","110040305000036","-11.414134","-61.478689","110004905000107","-11.414144","-61.75501","30117.85618218","274892.32834893","1","273987.49001647",False,False
1034,"ALDEIA KAWAPU",NULL,"TERRA IND KAXARARI",NULL,208400,"180372071","ALDEIA  KAWARY ALDEIA INDIGENA PARQUE ARIPUANA","0",NULL,"aldeia indigena parque aripuana","84.62","0.0","0.0","59.23","-8.761158","-63.900436","110020505060003","-11.884047","-60.377074","110030405000060","-11.884076","-60.377074","3.22465731","518752.36128772","1","517682.92412167",False,False
1035,"ALDEIA TSHAKUBY",NULL,"TERRA IND. KAXARARI",NULL,621038,"91990999","ALDEIA  UHY ALDEIA INDIGENA UHY","2",NULL,"aldeia indigena uhy","75.0","0.0","0.0","52.5","-8.761158","-63.900436","110020505060003","-10.763071","-61.499728","110012205000174","-10.763062","-61.49964","9.66497577","344609.93003806","1","343889.26886772",False,False
1036,"ALDEIA INDIGENA CENTRAL",NULL,NULL,NULL,581021,"110643949","ALDEIA  ALDEIA INDIGENA ALDEIA INDIGENA JAMARI","0",NULL,"aldeia indigena jamari","100.0","0.0","0.0","70.0","-8.761158","-63.900436","110020505060003","-10.552564","-63.186472","110100515000013","-10.443952","-63.047241","19431.56269326","214017.80991497","1","212950.57721878",False,False
1037,"RUA MARECHAL DEODORO CENTRO","1856.0",NULL,"centro",36548,"1263270","AVENIDA MARECHAL DEODORO SERRARIA","1995",NULL,"serraria","100.0","93.03","28.57","91.46","-8.765252","-63.8982436","110020505060005","-10.781123","-65.332796","110010605000006","-10.781123","-65.332796","0","273778.23807725","1","272627.40707054",False,False
1038,"RUA IRMA CAPELLI CENTRO","41.0",NULL,"centro",444885,"1335658","RUA IRMA CAPELLI CENTRO","41",NULL,"centro","100.0","100.0","100.0","100.0","-8.765575200000002","-63.9025366","110020505060006","-8.765469","-63.902206","110020505060006","-8.765469","-63.902206","0","38.2026882","1","0",True,NULL
1039,"RUA MAJOR AMARANTE CENTRO","391.0","FRENTE A ASSEMBLEIA","centro",101530,"1336127","RUA MAJOR AMARANTE CENTRO","391",NULL,"centro","100.0","100.0","100.0","100.0","-8.7614278","-63.9115921","110020505060007","-8.761076","-63.911349","110020505060007","-8.761076","-63.911349","0","47.37089834","1","0",True,NULL
1040,"RESERVA EXTRATIVISTA DO LAGO DO CUNIA",NULL,"BAIXO MADEIRA",NULL,942323,"1432108","RUA  DO EXTRATIVISTA INDUSTRIAL","2",NULL,"industrial","100.0","0.0","0.0","70.0","-8.76149","-63.90731","110020505060008","-8.730944","-63.889802","110020505000038","-8.730937999999998","-63.889948000000004","16.06022113","3903.72445275","1","3514.65842446",False,NULL
1041,"RUA JOSE BONIFACIO CAIARI","351.0",NULL,"caiari",36688,"1263444","AVENIDA  JOSE BONIFACIO SERRARIA","355",NULL,"serraria","100.0","98.87","42.86","94.06","-8.7623191","-63.904776","110020505060008","-10.778855","-65.330193","110010605000006","-10.778855","-65.330193","0","273266.0895063","1","272042.44459405",False,False
1042,"RUA JOSE DE ALENCAR OLARIA","3622.0",NULL,"olaria",70380,"215218932","RUA  JOSE DE ALENCAR PEDRINHAS","4547","CASA","pedrinhas","100.0","79.66","40.0","89.93","-8.75691477","-63.90671462","110020505060009","-8.748969","-63.908724","110020505060031","-8.748969","-63.908724","0","910.70990182","1","508.19912812",False,False
1043,"RUA DUQUE DE CAXIAS SAO CRISTOVAO","2454.0",NULL,"sao cristovao",60162,"1158554","RUA DUQUE DE CAXIAS CENTRO","1922",NULL,"centro","100.0","78.32","31.58","88.82","-8.757077000000002","-63.890191","110020505060019","-11.433798","-61.448991","110004905000009","-11.433798","-61.448991","0","399993.37017936","1","398781.74601338",False,False
1044,"RUA TABAJARA PANAIR","539.0","AO LADO DO TJ","panair",297145,"1342436","RUA  TABAJARA PANAIR","469",NULL,"panair","100.0","87.01","100.0","97.4","-8.751444","-63.910695","110020505060010","-8.751905","-63.911454","110020505060029","-8.751905","-63.911454","0","97.90633913","1","45.28783369",False,True
1045,"RUA MATRINCHA LAGOA","915.0",NULL,"lagoa",736834,"215074659","RUA  MATRINCHA LAGOA","850",NULL,"lagoa","100.0","92.9","100.0","98.58","-8.750924100000002","-63.9092231","110020505060010","-8.770012","-63.868695","110020505070054","-8.770012","-63.868695","0","4933.82220902","1","4388.3510947",False,NULL
1046,"RUA TABAJARA OLARIA","865.0","PROXIMO AO SESC","olaria",297145,"1342436","RUA  TABAJARA PANAIR","469",NULL,"panair","100.0","54.22","33.33","84.18","-8.750906000000002","-63.907699","110020505060010","-8.751905","-63.911454","110020505060029","-8.751905","-63.911454","0","427.36575683","1","45.28783369",False,True
1047,"AVENIDA CALAMA OLARIA","937.0",NULL,"olaria",92241,"1500756","AVENIDA  CALAMA APONIA","6637",NULL,"aponia","100.0","14.12","50.0","77.82","-8.7527783","-63.9076933","110020505060010","-8.742245","-63.856007","110020505090064","-8.7422435","-63.856015","0.89490659","5799.90478446","1","5345.50846148",False,False
1048,"AVENIDA CALAMA OLARIA","937.0","937 B","olaria",92241,"1500756","AVENIDA  CALAMA APONIA","6637",NULL,"aponia","100.0","14.12","50.0","77.82","-8.753046","-63.906939","110020505060010","-8.742245","-63.856007","110020505090064","-8.7422435","-63.856015","0.89490659","5724.90712001","1","5345.50846148",False,False
1049,"RUA BENJAMIN CONSTANT OLARIA","1531.0",NULL,"olaria",144608,"92239608","RUA  BENJAMIN CONSTANT SAO CRISTOVAO","1745",NULL,"sao cristovao","100.0","87.74","31.58","90.71","-8.7555528","-63.9001412","110020505060012","-8.755757","-63.897962","110020505060014","-8.7557185","-63.8978745","10.52606483","240.56644242","1","167.86659332",False,True
1050,"AVENIDA CAMPOS SALES OLARIA","3174.0",NULL,"olaria",22173,"220053138","AVENIDA  CAMPOS SALES NOVO HORIZONTE","3236",NULL,"novo horizonte","100.0","98.08","30.0","92.62","-8.7572172","-63.9027595","110020505060013","-8.803033","-63.892209","110020505080116","-8.803033","-63.892209","0","5224.75731559","1","4999.84148746",False,False
1051,"RUA JOAO GOULART C/ BENJAMIM CONSTAT SAO CRISTOVAO","2263.0",NULL,"sao cristovao",144414,"92239443","RUA  JOAO GOULART SAO CRISTOVAO","2532","CASA","sao cristovao","100.0","89.38","100.0","97.88","-8.7547769","-63.8932095","110020505060014","-8.754547","-63.89356","110020505060014","-8.754547","-63.89356","0","46.23072494","1","0",True,NULL
1052,"RUA HERBERT DE AZEVEDO SAO CRISTOVAO","1649.0",NULL,"sao cristovao",144654,"92239600","RUA  HEBERT DE AZEVEDO SAO CRISTOVAO","1822",NULL,"sao cristovao","97.14","90.5","100.0","96.1","-8.7555356","-63.8992061","110020505060014","-8.754783","-63.897673","110020505060014","-8.754783","-63.897673","0","188.12508505","1","0",True,NULL
1053,"AV FARQUAR ARIGOLANDIA","1913.0",NULL,"arigolandia",70773,"1343012","AVENIDA  FARQUAR PEDRINHAS","3120","ANDAR 4","pedrinhas","100.0","61.31","40.0","86.26","-8.7598182","-63.9098175","110020505060028","-8.74864","-63.911531","110020505060031","-8.74864","-63.911531","0","1257.1449717","1","486.05380155",False,False
1054,"AVENIDA FARQUAR ARIGOLANDIA","1969.0",NULL,"arigolandia",70773,"1343012","AVENIDA  FARQUAR PEDRINHAS","3120","ANDAR 4","pedrinhas","100.0","63.11","40.0","86.62","-8.7591584","-63.9097013","110020505060028","-8.74864","-63.911531","110020505060031","-8.74864","-63.911531","0","1186.75419452","1","486.05380155",False,False
1055,"RUA JOSE DE ALENCAR PEDRINHAS","5033.0",NULL,"pedrinhas",70317,"1342884","RUA  JOSE DE ALENCAR PEDRINHAS","5053","FRENTE","pedrinhas","100.0","99.6","100.0","99.92","-8.7431581","-63.9100622","110020505060031","-8.744086","-63.909828","110020505060031","-8.74401","-63.9098365","8.50230205","106.33997615","1","0",True,NULL
1056,"AVENIDA TIRADENTES INDUSTRIAL","3009.0",NULL,"industrial",38243,"92293743","AVENIDA  TIRADENTES CENTRO","3160",NULL,"centro","100.0","95.22","37.5","92.79","-8.749180880000004","-63.91100709","110020505060031","-11.170965","-61.900375","110025405000011","-11.170965","-61.900375","0","347848.54634876","1","346685.76310702",False,NULL
1057,"RUA MARIO QUINTANA RIO MADEIRA","4725.0",NULL,"rio madeira",235728,"1217940","RUA  MARIO QUINTANA SETOR 11","4115","FRENTE","setor 11","100.0","87.09","21.05","89.52","-8.748698","-63.9108801","110020505060031","-9.894432","-63.02199","110002305000064","-9.894432","-63.02199","0","160447.76400513","1","159717.75087498",False,False
1058,"LC- 110 TB -10",NULL,NULL,NULL,30811,"1164836","RUA  E JARDIM VITORIA","4966","CASA","jardim vitoria","100.0","0.0","0.0","70.0","-9.766467","-63.220378","110040305000020","-11.414143","-61.477986","110004905000107","-11.41412","-61.477986","2.55748683","264260.68476706","1","252388.91863976",False,False
1059,"RUA PIO XII PEDRINHAS","875.0",NULL,"pedrinhas",292788,"92241049","RUA  PIO XII PEDRINHAS","1139",NULL,"pedrinhas","100.0","76.82","100.0","95.36","-8.74996475","-63.90849547","110020505060032","-8.749453","-63.905522","110020505060033","-8.749453","-63.905522","0","331.70480222","1","79.35903946",False,True
1060,"RUA DINAMARCA PEDRINHAS","2294.0","CONJUNTO IPASE NOVO","pedrinhas",293280,"98709756","RUA  DINAMARCA PEDRINHAS","2294",NULL,"pedrinhas","100.0","100.0","100.0","100.0","-8.74429092","-63.9044684","110020505060033","-8.744294","-63.904285","110020505060033","-8.744294","-63.904285","0","20.15905018","1","0",True,NULL
1061,"RUA EMIL GORAYEB SAO JOAO BOSCO","3505.0",NULL,"sao joao bosco",725667,"1344750","RUA  EMIL GORAYEB SAO JOAO BOSCO","3505",NULL,"sao joao bosco","100.0","100.0","100.0","100.0","-8.7508011","-63.9009256","110020505060035","-8.750537","-63.900736","110020505060035","-8.750537","-63.900736","0","36.00814466","1","0",True,NULL
1062,"RUA GETULIO VARGAS SAO JOAO BOSCO","3740.0",NULL,"sao joao bosco",10637,"100175192","AVENIDA PRESIDENTE GETULIO VARGAS NOVA UNIAO 3","4989",NULL,"nova uniao 3","100.0","74.96","46.15","89.61","-8.7463856","-63.8984275","110020505060036","-9.886639","-63.0428","110002305000133","-9.886639","-63.0428","0","157766.33516615","1","156919.65778932",False,False
1063,"RUA PADRE CHIQUINHO SAO JOAO BOSCO","2375.0",NULL,"sao joao bosco",51943,"215971044","RUA PADRE CHIQUINHO SETOR 07","1703",NULL,"setor 07","100.0","71.71","27.27","87.07","-8.7444809","-63.8954055","110020505060037","-10.442545","-62.479767","110011405000021","-10.442545","-62.479767","0","244417.69398517","1","243548.64264052",False,False
1064,"RUA RAFAEL VAZ E SILVA LIBERDADE","2812.0",NULL,"liberdade",183935,"215043556","RUA  RAFAEL VAZ E SILVA LIBERDADE","2563","COBERTURA 1","liberdade","100.0","91.15","100.0","98.23","-8.7505586","-63.8908812","110020505060044","-8.743961","-63.892673","110020505060042","-8.743961","-63.892673","0","759.59036563","1","546.0681758",False,False
1065,"RUA RAFAEL VAZ E SILVA NOSSA SENHORA DAS GRACAS","1250.0",NULL,"nossa senhora das gracas",72597,"1611859","RUA  E JARDIM ELDORADO","819",NULL,"jardim eldorado","100.0","65.52","30.77","86.18","-8.764223100000002","-63.8878509","110020505060047","-12.737585","-60.114153","110030405000016","-12.737585","-60.114153","0","604215.94416508","1","602474.02331464",False,False
1066,"RUA JACY PARANA NOSSA SENHORA DAS GRACAS","1881.0",NULL,"nossa senhora das gracas",3703,"1234705","RUA  PARANA LIBERDADE","3316",NULL,"liberdade","100.0","56.72","18.18","83.16","-8.767707","-63.8933608","110020505060048","-11.531764","-61.008514","110009805000011","-11.531764","-61.008514","0","440620.84599832","1","439589.51505556",False,False
1067,"RUA SALGADO FILHO MATO GROSSO","404.0","PREDIO","mato grosso",260403,"1359139","RUA  SALGADO FILHO MATO GROSSO","865",NULL,"mato grosso","100.0","46.71","100.0","89.34","-8.7749996","-63.8903261","110020505060052","-8.76942","-63.89204","110020505060086","-8.76942","-63.89204","0","648.38335742","1","581.86154792",False,False
1068,"RUA CAPITAO ESRON DE MENEZES AREAL","1227.0",NULL,"areal",80761,"92243834","RUA CAPITAO ESRON DE MENEZES AREAL","1228","FRENTE","areal","100.0","99.92","100.0","99.98","-8.776059498","-63.90106337","110020505060054","-8.776079","-63.900881","110020505060060","-8.776079","-63.900881","0","20.15820763","1","2.69735465",False,True
1069,"AVENIDA CAMPOS SALES AREAL","881.0",NULL,"areal",5842,"215232060","AVENIDA  CAMPOS SALES TUCUMANZAL","634","APARTAMENTO 9","tucumanzal","100.0","71.96","40.0","88.39","-8.77181325573474","-63.9017337094992","110020505060055","-8.77915","-63.898108","110020505060081","-8.779097","-63.8981495","7.45183833","907.91046181","1","321.48959268",False,False
1070,"RUA ALMIRANTE BARROSO SANTA BARBARA","986.0",NULL,"santa barbara",89493,"1282625","RUA ALMIRANTE BARROSO SETOR 03","987",NULL,"setor 03","100.0","99.9","28.57","92.84","-8.771382","-63.9027829","110020505060055","-10.447169","-62.474084","110011405000016","-10.447169","-62.474084","0","243423.48967917","1","242092.76848777",False,False
1071,"RUA ALEXANDRE GUIMARAES AREAL","1340.0",NULL,"areal",41532,"215191671","RUA  ALEXANDRE GUIMARAES SOCIALISTA","3664",NULL,"socialista","100.0","36.57","26.67","79.98","-8.7735567","-63.9005132","110020505060060","-8.757166","-63.828646","110020505000011","-8.757166","-63.828646","0","8105.51051365","1","8077.38455826",False,False
1072,"RUA RIO MACHADO TRIANGULO","888.0",NULL,"triangulo",316356,"1353055","RUA  RIO MACHADO TRIANGULO","830","ALA","triangulo","100.0","93.47","100.0","98.69","-8.775318800000004","-63.9091088","110020505060061","-8.77545","-63.909238","110020505060061","-8.77545","-63.909238","0","20.35737456","1","0",True,NULL
1073,"RUA BAHIA TUCUMANZAL","2310.0",NULL,"tucumanzal",16204,"215024800","RUA  BAHIA SETOR 05","3369",NULL,"setor 05","100.0","68.57","11.11","84.82","-8.779849593","-63.89342712","110020505060082","-9.901343","-63.041641","110002305000055","-9.901343","-63.041641","0","155837.83032713","1","155258.4897962",False,False
1074,"RUA ALMIRANTE TAMANDARE SAO SEBASTIAO II","5770.0","ESC0LA","sao sebastiao ii",194488,"1656481","RUA ALMIRANTE TAMANDARE SAO FRANCISCO","5734",NULL,"sao francisco","100.0","99.38","48.28","94.7","-8.738787468","-63.90945017","110020505060068","-11.337248","-62.286455","110034605000013","-11.337248","-62.286455","0","339201.48303257","1","337703.84260114",False,NULL
1075,"RUA CASTRO ALVES SAO SEBASTIAO I","5899.0",NULL,"sao sebastiao i",121038,"98327503","RUA  CASTRO ALVES CENTRO","5890",NULL,"centro","100.0","99.85","28.57","92.83","-8.7384867","-63.9081709","110020505060068","-11.194243","-61.515026","110120305000004","-11.194243","-61.515026","0","378478.08788282","1","377411.90892897",False,False
1076,"RUA CASTRO ALVES SAO SEBASTIAO","5965.0",NULL,"sao sebastiao",121044,"1754430","RUA  CASTRO ALVES CENTRO","5970","CASA","centro","100.0","99.92","31.58","93.14","-8.7379219","-63.9083219","110020505060068","-11.193588","-61.515052","110120305000004","-11.193588","-61.515052","0","378480.67083315","1","377358.02596572",False,False
1077,"RUA MONTES CLAROS NACIONAL","6614.0",NULL,"nacional",319645,"99905138","RUA  MONTES CLAROS SETOR 09 DE BAIXO","5532",NULL,"setor 09 de baixo","100.0","83.64","24.0","89.13","-8.7275472","-63.9090556","110020505060073","-9.930884","-63.018677","110002305000024","-9.930884","-63.018677","0","165674.30175963","1","164931.59316108",False,False
1078,"RUA ACACIA SETOR 01","1571.0",NULL,"setor 01",77281,"1332651","RUA  ACACIA JO SATO","3397",NULL,"jo sato","100.0","46.25","53.33","84.58","-9.91719355","-63.0413573","110002305000004","-13.126886","-60.547281","110006405000015","-13.126886","-60.547281","0","448552.81428864","1","447076.67455491",False,False
1079,"TRAVESSA GODOFREDO SETOR 01","2714.0",NULL,"setor 01",NULL,NULL,NULL,NULL,NULL,NULL,NULL,NULL,NULL,"0.0","-9.916152","-63.04161","110002305000004",NULL,NULL,NULL,NULL,NULL,NULL,NULL,"1",NULL,NULL,NULL
1080,"LINHA 148 COM A 65 KM 38",NULL,NULL,NULL,201,"180191580","LINHA  160 RO 135","3",NULL,"ro 135","100.0","0.0","0.0","70.0","-12.08884367","-62.10503397","110001535000001","-11.899852","-61.991107","110001505000022","-11.90199","-61.988959","333.37638847","24396.27435038","1","23673.7745659",False,NULL
1081,"RUA SALVADOR SETOR 03","2463.0","AVENIDA TABAPUA","setor 03",288110,"1199617","RUA  SALVADOR SETOR 03","2472","CASA","setor 03","100.0","99.64","100.0","99.93","-9.909787159","-63.0414554","110002305000006","-9.909472","-63.041016","110002305000006","-9.909472","-63.041016","0","59.53657188","1","0",True,NULL
1082,"ALAMEDA VITORIA SETOR 03","2924.0",NULL,"setor 03",5332,"1237876","RUA  VITORIA CIDADE ALTA","2276",NULL,"cidade alta","100.0","77.84","21.05","87.67","-9.9052441","-63.0417119","110002305000008","-11.518313","-61.00933","110009805000021","-11.518313","-61.00933","0","285439.34484028","1","284629.35237041",False,False
1083,"RUA SALVADOR SETOR 03","2867.0",NULL,"setor 03",288114,"1199621","RUA  SALVADOR SETOR 03","2478","CASA","setor 03","100.0","86.43","100.0","97.29","-9.905960821","-63.04133177","110002305000008","-9.909421","-63.040964","110002305000006","-9.909421","-63.040964","0","386.85804193","1","45.26255109",False,True
1084,"RUA SAO JORGE SITIO BOA VISTA","2040.0",NULL,"sitio boa vista",611386,"103601652","RUA SAO JORGE MAIOR VENEZA RESIDENCIAL","1949",NULL,"veneza residencial","100.0","95.54","36.36","92.74","-9.903959","-63.034621","110002305000009","-10.863875","-61.999601","110012205000215","-10.863875","-61.999601","0","155588.68762526","1","154922.66674657",False,NULL
1085,"RUA PAPOULAS SETOR 04","2710.0",NULL,"setor 04",943359,"216169028","RUA  PAPOULAS SETOR 04","2715","APARTAMENTO 8 ANDAR","setor 04","100.0","99.82","100.0","99.96","-9.9068607","-63.0284784","110002305000011","-9.906954","-63.028805","110002305000011","-9.906954","-63.028805","0","37.24869877","1","0",True,NULL
1086,"AVENIDA TANCREDO NEVES SETOR INSTITUCIONAL","3822.0",NULL,"setor institucional",13011,"215141263","AVENIDA  TANCREDO NEVES CENTRO","3807",NULL,"centro","100.0","99.61","32.0","93.12","-9.906865","-63.0296935","110002305000011","-9.420984","-61.994902","110013005000006","-9.420984","-61.994902","0","125640.17439515","1","125327.46869948",False,NULL
1087,"RUA DAS ORQUIDEAS SETOR 4","2720.0",NULL,"setor 4",229712,"1739462","RUA  DAS ORQUIDEAS SETOR 2","2658",NULL,"setor 2","100.0","97.72","85.71","98.12","-9.9068763","-63.0296813","110002305000011","-10.426077","-62.133445","110180705000003","-10.426077","-62.133445","0","113820.38880084","1","113498.20170521",False,False
1088,"AV JUSCELINO KUBITSCHEK SETOR 4","2490.0","PREDIO","setor 4",89770,"91996190","AVENIDA  JUSCELINO KUBITSCHEK SETOR 14","2488",NULL,"setor 14","100.0","99.92","93.33","99.32","-9.908539","-63.031452","110002305000011","-11.725749","-62.318502","110014805000009","-11.725749","-62.318502","0","216547.97978936","1","215438.98482597",False,False
1089,"AVENIDA TABAPUA SETOR 04","4124.0",NULL,"setor 04",387340,"91941763","AVENIDA  TABAPOA SETOR 04","4124",NULL,"setor 04","85.71","100.0","100.0","90.0","-9.909002949","-63.02853763","110002305000014","-9.908952","-63.028644","110002305000014","-9.908952","-63.028644","0","12.95569284","1","0",True,NULL
1090,"RUA CARDEAL SETOR 02","1394.0",NULL,"setor 02",7724,"1204758","RUA  CARDEAL SETOR 02","1394",NULL,"setor 02","100.0","100.0","100.0","100.0","-9.9186845","-63.0246794","110002305000018","-9.918827","-63.024911","110002305000018","-9.918827","-63.024911","0","29.90988942","1","0",True,NULL
1091,"RUA CARDEAL SETOR 02","1778.0",NULL,"setor 02",7727,"1204766","RUA  CARDEAL SETOR 02","1778",NULL,"setor 02","100.0","100.0","100.0","100.0","-9.91520271","-63.02462328","110002305000018","-9.9153","-63.02495","110002305000018","-9.9153","-63.02495","0","37.38640864","1","0",True,NULL
1092,"RUA CARDEAL SETOR 02","1862.0",NULL,"setor 02",7794,"180195551","RUA  CARDEAL SETOR 02","1869",NULL,"setor 02","100.0","99.63","100.0","99.93","-9.9141444","-63.0249776","110002305000018","-9.914549","-63.025051","110002305000018","-9.914549","-63.025051","0","45.7022611","1","0",True,NULL
1093,"LINHA 60 COM A 156 ZONA RURAL",NULL,"KM 18","zona rural",178,"1193168","LINHA  160 RO 135","1","CASA","ro 135","100.0","0.0","25.0","72.5","-12.04266138","-62.03112723","110001535000006","-11.917779","-61.994946","110001505000022","-11.9749245","-62.08002","11226.34383192","14433.22643153","1","8916.97966253",False,NULL
1094,"AVENIDA JUSCELINO KUBITSCHEK SETOR INSTITUCIONAL","1903.0",NULL,"setor institucional",103181,"1387597","AVENIDA  JUSCELINO KUBITSCHEK SETOR 14","2301",NULL,"setor 14","100.0","82.7","76.92","94.23","-9.9142181","-63.0323238","110002305000001","-11.726257","-62.320304","110014805000004","-11.726257","-62.320304","0","215974.65449043","1","214115.34195082",False,False
1095,"TRAVESSA AQUARIQUARA SETOR INSTITUCIONAL","3683.0",NULL,"setor institucional",493231,"92271047","RUA  AQUARIQUARA ELDORADO","6279",NULL,"eldorado","100.0","58.66","22.22","83.95","-9.9081102","-63.0326769","110002305000001","-8.787809","-63.868752","110020505080086","-8.787809","-63.868752","0","154702.28974151","1","152874.06027257",False,False
1096,"TRAVESSA AQUARIQUARA SETOR INSTITUCIONAL","3710.0",NULL,"setor institucional",493231,"92271047","RUA  AQUARIQUARA ELDORADO","6279",NULL,"eldorado","100.0","59.09","22.22","84.04","-9.908690597","-63.03232541","110002305000001","-8.787809","-63.868752","110020505080086","-8.787809","-63.868752","0","154777.07816106","1","152874.06027257",False,False
1097,"AVENIDA JUSCELINO KUBITSCHEK SETOR INSTITUCIONAL","3349.0",NULL,"setor institucional",76324,"1216306","AVENIDA PRESIDENTE JUSCELINO KUBITSCHEK SETOR 06","3334",NULL,"setor 06","100.0","99.55","76.92","97.6","-9.901016713","-63.03225501","110002305000001","-9.901293","-63.031839","110002305000059","-9.901262500000001","-63.031826499999994","3.65742259","54.95804077","1","12.89394957",False,True
1098,"AVENIDA TANCREDO NEVES SETOR INSTITUCIONAL","3998.0","INSTITUICAO","setor institucional",13033,"215141308","AVENIDA  TANCREDO NEVES CENTRO","3961",NULL,"centro","100.0","99.07","32.0","93.01","-9.8956067","-63.0344029","110002305000001","-9.42167","-61.996202","110013005000006","-9.42167","-61.996202","0","125415.46531398","1","125138.41670768",False,NULL
1099,"RUA PARANAVAI SETOR 09","4678.0","7ª RUA","setor 09",299105,"91943866","RUA  PARANAVAI SETOR 09","4678",NULL,"setor 09","100.0","100.0","100.0","100.0","-9.9344283","-63.0281239","110002305000031","-9.934065","-63.027956","110002305000031","-9.934065","-63.027956","0","44.38596231","1","0",True,NULL
1100,"RUA RIO NEGRO JARDIM JORGE TEIXEIRA","2396.0",NULL,"jardim jorge teixeira",23334,"91962794","AVENIDA  RIO NEGRO COLORADO","4645",NULL,"colorado","100.0","51.58","20.69","82.39","-9.920515","-63.045055","110002305000035","-13.122185","-60.53874","110006405000012","-13.122185","-60.53874","0","448653.99684793","1","446190.23930663",False,False
1101,"RUA IARA JARDIM JORGE TEIXEIRA","2416.0",NULL,"jardim jorge teixeira",254487,"1209906","RUA  IARA JARDIM JORGE TEIXEIRA","2413",NULL,"jardim jorge teixeira","100.0","99.88","100.0","99.98","-9.923518333","-63.04594167","110002305000036","-9.923247","-63.045845","110002305000036","-9.923247","-63.045845","0","31.97494809","1","0",True,NULL
1102,"AVENIDA ARTHUR MANGABEIRA MARECHAL RONDON 01","2520.0",NULL,"marechal rondon 01",373648,"180197575","AVENIDA  ARTHUR MANGABEIRA MARECHAL RONDON 01","2520",NULL,"marechal rondon 01","100.0","100.0","100.0","100.0","-9.925813333","-63.055775","110002305000042","-9.92565","-63.055953","110002305000042","-9.92565","-63.055953","0","26.64515239","1","0",True,NULL
1103,"RODOVIA BR-364 MARECHAL RONDON 02","941.0",NULL,"marechal rondon 02",53887,"92015636","RUA  04 RIO PARDO","813","CASA","rio pardo","100.0","86.4","37.04","90.98","-9.922672659","-63.05574571","110002305000042","-9.632867","-63.96888","110020505000074","-9.632867","-63.96888","0","105122.05004787","1","104697.39433237",False,NULL
1104,"AVENIDA GUAPORE SETOR 05","3087.0",NULL,"setor 05",16792,"215024373","AVENIDA  GUAPORE SETOR 05","3566",NULL,"setor 05","100.0","86.57","100.0","97.31","-9.8989292","-63.0380071","110002305000054","-9.899388","-63.042096","110002305000055","-9.899441","-63.042096","5.89333923","450.79249958","1","288.31079547",False,False
1105,"RUA GOIAS SETOR 05","3791.0",NULL,"setor 05",26379,"91969057","RUA  GOIAS VISTA ALEGRE","1168",NULL,"vista alegre","100.0","30.81","30.0","79.16","-9.8975633","-63.0403266","110002305000056","-11.54188","-61.018769","110009805000037","-11.54188","-61.018769","0","286718.78945483","1","285822.42213309",False,False
1106,"RUA MONTEIRO LOBATO, 3348 SETOR 06","3348.0",NULL,"setor 06",30832,"180227419","RUA  E JARDIM VITORIA","3721","CASA","jardim vitoria","100.0","89.98","36.36","91.63","-9.90095230333874","-63.0268276658131","110002305000060","-11.411982","-61.475183","110004905000107","-11.411982","-61.475183","0","238702.68978303","1","237921.56553073",False,False
1107,"RUA ALBINO SODE SETOR 11","3926.0",NULL,"setor 11",235852,"215025545","RUA  ALBINA SORDI SETOR 11","3923",NULL,"setor 11","78.26","99.92","100.0","84.77","-9.89597497","-63.02063503","110002305000065","-9.895941","-63.021498","110002305000064","-9.895941","-63.021498","0","94.60573966","1","6.23544686",False,True
1108,"RUA RAQUEL DE QUEIROZ COLONIAL","4825.0",NULL,"colonial",798254,"1139133","RUA  RAQUEL DE QUEIROZ COLONIAL","5042","CASA","colonial","100.0","95.7","100.0","99.14","-9.9026163","-63.0225496","110002305000066","-9.902408","-63.020661","110002305000073","-9.902408","-63.020661","0","208.16694052","1","21.40342227",False,True
1109,"RUA DO ZOOLOGICO SETOR 08","4947.0",NULL,"setor 08",38779,"91945345","RUA  DO ZOOLOGICO SETOR 08","4947",NULL,"setor 08","100.0","100.0","100.0","100.0","-9.906463333","-63.02090167","110002305000068","-9.906634","-63.020785","110002305000068","-9.906634","-63.020785","0","22.87924205","1","0",True,NULL
1110,"RUA MEXICO SETOR 10","932.0",NULL,"setor 10",74289,"92251241","RUA  MEXICO NOVA PORTO VELHO","945","BLOCO 1","nova porto velho","100.0","98.62","25.0","92.22","-9.935204609","-63.01606916","110002305000079","-8.769251","-63.875742","110020505070023","-8.769251","-63.875742","0","160327.03355588","1","159645.59037099",False,False
1111,"BR-364, LC-70, GL 17, LT 64, KM 16 AREA RURAL DE ARIQUEMES",NULL,NULL,"area rural de ariquemes",37935,"1229504","TRAVESSAO  16 SERRA GRANDE","0",NULL,"serra grande","100.0","0.0","45.71","74.57","-9.840642242","-62.90160595","110002305000084","-12.24631","-64.389579","110008005000026","-12.24631","-64.389579","0","312924.90967449","1","298707.23847556",False,False
1112,"RO 257, KM 42, TRAV B 90, LINHA C 60, ASSENTAMENTO ASSENTAMENTO MIGRANTES",NULL,NULL,"assentamento migrantes",2777,"180195405","TRAVESSAO  B 40 PROJETO DE ASSENTAMENTO DIRIGIDO MARECHAL DUTRA","0",NULL,"projeto de assentamento dirigido marechal dutra","100.0","0.0","70.59","77.06","-9.9328275","-62.6639232","110002305000086","-9.901466","-63.134154","110002305000106","-9.901727999999999","-63.134457","44.16254987","51623.9776494","1","43006.82506588",False,False
1113,"AREA RURAL AREA RURAL DE ARIQUEMES",NULL,NULL,"area rural de ariquemes",61985,"100166781","RUA  RURAL TEIXEIRAO","1332","CASA VERDE","teixeirao","100.0","0.0","31.25","73.12","-10.2451781","-62.72721159","110002305000087","-11.423637","-61.431678","110004905000096","-11.423649","-61.431728","5.6105921","192845.84953177","1","189971.47049164",False,NULL
1114,"BR 364 KM 491 - CAJAZEIRAS ZONA RURAL",NULL,NULL,"zona rural",8827,"180197045","RODOVIA  BR 364 MARECHAL RONDON 01","0","CASA 3","marechal rondon 01","100.0","0.0","42.86","74.29","-10.09759956","-62.95986512","110002305000097","-9.942103","-63.055725","110002305000040","-9.9420915","-63.055726","1.2834253","20227.15064181","1","16546.05924927",False,False
1115,"RUA URSA MAIOR ROTA DO SOL","4563.0",NULL,"rota do sol",924379,"108773161","RUA  URSA MAIOR ROTA DO SOL","4564","TERREO","rota do sol","100.0","99.98","100.0","100.0","-9.8905074","-63.0224938","110002305000117","-9.890532","-63.021887","110002305000117","-9.89052","-63.021896999999996","1.7263896","66.52663188","1","0",True,NULL
1116,"LINHA C 65 TB 40 BR 421",NULL,NULL,"br 421",523,"110250000","LINHA  45 LINHA 172","4",NULL,"linha 172","100.0","0.0","26.67","72.67","-9.8912332","-63.1332832","110002305000106","-11.904539","-61.959378","110001505000022","-11.904616","-61.959129","28.41283603","257964.04796366","1","254670.49301523",False,NULL
1117,"RUA FRANCA JARDIM EUROPA","3187.0",NULL,"jardim europa",80340,"221069936","RUA  FRANCA ALTO ALEGRE","3205",NULL,"alto alegre","100.0","99.44","33.33","93.22","-9.88859800940354","-63.0366003452661","110002305000120","-10.872785","-61.903719","110012205000095","-10.872785","-61.903719","0","165316.07335463","1","164482.06944786",False,False
1118,"AREA RURAL AREA RURAL DE ARIQUEMES",NULL,"JOELANDIA","area rural de ariquemes",61985,"100166781","RUA  RURAL TEIXEIRAO","1332","CASA VERDE","teixeirao","100.0","0.0","31.25","73.12","-10.1183021","-63.1278998","110002305000129","-11.423637","-61.431678","110004905000096","-11.423649","-61.431728","5.6105921","235367.20325976","1","234648.66467396",False,NULL
1119,"AREA RURAL AREA RURAL DE ARIQUEMES",NULL,"RO 257 KM 13","area rural de ariquemes",61985,"100166781","RUA  RURAL TEIXEIRAO","1332","CASA VERDE","teixeirao","100.0","0.0","31.25","73.12","-9.949976667","-62.96257667","110002305000110","-11.423637","-61.431678","110004905000096","-11.423649","-61.431728","5.6105921","234159.75793582","1","228390.18951704",False,NULL
1120,"RUA UMUARAMA JARDIM DAS PALMEIRAS","4913.0",NULL,"jardim das palmeiras",287126,"91943517","RUA  UMUARAMA SETOR 09","4778","CASA","setor 09","100.0","97.25","21.43","91.59","-9.9316703","-63.0246516","110002305000111","-9.931375","-63.025964","110002305000029","-9.931375","-63.025964","0","147.44824251","1","0.2616831",False,True
1121,"RUA UMUARAMA JARDIM DAS PALMEIRAS","4847.0",NULL,"jardim das palmeiras",287126,"91943517","RUA  UMUARAMA SETOR 09","4778","CASA","setor 09","100.0","98.58","21.43","91.86","-9.93119310706324","-63.0253486163825","110002305000111","-9.931375","-63.025964","110002305000029","-9.931375","-63.025964","0","70.37144282","1","0.2616831",False,True
1122,"RUA MOEMA JARDIM JORGE TEIXEIRA","3208.0",NULL,"jardim jorge teixeira",254593,"215023691","RUA  MOEMA JARDIM JORGE TEIXEIRA","3121",NULL,"jardim jorge teixeira","100.0","97.29","100.0","99.46","-9.92691","-63.039415","110002305000112","-9.926245","-63.040109","110002305000036","-9.926245","-63.040109","0","106.0470133","1","7.20308537",False,True
1123,"AREA RURAL AREA RURAL DE ARIQUEMES","4090.0","GARIMPO BOM FUTURO","area rural de ariquemes",76469,"1177958","RUA  RURAL TEIXEIRAO","3217",NULL,"teixeirao","100.0","78.66","31.25","88.86","-9.80844022948807","-63.5339007165763","110002305000158","-11.424915","-61.429638","110004905000095","-11.424915","-61.429638","0","291879.84899978","1","290607.0264457",False,False
1124,"BR 421 LINHA C 75 TB 0 RUA TOPAZIO VILA EBESA","4268.0",NULL,"vila ebesa",1617,"1143595","LINHA  C 70 PROJETO DE ASSENTAMENTO DIRIGIDO BURAREIRO","47","CASA 2","projeto de assentamento dirigido burareiro","100.0","1.1","19.23","72.14","-9.810131947","-63.53005565","110002305000158","-9.842142","-62.954831","110002305000084","-9.842142","-62.954831","0","63124.25704401","1","62670.34394297",False,False
1125,"RUA UMUARAMA SETOR 09","5131.0",NULL,"setor 09",8079,"1206984","RUA  UMUARAMA SETOR 09","5131",NULL,"setor 09","100.0","100.0","100.0","100.0","-9.9320635","-63.0230196","110002305000155","-9.932355","-63.023122","110002305000155","-9.932355","-63.023122","0","34.29896096","1","0",True,NULL
1126,"AVENIDA CAPITAO SILVIO SETOR 02","4199.0",NULL,"setor 02",77743,"220185134","AVENIDA CAPITAO SILVIO SETOR 01","3451",NULL,"setor 01","100.0","82.19","87.5","95.19","-9.9232609","-63.0279508","110002305000156","-9.920883","-63.034652","110002305000002","-9.920883","-63.034652","0","780.16814488","1","572.32086896",False,NULL
1127,"AVENIDA DOS DIAMANTES PARQUE DAS GEMAS","1224.0",NULL,"parque das gemas",21069,"1140096","AVENIDA  DOS DIAMANTES PARQUE DAS GEMAS","1602",NULL,"parque das gemas","100.0","76.4","100.0","95.28","-9.92007","-63.016978","110002305000163","-9.916522","-63.017119","110002305000076","-9.916522","-63.017119","0","394.82232192","1","17.97283013",False,True
1128,"RUA FORTALEZA SETOR 03","2237.0",NULL,"setor 03",43272,"1240778","RUA  FORTALEZA PACARANA","2494",NULL,"pacarana","100.0","89.7","12.5","89.19","-9.9110905","-63.0358343","110002305000170","-11.003054","-60.848086","110009810000001","-11.003054","-60.848086","0","268272.65306376","1","267985.3115355",False,False
1129,"RUA DOS INOCENTES SETOR GRANDES AREAS","131.0",NULL,"setor grandes areas",860531,"215140097","RUA  DOS INOCENTES GRANDES AREAS","131",NULL,"grandes areas","100.0","100.0","100.0","100.0","-9.9236798","-63.032139","110002305000176","-9.923589","-63.032386","110002305000022","-9.923589","-63.032386","0","28.87685117","1","0",False,NULL
1130,"AVENIDA HUGO WALDEMAR FREY JARDIM ALVORADA","5454.0",NULL,"jardim alvorada",94484,"109090147","AVENIDA  HUGO FREY CONDOMINIO SAO PAULO","5440","RUA INTERNA TAUBATE","condominio sao paulo","100.0","99.74","28.57","92.81","-9.888461667","-63.01607167","110002305000182","-9.882355","-63.020388","110002305000139","-9.882355","-63.020388","0","827.43617415","1","739.60004253",False,False
1131,"RUA DOM PEDRO II MONTE CRISTO","872.0",NULL,"monte cristo",9265,"1212367","RUA DOM PEDRO II SAO GERALDO","871",NULL,"sao geraldo","100.0","99.89","34.78","93.46","-9.911822914","-63.0634346","110002305000184","-9.912344","-63.063404","110002305000160","-9.912344","-63.063404","0","58.03906346","1","6.71340161",False,True
1132,"AVENIDA JUSCELINO KUBITSCHEK BOM JESUS","4192.0",NULL,"bom jesus",89781,"91996443","AVENIDA  JUSCELINO KUBITSCHEK SETOR 14","4018",NULL,"setor 14","100.0","95.85","23.53","91.52","-9.8928947","-63.0317548","110002305000192","-11.725837","-62.320636","110014805000009","-11.725837","-62.320636","0","218110.64220964","1","216749.39323702",False,False
1133,"AVENIDA TUPINIQUINS CENTRO","4040.0",NULL,"centro",548721,"91950226","RUA  TUPINIQUINS CENTRO","4037","CASA","centro","100.0","99.93","100.0","99.99","-13.4943629","-60.5411714","110003105000002","-13.494364","-60.541292","110003105000002","-13.4943595","-60.541298499999996","0.86274341","13.0404853","1","0",True,NULL
1134,"AVENIDA GUARANI CENTRO","4125.0",NULL,"centro",4966,"215163561","RUA  GUARANI CRUZEIRO","4440",NULL,"cruzeiro","100.0","92.91","57.14","94.3","-13.4934475","-60.5453881","110003105000002","-13.13104","-60.539512","110006405000029","-13.13104","-60.539512","0","40302.946766","1","40035.72184522",False,False
1135,"AVENIDA TAPAJOS CENTRO","4635.0","PREDIO PROPRIO","centro",149667,"180382218","RUA  TAPAJOS CIDADE JARDIM","3291",NULL,"cidade jardim","100.0","71.0","31.58","87.36","-13.4890951","-60.5443113","110003105000003","-11.695936","-62.727461","110032005000037","-11.695936","-62.727461","0","309645.27863647","1","308814.4300872",False,False
1136,"AVENIDA TAPAJOS CENTRO","4800.0","PREDIO","centro",149667,"180382218","RUA  TAPAJOS CIDADE JARDIM","3291",NULL,"cidade jardim","100.0","68.56","31.58","86.87","-13.4876067","-60.5438167","110003105000004","-11.695936","-62.727461","110032005000037","-11.695936","-62.727461","0","309580.35154324","1","308541.45794707",False,False
1137,"RUA ANTNIO DE PAULA NUNES CENTRO","1395.0",NULL,"centro",46826,"1159103","RUA  ANTONIO DE PAULA NUNES CENTRO","1268","FUNDOS","centro","97.67","90.9","100.0","96.55","-11.4384699","-61.4486283","110004905000011","-11.43837","-61.447495","110004905000010","-11.438371","-61.447504","0.98716186","124.01299433","1","7.36078787",False,True
1138,"LINHA 8 RUMO COLORADO RURAL",NULL,"PREDIO CEDIDO","rural",27829,"105672846","LINHA  8 SERRA GRANDE","0",NULL,"serra grande","100.0","0.0","35.29","73.53","-13.3747071","-60.4170421","110003105000008","-12.24597","-64.331668","110008005000027","-12.244240999999999","-64.3312535","197.46200425","442608.81655481","1","442632.82746396",False,False
1139,"LINHA 8 KM 14 , ESQUINA COM ZERO EIXO ZONA RURAL",NULL,"PLANALTO SAO LUIZ","zona rural",10894,"1186760","LINHA  14 FIGUEIRA","85","CASA 1","figueira","100.0","0.0","33.33","73.33","-13.3747568","-60.41686325","110003105000008","-11.430647","-61.146465","110004910000023","-11.4296865","-61.146347500000005","107.56790927","230237.43744942","1","228771.57631289",False,False
1140,"AV. TAPAJOS CENTRO","3659.0","ESCOLA","centro",149667,"180382218","RUA  TAPAJOS CIDADE JARDIM","3291",NULL,"cidade jardim","100.0","89.94","31.58","91.15","-13.4978287","-60.5440282","110003105000021","-11.695936","-62.727461","110032005000037","-11.695936","-62.727461","0","310291.80399526","1","309405.72020664",False,False
1141,"AVENIDA SAO PAULO CENTRO","3070.0",NULL,"centro",26883,"1754117","TRAVESSA SAO PAULO CENTRO","3321",NULL,"centro","100.0","92.44","100.0","98.49","-11.4325173","-61.449046","110004905000009","-11.20204","-61.518615","110120305000003","-11.20204","-61.518615","0","26726.92067036","1","26552.2793056",False,NULL
1142,"AVENIDA SAO PAULO CENTRO","2666.0",NULL,"centro",26883,"1754117","TRAVESSA SAO PAULO CENTRO","3321",NULL,"centro","100.0","80.28","100.0","96.06","-11.435967","-61.4489704","110004905000009","-11.20204","-61.518615","110120305000003","-11.20204","-61.518615","0","27097.25220195","1","26552.2793056",False,NULL
1143,"RUA DOS PIONEIROS CENTRO","1632.0",NULL,"centro",60024,"215027048","RUA  DOS PIONEIROS CENTRO","1632",NULL,"centro","100.0","100.0","100.0","100.0","-11.4348166666667","-61.4462933333333","110004905000009","-11.43474","-61.446346","110004905000009","-11.43474","-61.446346","0","10.27729814","1","0",True,NULL
1144,"LINHA 9 KM 16 2ª EIXO RUMO ESCONDIDO ZONA RURAL",NULL,"PREDIO CEDIDO","zona rural",8943,"1154017","LINHA  NOVE LINHA SETE","120","SITIO SN","linha sete","100.0","0.0","30.0","73.0","-13.4066442","-60.6932089","110003105000023","-13.403503","-60.472397","110003105000009","-13.4037425","-60.4713025","121.34634001","23886.80670785","1","23708.3541908",False,False
1145,"LINHA 09 KM 16 RUMO ESCONDIDO ZONA RURAL",NULL,"ESTRELA DO OESTE","zona rural",8943,"1154017","LINHA  NOVE LINHA SETE","120","SITIO SN","linha sete","100.0","0.0","30.0","73.0","-13.40677737","-60.69314178","110003105000023","-13.403503","-60.472397","110003105000009","-13.4037425","-60.4713025","121.34634001","23879.76198116","1","23708.3541908",False,False
1146,"RUA ANTONIO DE PAULA NUNES PRINCESA ISABEL","737.0","PREDIO","princesa isabel",46807,"180222339","RUA  ANTONIO DE PAULA NUNES CENTRO","1014",NULL,"centro","100.0","72.68","19.05","86.44","-11.4390726","-61.4429794","110004905000003","-11.438426","-61.445414","110004905000010","-11.438426","-61.445414","0","274.90705916","1","27.90431687",False,True
1147,"RUA JOSE DO PATROCINIO CENTRO","2159.0",NULL,"centro",46848,"1158922","RUA  JOSE DO PATROCINIO CENTRO","1912","SOBRADO","centro","100.0","88.56","100.0","97.71","-11.4378717","-61.4511333","110004905000006","-11.437616","-61.44907","110004905000010","-11.437616","-61.44907","0","226.66288665","1","24.45118461",False,True
1148,"AVENIDA GUAPORE CENTRO","2620.0",NULL,"centro",16788,"215024262","AVENIDA  GUAPORE SETOR 05","2627",NULL,"setor 05","100.0","99.73","42.86","94.23","-11.43544436","-61.4504395","110004905000008","-9.899222","-63.041836","110002305000055","-9.899193","-63.0417925","5.75355265","243757.73620084","1","242903.22752956",False,False
1149,"AVENIDA SAO PAULO CENTRO","2745.0",NULL,"centro",26883,"1754117","TRAVESSA SAO PAULO CENTRO","3321",NULL,"centro","100.0","82.66","100.0","96.53","-11.4354802","-61.4496041","110004905000008","-11.20204","-61.518615","110120305000003","-11.20204","-61.518615","0","27025.97925289","1","26469.02001672",False,NULL
1150,"AVENIDA DOIS DE JUNHO CENTRO","2563.0",NULL,"centro",46647,"180222702","AVENIDA  DOIS DE JUNHO CENTRO","2562",NULL,"centro","100.0","99.96","100.0","99.99","-11.4377447","-61.4480205","110004905000010","-11.437697","-61.447778","110004905000010","-11.437697","-61.447778","0","26.95627584","1","0",True,NULL
1151,"RUA ARACAJU LIBERDADE","1458.0",NULL,"liberdade",55258,"1322888","RUA  ARACAJU CENTRO","1458",NULL,"centro","100.0","100.0","26.67","92.67","-13.1948768","-60.8173657","110005605000001","-13.195042","-60.816998","110005605000001","-13.195042","-60.816998","0","43.84098679","1","0",True,NULL
1152,"AVENIDA CASTELO BRANCO SANTO ANTONIO","16999.0",NULL,"santo antonio",16570,"1164417","AVENIDA  CASTELO BRANCO INDUSTRIAL","20015",NULL,"industrial","100.0","84.93","34.78","90.46","-11.4411399","-61.4525179","110004905000015","-11.43864","-61.455432","110004905000025","-11.43864","-61.455432","0","422.06429539","1","37.67699648",False,True
1153,"TRAVESSA ANCHIETA LIBERDADE","1145.0",NULL,"liberdade",102611,"91952965","TRAVESSA  ANCHIETA LIBERDADE","1145",NULL,"liberdade","100.0","100.0","100.0","100.0","-11.443131","-61.4523179","110004905000015","-11.442876","-61.452158","110004905000015","-11.442876","-61.452158","0","33.28183317","1","0",True,NULL
1154,"AVENIDA PARANA NOVO HORIZONTE","401.0",NULL,"novo horizonte",9993,"91953463","AVENIDA  PARANA NOVO HORIZONTE","434",NULL,"novo horizonte","100.0","92.4","100.0","98.48","-11.4341985","-61.4572278","110004905000017","-11.433839","-61.457295","110004905000017","-11.433839","-61.457295","0","40.64003294","1","0",True,NULL
1155,"AVENIDA RECIFE NOVO CACOAL","1147.0",NULL,"novo cacoal",83407,"214472920","AVENIDA  RECIFE NOVA PIMENTA","1261",NULL,"nova pimenta","100.0","90.96","34.78","91.67","-11.4252512","-61.463256","110004905000020","-11.691718","-61.159094","110018905000030","-11.691718","-61.159094","0","44450.8745511","1","43852.76442043",False,NULL
1156,"AVENIDA GETULIO VARGAS NOVO CACOAL","807.0",NULL,"novo cacoal",27317,"1265130","AVENIDA  GETULIO VARGAS TRIANGULO","806",NULL,"triangulo","100.0","99.88","30.0","92.98","-11.42751711","-61.46085369","110004905000020","-10.790217","-65.33808","110010605000012","-10.790217","-65.33808","0","428939.17907921","1","429044.00546317",False,False
1157,"AVENIDA BELO HORIZONTE JARDIM CLODOALDO","3196.0","ESCOLA","jardim clodoaldo",5454,"1169721","AVENIDA  BELO HORIZONTE JARDIM CLODOALDO","3416","CASA 2","jardim clodoaldo","100.0","93.56","100.0","98.71","-11.4272939","-61.4541895","110004905000044","-11.425062","-61.454685","110004905000040","-11.425057500000001","-61.454688","0.59773801","253.98431922","1","81.53772264",False,NULL
1158,"AVENIDA BELO HORIZONTE JARDIM CLODOALDO","3196.0","ESCOLA","jardim clodoaldo",5454,"1169721","AVENIDA  BELO HORIZONTE JARDIM CLODOALDO","3416","CASA 2","jardim clodoaldo","100.0","93.56","100.0","98.71","-11.4272753","-61.4542986","110004905000044","-11.425062","-61.454685","110004905000040","-11.425057500000001","-61.454688","0.59773801","249.6853832","1","81.53772264",False,NULL
1159,"AVENIDA RECIFE NOVO CACOAL","335.0",NULL,"novo cacoal",65594,"1487406","AVENIDA  RECIFE INDUSTRIAL","633",NULL,"industrial","100.0","52.92","19.05","82.49","-11.4288378","-61.4568083","110004905000024","-11.722363","-61.790262","110028805000050","-11.722363","-61.790262","0","48833.63914857","1","48462.65863364",False,NULL
1160,"AVENIDA PRIMAVERA VISTA ALEGRE","2293.0",NULL,"vista alegre",66763,"214997360","AVENIDA  PRIMAVERA JARDIM VISTA ALEGRE","2169",NULL,"jardim vista alegre","100.0","94.59","100.0","98.92","-11.42451806","-61.47272665","110004905000029","-11.425564","-61.472453","110004905000034","-11.425564","-61.472453","0","120.06682302","1","5.37489302",False,True
1161,"RUA BASILIO DA GAMA VISTA ALEGRE","1078.0",NULL,"vista alegre",780614,"215018385","RUA  BASILIO DA GAMA JARDIM BANDEIRANTES","911",NULL,"jardim bandeirantes","100.0","84.51","38.71","90.77","-11.4288277","-61.4737447","110004905000030","-11.428891","-61.472053","110004905000081","-11.428891","-61.472053","0","184.51310228","1","29.6962997",False,True
1162,"RUA BASILIO DA GAMA VISTA ALEGRE","1272.0","PREDIO ESCOLAR","vista alegre",780614,"215018385","RUA  BASILIO DA GAMA JARDIM BANDEIRANTES","911",NULL,"jardim bandeirantes","100.0","71.62","38.71","88.19","-11.4285834","-61.4744069","110004905000030","-11.428891","-61.472053","110004905000081","-11.428891","-61.472053","0","258.82222755","1","29.6962997",False,True
1163,"RUA PROFESSORA ALZIRA SELLERI BARBOSA HABITAR BRASIL","1501.0",NULL,"habitar brasil",47179,"91955951","RUA PROFESSORA ALZIRA S BARBOSA HABITAR BRASIL","1501",NULL,"habitar brasil","96.15","100.0","100.0","97.31","-11.4224019","-61.4795461","110004905000033","-11.422215","-61.480242","110004905000033","-11.422215","-61.480242","0","78.64372554","1","0",True,NULL
1164,"TRAVESSA OURO CRISTAL DO ARCO-IRIS","160.0",NULL,"cristal do arco-iris",33756,"98619110","RUA  OURO PRETO DO OESTE RESIDENCIAL PARK AMAZONAS","268",NULL,"residencial park amazonas","100.0","59.7","35.56","85.5","-11.4320983","-61.46435","110004905000035","-10.710712","-62.26828","110015505000054","-10.710712","-62.26828","0","118872.62509967","1","118272.634928",False,NULL
1165,"RUA PADRE MANOEL DA NOBREGA NOVA ESPERANCA","535.0",NULL,"nova esperanca",108088,"1175576","RUA PADRE MANOEL DA NOBREGA NOVA ESPERANCA","536","COMODO","nova esperanca","100.0","99.81","100.0","99.96","-11.4230879","-61.4646104","110004905000056","-11.422982","-61.464225","110004905000056","-11.422982","-61.464225","0","43.625027","1","0",True,NULL
1166,"RUA PERIMETRAL LESTE VILLAGE DO SOL","3401.0","ESCOLA","village do sol",103692,"109632555","AVENIDA  PERIMETRAL LESTE GERSON NECO","3700",NULL,"gerson neco","100.0","91.92","32.0","91.58","-11.422219","-61.435362","110004905000047","-9.898076","-63.018859","110002305000153","-9.898076","-63.018859","0","242203.94575537","1","241205.62048279",False,False
1167,"RUA ROSINEIA DE SOUZA VILAGE DO SOL","4072.0",NULL,"vilage do sol",49904,"1171776","RUA  ROSINEIA DE SOUZA VILLAGE DO SOL","4073",NULL,"village do sol","100.0","99.98","96.3","99.62","-11.4220988","-61.4358752","110004905000047","-11.42198","-61.436271","110004905000047","-11.42198","-61.436271","0","45.11661945","1","0",True,NULL
1168,"RUA EITOR OZIAS SCHUNDT VILLAGE DO SOL II","3844.0",NULL,"village do sol ii",276747,"180202759","RUA  EITOR OZIAS SCHUINDT VILLAGE DO SOL II","3851","LADO 1","village do sol ii","97.44","99.82","100.0","98.17","-11.4192485","-61.4332164","110004905000049","-11.418983","-61.433522","110004905000049","-11.4189755","-61.433553","3.48021378","44.50872126","1","0",True,NULL
1169,"RUA UIRAPURU FLORESTA","2560.0","ESCOLA","floresta",14552,"1178261","RUA  UIRAPURU TEIXEIRAO","2555",NULL,"teixeirao","100.0","99.8","23.53","92.31","-11.4331223","-61.4310214","110004905000149","-11.433452","-61.431548","110004905000099","-11.433452","-61.431548","0","68.10307512","1","8.70501587",False,True
1170,"RUA PADRE EZEQUIEL RAMIM TEIXEIRAO","1308.0",NULL,"teixeirao",191945,"92573370","ESTRADA PADRE EZEQUIEL RAMIM GLEBA 2","2500",NULL,"gleba 2","100.0","52.32","25.0","82.96","-11.4266733","-61.4350361","110004905000060","-11.044175","-62.601001","110130205000025","-11.044175","-62.601001","0","134088.64851575","1","133974.25751724",False,NULL
1171,"RUA MARIA AURORA DO NASCIMENTO TEIXEIRAO","1373.0",NULL,"teixeirao",707227,"1177529","RUA  MARIA AURORA DO NASCIMENTO TEIXEIRAO","1373",NULL,"teixeirao","100.0","100.0","100.0","100.0","-11.4257276","-61.433399","110004905000060","-11.425868","-61.433268","110004905000060","-11.425868","-61.433268","0","21.15622183","1","0",True,NULL
1172,"RUA MONTEIRO LOBATO TEIXEIRAO","1787.0","PREDIO PROPRIO","teixeirao",48427,"1182925","RUA  MONTEIRO LOBATO RIOZINHO","1967",NULL,"riozinho","100.0","90.85","35.29","91.7","-11.433","-61.43605","110004905000064","-11.502363","-61.363697","110004910000003","-11.502363","-61.363697","0","11029.77681124","1","10706.29906224",False,False
1173,"RUA DOS SURUIS TEIXEIRAO","3500.0",NULL,"teixeirao",14715,"180215937","RUA  DOS SURUIS TEIXEIRAO","3801","APARTAMENTO 1","teixeirao","100.0","92.08","100.0","98.42","-11.4324933","-61.4360371","110004905000064","-11.432044","-61.432856","110004905000099","-11.432044","-61.432856","0","350.28580964","1","19.55191843",False,True
1174,"RUA SANTO ANTONIO SANTO ANTONIO","1245.0","ESCOLAR","santo antonio",10469,"102037321","RUA SANTO ANTONIO SANTO ANTONIO","1309",NULL,"santo antonio","100.0","95.11","100.0","99.02","-11.452412","-61.4415052","110004905000065","-11.44876","-61.440181","110004905000088","-11.44876","-61.440181","0","430.96524377","1","9.55176553",False,True
1175,"RODOVIA 383 KM 05 LOTE 26 GLEBA 05 ZONA RURAL",NULL,"ESCOLA","zona rural",30804,"1164829","RUA  E JARDIM VITORIA","4910","CASA","jardim vitoria","100.0","0.0","33.33","73.33","-11.4810478","-61.4739314","110004905000067","-11.414106","-61.477473","110004905000107","-11.414114","-61.4775025","3.33616299","7453.59907043","1","3059.01608023",False,False
1176,"RESERVA BIOLOGICA VALE DO GUAPORE RURAL",NULL,"ALDEIA PALHAL","rural",6450,"1169353","AVENIDA  GUAPORE JARDIM CLODOALDO","3816",NULL,"jardim clodoaldo","100.0","0.0","19.05","71.9","-11.928726","-61.995871","110001505000016","-11.424654","-61.450594","110004905000040","-11.4248255","-61.45073","24.1532869","81653.42754573","1","80955.18737633",False,NULL
1177,"RUA VANDERLEI DANTAS NACIONAL","3298.0",NULL,"nacional",782130,"1357367","RUA  VANDERLEI PONTES NACIONAL","3326",NULL,"nacional","81.25","99.16","100.0","86.71","-8.73168460093439","-63.91078666783869","110020505060078","-8.731444","-63.91061","110020505060078","-8.731444","-63.91061","0","33.05713388","1","0",True,NULL
1178,"RUA DAS ASSOCIACOES, ESQUINA COM RUA 28 DE SETEMBRO COSTA E SILVA","2899.0",NULL,"costa e silva",116443,"1266581","RUA  8 FATIMA","2938",NULL,"fatima","100.0","98.67","31.58","92.89","-8.7379722","-63.8982589","110020505060089","-10.782362","-65.311237","110010605000106","-10.782362","-65.311237","0","275046.22258398","1","273907.92021138",False,False
1179,"RUA ANTONIO DA FONSECA COSTA E SILVA","3047.0",NULL,"costa e silva",19615,"92246970","RUA  ANTONIO DA FONSECA COSTA E SILVA","3048","CASA","costa e silva","100.0","99.97","100.0","99.99","-8.73749","-63.8957467","110020505060091","-8.73769","-63.895592","110020505060091","-8.737826","-63.895594","15.12412824","27.99375003","1","0",True,NULL
1180,"RUA JARDIM COSTA E SILVA","3418.0",NULL,"costa e silva",93138,"100092681","RUA  JARDIM DAS ROSAS EMBRATEL","2993",NULL,"embratel","100.0","87.57","28.57","90.37","-8.7370779","-63.89204","110020505060092","-11.433081","-61.41948","110004905000100","-11.433081","-61.41948","0","403889.19143021","1","402583.24379115",False,NULL
1181,"RUA LIBERO BADARO COSTA E SILVA","3429.0",NULL,"costa e silva",858804,"92247336","RUA  LIBERO BADARO COSTA E SILVA","3428",NULL,"costa e silva","100.0","99.97","100.0","99.99","-8.7381852","-63.8923458","110020505060092","-8.73848","-63.89225","110020505060092","-8.73848","-63.89225","0","34.42971323","1","0",True,NULL
1182,"AVENIDA DOS IMIGRANTES COSTA E SILVA","3239.0",NULL,"costa e silva",19648,"92246688","AVENIDA  DOS IMIGRANTES COSTA E SILVA","3105",NULL,"costa e silva","100.0","95.86","100.0","99.17","-8.7405141","-63.8939621","110020505060092","-8.740859","-63.895204","110020505060091","-8.740852","-63.8952175","1.67547483","141.77505378","1","10.82510522",False,True
1183,"RUA JURUNA VILA TUPY","191.0","PREDIO","vila tupy",658163,"1362076","RUA  JURUNA TUPI","191",NULL,"tupi","100.0","100.0","61.54","96.15","-8.7837093","-63.8984789","110020505060095","-8.7836","-63.898225","110020505060095","-8.7836","-63.898225","0","30.43343904","1","0",True,NULL
1184,"AVENIDA CAMPOS SALES TUPY","395.0",NULL,"tupy",5844,"1358038","AVENIDA  CAMPOS SALES TUCUMANZAL","392","ENTRADA","tucumanzal","100.0","99.24","28.57","92.71","-8.7812793","-63.8985491","110020505060095","-8.781198","-63.897749","110020505060081","-8.7811545","-63.897730499999994","5.24685707","88.38786907","1","8.13427078",False,True
1185,"RUA JOSE CAMACHO SAO JOAO BOSCO","1340.0",NULL,"sao joao bosco",561258,"214957808","RUA  JOSE CAMACHO SAO JOAO BOSCO","2325",NULL,"sao joao bosco","100.0","57.63","100.0","91.53","-8.7514705","-63.9035676","110020505060103","-8.749397","-63.894617","110020505060039","-8.7493615","-63.894605999999996","4.12839385","1010.33759604","1","741.01022744",False,False
1186,"AVENIDA CALAMA EMBRATEL","3239.0",NULL,"embratel",107747,"92248100","AVENIDA  CALAMA EMBRATEL","4069","LOJA","embratel","100.0","79.6","100.0","95.92","-8.7487288","-63.8869958","110020505070002","-8.747349","-63.879282","110020505070006","-8.747349","-63.879282","0","861.53003016","1","770.49907109",False,False
1187,"AVENIDA TIRADENTES CENTRO",NULL,"DISTRITO ABUNA","centro",38243,"92293743","AVENIDA  TIRADENTES CENTRO","3160",NULL,"centro","100.0","0.0","100.0","80.0","-8.743938","-63.883447","110020505070004","-11.170965","-61.900375","110025405000011","-11.170965","-61.900399","2.61811962","346401.05372074","1","344988.88388753",False,NULL
1188,"RUA BELO HORIZONTE EMBRATEL","331.0",NULL,"embratel",89218,"1282414","RUA  BELO HORIZONTE SETOR 03","1040",NULL,"setor 03","100.0","31.83","25.0","78.87","-8.7453922","-63.882359","110020505070004","-10.443385","-62.469105","110011405000016","-10.443385","-62.469105","0","244245.39072195","1","243323.66437846",False,False
1189,"RUA SALVADOR EMBRATEL","421.0",NULL,"embratel",123839,"1750634","RUA  SALVADOR CENTRO","1203",NULL,"centro","100.0","35.0","28.57","79.86","-8.744236900000002","-63.8806848","110020505070005","-9.184919","-63.19333","110110405000003","-9.184919","-63.19333","0","90005.05133496","1","89642.03538683",False,False
1190,"RUA DA PENHA EMBRATEL","3968.0","PREDIO","embratel",107715,"92248165","RUA  DA PENHA EMBRATEL","330",NULL,"embratel","100.0","8.32","100.0","81.66","-8.7450978","-63.8801291","110020505070005","-8.744726","-63.87992","110020505070006","-8.744726","-63.87992","0","47.30006635","1","1.59897757",False,True
1191,"AVENIDA JOSE VIEIRA CAULA AGENOR DE CARVALHO","4942.0",NULL,"agenor de carvalho",73094,"92253743","AVENIDA  JOSE VIEIRA CAULA AGENOR M DE CARVALHO","4902",NULL,"agenor m de carvalho","100.0","99.19","100.0","99.84","-8.754025","-63.883638","110020505070012","-8.753602","-63.863959","110020505070051","-8.753602","-63.863959","0","2163.22978933","1","2078.98605753",False,NULL
1192,"URUGUAI EMBRATEL","1834.0",NULL,"embratel",257403,"214986968","RUA  URUGUAI EMBRATEL","2091","CASA CASA 1","embratel","100.0","87.71","100.0","97.54","-8.756839190000004","-63.8831673","110020505070013","-8.754941","-63.883858","110020505070012","-8.75478","-63.883897","18.40833216","224.30384839","1","7.09769368",False,True
1193,"RUA BUENOS AIRES NOVA PORTO VELHO","1504.0",NULL,"nova porto velho",22340,"220753031","RUA  BUENOS AIRES NOVA OURO PRETO","839",NULL,"nova ouro preto","100.0","55.78","70.97","88.25","-8.7605659","-63.8812689","110020505070016","-10.720705","-62.264438","110015505000011","-10.720705","-62.264438","0","280889.95155993","1","279749.68514057",False,False
1194,"AVENIDA SETE DE SETEMBRO NOVA PORTO VELHO","3697.0","CENTRO NORTE","nova porto velho",25751,"180252199","AVENIDA  SETE DE SETEMBRO SETOR MOVELEIRO","3780",NULL,"setor moveleiro","100.0","97.8","45.16","94.08","-8.7587267","-63.877475","110020505070018","-11.547631","-61.028904","110009805000033","-11.547631","-61.028904","0","439726.13916752","1","438391.47645656",False,NULL
1195,"RUA ROSALINA GOMES MARIANA","9851.0",NULL,"mariana",399063,"180326227","RUA  ROSALINA GOMES MARIANA","10610",NULL,"mariana","100.0","92.85","100.0","98.57","-8.7709675","-63.8194326","110020505100015","-8.769863","-63.813385","110020505100029","-8.769863","-63.813385","0","675.8529621","1","338.28076175",False,False
1196,"RUA ROSALINA GOMES MARIANA","9991.0","ZONA LESTE","mariana",399063,"180326227","RUA  ROSALINA GOMES MARIANA","10610",NULL,"mariana","100.0","94.17","100.0","98.83","-8.7706343","-63.8182842","110020505100015","-8.769863","-63.813385","110020505100029","-8.769863","-63.813385","0","545.18556542","1","338.28076175",False,False
1197,"RUA EQUADOR NOVA PORTO VELHO","2188.0",NULL,"nova porto velho",267635,"214939056","RUA  EQUADOR EMBRATEL","2341",NULL,"embratel","100.0","93.46","33.33","92.03","-8.757458700000004","-63.8768706","110020505070019","-8.756088","-63.877474","110020505070009","-8.756086","-63.8775195","5.00535373","166.21605765","1","32.45078982",False,True
1198,"RODOVIA BR-364 ZONA RURAL",NULL,"KM 24","zona rural",91587,"1223655","AVENIDA  QUATRO RURAL","15",NULL,"rural","100.0","0.0","100.0","80.0","-8.7639731","-63.8742916","110020505070020","-12.961509","-60.891709","110007205000005","-12.9609955","-60.8904845","144.45316299","569106.28823745","1","567187.53237875",False,False
1199,"RUA RAIMUNDO CANTUARIA NOVA PORTO VELHO","3862.0","PREDIO ANEXO IGREJA","nova porto velho",260528,"1359080","AVENIDA  RAIMUNDO CANTUARIA MATO GROSSO","2079","TERREO","mato grosso","100.0","53.83","29.63","83.73","-8.76598847","-63.8755085","110020505070021","-8.769152","-63.892219","110020505060086","-8.769174","-63.8922155","2.47634534","1869.80039678","1","1567.04196896",False,False
1200,"RUA MANOEL LAURENTINO DE SOUZA NOVA PORTO VELHO","1299.0","ESCOLA","nova porto velho",74276,"215043415","RUA  MANOEL LAURENTINO DE SOUZA NOVA PORTO VELHO","1073","ANEXO B","nova porto velho","100.0","82.6","100.0","96.52","-8.764006266000004","-63.8782668","110020505070022","-8.769309","-63.876665","110020505070023","-8.769198","-63.876691","12.66906202","615.35352024","1","378.91461395",False,False
1201,"RUA MEXICO NOVA PORTO VELHO","1056.0",NULL,"nova porto velho",74282,"92251377","RUA  MEXICO NOVA PORTO VELHO","1056",NULL,"nova porto velho","100.0","100.0","100.0","100.0","-8.768632500000002","-63.8754712","110020505070023","-8.76834","-63.87574","110020505070023","-8.76834","-63.87574","0","43.93692005","1","0",True,NULL
1202,"RUA ALEXANDRE GUIMARAES NOVA PORTO VELHO","3862.0",NULL,"nova porto velho",41547,"1426715","RUA  ALEXANDRE GUIMARAES SOCIALISTA","3829","CASA","socialista","100.0","99.15","23.08","92.14","-8.768688300000004","-63.87812","110020505070023","-8.756643","-63.826459","110020505000011","-8.756643","-63.826459","0","5833.24890685","1","5259.95712189",False,False
1203,"AVENIDA CALAMA FLODOALDO PONTES PINTO","4985.0","LOTE 994, QUADRA 169","flodoaldo pontes pinto",107748,"216714038","AVENIDA  CALAMA EMBRATEL","4239","LOJA C","embratel","100.0","85.04","20.0","89.01","-8.745097100000002","-63.8715495","110020505070030","-8.746983","-63.877831","110020505070006","-8.746983","-63.877831","0","721.49739722","1","317.62325595",False,False
1204,"RUA MESTRE GABRIEL FLODOALDO PONTES PINTO","5145.0",NULL,"flodoaldo pontes pinto",840602,"1560454","RUA MESTRE GABRIEL FLODOALDO PONTES PINTO","5145",NULL,"flodoaldo pontes pinto","100.0","100.0","100.0","100.0","-8.742805000000002","-63.869931","110020505070030","-8.743007","-63.869841","110020505070030","-8.743007","-63.869841","0","24.5428613","1","0",True,NULL
1205,"RUA DA CASSITERITA FLODOALDO PONTES PINTO","4608.0","CONJ MARECHAL RONDON","flodoaldo pontes pinto",814424,"1561047","RUA  DA CASSITERITA FLODOALDO PONTES PINTO","4508",NULL,"flodoaldo pontes pinto","100.0","97.83","100.0","99.57","-8.742152300000004","-63.8753613","110020505070031","-8.742226","-63.876745","110020505070031","-8.742226","-63.876745","0","152.29376829","1","0",True,NULL
1206,"ALDEIA DO TONHAO KM 130 ZONA RURAL",NULL,NULL,"zona rural",30804,"1164829","RUA  E JARDIM VITORIA","4910","CASA","jardim vitoria","100.0","0.0","33.33","73.33","-10.9878534","-60.8009754","510757805000054","-11.414106","-61.477473","110004905000107","-11.414114","-61.4775025","3.33616299","87701.07005412","1","87038.59699643",False,False
1207,"RUA NEREU RAMOS REDONDO","4581.0",NULL,"redondo",371688,"1187815","RUA  NEREU RAMOS REDONDO","4581",NULL,"redondo","100.0","100.0","100.0","100.0","-11.934471","-62.0028328","110001505000002","-11.934376","-62.003306","110001505000002","-11.934376","-62.003306","0","52.5528035","1","0",True,NULL
1208,"AVENIDA ALTA FLORESTA PRINCESA IZABEL","2973.0",NULL,"princesa izabel",76765,"109258256","TRAVESSA  ALTA FLORESTA COQUEIRAL","1914",NULL,"coqueiral","100.0","64.38","25.0","85.38","-11.9239175","-62.0032528","110001505000006","-9.913889","-63.014976","110002305000125","-9.913889","-63.014976","0","249309.16575243","1","247564.62874437",False,NULL
1209,"RUA TERESINA REDONDO",NULL,"PREDIO","redondo",141098,"214991049","AVENIDA  TERESINA NOVA DIMENSAO","79",NULL,"nova dimensao","100.0","0.0","40.0","74.0","-11.92321819","-62.00246545","110001505000007","-10.360941","-64.805514","110033815000011","-10.361003","-64.805586","10.46671191","351696.6429268","1","351256.62228474",False,False
1210,"AVENIDA AMAPA SANTA FELICIDADE","4503.0",NULL,"santa felicidade",68308,"1190339","AVENIDA  AMAPA SANTA FELICIDADE","4734",NULL,"santa felicidade","100.0","95.12","100.0","99.02","-11.9246006","-61.9893275","110001505000011","-11.925019","-61.98707","110001505000012","-11.925019","-61.98707","0","249.97330627","1","34.08191939",False,True
1211,"RUA TANCREDO NEVES SANTA FELICIDADE","4849.0",NULL,"santa felicidade",13033,"215141308","AVENIDA  TANCREDO NEVES CENTRO","3961",NULL,"centro","100.0","81.69","36.36","89.97","-11.924405","-61.985317","110001505000012","-9.42167","-61.996202","110013005000006","-9.42167","-61.996202","0","278294.35921007","1","276710.45945969",False,NULL
1212,"AVENIDA MATO GROSSO CENTRO","3861.0",NULL,"centro",11223,"1187261","LINHA  MATO GROSSO RO 488","55","TRAVESSA INTERNA SANTANA","ro 488","100.0","1.42","33.33","73.62","-11.9273293","-61.995058","110001505000016","-11.279094","-61.13115","110004910000025","-11.279094","-61.13115","0","118533.34239131","1","117992.79450951",False,False
1213,"TERRA INDIGENA RIO BRANCO RURAL",NULL,"ALDEIA COLORADO","rural",51395,"1586338","RUA  RIO BRANCO UNIAO","444","FUNDOS","uniao","100.0","0.0","40.0","74.0","-11.928726","-61.995871","110001505000016","-8.792483","-63.702052","110080905000003","-8.792483","-63.702052","0","395519.18881893","1","393781.45685933",False,False
1214,"TERRA INDIGENA RIO BRANCO RURAL",NULL,"ALDEIA CAJUI","rural",51395,"1586338","RUA  RIO BRANCO UNIAO","444","FUNDOS","uniao","100.0","0.0","40.0","74.0","-11.928726","-61.995871","110001505000016","-8.792483","-63.702052","110080905000003","-8.792483","-63.702052","0","395519.18881893","1","393781.45685933",False,False
1215,"LINHA 16 DISTRITO DE NOVA ALINCA",NULL,"DISTRITO NOVAALIANCA",NULL,114109,"180246666","LINHA  16 GLEBA C 4","0",NULL,"gleba c 4","100.0","0.0","0.0","70.0","-11.1899956","-62.4877038","110170805000020","-10.953311","-62.104762","110012205000132","-11.199524","-62.1222075","27443.78213916","49385.61766504","1","48601.88862783",False,False
1216,"LINHA T- 10, LOTE 01, GLEBA 16",NULL,"ESQUINA COM A C 40",NULL,114109,"180246666","LINHA  16 GLEBA C 4","0",NULL,"gleba c 4","100.0","0.0","0.0","70.0","-11.0335265","-62.5009848","110170805000022","-10.953311","-62.104762","110012205000132","-11.199524","-62.1222075","27443.78213916","44159.70084345","1","41529.36934712",False,False
1217,"LINHA MA 04 KM 10 ZONA RURAL",NULL,"SAO MARCOS","zona rural",14473,"1224019","LINHA  04 ZONA RURAL","6","SITIO 3 P 4 EIXO","zona rural","100.0","0.0","100.0","80.0","-9.6695137","-62.1013727","110175705000020","-12.967119","-60.870289","110007205000008","-12.967310000000001","-60.868827499999995","159.78509932","390466.3735449","1","388211.68484217",False,False
1218,"AVENIDA PRESIDENTE DUTRA CENTRO","3603.0",NULL,"centro",105,"1189512","RUA PRESIDENTE DUTRA TUCANO","4080",NULL,"tucano","100.0","88.31","50.0","92.66","-9.8565403","-62.1780536","110175705000027","-11.935841","-62.008689","110001505000008","-11.935841","-62.008689","0","231946.31126287","1","230183.84840717",False,NULL
1219,"AV. TANCREDO NEVES SETOR 02","331.0","ATRAS DA PREFEITURA","setor 02",24214,"180242911","RUA  TANCREDO NEVES CENTRO","1594",NULL,"centro","100.0","20.77","42.86","78.44","-9.8555488","-62.1771266","110175705000027","-13.002368","-60.944341","110007205000004","-13.002368","-60.944341","0","374813.9311269","1","372546.32199601",False,False
1220,"AVENIDA 23 DE AGOSTO CENTRO","4492.0","PREDIO","centro",30830,"180227415","RUA  E JARDIM VITORIA","4760","CASA","jardim vitoria","100.0","94.37","20.0","90.87","-9.8570736","-62.173646","110175705000028","-11.412242","-61.475231","110004905000107","-11.412242","-61.475231","0","189021.41661423","1","187613.26087198",False,False
1221,"RUA PALMAS CENTRO","1037.0",NULL,"centro",141261,"214990774","AVENIDA  PALMAS NOVA DIMENSAO","1070",NULL,"nova dimensao","100.0","96.92","31.58","92.54","-9.863662","-62.1753376","110175705000029","-10.357945","-64.806815","110033815000011","-10.357945","-64.806815","0","293257.87838376","1","293223.45584511",False,False
1222,"RUA XV DE NOVEMBRO COM/ RUA DAS ORQUIDEAS SETOR 01","2663.0","PROXIMA A PREFEITURA","setor 01",229712,"1739462","RUA  DAS ORQUIDEAS SETOR 2","2658",NULL,"setor 2","100.0","99.81","83.33","98.3","-10.427779","-62.1331797","110180705000001","-10.426077","-62.133445","110180705000003","-10.426077","-62.133445","0","191.46497061","1","20.67672272",False,True
1223,"LINHA PA 13 ASSENTAMENTO PALMA ARRUDA ZONA RURAL",NULL,NULL,"zona rural",132548,"1738340","LINHA  PA 13 IRAMACERA","20",NULL,"iramacera","100.0","0.0","31.58","73.16","-9.7274288","-61.9162651","110175705000015","-9.726402","-61.913707","110175705000015","-9.726402","-61.914051","37.70127546","302.71621297","1","0",True,NULL
1224,"LH 614 DISTRITO DE SANTA ROSA ZONA RURAL",NULL,"AVENIDA PRINCIPAL","zona rural",253446,"1739960","AVENIDA  SANTA ROSA SANTA ROSA","3175","DEPOSITO","santa rosa","100.0","0.0","50.0","75.0","-10.1974052","-62.0191485","110180705000006","-10.193528","-62.018801","110180705000006","-10.1935155","-62.018791500000006","1.73575984","432.79965705","1","0",True,NULL
1225,"LINHA 200 LOTE 04 GLEBA 26 KM 14 ZONA RURAL",NULL,NULL,"zona rural",10894,"1186760","LINHA  14 FIGUEIRA","85","CASA 1","figueira","100.0","0.0","33.33","73.33","-10.617233","-62.1815689","110180705000011","-11.430647","-61.146465","110004910000023","-11.4296865","-61.146347500000005","107.56790927","144719.6651272","1","142244.36717355",False,False
1226,"TERRA INDIGENA VALE DO GUAPORE - ALDEIA MAMAINDE CABIXI ZONA RURAL",NULL,"ALDEIA INDIGENA","zona rural",21461,"226050072","AVENIDA  GUAPORE RESIDENCIAL SOLAR DE VILHENA","354",NULL,"residencial solar de vilhena","100.0","0.0","36.84","73.68","-13.2099978","-60.3133243","510330420000025","-12.722155","-60.114682","110030405000040","-12.722218000000002","-60.114765000000006","11.40706162","58360.21560228","1","56722.57866931",False,NULL
1227,"TERRA INDIGENA RIO BRANCO RURAL",NULL,"ALDEIA SAO LUIZ","rural",51395,"1586338","RUA  RIO BRANCO UNIAO","444","FUNDOS","uniao","100.0","0.0","40.0","74.0","-11.928726","-61.995871","110001505000016","-8.792483","-63.702052","110080905000003","-8.792483","-63.702052","0","395519.18881893","1","393781.45685933",False,False
1228,"TERRA INDIGENA RIO BRANCO RURAL",NULL,"ALDEIA POCAO","rural",51395,"1586338","RUA  RIO BRANCO UNIAO","444","FUNDOS","uniao","100.0","0.0","40.0","74.0","-11.928726","-61.995871","110001505000016","-8.792483","-63.702052","110080905000003","-8.792483","-63.702052","0","395519.18881893","1","393781.45685933",False,False
1229,"TERRA INDIGENA RIO BRANCO RURAL",NULL,"ALDEIA FIGUEIRA","rural",51395,"1586338","RUA  RIO BRANCO UNIAO","444","FUNDOS","uniao","100.0","0.0","40.0","74.0","-11.928726","-61.995871","110001505000016","-8.792483","-63.702052","110080905000003","-8.792483","-63.702052","0","395519.18881893","1","393781.45685933",False,False
1230,"TERRA INDIGENA RIO BRANCO RURAL",NULL,"ALDEIA SERRINHA","rural",51395,"1586338","RUA  RIO BRANCO UNIAO","444","FUNDOS","uniao","100.0","0.0","40.0","74.0","-11.928726","-61.995871","110001505000016","-8.792483","-63.702052","110080905000003","-8.792483","-63.702052","0","395519.18881893","1","393781.45685933",False,False
1231,"LINHA P 50 KM 22 LINHA P.50",NULL,"ZONA RURAL","linha p.50",23741,"1221920","LINHA  DOIS SEGUNDA EIXO","2","CASA","segunda eixo","100.0","0.0","27.27","72.73","-12.12982012","-61.99334879","110001505000020","-13.148727","-60.690078","110006405000047","-13.148828","-60.690078","11.23070305","181193.76699049","1","180663.09952351",False,False
1232,"AV MINAS GERAIS ESQUINA COM A FORTALEZA CIDADE ALTA","4405.0",NULL,"cidade alta",30634,"180227213","RUA  A JARDIM VITORIA","4794","CASA","jardim vitoria","100.0","91.89","32.0","91.58","-11.9326001","-61.983286","110001505000056","-11.412033","-61.47646","110004905000107","-11.412033","-61.47646","0","79979.07893811","1","79341.3595988",False,False
1233,"RUA FORTALEZA CIDADE ALTA","4321.0",NULL,"cidade alta",65434,"1487455","AVENIDA  FORTALEZA INDUSTRIAL","6104",NULL,"industrial","100.0","70.79","28.57","87.02","-11.93184753","-61.9831682","110001505000056","-11.72421","-61.788135","110028805000050","-11.72421","-61.788135","0","31362.74781875","1","30892.35788952",False,NULL
1234,"AVENIDA BRASIL REDONDO","2934.0",NULL,"redondo",12760,"1374942","AVENIDA  BRASIL CENTRO","2799","LADO 2","centro","100.0","95.4","46.15","93.7","-11.9297843","-62.0035214","110001505000057","-9.421885","-61.99864","110013005000006","-9.421885","-61.99864","0","278866.57265451","1","277351.31756903",False,NULL
1235,"RUA ACRE ESQUINA COM AVENIDA NILO PECANHA REDONDO","4357.0",NULL,"redondo",61139,"180203378","AVENIDA  NILO PECANHA LIBERDADE","3775","CASA","liberdade","100.0","86.64","37.5","91.08","-11.93256197","-61.99928624","110001505000057","-11.932764","-61.995686","110001505000015","-11.932764","-61.995686","0","392.32207924","1","347.06801444",False,True
1236,"AVENIDA RIO DE JANEIRO CIDADE ALTA","4776.0","ESCOLA","cidade alta",3762,"215165211","RUA  RIO DE JANEIRO LIBERDADE","3588",NULL,"liberdade","100.0","75.13","60.0","91.03","-11.9309573","-61.9865132","110001505000059","-11.531873","-61.00539","110009805000011","-11.531873","-61.00539","0","115668.06895562","1","115315.58375572",False,False
1237,"AV. BAHIA CIDADE ALTA","4598.0",NULL,"cidade alta",26642,"1754109","AVENIDA  BAHIA CENTRO","5044",NULL,"centro","100.0","91.16","23.53","90.58","-11.9318066","-61.9882186","110001505000059","-11.202203","-61.518889","110120305000003","-11.202203","-61.518889","0","95894.5417604","1","95037.14184928",False,NULL
1238,"LINHA 138 KM 100 IZIDOLANDIA",NULL,"DISTRITO","izidolandia",6209,"110251215","LINHA  138 FILADELFIA","50",NULL,"filadelfia","100.0","0.0","57.14","75.71","-12.60328476","-62.17533345","110001520000001","-12.12044","-62.195925","110001535000002","-12.120872","-62.19584","48.91704803","53736.52657994","1","52423.75696029",False,False
1239,"LINHA 42,5 KM 17",NULL,NULL,NULL,7139,"110250188","LINHA  40 NOVA GEASE","3",NULL,"nova gease","100.0","0.0","0.0","70.0","-11.88567737","-62.06721101","110001505000069","-11.861504","-62.021725","110001505000024","-11.861393","-62.021725","12.34265385","5632.37937359","1","5228.06703524",False,NULL
1240,"LINHA 47,5",NULL,NULL,NULL,7114,"1193924","LINHA  40 NOVA GEASE","3",NULL,"nova gease","100.0","0.0","0.0","70.0","-11.91801765","-62.32095124","110001525000001","-11.86142","-62.021267","110001505000024","-11.861391","-62.0205185","81.5161787","33210.24164916","1","32573.49751413",False,NULL
1241,"LINHA 105 COM A 152 ZONA RURAL",NULL,"DISTR. DE FILADELFIA","zona rural",11659,"1329179","LINHA  DOIS GLEBA SANTA CRUZ","8",NULL,"gleba santa cruz","100.0","0.0","46.15","74.62","-12.43655517","-62.0426595","110001515000001","-13.153432","-61.013279","110005605000024","-13.1528665","-61.013268999999994","62.89013938","137160.37157328","1","136765.39184732",False,False
1242,"LINHA 50 COM A 134",NULL,NULL,NULL,14509,"180215981","LINHA  04 ZONA RURAL","0",NULL,"zona rural","100.0","0.0","0.0","70.0","-11.94904005","-62.22953537","110001525000007","-12.952754","-60.880885","110007205000008","-12.9538995","-60.8816215","150.31284872","184117.56718914","1","170680.06246464",False,False
